"Header Size"           ,15              
"Model Name"            ,"DL850EV       "
"Comment"               ,"                         "
"BlockNumber"           ,1               
"TraceName"             ,"V_MF1         ","V_MF2         ","Id            "
"BlockSize"             ,4004            ,4004            ,4004            
"VUnit"                 ,"V             ","V             ","A             "
"SampleRate"            ,20000000.000000 ,20000000.000000 ,20000000.000000 
"HResolution"           ,5.000000e-08    ,5.000000e-08    ,5.000000e-08    
"HOffset"               ,-4.000000e-05   ,-4.000000e-05   ,-4.000000e-05   
"HUnit"                 ,"s             ","s             ","s             "
"DisplayPointNo."       ,1               ,1               ,1               
"PhaseShift"            ,1               ,1               ,1               
"Date"                  ,"2026/04/08    ","2026/04/08    ","2026/04/08    "
"Time"                  ,"16:35:58.92289373","16:35:58.92289373","16:35:58.92289373"

16:35:58.92285373,-2.6667E-02, 2.2000E+00,-1.3333E-01,
16:35:58.92285378,-1.3333E-02, 2.2667E+00, 0.0000E+00,
16:35:58.92285383, 1.3333E-02, 2.2333E+00, 2.6667E-01,
16:35:58.92285388, 1.3333E-02, 2.2667E+00, 1.3333E-01,
16:35:58.92285393,-2.6667E-02, 2.2333E+00, 4.0000E-01,
16:35:58.92285398, 0.0000E+00, 2.2333E+00, 2.6667E-01,
16:35:58.92285403, 1.3333E-02, 2.2333E+00,-1.3333E-01,
16:35:58.92285408,-5.3333E-02, 2.2333E+00,-1.3333E-01,
16:35:58.92285413, 1.3333E-02, 2.2667E+00, 0.0000E+00,
16:35:58.92285418,-2.6667E-02, 2.3000E+00, 0.0000E+00,
16:35:58.92285423,-2.6667E-02, 2.2333E+00,-2.6667E-01,
16:35:58.92285428, 0.0000E+00, 2.2333E+00, 5.3333E-01,
16:35:58.92285433, 0.0000E+00, 2.2333E+00, 0.0000E+00,
16:35:58.92285438, 1.3333E-02, 2.2333E+00, 5.3333E-01,
16:35:58.92285443, 1.3333E-02, 2.2333E+00, 4.0000E-01,
16:35:58.92285448,-1.3333E-02, 2.2667E+00, 1.3333E-01,
16:35:58.92285453, 2.6667E-02, 2.2333E+00, 4.0000E-01,
16:35:58.92285458, 0.0000E+00, 2.2333E+00, 0.0000E+00,
16:35:58.92285463,-1.3333E-02, 2.2000E+00,-1.3333E-01,
16:35:58.92285468, 1.3333E-02, 2.2667E+00, 0.0000E+00,
16:35:58.92285473,-1.3333E-02, 2.2333E+00, 2.6667E-01,
16:35:58.92285478,-2.6667E-02, 2.2333E+00, 4.0000E-01,
16:35:58.92285483,-1.3333E-02, 2.2333E+00, 1.3333E-01,
16:35:58.92285488, 1.3333E-02, 2.2667E+00, 0.0000E+00,
16:35:58.92285493, 0.0000E+00, 2.2333E+00, 0.0000E+00,
16:35:58.92285498, 0.0000E+00, 2.2333E+00, 2.6667E-01,
16:35:58.92285503, 0.0000E+00, 2.3000E+00, 2.6667E-01,
16:35:58.92285508,-1.3333E-02, 2.2333E+00,-1.3333E-01,
16:35:58.92285513,-1.3333E-02, 2.2333E+00, 0.0000E+00,
16:35:58.92285518,-2.6667E-02, 2.2333E+00, 1.3333E-01,
16:35:58.92285523,-2.6667E-02, 2.2333E+00, 2.6667E-01,
16:35:58.92285528,-4.0000E-02, 2.2667E+00, 4.0000E-01,
16:35:58.92285533, 1.3333E-02, 2.2000E+00, 1.3333E-01,
16:35:58.92285538,-1.3333E-02, 2.2667E+00, 1.3333E-01,
16:35:58.92285543,-2.6667E-02, 2.2333E+00, 2.6667E-01,
16:35:58.92285548, 1.3333E-02, 2.2667E+00, 5.3333E-01,
16:35:58.92285553, 0.0000E+00, 2.2333E+00, 2.6667E-01,
16:35:58.92285558, 1.3333E-02, 2.2000E+00,-1.3333E-01,
16:35:58.92285563,-4.0000E-02, 2.2667E+00, 1.3333E-01,
16:35:58.92285568,-1.3333E-02, 2.2333E+00, 2.6667E-01,
16:35:58.92285573,-4.0000E-02, 2.2333E+00,-1.3333E-01,
16:35:58.92285578,-1.3333E-02, 2.2000E+00, 1.3333E-01,
16:35:58.92285583,-1.3333E-02, 2.2667E+00, 4.0000E-01,
16:35:58.92285588, 0.0000E+00, 2.2667E+00, 0.0000E+00,
16:35:58.92285593,-1.3333E-02, 2.2667E+00, 1.3333E-01,
16:35:58.92285598, 0.0000E+00, 2.2333E+00, 1.3333E-01,
16:35:58.92285603,-2.6667E-02, 2.2667E+00, 1.3333E-01,
16:35:58.92285608, 0.0000E+00, 2.2333E+00, 1.3333E-01,
16:35:58.92285613,-1.3333E-02, 2.2333E+00, 2.6667E-01,
16:35:58.92285618, 0.0000E+00, 2.2333E+00, 4.0000E-01,
16:35:58.92285623, 0.0000E+00, 2.2000E+00, 4.0000E-01,
16:35:58.92285628, 1.3333E-02, 2.2000E+00,-2.6667E-01,
16:35:58.92285633, 0.0000E+00, 2.2333E+00, 2.6667E-01,
16:35:58.92285638, 2.6667E-02, 2.2333E+00, 2.6667E-01,
16:35:58.92285643,-4.0000E-02, 2.2667E+00, 4.0000E-01,
16:35:58.92285648, 1.3333E-02, 2.3000E+00, 1.3333E-01,
16:35:58.92285653, 1.3333E-02, 2.2333E+00, 0.0000E+00,
16:35:58.92285658,-2.6667E-02, 2.2333E+00, 0.0000E+00,
16:35:58.92285663, 1.3333E-02, 2.2667E+00, 0.0000E+00,
16:35:58.92285668, 2.6667E-02, 2.2333E+00, 0.0000E+00,
16:35:58.92285673, 0.0000E+00, 2.2333E+00, 1.3333E-01,
16:35:58.92285678, 1.3333E-02, 2.2333E+00,-1.3333E-01,
16:35:58.92285683, 0.0000E+00, 2.2667E+00,-1.3333E-01,
16:35:58.92285688, 0.0000E+00, 2.2667E+00, 2.6667E-01,
16:35:58.92285693, 0.0000E+00, 2.2333E+00,-1.3333E-01,
16:35:58.92285698,-1.3333E-02, 2.3333E+00, 1.3333E-01,
16:35:58.92285703, 0.0000E+00, 2.2333E+00, 5.3333E-01,
16:35:58.92285708,-4.0000E-02, 2.2667E+00, 1.3333E-01,
16:35:58.92285713,-4.0000E-02, 2.2667E+00, 1.3333E-01,
16:35:58.92285718, 0.0000E+00, 2.2333E+00, 1.3333E-01,
16:35:58.92285723, 0.0000E+00, 2.2333E+00, 1.3333E-01,
16:35:58.92285728, 5.3333E-02, 2.2333E+00,-1.3333E-01,
16:35:58.92285733, 0.0000E+00, 2.2333E+00, 4.0000E-01,
16:35:58.92285738, 2.6667E-02, 2.3000E+00, 2.6667E-01,
16:35:58.92285743, 1.3333E-02, 2.2000E+00, 0.0000E+00,
16:35:58.92285748, 0.0000E+00, 2.2667E+00, 0.0000E+00,
16:35:58.92285753,-1.3333E-02, 2.2667E+00, 0.0000E+00,
16:35:58.92285758,-4.0000E-02, 2.2333E+00, 0.0000E+00,
16:35:58.92285763, 0.0000E+00, 2.2333E+00,-2.6667E-01,
16:35:58.92285768, 1.3333E-02, 2.2667E+00, 1.3333E-01,
16:35:58.92285773, 0.0000E+00, 2.2333E+00, 2.6667E-01,
16:35:58.92285778, 1.3333E-02, 2.2333E+00, 4.0000E-01,
16:35:58.92285783, 1.3333E-02, 2.2000E+00, 0.0000E+00,
16:35:58.92285788, 0.0000E+00, 2.2000E+00, 0.0000E+00,
16:35:58.92285793,-2.6667E-02, 2.2333E+00, 1.3333E-01,
16:35:58.92285798,-1.3333E-02, 2.2333E+00,-1.3333E-01,
16:35:58.92285803,-2.6667E-02, 2.2667E+00,-2.6667E-01,
16:35:58.92285808, 1.3333E-02, 2.2333E+00,-1.3333E-01,
16:35:58.92285813,-1.3333E-02, 2.2000E+00, 4.0000E-01,
16:35:58.92285818,-1.3333E-02, 2.2333E+00,-1.3333E-01,
16:35:58.92285823, 0.0000E+00, 2.2333E+00, 1.3333E-01,
16:35:58.92285828,-1.3333E-02, 2.2000E+00, 2.6667E-01,
16:35:58.92285833, 0.0000E+00, 2.2333E+00, 1.3333E-01,
16:35:58.92285838, 1.3333E-02, 2.2333E+00, 2.6667E-01,
16:35:58.92285843,-1.3333E-02, 2.3000E+00, 1.3333E-01,
16:35:58.92285848, 0.0000E+00, 2.2333E+00, 1.3333E-01,
16:35:58.92285853, 0.0000E+00, 2.3000E+00, 0.0000E+00,
16:35:58.92285858, 1.3333E-02, 2.2333E+00, 0.0000E+00,
16:35:58.92285863, 0.0000E+00, 2.2333E+00, 0.0000E+00,
16:35:58.92285868, 2.6667E-02, 2.2000E+00, 1.3333E-01,
16:35:58.92285873, 0.0000E+00, 2.2667E+00,-2.6667E-01,
16:35:58.92285878, 0.0000E+00, 2.2667E+00,-1.3333E-01,
16:35:58.92285883,-1.3333E-02, 2.2333E+00, 1.3333E-01,
16:35:58.92285888, 0.0000E+00, 2.2333E+00, 0.0000E+00,
16:35:58.92285893, 1.3333E-02, 2.2333E+00, 2.6667E-01,
16:35:58.92285898, 0.0000E+00, 2.2333E+00, 0.0000E+00,
16:35:58.92285903, 1.3333E-02, 2.2333E+00,-2.6667E-01,
16:35:58.92285908,-1.3333E-02, 2.2333E+00,-2.6667E-01,
16:35:58.92285913,-4.0000E-02, 2.1333E+00, 0.0000E+00,
16:35:58.92285918, 2.6667E-02, 2.2333E+00, 2.6667E-01,
16:35:58.92285923, 2.6667E-02, 2.2333E+00, 1.3333E-01,
16:35:58.92285928, 1.3333E-02, 2.2667E+00, 1.3333E-01,
16:35:58.92285933, 1.3333E-02, 2.2667E+00, 0.0000E+00,
16:35:58.92285938, 0.0000E+00, 2.2667E+00, 1.3333E-01,
16:35:58.92285943,-2.6667E-02, 2.3333E+00,-1.3333E-01,
16:35:58.92285948,-1.3333E-02, 2.2333E+00, 1.3333E-01,
16:35:58.92285953, 1.3333E-02, 2.2333E+00, 1.3333E-01,
16:35:58.92285958, 0.0000E+00, 2.2333E+00, 0.0000E+00,
16:35:58.92285963, 0.0000E+00, 2.2667E+00, 1.3333E-01,
16:35:58.92285968,-1.3333E-02, 2.2333E+00, 5.3333E-01,
16:35:58.92285973, 0.0000E+00, 2.2333E+00, 5.3333E-01,
16:35:58.92285978, 2.6667E-02, 2.2667E+00, 1.3333E-01,
16:35:58.92285983,-1.3333E-02, 2.3333E+00, 4.0000E-01,
16:35:58.92285988, 1.3333E-02, 2.2000E+00,-1.3333E-01,
16:35:58.92285993,-2.6667E-02, 2.2333E+00, 4.0000E-01,
16:35:58.92285998,-1.3333E-02, 2.2333E+00,-1.3333E-01,
16:35:58.92286003, 0.0000E+00, 2.1667E+00, 1.3333E-01,
16:35:58.92286008, 0.0000E+00, 2.2333E+00, 1.3333E-01,
16:35:58.92286013, 0.0000E+00, 2.3000E+00, 1.3333E-01,
16:35:58.92286018, 1.3333E-02, 2.3000E+00, 2.6667E-01,
16:35:58.92286023, 0.0000E+00, 2.2333E+00, 1.3333E-01,
16:35:58.92286028, 1.3333E-02, 2.2333E+00, 1.3333E-01,
16:35:58.92286033, 0.0000E+00, 2.2333E+00, 2.6667E-01,
16:35:58.92286038, 0.0000E+00, 2.2333E+00, 1.3333E-01,
16:35:58.92286043,-5.3333E-02, 2.2333E+00, 1.3333E-01,
16:35:58.92286048, 1.3333E-02, 2.2333E+00, 0.0000E+00,
16:35:58.92286053,-1.3333E-02, 2.2000E+00, 1.3333E-01,
16:35:58.92286058, 0.0000E+00, 2.3000E+00,-1.3333E-01,
16:35:58.92286063, 1.3333E-02, 2.2333E+00, 4.0000E-01,
16:35:58.92286068,-2.6667E-02, 2.2333E+00, 1.3333E-01,
16:35:58.92286073, 0.0000E+00, 2.2667E+00, 2.6667E-01,
16:35:58.92286078, 1.3333E-02, 2.2333E+00, 0.0000E+00,
16:35:58.92286083, 0.0000E+00, 2.2000E+00,-2.6667E-01,
16:35:58.92286088, 0.0000E+00, 2.2000E+00, 1.3333E-01,
16:35:58.92286093,-2.6667E-02, 2.2333E+00, 2.6667E-01,
16:35:58.92286098,-1.3333E-02, 2.2333E+00, 2.6667E-01,
16:35:58.92286103,-2.6667E-02, 2.2667E+00, 0.0000E+00,
16:35:58.92286108,-2.6667E-02, 2.2333E+00,-2.6667E-01,
16:35:58.92286113, 4.0000E-02, 2.2667E+00,-1.3333E-01,
16:35:58.92286118,-1.3333E-02, 2.2333E+00, 0.0000E+00,
16:35:58.92286123, 2.6667E-02, 2.2333E+00, 1.3333E-01,
16:35:58.92286128, 0.0000E+00, 2.2333E+00,-1.3333E-01,
16:35:58.92286133, 1.3333E-02, 2.2333E+00, 0.0000E+00,
16:35:58.92286138,-1.3333E-02, 2.2333E+00, 2.6667E-01,
16:35:58.92286143,-2.6667E-02, 2.2667E+00, 0.0000E+00,
16:35:58.92286148,-2.6667E-02, 2.2667E+00, 1.3333E-01,
16:35:58.92286153, 0.0000E+00, 2.2667E+00, 2.6667E-01,
16:35:58.92286158, 2.6667E-02, 2.3000E+00, 2.6667E-01,
16:35:58.92286163, 0.0000E+00, 2.2667E+00, 0.0000E+00,
16:35:58.92286168, 4.0000E-02, 2.2333E+00,-1.3333E-01,
16:35:58.92286173,-2.6667E-02, 2.3333E+00, 0.0000E+00,
16:35:58.92286178,-2.6667E-02, 2.2667E+00,-1.3333E-01,
16:35:58.92286183, 1.3333E-02, 2.2667E+00, 1.3333E-01,
16:35:58.92286188,-2.6667E-02, 2.2333E+00, 1.3333E-01,
16:35:58.92286193, 1.3333E-02, 2.2333E+00, 0.0000E+00,
16:35:58.92286198, 1.3333E-02, 2.2667E+00, 0.0000E+00,
16:35:58.92286203,-1.3333E-02, 2.3000E+00, 2.6667E-01,
16:35:58.92286208, 0.0000E+00, 2.2667E+00, 4.0000E-01,
16:35:58.92286213, 0.0000E+00, 2.2333E+00, 1.3333E-01,
16:35:58.92286218, 0.0000E+00, 2.2333E+00, 2.6667E-01,
16:35:58.92286223, 0.0000E+00, 2.2000E+00, 0.0000E+00,
16:35:58.92286228, 2.6667E-02, 2.2667E+00, 4.0000E-01,
16:35:58.92286233,-1.3333E-02, 2.1667E+00, 2.6667E-01,
16:35:58.92286238,-5.3333E-02, 2.2333E+00, 2.6667E-01,
16:35:58.92286243,-2.6667E-02, 2.2333E+00,-1.3333E-01,
16:35:58.92286248, 1.3333E-02, 2.2333E+00, 2.6667E-01,
16:35:58.92286253, 1.3333E-02, 2.2333E+00,-1.3333E-01,
16:35:58.92286258,-1.3333E-02, 2.2333E+00,-1.3333E-01,
16:35:58.92286263, 1.3333E-02, 2.2333E+00, 6.6667E-01,
16:35:58.92286268,-1.3333E-02, 2.2333E+00, 2.6667E-01,
16:35:58.92286273, 0.0000E+00, 2.2333E+00, 2.6667E-01,
16:35:58.92286278,-2.6667E-02, 2.1667E+00, 1.3333E-01,
16:35:58.92286283,-4.0000E-02, 2.1667E+00, 2.6667E-01,
16:35:58.92286288, 0.0000E+00, 2.2333E+00,-1.3333E-01,
16:35:58.92286293, 0.0000E+00, 2.2333E+00,-1.3333E-01,
16:35:58.92286298, 0.0000E+00, 2.2333E+00,-4.0000E-01,
16:35:58.92286303, 0.0000E+00, 2.2333E+00, 1.3333E-01,
16:35:58.92286308, 0.0000E+00, 2.2000E+00, 1.3333E-01,
16:35:58.92286313,-1.3333E-02, 2.2333E+00, 5.3333E-01,
16:35:58.92286318, 0.0000E+00, 2.2667E+00,-1.3333E-01,
16:35:58.92286323,-2.6667E-02, 2.2333E+00, 1.3333E-01,
16:35:58.92286328,-1.3333E-02, 2.2333E+00, 1.3333E-01,
16:35:58.92286333,-1.3333E-02, 2.2667E+00, 0.0000E+00,
16:35:58.92286338, 0.0000E+00, 2.2667E+00,-1.3333E-01,
16:35:58.92286343, 0.0000E+00, 2.3000E+00, 0.0000E+00,
16:35:58.92286348,-1.3333E-02, 2.3000E+00, 2.6667E-01,
16:35:58.92286353,-1.3333E-02, 2.2333E+00,-1.3333E-01,
16:35:58.92286358, 4.0000E-02, 2.2000E+00, 2.6667E-01,
16:35:58.92286363,-1.3333E-02, 2.3000E+00, 2.6667E-01,
16:35:58.92286368, 2.6667E-02, 2.2333E+00, 4.0000E-01,
16:35:58.92286373, 1.3333E-02, 2.2000E+00, 5.3333E-01,
16:35:58.92286378,-2.6667E-02, 2.2333E+00, 0.0000E+00,
16:35:58.92286383,-1.3333E-02, 2.3000E+00,-2.6667E-01,
16:35:58.92286388, 0.0000E+00, 2.2333E+00, 2.6667E-01,
16:35:58.92286393,-1.3333E-02, 2.2333E+00,-2.6667E-01,
16:35:58.92286398,-2.6667E-02, 2.2333E+00,-1.3333E-01,
16:35:58.92286403, 0.0000E+00, 2.2333E+00, 4.0000E-01,
16:35:58.92286408, 1.3333E-02, 2.2667E+00,-1.3333E-01,
16:35:58.92286413,-1.3333E-02, 2.2667E+00, 1.3333E-01,
16:35:58.92286418,-2.6667E-02, 2.2333E+00, 4.0000E-01,
16:35:58.92286423, 0.0000E+00, 2.2667E+00, 2.6667E-01,
16:35:58.92286428,-1.3333E-02, 2.1667E+00, 1.3333E-01,
16:35:58.92286433,-2.6667E-02, 2.2333E+00, 2.6667E-01,
16:35:58.92286438, 0.0000E+00, 2.2333E+00, 0.0000E+00,
16:35:58.92286443, 0.0000E+00, 2.2333E+00, 0.0000E+00,
16:35:58.92286448, 1.3333E-02, 2.2000E+00,-1.3333E-01,
16:35:58.92286453, 1.3333E-02, 2.2000E+00,-2.6667E-01,
16:35:58.92286458, 0.0000E+00, 2.2000E+00, 0.0000E+00,
16:35:58.92286463,-2.6667E-02, 2.2667E+00, 5.3333E-01,
16:35:58.92286468, 0.0000E+00, 2.2333E+00, 4.0000E-01,
16:35:58.92286473,-1.3333E-02, 2.2667E+00, 0.0000E+00,
16:35:58.92286478,-4.0000E-02, 2.2333E+00,-1.3333E-01,
16:35:58.92286483, 1.3333E-02, 2.2333E+00, 2.6667E-01,
16:35:58.92286488, 0.0000E+00, 2.2667E+00, 0.0000E+00,
16:35:58.92286493,-2.6667E-02, 2.2333E+00, 0.0000E+00,
16:35:58.92286498, 1.3333E-02, 2.2333E+00, 4.0000E-01,
16:35:58.92286503, 2.6667E-02, 2.2333E+00, 1.3333E-01,
16:35:58.92286508, 2.6667E-02, 2.2333E+00, 2.6667E-01,
16:35:58.92286513, 1.3333E-02, 2.2333E+00, 2.6667E-01,
16:35:58.92286518, 0.0000E+00, 2.2333E+00, 4.0000E-01,
16:35:58.92286523, 0.0000E+00, 2.2000E+00, 1.3333E-01,
16:35:58.92286528, 0.0000E+00, 2.2667E+00, 4.0000E-01,
16:35:58.92286533,-2.6667E-02, 2.2000E+00, 0.0000E+00,
16:35:58.92286538, 1.3333E-02, 2.2333E+00, 1.3333E-01,
16:35:58.92286543,-2.6667E-02, 2.2333E+00,-1.3333E-01,
16:35:58.92286548, 1.3333E-02, 2.2333E+00, 1.3333E-01,
16:35:58.92286553, 1.3333E-02, 2.2667E+00, 2.6667E-01,
16:35:58.92286558, 0.0000E+00, 2.2333E+00,-1.3333E-01,
16:35:58.92286563, 0.0000E+00, 2.3000E+00, 4.0000E-01,
16:35:58.92286568,-2.6667E-02, 2.2667E+00, 0.0000E+00,
16:35:58.92286573,-2.6667E-02, 2.2333E+00, 0.0000E+00,
16:35:58.92286578,-4.0000E-02, 2.2333E+00, 2.6667E-01,
16:35:58.92286583, 0.0000E+00, 2.2333E+00,-1.3333E-01,
16:35:58.92286588, 0.0000E+00, 2.1667E+00, 0.0000E+00,
16:35:58.92286593,-1.3333E-02, 2.2333E+00, 0.0000E+00,
16:35:58.92286598, 0.0000E+00, 2.2333E+00, 2.6667E-01,
16:35:58.92286603,-2.6667E-02, 2.3000E+00, 0.0000E+00,
16:35:58.92286608,-2.6667E-02, 2.2333E+00, 1.3333E-01,
16:35:58.92286613, 0.0000E+00, 2.1667E+00, 2.6667E-01,
16:35:58.92286618,-2.6667E-02, 2.2667E+00, 4.0000E-01,
16:35:58.92286623,-1.3333E-02, 2.2667E+00,-1.3333E-01,
16:35:58.92286628,-1.3333E-02, 2.2333E+00, 1.3333E-01,
16:35:58.92286633, 0.0000E+00, 2.2333E+00, 0.0000E+00,
16:35:58.92286638, 1.3333E-02, 2.2667E+00, 0.0000E+00,
16:35:58.92286643, 4.0000E-02, 2.2333E+00, 1.3333E-01,
16:35:58.92286648, 0.0000E+00, 2.2333E+00, 6.6667E-01,
16:35:58.92286653, 1.3333E-02, 2.2667E+00, 1.3333E-01,
16:35:58.92286658, 0.0000E+00, 2.2333E+00, 1.3333E-01,
16:35:58.92286663,-1.3333E-02, 2.2667E+00,-1.3333E-01,
16:35:58.92286668,-2.6667E-02, 2.2000E+00, 1.3333E-01,
16:35:58.92286673, 0.0000E+00, 2.2667E+00, 1.3333E-01,
16:35:58.92286678, 1.3333E-02, 2.2333E+00,-1.3333E-01,
16:35:58.92286683,-2.6667E-02, 2.2000E+00, 1.3333E-01,
16:35:58.92286688, 1.3333E-02, 2.2333E+00, 0.0000E+00,
16:35:58.92286693, 0.0000E+00, 2.2333E+00, 5.3333E-01,
16:35:58.92286698,-1.3333E-02, 2.2333E+00, 4.0000E-01,
16:35:58.92286703, 1.3333E-02, 2.2333E+00, 4.0000E-01,
16:35:58.92286708,-4.0000E-02, 2.2333E+00, 2.6667E-01,
16:35:58.92286713,-4.0000E-02, 2.2333E+00, 5.3333E-01,
16:35:58.92286718,-1.3333E-02, 2.2333E+00, 2.6667E-01,
16:35:58.92286723, 0.0000E+00, 2.2667E+00, 1.3333E-01,
16:35:58.92286728, 1.3333E-02, 2.2333E+00, 0.0000E+00,
16:35:58.92286733,-1.3333E-02, 2.2333E+00, 4.0000E-01,
16:35:58.92286738,-1.3333E-02, 2.2667E+00,-1.3333E-01,
16:35:58.92286743, 1.3333E-02, 2.2333E+00, 0.0000E+00,
16:35:58.92286748,-1.3333E-02, 2.2333E+00, 1.3333E-01,
16:35:58.92286753,-4.0000E-02, 2.2000E+00, 1.3333E-01,
16:35:58.92286758, 0.0000E+00, 2.2333E+00, 1.3333E-01,
16:35:58.92286763,-4.0000E-02, 2.2000E+00, 2.6667E-01,
16:35:58.92286768, 1.3333E-02, 2.2667E+00, 2.6667E-01,
16:35:58.92286773, 0.0000E+00, 2.2333E+00, 2.6667E-01,
16:35:58.92286778, 1.3333E-02, 2.2667E+00, 2.6667E-01,
16:35:58.92286783, 4.0000E-02, 2.2667E+00,-1.3333E-01,
16:35:58.92286788, 0.0000E+00, 2.2333E+00, 1.3333E-01,
16:35:58.92286793, 2.6667E-02, 2.2333E+00, 2.6667E-01,
16:35:58.92286798, 4.0000E-02, 2.2333E+00, 4.0000E-01,
16:35:58.92286803,-1.3333E-02, 2.2000E+00,-2.6667E-01,
16:35:58.92286808,-1.3333E-02, 2.3000E+00, 0.0000E+00,
16:35:58.92286813,-1.3333E-02, 2.2333E+00, 1.3333E-01,
16:35:58.92286818,-1.3333E-02, 2.2333E+00, 5.3333E-01,
16:35:58.92286823,-1.3333E-02, 2.2667E+00, 1.3333E-01,
16:35:58.92286828,-1.3333E-02, 2.2333E+00, 0.0000E+00,
16:35:58.92286833, 1.3333E-02, 2.2333E+00,-1.3333E-01,
16:35:58.92286838, 2.6667E-02, 2.2000E+00, 0.0000E+00,
16:35:58.92286843, 0.0000E+00, 2.2667E+00, 4.0000E-01,
16:35:58.92286848,-1.3333E-02, 2.2667E+00, 1.3333E-01,
16:35:58.92286853,-1.3333E-02, 2.2333E+00, 1.3333E-01,
16:35:58.92286858,-5.3333E-02, 2.2333E+00, 1.3333E-01,
16:35:58.92286863, 0.0000E+00, 2.2667E+00,-1.3333E-01,
16:35:58.92286868,-1.3333E-02, 2.2667E+00, 1.3333E-01,
16:35:58.92286873, 0.0000E+00, 2.2333E+00, 4.0000E-01,
16:35:58.92286878, 1.3333E-02, 2.2333E+00, 1.3333E-01,
16:35:58.92286883, 1.3333E-02, 2.2333E+00, 1.3333E-01,
16:35:58.92286888,-1.3333E-02, 2.2667E+00, 0.0000E+00,
16:35:58.92286893,-1.3333E-02, 2.2333E+00, 2.6667E-01,
16:35:58.92286898, 0.0000E+00, 2.2333E+00, 2.6667E-01,
16:35:58.92286903,-1.3333E-02, 2.2333E+00, 1.3333E-01,
16:35:58.92286908, 0.0000E+00, 2.2333E+00, 4.0000E-01,
16:35:58.92286913, 1.3333E-02, 2.2667E+00, 1.3333E-01,
16:35:58.92286918,-1.3333E-02, 2.2333E+00, 2.6667E-01,
16:35:58.92286923, 1.3333E-02, 2.2333E+00, 2.6667E-01,
16:35:58.92286928, 4.0000E-02, 2.2333E+00, 1.3333E-01,
16:35:58.92286933, 1.3333E-02, 2.2333E+00, 1.3333E-01,
16:35:58.92286938, 1.3333E-02, 2.2333E+00, 2.6667E-01,
16:35:58.92286943, 0.0000E+00, 2.3000E+00, 0.0000E+00,
16:35:58.92286948, 0.0000E+00, 2.2333E+00, 1.3333E-01,
16:35:58.92286953, 0.0000E+00, 2.2333E+00, 1.3333E-01,
16:35:58.92286958, 0.0000E+00, 2.2333E+00, 2.6667E-01,
16:35:58.92286963, 2.6667E-02, 2.2333E+00, 4.0000E-01,
16:35:58.92286968,-2.6667E-02, 2.2333E+00,-2.6667E-01,
16:35:58.92286973,-1.3333E-02, 2.2667E+00, 1.3333E-01,
16:35:58.92286978,-1.3333E-02, 2.2333E+00, 0.0000E+00,
16:35:58.92286983,-1.3333E-02, 2.2667E+00, 1.3333E-01,
16:35:58.92286988, 0.0000E+00, 2.2000E+00, 0.0000E+00,
16:35:58.92286993,-1.3333E-02, 2.2333E+00, 5.3333E-01,
16:35:58.92286998,-2.6667E-02, 2.2333E+00, 2.6667E-01,
16:35:58.92287003, 1.3333E-02, 2.2333E+00, 0.0000E+00,
16:35:58.92287008,-1.3333E-02, 2.2333E+00, 1.3333E-01,
16:35:58.92287013,-1.3333E-02, 2.2667E+00,-1.3333E-01,
16:35:58.92287018, 4.0000E-02, 2.2667E+00, 2.6667E-01,
16:35:58.92287023,-1.3333E-02, 2.2333E+00, 1.3333E-01,
16:35:58.92287028, 0.0000E+00, 2.2333E+00, 2.6667E-01,
16:35:58.92287033,-1.3333E-02, 2.2333E+00, 4.0000E-01,
16:35:58.92287038, 1.3333E-02, 2.2333E+00, 2.6667E-01,
16:35:58.92287043, 0.0000E+00, 2.2667E+00, 0.0000E+00,
16:35:58.92287048, 0.0000E+00, 2.1667E+00, 2.6667E-01,
16:35:58.92287053,-5.3333E-02, 2.2333E+00, 1.3333E-01,
16:35:58.92287058,-2.6667E-02, 2.2333E+00, 4.0000E-01,
16:35:58.92287063, 0.0000E+00, 2.2333E+00,-1.3333E-01,
16:35:58.92287068, 1.3333E-02, 2.2333E+00, 0.0000E+00,
16:35:58.92287073, 1.3333E-02, 2.3000E+00, 1.3333E-01,
16:35:58.92287078, 0.0000E+00, 2.2333E+00,-2.6667E-01,
16:35:58.92287083, 1.3333E-02, 2.2333E+00, 0.0000E+00,
16:35:58.92287088, 1.3333E-02, 2.2333E+00, 1.3333E-01,
16:35:58.92287093,-4.0000E-02, 2.2333E+00,-1.3333E-01,
16:35:58.92287098,-1.3333E-02, 2.2000E+00, 1.3333E-01,
16:35:58.92287103, 0.0000E+00, 2.2333E+00,-1.3333E-01,
16:35:58.92287108, 0.0000E+00, 2.2333E+00, 2.6667E-01,
16:35:58.92287113,-4.0000E-02, 2.2333E+00, 1.3333E-01,
16:35:58.92287118, 1.3333E-02, 2.2333E+00, 0.0000E+00,
16:35:58.92287123, 0.0000E+00, 2.2333E+00,-2.6667E-01,
16:35:58.92287128, 2.6667E-02, 2.2333E+00, 0.0000E+00,
16:35:58.92287133, 1.3333E-02, 2.2333E+00, 0.0000E+00,
16:35:58.92287138, 0.0000E+00, 2.2333E+00, 0.0000E+00,
16:35:58.92287143, 0.0000E+00, 2.2333E+00, 5.3333E-01,
16:35:58.92287148,-2.6667E-02, 2.2667E+00,-1.3333E-01,
16:35:58.92287153,-1.3333E-02, 2.2333E+00, 1.3333E-01,
16:35:58.92287158, 0.0000E+00, 2.2667E+00, 2.6667E-01,
16:35:58.92287163,-1.3333E-02, 2.2333E+00, 1.3333E-01,
16:35:58.92287168,-2.6667E-02, 2.2667E+00, 0.0000E+00,
16:35:58.92287173, 0.0000E+00, 2.2667E+00,-2.6667E-01,
16:35:58.92287178, 1.3333E-02, 2.3000E+00, 0.0000E+00,
16:35:58.92287183,-1.3333E-02, 2.2333E+00, 2.6667E-01,
16:35:58.92287188, 0.0000E+00, 2.2333E+00, 4.0000E-01,
16:35:58.92287193,-4.0000E-02, 2.3000E+00, 4.0000E-01,
16:35:58.92287198,-2.6667E-02, 2.3000E+00,-1.3333E-01,
16:35:58.92287203, 0.0000E+00, 2.2667E+00, 1.3333E-01,
16:35:58.92287208,-2.6667E-02, 2.2333E+00, 2.6667E-01,
16:35:58.92287213, 0.0000E+00, 2.2333E+00, 2.6667E-01,
16:35:58.92287218,-1.3333E-02, 2.2333E+00, 0.0000E+00,
16:35:58.92287223, 2.6667E-02, 2.2000E+00, 2.6667E-01,
16:35:58.92287228,-1.3333E-02, 2.2000E+00, 0.0000E+00,
16:35:58.92287233, 0.0000E+00, 2.2333E+00, 2.6667E-01,
16:35:58.92287238, 0.0000E+00, 2.2333E+00, 0.0000E+00,
16:35:58.92287243, 1.3333E-02, 2.2333E+00, 2.6667E-01,
16:35:58.92287248, 0.0000E+00, 2.2667E+00, 1.3333E-01,
16:35:58.92287253, 1.3333E-02, 2.2333E+00, 4.0000E-01,
16:35:58.92287258,-2.6667E-02, 2.2667E+00, 0.0000E+00,
16:35:58.92287263, 1.3333E-02, 2.2333E+00, 1.3333E-01,
16:35:58.92287268, 1.3333E-02, 2.2333E+00, 0.0000E+00,
16:35:58.92287273, 0.0000E+00, 2.2333E+00,-1.3333E-01,
16:35:58.92287278,-1.3333E-02, 2.2000E+00, 1.3333E-01,
16:35:58.92287283, 0.0000E+00, 2.2333E+00, 4.0000E-01,
16:35:58.92287288, 1.3333E-02, 2.2000E+00, 2.6667E-01,
16:35:58.92287293,-2.6667E-02, 2.2333E+00, 1.3333E-01,
16:35:58.92287298,-4.0000E-02, 2.3000E+00, 2.6667E-01,
16:35:58.92287303,-1.3333E-02, 2.2333E+00, 5.3333E-01,
16:35:58.92287308, 1.3333E-02, 2.2333E+00, 2.6667E-01,
16:35:58.92287313,-1.3333E-02, 2.2333E+00, 1.3333E-01,
16:35:58.92287318, 1.3333E-02, 2.2333E+00, 2.6667E-01,
16:35:58.92287323,-2.6667E-02, 2.3000E+00, 0.0000E+00,
16:35:58.92287328,-1.3333E-02, 2.2333E+00, 0.0000E+00,
16:35:58.92287333, 0.0000E+00, 2.2333E+00, 1.3333E-01,
16:35:58.92287338,-1.3333E-02, 2.2333E+00,-2.6667E-01,
16:35:58.92287343,-1.3333E-02, 2.2333E+00, 2.6667E-01,
16:35:58.92287348,-1.3333E-02, 2.2333E+00,-1.3333E-01,
16:35:58.92287353,-2.6667E-02, 2.2333E+00,-2.6667E-01,
16:35:58.92287358, 2.6667E-02, 2.2333E+00, 0.0000E+00,
16:35:58.92287363,-1.3333E-02, 2.2333E+00,-1.3333E-01,
16:35:58.92287368, 4.0000E-02, 2.2333E+00,-1.3333E-01,
16:35:58.92287373,-1.3333E-02, 2.2667E+00, 0.0000E+00,
16:35:58.92287378, 1.3333E-02, 2.2333E+00, 1.3333E-01,
16:35:58.92287383, 2.6667E-02, 2.2000E+00, 0.0000E+00,
16:35:58.92287388,-2.6667E-02, 2.2333E+00, 2.6667E-01,
16:35:58.92287393, 0.0000E+00, 2.2333E+00, 1.3333E-01,
16:35:58.92287398, 2.6667E-02, 2.2333E+00, 0.0000E+00,
16:35:58.92287403,-2.6667E-02, 2.2333E+00, 1.3333E-01,
16:35:58.92287408, 0.0000E+00, 2.2333E+00,-1.3333E-01,
16:35:58.92287413, 1.3333E-02, 2.2333E+00, 1.3333E-01,
16:35:58.92287418,-1.3333E-02, 2.2000E+00, 1.3333E-01,
16:35:58.92287423, 0.0000E+00, 2.2333E+00, 0.0000E+00,
16:35:58.92287428,-2.6667E-02, 2.2333E+00, 0.0000E+00,
16:35:58.92287433,-1.3333E-02, 2.2333E+00, 5.3333E-01,
16:35:58.92287438,-1.3333E-02, 2.2333E+00, 2.6667E-01,
16:35:58.92287443,-1.3333E-02, 2.3000E+00, 1.3333E-01,
16:35:58.92287448,-1.3333E-02, 2.2000E+00, 0.0000E+00,
16:35:58.92287453, 1.3333E-02, 2.2333E+00, 2.6667E-01,
16:35:58.92287458, 0.0000E+00, 2.2333E+00, 2.6667E-01,
16:35:58.92287463, 0.0000E+00, 2.2333E+00,-1.3333E-01,
16:35:58.92287468,-2.6667E-02, 2.2333E+00, 2.6667E-01,
16:35:58.92287473, 0.0000E+00, 2.2333E+00, 1.3333E-01,
16:35:58.92287478, 0.0000E+00, 2.3000E+00,-1.3333E-01,
16:35:58.92287483,-4.0000E-02, 2.2333E+00, 1.3333E-01,
16:35:58.92287488,-1.3333E-02, 2.3000E+00, 0.0000E+00,
16:35:58.92287493,-1.3333E-02, 2.2667E+00, 2.6667E-01,
16:35:58.92287498, 1.3333E-02, 2.2333E+00, 1.3333E-01,
16:35:58.92287503, 1.3333E-02, 2.2333E+00, 0.0000E+00,
16:35:58.92287508, 1.3333E-02, 2.2000E+00, 0.0000E+00,
16:35:58.92287513, 4.0000E-02, 2.2333E+00, 1.3333E-01,
16:35:58.92287518,-1.3333E-02, 2.2667E+00, 2.6667E-01,
16:35:58.92287523,-1.3333E-02, 2.2000E+00, 4.0000E-01,
16:35:58.92287528,-4.0000E-02, 2.2333E+00, 1.3333E-01,
16:35:58.92287533, 0.0000E+00, 2.2667E+00, 2.6667E-01,
16:35:58.92287538,-2.6667E-02, 2.2333E+00, 2.6667E-01,
16:35:58.92287543, 2.6667E-02, 2.2667E+00, 2.6667E-01,
16:35:58.92287548, 2.6667E-02, 2.2333E+00, 0.0000E+00,
16:35:58.92287553, 0.0000E+00, 2.3000E+00, 2.6667E-01,
16:35:58.92287558, 0.0000E+00, 2.2667E+00, 0.0000E+00,
16:35:58.92287563,-2.6667E-02, 2.2333E+00, 0.0000E+00,
16:35:58.92287568,-1.3333E-02, 2.2333E+00, 0.0000E+00,
16:35:58.92287573,-2.6667E-02, 2.3000E+00,-2.6667E-01,
16:35:58.92287578,-1.3333E-02, 2.2333E+00,-2.6667E-01,
16:35:58.92287583,-1.3333E-02, 2.2667E+00, 0.0000E+00,
16:35:58.92287588, 0.0000E+00, 2.2333E+00, 1.3333E-01,
16:35:58.92287593,-2.6667E-02, 2.2333E+00,-1.3333E-01,
16:35:58.92287598, 1.3333E-02, 2.2333E+00, 0.0000E+00,
16:35:58.92287603, 1.3333E-02, 2.2333E+00, 2.6667E-01,
16:35:58.92287608, 2.6667E-02, 2.2333E+00,-1.3333E-01,
16:35:58.92287613,-4.0000E-02, 2.2667E+00,-1.3333E-01,
16:35:58.92287618,-2.6667E-02, 2.2333E+00,-1.3333E-01,
16:35:58.92287623,-1.3333E-02, 2.2333E+00, 2.6667E-01,
16:35:58.92287628,-2.6667E-02, 2.2333E+00, 1.3333E-01,
16:35:58.92287633,-1.3333E-02, 2.2333E+00,-1.3333E-01,
16:35:58.92287638, 0.0000E+00, 2.2333E+00, 4.0000E-01,
16:35:58.92287643,-1.3333E-02, 2.2000E+00, 1.3333E-01,
16:35:58.92287648, 0.0000E+00, 2.2333E+00,-1.3333E-01,
16:35:58.92287653, 2.6667E-02, 2.2333E+00,-2.6667E-01,
16:35:58.92287658, 0.0000E+00, 2.2333E+00,-1.3333E-01,
16:35:58.92287663, 1.3333E-02, 2.3333E+00, 1.3333E-01,
16:35:58.92287668,-1.3333E-02, 2.2667E+00, 1.3333E-01,
16:35:58.92287673,-1.3333E-02, 2.2333E+00, 1.3333E-01,
16:35:58.92287678,-2.6667E-02, 2.2333E+00, 0.0000E+00,
16:35:58.92287683, 2.6667E-02, 2.2333E+00, 0.0000E+00,
16:35:58.92287688, 0.0000E+00, 2.2333E+00, 1.3333E-01,
16:35:58.92287693,-1.3333E-02, 2.2333E+00, 4.0000E-01,
16:35:58.92287698, 0.0000E+00, 2.2333E+00, 5.3333E-01,
16:35:58.92287703, 0.0000E+00, 2.2333E+00, 0.0000E+00,
16:35:58.92287708, 1.3333E-02, 2.2333E+00, 1.3333E-01,
16:35:58.92287713, 0.0000E+00, 2.2333E+00, 1.3333E-01,
16:35:58.92287718,-4.0000E-02, 2.2667E+00, 2.6667E-01,
16:35:58.92287723,-1.3333E-02, 2.3333E+00, 1.3333E-01,
16:35:58.92287728, 0.0000E+00, 2.2333E+00, 0.0000E+00,
16:35:58.92287733,-1.3333E-02, 2.2667E+00, 0.0000E+00,
16:35:58.92287738,-1.3333E-02, 2.2333E+00, 0.0000E+00,
16:35:58.92287743, 0.0000E+00, 2.2333E+00, 0.0000E+00,
16:35:58.92287748, 1.3333E-02, 2.2333E+00, 0.0000E+00,
16:35:58.92287753,-1.3333E-02, 2.2333E+00, 0.0000E+00,
16:35:58.92287758,-1.3333E-02, 2.2333E+00, 1.3333E-01,
16:35:58.92287763,-1.3333E-02, 2.2667E+00, 0.0000E+00,
16:35:58.92287768, 0.0000E+00, 2.2333E+00, 1.3333E-01,
16:35:58.92287773,-4.0000E-02, 2.3000E+00, 0.0000E+00,
16:35:58.92287778, 0.0000E+00, 2.2333E+00, 0.0000E+00,
16:35:58.92287783, 0.0000E+00, 2.2333E+00, 2.6667E-01,
16:35:58.92287788, 1.3333E-02, 2.2333E+00, 1.3333E-01,
16:35:58.92287793, 4.0000E-02, 2.3000E+00, 0.0000E+00,
16:35:58.92287798, 1.3333E-02, 2.2333E+00, 0.0000E+00,
16:35:58.92287803, 0.0000E+00, 2.2667E+00, 0.0000E+00,
16:35:58.92287808,-1.3333E-02, 2.2667E+00, 0.0000E+00,
16:35:58.92287813,-1.3333E-02, 2.2667E+00, 0.0000E+00,
16:35:58.92287818, 1.3333E-02, 2.2000E+00, 1.3333E-01,
16:35:58.92287823, 2.6667E-02, 2.2333E+00, 1.3333E-01,
16:35:58.92287828, 2.6667E-02, 2.2667E+00, 1.3333E-01,
16:35:58.92287833, 1.3333E-02, 2.2000E+00, 0.0000E+00,
16:35:58.92287838,-1.3333E-02, 2.2667E+00, 0.0000E+00,
16:35:58.92287843, 0.0000E+00, 2.2667E+00, 4.0000E-01,
16:35:58.92287848,-1.3333E-02, 2.2333E+00, 2.6667E-01,
16:35:58.92287853, 0.0000E+00, 2.2333E+00, 0.0000E+00,
16:35:58.92287858,-1.3333E-02, 2.2333E+00, 1.3333E-01,
16:35:58.92287863, 0.0000E+00, 2.2333E+00, 2.6667E-01,
16:35:58.92287868,-1.3333E-02, 2.2333E+00,-1.3333E-01,
16:35:58.92287873, 1.3333E-02, 2.3333E+00, 1.3333E-01,
16:35:58.92287878,-2.6667E-02, 2.2000E+00, 2.6667E-01,
16:35:58.92287883, 2.6667E-02, 2.2333E+00, 5.3333E-01,
16:35:58.92287888, 2.6667E-02, 2.2333E+00, 4.0000E-01,
16:35:58.92287893, 0.0000E+00, 2.2000E+00, 0.0000E+00,
16:35:58.92287898, 2.6667E-02, 2.2333E+00, 0.0000E+00,
16:35:58.92287903,-1.3333E-02, 2.2000E+00, 0.0000E+00,
16:35:58.92287908,-4.0000E-02, 2.2333E+00, 0.0000E+00,
16:35:58.92287913,-1.3333E-02, 2.2667E+00, 5.3333E-01,
16:35:58.92287918, 1.3333E-02, 2.2667E+00, 5.3333E-01,
16:35:58.92287923, 0.0000E+00, 2.2333E+00, 2.6667E-01,
16:35:58.92287928,-4.0000E-02, 2.2333E+00, 1.3333E-01,
16:35:58.92287933, 1.3333E-02, 2.2000E+00, 2.6667E-01,
16:35:58.92287938, 0.0000E+00, 2.2667E+00, 4.0000E-01,
16:35:58.92287943, 0.0000E+00, 2.2333E+00, 1.3333E-01,
16:35:58.92287948,-1.3333E-02, 2.2333E+00, 0.0000E+00,
16:35:58.92287953, 1.3333E-02, 2.2333E+00, 4.0000E-01,
16:35:58.92287958, 0.0000E+00, 2.2667E+00, 2.6667E-01,
16:35:58.92287963,-1.3333E-02, 2.2667E+00, 1.3333E-01,
16:35:58.92287968, 1.3333E-02, 2.2667E+00, 1.3333E-01,
16:35:58.92287973,-2.6667E-02, 2.2333E+00, 4.0000E-01,
16:35:58.92287978, 0.0000E+00, 2.1667E+00, 1.3333E-01,
16:35:58.92287983, 1.3333E-02, 2.2000E+00, 5.3333E-01,
16:35:58.92287988, 2.6667E-02, 2.2667E+00,-1.3333E-01,
16:35:58.92287993, 0.0000E+00, 2.2333E+00, 1.3333E-01,
16:35:58.92287998, 0.0000E+00, 2.3000E+00, 1.3333E-01,
16:35:58.92288003,-1.3333E-02, 2.2333E+00, 1.3333E-01,
16:35:58.92288008,-2.6667E-02, 2.2333E+00, 2.6667E-01,
16:35:58.92288013,-1.3333E-02, 2.2333E+00, 2.6667E-01,
16:35:58.92288018,-1.3333E-02, 2.2333E+00,-1.3333E-01,
16:35:58.92288023, 1.3333E-02, 2.2333E+00, 1.3333E-01,
16:35:58.92288028,-1.3333E-02, 2.1000E+00, 5.3333E-01,
16:35:58.92288033, 0.0000E+00, 2.2333E+00, 1.3333E-01,
16:35:58.92288038, 1.3333E-02, 2.2333E+00,-1.3333E-01,
16:35:58.92288043,-1.3333E-02, 2.2333E+00, 1.3333E-01,
16:35:58.92288048, 0.0000E+00, 2.2667E+00, 2.6667E-01,
16:35:58.92288053,-1.3333E-02, 2.2333E+00, 4.0000E-01,
16:35:58.92288058,-2.6667E-02, 2.2000E+00,-1.3333E-01,
16:35:58.92288063, 0.0000E+00, 2.2333E+00, 1.3333E-01,
16:35:58.92288068,-1.3333E-02, 2.2333E+00, 0.0000E+00,
16:35:58.92288073, 1.3333E-02, 2.2000E+00, 2.6667E-01,
16:35:58.92288078, 0.0000E+00, 2.2333E+00, 2.6667E-01,
16:35:58.92288083, 0.0000E+00, 2.1667E+00, 2.6667E-01,
16:35:58.92288088, 0.0000E+00, 2.2000E+00, 0.0000E+00,
16:35:58.92288093, 0.0000E+00, 2.2333E+00,-1.3333E-01,
16:35:58.92288098,-1.3333E-02, 2.2333E+00,-1.3333E-01,
16:35:58.92288103,-2.6667E-02, 2.2333E+00, 0.0000E+00,
16:35:58.92288108,-1.3333E-02, 2.2333E+00, 2.6667E-01,
16:35:58.92288113,-2.6667E-02, 2.2333E+00,-1.3333E-01,
16:35:58.92288118, 2.6667E-02, 2.2333E+00, 1.3333E-01,
16:35:58.92288123, 0.0000E+00, 2.2000E+00, 0.0000E+00,
16:35:58.92288128,-2.6667E-02, 2.2333E+00, 1.3333E-01,
16:35:58.92288133, 0.0000E+00, 2.2333E+00, 2.6667E-01,
16:35:58.92288138, 2.6667E-02, 2.2333E+00, 1.3333E-01,
16:35:58.92288143, 0.0000E+00, 2.2333E+00, 1.3333E-01,
16:35:58.92288148,-1.3333E-02, 2.2667E+00,-1.3333E-01,
16:35:58.92288153,-1.3333E-02, 2.2333E+00, 2.6667E-01,
16:35:58.92288158,-2.6667E-02, 2.2333E+00, 1.3333E-01,
16:35:58.92288163,-4.0000E-02, 2.2333E+00, 2.6667E-01,
16:35:58.92288168,-1.3333E-02, 2.2333E+00, 4.0000E-01,
16:35:58.92288173, 1.3333E-02, 2.2667E+00, 4.0000E-01,
16:35:58.92288178,-2.6667E-02, 2.2000E+00, 2.6667E-01,
16:35:58.92288183, 0.0000E+00, 2.2667E+00, 4.0000E-01,
16:35:58.92288188,-1.3333E-02, 2.2667E+00, 4.0000E-01,
16:35:58.92288193,-4.0000E-02, 2.2667E+00, 1.3333E-01,
16:35:58.92288198,-1.3333E-02, 2.3000E+00, 4.0000E-01,
16:35:58.92288203,-4.0000E-02, 2.2333E+00, 1.3333E-01,
16:35:58.92288208, 0.0000E+00, 2.2667E+00, 2.6667E-01,
16:35:58.92288213,-2.6667E-02, 2.2333E+00, 0.0000E+00,
16:35:58.92288218,-4.0000E-02, 2.2000E+00, 2.6667E-01,
16:35:58.92288223, 0.0000E+00, 2.2333E+00, 4.0000E-01,
16:35:58.92288228,-1.3333E-02, 2.3000E+00, 1.3333E-01,
16:35:58.92288233,-1.3333E-02, 2.2667E+00, 4.0000E-01,
16:35:58.92288238, 1.3333E-02, 2.2333E+00, 1.3333E-01,
16:35:58.92288243, 2.6667E-02, 2.1333E+00, 0.0000E+00,
16:35:58.92288248,-4.0000E-02, 2.2333E+00, 0.0000E+00,
16:35:58.92288253, 0.0000E+00, 2.3000E+00, 2.6667E-01,
16:35:58.92288258,-4.0000E-02, 2.2333E+00, 2.6667E-01,
16:35:58.92288263, 0.0000E+00, 2.2333E+00, 0.0000E+00,
16:35:58.92288268, 0.0000E+00, 2.2667E+00, 0.0000E+00,
16:35:58.92288273,-1.3333E-02, 2.2333E+00, 5.3333E-01,
16:35:58.92288278, 4.0000E-02, 2.2333E+00, 1.3333E-01,
16:35:58.92288283,-1.3333E-02, 2.2333E+00, 0.0000E+00,
16:35:58.92288288,-2.6667E-02, 2.2000E+00,-4.0000E-01,
16:35:58.92288293,-2.6667E-02, 2.2667E+00, 2.6667E-01,
16:35:58.92288298,-4.0000E-02, 2.3000E+00, 1.3333E-01,
16:35:58.92288303,-2.6667E-02, 2.2667E+00, 0.0000E+00,
16:35:58.92288308, 1.3333E-02, 2.2333E+00, 1.3333E-01,
16:35:58.92288313,-2.6667E-02, 2.2333E+00, 0.0000E+00,
16:35:58.92288318,-1.3333E-02, 2.2000E+00, 1.3333E-01,
16:35:58.92288323,-1.3333E-02, 2.2667E+00, 2.6667E-01,
16:35:58.92288328, 1.3333E-02, 2.2333E+00,-1.3333E-01,
16:35:58.92288333, 0.0000E+00, 2.1667E+00, 1.3333E-01,
16:35:58.92288338, 0.0000E+00, 2.2667E+00, 5.3333E-01,
16:35:58.92288343,-2.6667E-02, 2.2333E+00,-1.3333E-01,
16:35:58.92288348, 2.6667E-02, 2.2000E+00, 2.6667E-01,
16:35:58.92288353, 2.6667E-02, 2.2667E+00, 4.0000E-01,
16:35:58.92288358, 1.3333E-02, 2.2333E+00, 1.3333E-01,
16:35:58.92288363,-1.3333E-02, 2.2333E+00, 2.6667E-01,
16:35:58.92288368, 0.0000E+00, 2.2667E+00, 5.3333E-01,
16:35:58.92288373,-2.6667E-02, 2.2667E+00, 1.3333E-01,
16:35:58.92288378, 0.0000E+00, 2.3333E+00, 1.3333E-01,
16:35:58.92288383, 1.3333E-02, 2.2333E+00, 0.0000E+00,
16:35:58.92288388,-2.6667E-02, 2.2333E+00,-4.0000E-01,
16:35:58.92288393,-1.3333E-02, 2.2667E+00, 1.3333E-01,
16:35:58.92288398,-2.6667E-02, 2.2333E+00, 4.0000E-01,
16:35:58.92288403, 0.0000E+00, 2.2333E+00, 2.6667E-01,
16:35:58.92288408, 0.0000E+00, 2.2333E+00, 2.6667E-01,
16:35:58.92288413, 1.3333E-02, 2.2333E+00, 0.0000E+00,
16:35:58.92288418,-1.3333E-02, 2.2333E+00, 2.6667E-01,
16:35:58.92288423, 0.0000E+00, 2.3333E+00, 1.3333E-01,
16:35:58.92288428, 1.3333E-02, 2.3333E+00, 1.3333E-01,
16:35:58.92288433,-2.6667E-02, 2.3000E+00, 1.3333E-01,
16:35:58.92288438, 0.0000E+00, 2.3000E+00, 1.3333E-01,
16:35:58.92288443, 0.0000E+00, 2.2667E+00, 2.6667E-01,
16:35:58.92288448,-1.3333E-02, 2.2333E+00, 1.3333E-01,
16:35:58.92288453,-1.3333E-02, 2.2333E+00, 2.6667E-01,
16:35:58.92288458, 0.0000E+00, 2.3667E+00, 0.0000E+00,
16:35:58.92288463,-1.3333E-02, 2.2000E+00, 2.6667E-01,
16:35:58.92288468, 0.0000E+00, 2.2333E+00,-1.3333E-01,
16:35:58.92288473, 0.0000E+00, 2.2667E+00, 5.3333E-01,
16:35:58.92288478, 2.6667E-02, 2.2333E+00, 0.0000E+00,
16:35:58.92288483, 0.0000E+00, 2.2333E+00, 1.3333E-01,
16:35:58.92288488, 0.0000E+00, 2.2333E+00,-1.3333E-01,
16:35:58.92288493,-2.6667E-02, 2.2333E+00, 0.0000E+00,
16:35:58.92288498, 0.0000E+00, 2.2333E+00, 2.6667E-01,
16:35:58.92288503,-1.3333E-02, 2.2333E+00, 2.6667E-01,
16:35:58.92288508,-1.3333E-02, 2.2000E+00, 2.6667E-01,
16:35:58.92288513, 0.0000E+00, 2.2333E+00, 1.3333E-01,
16:35:58.92288518,-1.3333E-02, 2.2333E+00, 6.6667E-01,
16:35:58.92288523,-2.6667E-02, 2.2667E+00, 1.3333E-01,
16:35:58.92288528, 1.3333E-02, 2.2667E+00,-1.3333E-01,
16:35:58.92288533,-1.3333E-02, 2.2667E+00, 2.6667E-01,
16:35:58.92288538, 0.0000E+00, 2.2333E+00, 1.3333E-01,
16:35:58.92288543, 0.0000E+00, 2.2333E+00, 1.3333E-01,
16:35:58.92288548, 1.3333E-02, 2.2333E+00, 1.3333E-01,
16:35:58.92288553,-1.3333E-02, 2.2333E+00, 2.6667E-01,
16:35:58.92288558,-1.3333E-02, 2.2333E+00, 1.3333E-01,
16:35:58.92288563, 1.3333E-02, 2.2333E+00, 1.3333E-01,
16:35:58.92288568, 2.6667E-02, 2.2333E+00, 1.3333E-01,
16:35:58.92288573, 1.3333E-02, 2.2667E+00,-1.3333E-01,
16:35:58.92288578,-1.3333E-02, 2.3000E+00, 2.6667E-01,
16:35:58.92288583,-1.3333E-02, 2.2667E+00, 1.3333E-01,
16:35:58.92288588, 0.0000E+00, 2.2000E+00,-2.6667E-01,
16:35:58.92288593,-2.6667E-02, 2.2333E+00,-4.0000E-01,
16:35:58.92288598, 4.0000E-02, 2.2000E+00, 2.6667E-01,
16:35:58.92288603,-2.6667E-02, 2.2333E+00, 2.6667E-01,
16:35:58.92288608,-1.3333E-02, 2.2667E+00, 0.0000E+00,
16:35:58.92288613,-1.3333E-02, 2.2667E+00, 0.0000E+00,
16:35:58.92288618, 1.3333E-02, 2.2333E+00, 1.3333E-01,
16:35:58.92288623, 0.0000E+00, 2.2667E+00, 2.6667E-01,
16:35:58.92288628, 0.0000E+00, 2.2333E+00, 0.0000E+00,
16:35:58.92288633, 0.0000E+00, 2.2333E+00, 0.0000E+00,
16:35:58.92288638,-4.0000E-02, 2.2333E+00, 0.0000E+00,
16:35:58.92288643, 0.0000E+00, 2.2333E+00,-1.3333E-01,
16:35:58.92288648, 2.6667E-02, 2.2000E+00, 4.0000E-01,
16:35:58.92288653,-1.3333E-02, 2.2333E+00, 1.3333E-01,
16:35:58.92288658, 4.0000E-02, 2.2667E+00, 0.0000E+00,
16:35:58.92288663, 2.6667E-02, 2.2333E+00, 5.3333E-01,
16:35:58.92288668, 2.6667E-02, 2.3000E+00, 2.6667E-01,
16:35:58.92288673,-1.3333E-02, 2.2333E+00, 2.6667E-01,
16:35:58.92288678,-6.6667E-02, 2.2000E+00, 2.6667E-01,
16:35:58.92288683,-1.3333E-02, 2.2333E+00, 6.6667E-01,
16:35:58.92288688, 1.3333E-02, 2.2333E+00,-1.3333E-01,
16:35:58.92288693, 0.0000E+00, 2.2667E+00, 2.6667E-01,
16:35:58.92288698,-1.3333E-02, 2.2333E+00, 2.6667E-01,
16:35:58.92288703, 0.0000E+00, 2.3000E+00,-1.3333E-01,
16:35:58.92288708, 2.6667E-02, 2.2667E+00,-2.6667E-01,
16:35:58.92288713, 1.3333E-02, 2.2333E+00, 2.6667E-01,
16:35:58.92288718, 0.0000E+00, 2.1667E+00, 1.3333E-01,
16:35:58.92288723,-4.0000E-02, 2.2333E+00, 1.3333E-01,
16:35:58.92288728,-2.6667E-02, 2.2333E+00, 4.0000E-01,
16:35:58.92288733,-4.0000E-02, 2.2333E+00, 0.0000E+00,
16:35:58.92288738,-1.3333E-02, 2.2333E+00,-1.3333E-01,
16:35:58.92288743,-1.3333E-02, 2.3000E+00, 2.6667E-01,
16:35:58.92288748,-1.3333E-02, 2.2333E+00, 2.6667E-01,
16:35:58.92288753, 2.6667E-02, 2.2667E+00, 2.6667E-01,
16:35:58.92288758, 1.3333E-02, 2.2333E+00, 2.6667E-01,
16:35:58.92288763,-1.3333E-02, 2.2333E+00, 5.3333E-01,
16:35:58.92288768, 1.3333E-02, 2.2333E+00, 4.0000E-01,
16:35:58.92288773,-1.3333E-02, 2.2667E+00,-1.3333E-01,
16:35:58.92288778, 1.3333E-02, 2.2667E+00, 1.3333E-01,
16:35:58.92288783,-1.3333E-02, 2.2333E+00, 1.3333E-01,
16:35:58.92288788, 1.3333E-02, 2.2000E+00, 0.0000E+00,
16:35:58.92288793, 1.3333E-02, 2.2333E+00, 1.3333E-01,
16:35:58.92288798, 1.3333E-02, 2.2333E+00, 4.0000E-01,
16:35:58.92288803,-1.3333E-02, 2.2667E+00, 5.3333E-01,
16:35:58.92288808, 0.0000E+00, 2.2000E+00, 0.0000E+00,
16:35:58.92288813, 0.0000E+00, 2.2667E+00, 6.6667E-01,
16:35:58.92288818,-1.3333E-02, 2.2333E+00, 2.6667E-01,
16:35:58.92288823,-1.3333E-02, 2.2333E+00,-1.3333E-01,
16:35:58.92288828,-1.3333E-02, 2.2333E+00,-1.3333E-01,
16:35:58.92288833, 1.3333E-02, 2.2333E+00, 2.6667E-01,
16:35:58.92288838, 0.0000E+00, 2.3000E+00, 0.0000E+00,
16:35:58.92288843, 0.0000E+00, 2.2333E+00, 2.6667E-01,
16:35:58.92288848, 0.0000E+00, 2.2667E+00, 2.6667E-01,
16:35:58.92288853,-1.3333E-02, 2.2333E+00, 6.6667E-01,
16:35:58.92288858, 4.0000E-02, 2.2333E+00, 2.6667E-01,
16:35:58.92288863,-1.3333E-02, 2.2667E+00, 0.0000E+00,
16:35:58.92288868,-1.3333E-02, 2.2333E+00, 2.6667E-01,
16:35:58.92288873,-4.0000E-02, 2.2667E+00, 1.3333E-01,
16:35:58.92288878,-2.6667E-02, 2.2333E+00, 2.6667E-01,
16:35:58.92288883,-1.3333E-02, 2.2667E+00, 0.0000E+00,
16:35:58.92288888,-2.6667E-02, 2.2333E+00, 1.3333E-01,
16:35:58.92288893, 0.0000E+00, 2.2333E+00, 0.0000E+00,
16:35:58.92288898, 1.3333E-02, 2.3000E+00, 4.0000E-01,
16:35:58.92288903, 0.0000E+00, 2.2333E+00, 1.3333E-01,
16:35:58.92288908, 0.0000E+00, 2.3333E+00, 2.6667E-01,
16:35:58.92288913, 0.0000E+00, 2.3000E+00, 0.0000E+00,
16:35:58.92288918, 0.0000E+00, 2.2333E+00,-1.3333E-01,
16:35:58.92288923, 0.0000E+00, 2.2333E+00, 1.3333E-01,
16:35:58.92288928,-2.6667E-02, 2.2333E+00,-2.6667E-01,
16:35:58.92288933,-1.3333E-02, 2.2667E+00, 2.6667E-01,
16:35:58.92288938, 0.0000E+00, 2.2000E+00, 1.3333E-01,
16:35:58.92288943,-1.3333E-02, 2.2333E+00, 2.6667E-01,
16:35:58.92288948, 1.3333E-02, 2.2333E+00, 1.3333E-01,
16:35:58.92288953, 0.0000E+00, 2.2333E+00,-1.3333E-01,
16:35:58.92288958, 2.6667E-02, 2.2333E+00, 2.6667E-01,
16:35:58.92288963,-1.3333E-02, 2.2667E+00, 0.0000E+00,
16:35:58.92288968,-2.6667E-02, 2.2667E+00, 1.3333E-01,
16:35:58.92288973, 0.0000E+00, 2.2333E+00, 1.3333E-01,
16:35:58.92288978, 0.0000E+00, 2.2000E+00, 2.6667E-01,
16:35:58.92288983, 0.0000E+00, 2.2333E+00, 2.6667E-01,
16:35:58.92288988, 1.3333E-02, 2.2333E+00, 1.3333E-01,
16:35:58.92288993, 0.0000E+00, 2.2333E+00, 1.3333E-01,
16:35:58.92288998, 1.3333E-02, 2.2333E+00,-1.3333E-01,
16:35:58.92289003, 0.0000E+00, 2.2333E+00, 2.6667E-01,
16:35:58.92289008,-1.3333E-02, 2.2667E+00, 1.3333E-01,
16:35:58.92289013,-2.6667E-02, 2.2333E+00, 2.6667E-01,
16:35:58.92289018,-4.0000E-02, 2.2667E+00,-1.3333E-01,
16:35:58.92289023,-1.3333E-02, 2.2333E+00,-2.6667E-01,
16:35:58.92289028, 1.3333E-02, 2.2667E+00, 4.0000E-01,
16:35:58.92289033, 0.0000E+00, 2.2333E+00,-2.6667E-01,
16:35:58.92289038, 1.3333E-02, 2.2333E+00, 0.0000E+00,
16:35:58.92289043, 1.3333E-02, 2.2333E+00, 1.3333E-01,
16:35:58.92289048, 5.3333E-02, 2.3000E+00,-1.3333E-01,
16:35:58.92289053, 0.0000E+00, 2.2333E+00, 4.0000E-01,
16:35:58.92289058,-1.3333E-02, 2.2333E+00,-1.3333E-01,
16:35:58.92289063,-1.3333E-02, 2.2667E+00, 1.3333E-01,
16:35:58.92289068,-2.6667E-02, 2.3000E+00,-1.3333E-01,
16:35:58.92289073,-2.6667E-02, 2.2667E+00, 0.0000E+00,
16:35:58.92289078, 1.3333E-02, 2.2333E+00,-2.6667E-01,
16:35:58.92289083, 0.0000E+00, 2.2000E+00, 0.0000E+00,
16:35:58.92289088,-1.3333E-02, 2.2333E+00, 1.3333E-01,
16:35:58.92289093, 0.0000E+00, 2.2000E+00, 4.0000E-01,
16:35:58.92289098, 0.0000E+00, 2.2667E+00, 1.3333E-01,
16:35:58.92289103, 0.0000E+00, 2.2333E+00,-1.3333E-01,
16:35:58.92289108, 1.3333E-02, 2.2333E+00, 1.3333E-01,
16:35:58.92289113,-1.3333E-02, 2.2333E+00, 0.0000E+00,
16:35:58.92289118, 0.0000E+00, 2.2333E+00, 2.6667E-01,
16:35:58.92289123, 1.3333E-02, 2.2667E+00, 2.6667E-01,
16:35:58.92289128, 1.3333E-02, 2.2333E+00, 2.6667E-01,
16:35:58.92289133, 1.3333E-02, 2.2333E+00, 1.3333E-01,
16:35:58.92289138,-1.3333E-02, 2.2333E+00, 1.3333E-01,
16:35:58.92289143, 0.0000E+00, 2.2333E+00, 0.0000E+00,
16:35:58.92289148, 1.3333E-02, 2.2333E+00, 2.6667E-01,
16:35:58.92289153, 1.3333E-02, 2.2667E+00, 0.0000E+00,
16:35:58.92289158,-1.3333E-02, 2.2333E+00, 0.0000E+00,
16:35:58.92289163, 1.3333E-02, 2.2333E+00, 0.0000E+00,
16:35:58.92289168,-2.6667E-02, 2.2333E+00,-2.6667E-01,
16:35:58.92289173, 2.6667E-02, 2.2333E+00, 0.0000E+00,
16:35:58.92289178,-1.3333E-02, 2.2333E+00, 1.3333E-01,
16:35:58.92289183,-1.3333E-02, 2.1667E+00, 1.3333E-01,
16:35:58.92289188, 1.3333E-02, 2.2333E+00, 2.6667E-01,
16:35:58.92289193, 0.0000E+00, 2.2000E+00, 2.6667E-01,
16:35:58.92289198,-1.3333E-02, 2.2333E+00, 4.0000E-01,
16:35:58.92289203,-2.6667E-02, 2.2667E+00, 1.3333E-01,
16:35:58.92289208, 0.0000E+00, 2.3333E+00,-2.6667E-01,
16:35:58.92289213,-1.3333E-02, 2.2333E+00, 0.0000E+00,
16:35:58.92289218,-1.3333E-02, 2.2333E+00, 0.0000E+00,
16:35:58.92289223, 4.0000E-02, 2.2333E+00, 0.0000E+00,
16:35:58.92289228,-1.3333E-02, 2.3000E+00, 2.6667E-01,
16:35:58.92289233, 0.0000E+00, 2.2333E+00, 1.3333E-01,
16:35:58.92289238, 2.6667E-02, 2.2333E+00, 2.6667E-01,
16:35:58.92289243,-1.3333E-02, 2.2333E+00, 4.0000E-01,
16:35:58.92289248, 1.3333E-02, 2.2667E+00, 2.6667E-01,
16:35:58.92289253, 1.3333E-02, 2.2667E+00, 0.0000E+00,
16:35:58.92289258,-2.6667E-02, 2.2667E+00, 2.6667E-01,
16:35:58.92289263, 0.0000E+00, 2.2333E+00, 1.3333E-01,
16:35:58.92289268,-4.0000E-02, 2.2667E+00, 2.6667E-01,
16:35:58.92289273, 0.0000E+00, 2.2000E+00, 2.6667E-01,
16:35:58.92289278, 1.3333E-02, 2.2333E+00, 2.6667E-01,
16:35:58.92289283,-1.3333E-02, 2.2667E+00,-1.3333E-01,
16:35:58.92289288, 0.0000E+00, 2.3333E+00, 2.6667E-01,
16:35:58.92289293, 2.6667E-02, 2.2333E+00, 4.0000E-01,
16:35:58.92289298,-1.3333E-02, 2.2333E+00, 1.3333E-01,
16:35:58.92289303,-1.3333E-02, 2.2333E+00, 1.3333E-01,
16:35:58.92289308,-2.6667E-02, 2.2333E+00, 1.3333E-01,
16:35:58.92289313, 0.0000E+00, 2.2333E+00, 0.0000E+00,
16:35:58.92289318, 0.0000E+00, 2.2333E+00, 4.0000E-01,
16:35:58.92289323, 2.6667E-02, 2.2667E+00, 0.0000E+00,
16:35:58.92289328, 0.0000E+00, 2.2667E+00, 1.3333E-01,
16:35:58.92289333, 0.0000E+00, 2.2000E+00, 2.6667E-01,
16:35:58.92289338,-2.6667E-02, 2.2333E+00, 1.3333E-01,
16:35:58.92289343, 1.3333E-02, 2.2667E+00, 1.3333E-01,
16:35:58.92289348, 1.3333E-02, 2.2333E+00,-2.6667E-01,
16:35:58.92289353, 1.3333E-02, 2.2333E+00,-1.3333E-01,
16:35:58.92289358, 1.0667E-01, 2.3000E+00,-4.0000E-01,
16:35:58.92289363, 3.6000E-01, 2.2333E+00,-2.6667E-01,
16:35:58.92289368, 6.6667E-01, 2.2333E+00, 2.6667E-01,
16:35:58.92289373, 9.2000E-01, 2.3000E+00, 2.6667E-01,
16:35:58.92289378, 1.0933E+00, 2.2333E+00, 2.6667E-01,
16:35:58.92289383, 1.1333E+00, 2.1667E+00, 2.6667E-01,
16:35:58.92289388, 1.1867E+00, 2.2000E+00, 1.3333E-01,
16:35:58.92289393, 1.1867E+00, 2.2000E+00, 4.0000E-01,
16:35:58.92289398, 1.1600E+00, 2.2000E+00,-1.3333E-01,
16:35:58.92289403, 1.1333E+00, 2.2333E+00,-1.3333E-01,
16:35:58.92289408, 1.1600E+00, 2.2333E+00, 1.3333E-01,
16:35:58.92289413, 1.1867E+00, 2.1667E+00, 1.3333E-01,
16:35:58.92289418, 1.2000E+00, 2.2333E+00, 2.6667E-01,
16:35:58.92289423, 1.1467E+00, 2.3000E+00, 5.3333E-01,
16:35:58.92289428, 1.1733E+00, 2.2333E+00, 2.6667E-01,
16:35:58.92289433, 1.1733E+00, 2.3333E+00, 1.3333E-01,
16:35:58.92289438, 1.1333E+00, 2.2333E+00, 5.3333E-01,
16:35:58.92289443, 1.1333E+00, 2.2333E+00,-2.6667E-01,
16:35:58.92289448, 1.1467E+00, 2.2667E+00, 4.0000E-01,
16:35:58.92289453, 1.1467E+00, 2.2333E+00, 2.6667E-01,
16:35:58.92289458, 1.1467E+00, 2.2333E+00, 0.0000E+00,
16:35:58.92289463, 1.1467E+00, 2.2333E+00,-1.3333E-01,
16:35:58.92289468, 1.1733E+00, 2.2333E+00, 1.3333E-01,
16:35:58.92289473, 1.1600E+00, 2.2333E+00, 0.0000E+00,
16:35:58.92289478, 1.1200E+00, 2.2333E+00, 1.3333E-01,
16:35:58.92289483, 1.1200E+00, 2.2333E+00, 4.0000E-01,
16:35:58.92289488, 1.1200E+00, 2.2333E+00, 2.6667E-01,
16:35:58.92289493, 1.1467E+00, 2.2333E+00, 2.6667E-01,
16:35:58.92289498, 1.1467E+00, 2.2000E+00, 0.0000E+00,
16:35:58.92289503, 1.1333E+00, 2.2667E+00, 2.6667E-01,
16:35:58.92289508, 1.1200E+00, 2.2333E+00, 1.3333E-01,
16:35:58.92289513, 1.1200E+00, 2.3000E+00, 4.0000E-01,
16:35:58.92289518, 1.1333E+00, 2.2667E+00,-1.3333E-01,
16:35:58.92289523, 1.1333E+00, 2.2667E+00, 1.3333E-01,
16:35:58.92289528, 1.1067E+00, 2.2333E+00, 0.0000E+00,
16:35:58.92289533, 1.1200E+00, 2.2333E+00, 1.3333E-01,
16:35:58.92289538, 1.1067E+00, 2.2333E+00, 1.3333E-01,
16:35:58.92289543, 1.1200E+00, 2.1667E+00, 2.6667E-01,
16:35:58.92289548, 1.1067E+00, 2.2667E+00, 1.3333E-01,
16:35:58.92289553, 1.1067E+00, 2.2667E+00, 1.3333E-01,
16:35:58.92289558, 1.1067E+00, 2.2333E+00, 2.6667E-01,
16:35:58.92289563, 1.1067E+00, 2.2000E+00, 2.6667E-01,
16:35:58.92289568, 1.1200E+00, 2.2667E+00,-2.6667E-01,
16:35:58.92289573, 1.1067E+00, 2.2333E+00, 1.3333E-01,
16:35:58.92289578, 1.1333E+00, 2.2333E+00,-1.3333E-01,
16:35:58.92289583, 1.1067E+00, 2.2333E+00, 5.3333E-01,
16:35:58.92289588, 1.1067E+00, 2.3000E+00, 2.6667E-01,
16:35:58.92289593, 1.1200E+00, 2.2333E+00, 1.3333E-01,
16:35:58.92289598, 1.1067E+00, 2.2667E+00, 0.0000E+00,
16:35:58.92289603, 1.1067E+00, 2.2333E+00, 1.3333E-01,
16:35:58.92289608, 1.0933E+00, 2.2333E+00, 1.3333E-01,
16:35:58.92289613, 1.0933E+00, 2.2667E+00, 1.3333E-01,
16:35:58.92289618, 1.1200E+00, 2.2333E+00, 0.0000E+00,
16:35:58.92289623, 1.1067E+00, 2.3000E+00, 0.0000E+00,
16:35:58.92289628, 1.1067E+00, 2.2333E+00, 5.3333E-01,
16:35:58.92289633, 1.1067E+00, 2.2333E+00, 2.6667E-01,
16:35:58.92289638, 1.0933E+00, 2.2333E+00, 1.3333E-01,
16:35:58.92289643, 1.1200E+00, 2.3333E+00, 1.3333E-01,
16:35:58.92289648, 1.0667E+00, 2.3000E+00, 4.0000E-01,
16:35:58.92289653, 1.1067E+00, 2.2333E+00,-1.3333E-01,
16:35:58.92289658, 1.1067E+00, 2.3000E+00, 1.3333E-01,
16:35:58.92289663, 1.0667E+00, 2.3000E+00,-2.6667E-01,
16:35:58.92289668, 1.1067E+00, 2.2333E+00, 2.6667E-01,
16:35:58.92289673, 1.0933E+00, 2.2667E+00, 0.0000E+00,
16:35:58.92289678, 1.1067E+00, 2.2333E+00, 2.6667E-01,
16:35:58.92289683, 1.0933E+00, 2.2333E+00, 1.3333E-01,
16:35:58.92289688, 1.0533E+00, 2.2333E+00, 2.6667E-01,
16:35:58.92289693, 1.0933E+00, 2.3000E+00, 1.3333E-01,
16:35:58.92289698, 1.0933E+00, 2.2333E+00,-1.3333E-01,
16:35:58.92289703, 1.0933E+00, 2.2333E+00, 1.3333E-01,
16:35:58.92289708, 1.1067E+00, 2.2333E+00, 2.6667E-01,
16:35:58.92289713, 1.1067E+00, 2.3333E+00, 0.0000E+00,
16:35:58.92289718, 1.0933E+00, 2.2000E+00, 5.3333E-01,
16:35:58.92289723, 1.1067E+00, 2.2333E+00, 4.0000E-01,
16:35:58.92289728, 1.0800E+00, 2.2333E+00, 2.6667E-01,
16:35:58.92289733, 1.0800E+00, 2.2333E+00, 1.3333E-01,
16:35:58.92289738, 1.0933E+00, 2.2333E+00,-1.3333E-01,
16:35:58.92289743, 1.0667E+00, 2.2333E+00, 0.0000E+00,
16:35:58.92289748, 1.0933E+00, 2.2333E+00, 4.0000E-01,
16:35:58.92289753, 1.0800E+00, 2.2667E+00, 2.6667E-01,
16:35:58.92289758, 1.1067E+00, 2.2333E+00, 0.0000E+00,
16:35:58.92289763, 1.0933E+00, 2.2333E+00, 2.6667E-01,
16:35:58.92289768, 1.0800E+00, 2.2333E+00, 0.0000E+00,
16:35:58.92289773, 1.0800E+00, 2.2333E+00, 4.0000E-01,
16:35:58.92289778, 1.1067E+00, 2.2333E+00, 2.6667E-01,
16:35:58.92289783, 1.0667E+00, 2.2333E+00, 5.3333E-01,
16:35:58.92289788, 1.0933E+00, 2.2333E+00, 0.0000E+00,
16:35:58.92289793, 1.0800E+00, 2.2000E+00,-2.6667E-01,
16:35:58.92289798, 1.0800E+00, 2.2333E+00,-1.3333E-01,
16:35:58.92289803, 1.0933E+00, 2.2333E+00, 1.3333E-01,
16:35:58.92289808, 1.0933E+00, 2.2333E+00, 0.0000E+00,
16:35:58.92289813, 1.0933E+00, 2.2333E+00, 0.0000E+00,
16:35:58.92289818, 1.0800E+00, 2.2667E+00, 1.3333E-01,
16:35:58.92289823, 1.0933E+00, 2.2667E+00, 4.0000E-01,
16:35:58.92289828, 1.1067E+00, 2.2333E+00, 2.6667E-01,
16:35:58.92289833, 1.0800E+00, 2.2333E+00, 0.0000E+00,
16:35:58.92289838, 1.1067E+00, 2.2667E+00,-1.3333E-01,
16:35:58.92289843, 1.0667E+00, 2.2333E+00, 0.0000E+00,
16:35:58.92289848, 1.0800E+00, 2.2333E+00, 4.0000E-01,
16:35:58.92289853, 1.0933E+00, 2.2667E+00, 0.0000E+00,
16:35:58.92289858, 1.1067E+00, 2.2333E+00, 0.0000E+00,
16:35:58.92289863, 1.1067E+00, 2.2333E+00, 1.3333E-01,
16:35:58.92289868, 1.0667E+00, 2.2667E+00, 5.3333E-01,
16:35:58.92289873, 1.0667E+00, 2.2333E+00, 5.3333E-01,
16:35:58.92289878, 1.1067E+00, 2.2667E+00, 1.3333E-01,
16:35:58.92289883, 1.0800E+00, 2.2667E+00,-1.3333E-01,
16:35:58.92289888, 1.0933E+00, 2.2667E+00,-1.3333E-01,
16:35:58.92289893, 1.0800E+00, 2.2333E+00, 4.0000E-01,
16:35:58.92289898, 1.0933E+00, 2.2333E+00, 1.3333E-01,
16:35:58.92289903, 1.1067E+00, 2.2333E+00, 4.0000E-01,
16:35:58.92289908, 1.1067E+00, 2.2333E+00, 1.3333E-01,
16:35:58.92289913, 1.0800E+00, 2.2333E+00, 2.6667E-01,
16:35:58.92289918, 1.0800E+00, 2.2333E+00, 2.6667E-01,
16:35:58.92289923, 1.0533E+00, 2.2333E+00, 4.0000E-01,
16:35:58.92289928, 1.0667E+00, 2.2333E+00, 2.6667E-01,
16:35:58.92289933, 1.0800E+00, 2.2333E+00, 2.6667E-01,
16:35:58.92289938, 1.0933E+00, 2.2333E+00, 1.3333E-01,
16:35:58.92289943, 1.0533E+00, 2.3000E+00, 1.3333E-01,
16:35:58.92289948, 1.0800E+00, 2.2667E+00, 1.3333E-01,
16:35:58.92289953, 1.1067E+00, 2.2667E+00, 0.0000E+00,
16:35:58.92289958, 1.0800E+00, 2.2667E+00, 0.0000E+00,
16:35:58.92289963, 1.1067E+00, 2.2333E+00, 5.3333E-01,
16:35:58.92289968, 1.0800E+00, 2.2333E+00, 2.6667E-01,
16:35:58.92289973, 1.0933E+00, 2.2333E+00,-2.6667E-01,
16:35:58.92289978, 1.0667E+00, 2.2333E+00, 0.0000E+00,
16:35:58.92289983, 1.0933E+00, 2.2333E+00, 1.3333E-01,
16:35:58.92289988, 1.0667E+00, 2.2333E+00,-1.3333E-01,
16:35:58.92289993, 1.0800E+00, 2.2333E+00, 0.0000E+00,
16:35:58.92289998, 1.0933E+00, 2.2333E+00,-2.6667E-01,
16:35:58.92290003, 1.0933E+00, 2.2333E+00, 0.0000E+00,
16:35:58.92290008, 1.0933E+00, 2.2333E+00, 1.3333E-01,
16:35:58.92290013, 1.0933E+00, 2.2000E+00, 0.0000E+00,
16:35:58.92290018, 1.0667E+00, 2.2333E+00, 1.3333E-01,
16:35:58.92290023, 1.1067E+00, 2.2667E+00, 4.0000E-01,
16:35:58.92290028, 1.0667E+00, 2.2667E+00, 0.0000E+00,
16:35:58.92290033, 1.1200E+00, 2.2000E+00, 1.3333E-01,
16:35:58.92290038, 1.0800E+00, 2.2333E+00, 5.3333E-01,
16:35:58.92290043, 1.0933E+00, 2.2333E+00, 4.0000E-01,
16:35:58.92290048, 1.1067E+00, 2.2667E+00, 1.3333E-01,
16:35:58.92290053, 1.0800E+00, 2.2333E+00, 1.3333E-01,
16:35:58.92290058, 1.0933E+00, 2.1667E+00, 5.3333E-01,
16:35:58.92290063, 1.1067E+00, 2.2333E+00, 4.0000E-01,
16:35:58.92290068, 1.0667E+00, 2.2333E+00, 2.6667E-01,
16:35:58.92290073, 1.0933E+00, 2.2000E+00, 1.3333E-01,
16:35:58.92290078, 1.0667E+00, 2.2333E+00, 2.6667E-01,
16:35:58.92290083, 1.0800E+00, 2.2667E+00, 0.0000E+00,
16:35:58.92290088, 1.0800E+00, 2.2667E+00,-1.3333E-01,
16:35:58.92290093, 1.1067E+00, 2.2667E+00, 2.6667E-01,
16:35:58.92290098, 1.0933E+00, 2.2333E+00, 4.0000E-01,
16:35:58.92290103, 1.0667E+00, 2.2667E+00, 2.6667E-01,
16:35:58.92290108, 1.0933E+00, 2.2667E+00, 4.0000E-01,
16:35:58.92290113, 1.0800E+00, 2.2667E+00, 4.0000E-01,
16:35:58.92290118, 1.0800E+00, 2.2333E+00, 2.6667E-01,
16:35:58.92290123, 1.0800E+00, 2.2333E+00, 1.3333E-01,
16:35:58.92290128, 1.0800E+00, 2.2333E+00, 0.0000E+00,
16:35:58.92290133, 1.0933E+00, 2.2333E+00, 0.0000E+00,
16:35:58.92290138, 1.0933E+00, 2.2667E+00,-1.3333E-01,
16:35:58.92290143, 1.0933E+00, 2.2667E+00,-1.3333E-01,
16:35:58.92290148, 1.0933E+00, 2.2333E+00, 0.0000E+00,
16:35:58.92290153, 1.0667E+00, 2.2333E+00,-1.3333E-01,
16:35:58.92290158, 1.0667E+00, 2.2333E+00,-2.6667E-01,
16:35:58.92290163, 1.0667E+00, 2.2000E+00, 1.3333E-01,
16:35:58.92290168, 1.0400E+00, 2.2000E+00, 2.6667E-01,
16:35:58.92290173, 1.1067E+00, 2.2333E+00,-1.3333E-01,
16:35:58.92290178, 1.0800E+00, 2.2333E+00, 1.3333E-01,
16:35:58.92290183, 1.0800E+00, 2.1667E+00, 4.0000E-01,
16:35:58.92290188, 1.0933E+00, 2.2333E+00, 1.3333E-01,
16:35:58.92290193, 1.0933E+00, 2.2000E+00, 2.6667E-01,
16:35:58.92290198, 1.1067E+00, 2.2667E+00, 1.3333E-01,
16:35:58.92290203, 1.0933E+00, 2.2333E+00, 0.0000E+00,
16:35:58.92290208, 1.0800E+00, 2.2333E+00, 5.3333E-01,
16:35:58.92290213, 1.0667E+00, 2.2333E+00, 1.3333E-01,
16:35:58.92290218, 1.0667E+00, 2.2333E+00, 2.6667E-01,
16:35:58.92290223, 1.1067E+00, 2.2333E+00, 1.3333E-01,
16:35:58.92290228, 1.0933E+00, 2.2667E+00, 1.3333E-01,
16:35:58.92290233, 1.0800E+00, 2.2667E+00, 1.3333E-01,
16:35:58.92290238, 1.1200E+00, 2.2667E+00, 1.3333E-01,
16:35:58.92290243, 1.1067E+00, 2.2333E+00, 1.3333E-01,
16:35:58.92290248, 1.0667E+00, 2.2333E+00, 4.0000E-01,
16:35:58.92290253, 1.1067E+00, 2.2333E+00, 5.3333E-01,
16:35:58.92290258, 1.0933E+00, 2.2333E+00, 2.6667E-01,
16:35:58.92290263, 1.0800E+00, 2.2333E+00, 0.0000E+00,
16:35:58.92290268, 1.0667E+00, 2.2333E+00, 1.3333E-01,
16:35:58.92290273, 1.0800E+00, 2.2333E+00, 1.3333E-01,
16:35:58.92290278, 1.0933E+00, 2.3000E+00, 1.3333E-01,
16:35:58.92290283, 1.0800E+00, 2.2333E+00, 4.0000E-01,
16:35:58.92290288, 1.0667E+00, 2.2333E+00, 0.0000E+00,
16:35:58.92290293, 1.0800E+00, 2.2333E+00, 0.0000E+00,
16:35:58.92290298, 1.0800E+00, 2.2333E+00, 4.0000E-01,
16:35:58.92290303, 1.0800E+00, 2.2000E+00, 2.6667E-01,
16:35:58.92290308, 1.0667E+00, 2.2667E+00, 1.3333E-01,
16:35:58.92290313, 1.0933E+00, 2.2333E+00, 2.6667E-01,
16:35:58.92290318, 1.0933E+00, 2.2000E+00, 0.0000E+00,
16:35:58.92290323, 1.1067E+00, 2.2667E+00, 4.0000E-01,
16:35:58.92290328, 1.0800E+00, 2.3333E+00, 1.3333E-01,
16:35:58.92290333, 1.1067E+00, 2.2333E+00, 1.3333E-01,
16:35:58.92290338, 1.0800E+00, 2.2000E+00, 1.3333E-01,
16:35:58.92290343, 1.1067E+00, 2.2333E+00, 2.6667E-01,
16:35:58.92290348, 1.0267E+00, 2.2667E+00, 2.6667E-01,
16:35:58.92290353, 1.0800E+00, 2.2333E+00, 5.3333E-01,
16:35:58.92290358, 1.0800E+00, 2.2333E+00, 4.0000E-01,
16:35:58.92290363, 1.0933E+00, 2.2333E+00, 1.3333E-01,
16:35:58.92290368, 1.0933E+00, 2.2333E+00,-1.3333E-01,
16:35:58.92290373, 1.0800E+00, 2.3000E+00, 1.3333E-01,
16:35:58.92290378, 1.0933E+00, 2.3333E+00, 0.0000E+00,
16:35:58.92290383, 1.0933E+00, 2.2000E+00, 0.0000E+00,
16:35:58.92290388, 1.0533E+00, 2.2333E+00, 2.6667E-01,
16:35:58.92290393, 1.0800E+00, 2.2333E+00, 2.6667E-01,
16:35:58.92290398, 1.0933E+00, 2.2333E+00,-1.3333E-01,
16:35:58.92290403, 1.0933E+00, 2.2333E+00, 4.0000E-01,
16:35:58.92290408, 1.0800E+00, 2.2333E+00, 1.3333E-01,
16:35:58.92290413, 1.0933E+00, 2.2333E+00, 4.0000E-01,
16:35:58.92290418, 1.0667E+00, 2.2000E+00,-1.3333E-01,
16:35:58.92290423, 1.0933E+00, 2.2333E+00, 0.0000E+00,
16:35:58.92290428, 1.0800E+00, 2.2333E+00, 1.3333E-01,
16:35:58.92290433, 1.0800E+00, 2.2000E+00,-1.3333E-01,
16:35:58.92290438, 1.1067E+00, 2.2333E+00, 1.3333E-01,
16:35:58.92290443, 1.0800E+00, 2.2667E+00,-1.3333E-01,
16:35:58.92290448, 1.0800E+00, 2.2333E+00, 0.0000E+00,
16:35:58.92290453, 1.0667E+00, 2.2333E+00, 1.3333E-01,
16:35:58.92290458, 1.0933E+00, 2.2000E+00, 1.3333E-01,
16:35:58.92290463, 1.0800E+00, 2.2000E+00, 2.6667E-01,
16:35:58.92290468, 1.0933E+00, 2.2333E+00, 2.6667E-01,
16:35:58.92290473, 1.0933E+00, 2.2333E+00,-2.6667E-01,
16:35:58.92290478, 1.1067E+00, 2.2333E+00, 1.3333E-01,
16:35:58.92290483, 1.1067E+00, 2.3000E+00, 2.6667E-01,
16:35:58.92290488, 1.0933E+00, 2.2333E+00, 2.6667E-01,
16:35:58.92290493, 1.0400E+00, 2.2333E+00, 2.6667E-01,
16:35:58.92290498, 1.0667E+00, 2.2333E+00, 2.6667E-01,
16:35:58.92290503, 1.0933E+00, 2.2333E+00, 2.6667E-01,
16:35:58.92290508, 1.0933E+00, 2.2667E+00, 2.6667E-01,
16:35:58.92290513, 1.0933E+00, 2.2667E+00, 0.0000E+00,
16:35:58.92290518, 1.0667E+00, 2.2333E+00, 2.6667E-01,
16:35:58.92290523, 1.0933E+00, 2.2333E+00, 1.3333E-01,
16:35:58.92290528, 1.0933E+00, 2.3000E+00, 4.0000E-01,
16:35:58.92290533, 1.0800E+00, 2.2333E+00, 2.6667E-01,
16:35:58.92290538, 1.0933E+00, 2.2333E+00, 0.0000E+00,
16:35:58.92290543, 1.0933E+00, 2.2333E+00, 4.0000E-01,
16:35:58.92290548, 1.0400E+00, 2.2667E+00, 1.3333E-01,
16:35:58.92290553, 1.0800E+00, 2.2333E+00, 0.0000E+00,
16:35:58.92290558, 1.0933E+00, 2.2333E+00, 4.0000E-01,
16:35:58.92290563, 1.0800E+00, 2.2333E+00, 2.6667E-01,
16:35:58.92290568, 1.1067E+00, 2.2333E+00, 0.0000E+00,
16:35:58.92290573, 1.0933E+00, 2.2667E+00, 0.0000E+00,
16:35:58.92290578, 1.1067E+00, 2.2333E+00, 4.0000E-01,
16:35:58.92290583, 1.0800E+00, 2.2333E+00, 4.0000E-01,
16:35:58.92290588, 1.0933E+00, 2.2667E+00, 2.6667E-01,
16:35:58.92290593, 1.0800E+00, 2.2333E+00, 4.0000E-01,
16:35:58.92290598, 1.0933E+00, 2.2333E+00, 2.6667E-01,
16:35:58.92290603, 1.0800E+00, 2.2667E+00, 4.0000E-01,
16:35:58.92290608, 1.0667E+00, 2.2333E+00, 4.0000E-01,
16:35:58.92290613, 1.0933E+00, 2.2333E+00, 4.0000E-01,
16:35:58.92290618, 1.0800E+00, 2.2667E+00, 0.0000E+00,
16:35:58.92290623, 1.1067E+00, 2.2333E+00, 1.3333E-01,
16:35:58.92290628, 1.1067E+00, 2.2333E+00, 0.0000E+00,
16:35:58.92290633, 1.1200E+00, 2.2000E+00, 0.0000E+00,
16:35:58.92290638, 1.1067E+00, 2.2667E+00,-1.3333E-01,
16:35:58.92290643, 1.0933E+00, 2.3333E+00, 0.0000E+00,
16:35:58.92290648, 1.0800E+00, 2.2333E+00, 2.6667E-01,
16:35:58.92290653, 1.1067E+00, 2.2333E+00, 0.0000E+00,
16:35:58.92290658, 1.0800E+00, 2.2667E+00, 0.0000E+00,
16:35:58.92290663, 1.0933E+00, 2.2667E+00, 2.6667E-01,
16:35:58.92290668, 1.0800E+00, 2.2333E+00, 4.0000E-01,
16:35:58.92290673, 1.1067E+00, 2.2667E+00,-4.0000E-01,
16:35:58.92290678, 1.1067E+00, 2.2333E+00, 5.3333E-01,
16:35:58.92290683, 1.0933E+00, 2.2333E+00, 0.0000E+00,
16:35:58.92290688, 1.0800E+00, 2.2333E+00, 1.3333E-01,
16:35:58.92290693, 1.0667E+00, 2.2667E+00, 0.0000E+00,
16:35:58.92290698, 1.0400E+00, 2.2667E+00, 2.6667E-01,
16:35:58.92290703, 1.0800E+00, 2.2333E+00, 1.3333E-01,
16:35:58.92290708, 1.0667E+00, 2.3000E+00,-1.3333E-01,
16:35:58.92290713, 1.0933E+00, 2.2667E+00, 1.3333E-01,
16:35:58.92290718, 1.1067E+00, 2.2000E+00, 2.6667E-01,
16:35:58.92290723, 1.0933E+00, 2.3000E+00, 0.0000E+00,
16:35:58.92290728, 1.0667E+00, 2.2333E+00, 4.0000E-01,
16:35:58.92290733, 1.0667E+00, 2.2667E+00, 1.3333E-01,
16:35:58.92290738, 1.0800E+00, 2.2333E+00, 0.0000E+00,
16:35:58.92290743, 1.0667E+00, 2.2333E+00, 4.0000E-01,
16:35:58.92290748, 1.0933E+00, 2.2667E+00, 5.3333E-01,
16:35:58.92290753, 1.1067E+00, 2.2000E+00, 4.0000E-01,
16:35:58.92290758, 1.0800E+00, 2.2333E+00, 1.3333E-01,
16:35:58.92290763, 1.0800E+00, 2.2667E+00,-2.6667E-01,
16:35:58.92290768, 1.1067E+00, 2.2333E+00, 1.3333E-01,
16:35:58.92290773, 1.0933E+00, 2.2333E+00,-1.3333E-01,
16:35:58.92290778, 1.0800E+00, 2.2333E+00, 0.0000E+00,
16:35:58.92290783, 1.0800E+00, 2.2333E+00,-1.3333E-01,
16:35:58.92290788, 1.0667E+00, 2.2333E+00,-1.3333E-01,
16:35:58.92290793, 1.1067E+00, 2.2667E+00,-1.3333E-01,
16:35:58.92290798, 1.0933E+00, 2.2333E+00, 2.6667E-01,
16:35:58.92290803, 1.0800E+00, 2.2000E+00, 2.6667E-01,
16:35:58.92290808, 1.1067E+00, 2.2333E+00, 1.3333E-01,
16:35:58.92290813, 1.1067E+00, 2.2333E+00, 0.0000E+00,
16:35:58.92290818, 1.1067E+00, 2.2333E+00, 1.3333E-01,
16:35:58.92290823, 1.0933E+00, 2.2333E+00, 1.3333E-01,
16:35:58.92290828, 1.0667E+00, 2.2333E+00, 2.6667E-01,
16:35:58.92290833, 1.0667E+00, 2.2333E+00, 2.6667E-01,
16:35:58.92290838, 1.1067E+00, 2.2333E+00, 0.0000E+00,
16:35:58.92290843, 1.0667E+00, 2.2333E+00, 5.3333E-01,
16:35:58.92290848, 1.0800E+00, 2.2333E+00, 4.0000E-01,
16:35:58.92290853, 1.0667E+00, 2.2000E+00, 0.0000E+00,
16:35:58.92290858, 1.1067E+00, 2.2667E+00, 0.0000E+00,
16:35:58.92290863, 1.0667E+00, 2.2333E+00,-2.6667E-01,
16:35:58.92290868, 1.0933E+00, 2.2333E+00, 1.3333E-01,
16:35:58.92290873, 1.0800E+00, 2.2333E+00, 1.3333E-01,
16:35:58.92290878, 1.0933E+00, 2.2333E+00, 1.3333E-01,
16:35:58.92290883, 1.0667E+00, 2.2333E+00, 5.3333E-01,
16:35:58.92290888, 1.0933E+00, 2.2333E+00, 0.0000E+00,
16:35:58.92290893, 1.0933E+00, 2.2333E+00, 1.3333E-01,
16:35:58.92290898, 1.0800E+00, 2.2333E+00, 1.3333E-01,
16:35:58.92290903, 1.0800E+00, 2.2333E+00,-2.6667E-01,
16:35:58.92290908, 1.1067E+00, 2.2333E+00, 4.0000E-01,
16:35:58.92290913, 1.0933E+00, 2.2333E+00, 0.0000E+00,
16:35:58.92290918, 1.0667E+00, 2.2000E+00,-1.3333E-01,
16:35:58.92290923, 1.0933E+00, 2.2667E+00, 2.6667E-01,
16:35:58.92290928, 1.1067E+00, 2.2333E+00, 0.0000E+00,
16:35:58.92290933, 1.0800E+00, 2.2333E+00, 2.6667E-01,
16:35:58.92290938, 1.0667E+00, 2.2000E+00, 0.0000E+00,
16:35:58.92290943, 1.0933E+00, 2.3333E+00, 1.3333E-01,
16:35:58.92290948, 1.0933E+00, 2.2333E+00, 2.6667E-01,
16:35:58.92290953, 1.0933E+00, 2.2667E+00, 4.0000E-01,
16:35:58.92290958, 1.0667E+00, 2.2333E+00, 2.6667E-01,
16:35:58.92290963, 1.0533E+00, 2.2333E+00,-1.3333E-01,
16:35:58.92290968, 1.0667E+00, 2.2333E+00,-1.3333E-01,
16:35:58.92290973, 1.0933E+00, 2.2667E+00, 1.3333E-01,
16:35:58.92290978, 1.0933E+00, 2.2667E+00, 1.3333E-01,
16:35:58.92290983, 1.0800E+00, 2.2333E+00, 0.0000E+00,
16:35:58.92290988, 1.0933E+00, 2.2333E+00, 1.3333E-01,
16:35:58.92290993, 1.0800E+00, 2.2667E+00, 1.3333E-01,
16:35:58.92290998, 1.0667E+00, 2.2667E+00, 0.0000E+00,
16:35:58.92291003, 1.0933E+00, 2.2333E+00, 0.0000E+00,
16:35:58.92291008, 1.0933E+00, 2.2333E+00, 4.0000E-01,
16:35:58.92291013, 1.0800E+00, 2.2667E+00, 0.0000E+00,
16:35:58.92291018, 1.1200E+00, 2.2000E+00, 1.3333E-01,
16:35:58.92291023, 1.0800E+00, 2.2333E+00, 0.0000E+00,
16:35:58.92291028, 1.1067E+00, 2.2000E+00, 1.3333E-01,
16:35:58.92291033, 1.0667E+00, 2.2333E+00, 4.0000E-01,
16:35:58.92291038, 1.0933E+00, 2.2333E+00, 2.6667E-01,
16:35:58.92291043, 1.1067E+00, 2.2000E+00, 2.6667E-01,
16:35:58.92291048, 1.0667E+00, 2.2333E+00, 2.6667E-01,
16:35:58.92291053, 1.0933E+00, 2.2333E+00, 2.6667E-01,
16:35:58.92291058, 1.0933E+00, 2.1667E+00, 4.0000E-01,
16:35:58.92291063, 1.0800E+00, 2.3000E+00, 1.3333E-01,
16:35:58.92291068, 1.0933E+00, 2.2667E+00, 1.3333E-01,
16:35:58.92291073, 1.0800E+00, 2.2333E+00, 4.0000E-01,
16:35:58.92291078, 1.0400E+00, 2.2333E+00, 4.0000E-01,
16:35:58.92291083, 1.1067E+00, 2.2333E+00, 4.0000E-01,
16:35:58.92291088, 1.1067E+00, 2.2333E+00,-2.6667E-01,
16:35:58.92291093, 1.0933E+00, 2.2333E+00, 1.3333E-01,
16:35:58.92291098, 1.0800E+00, 2.2333E+00, 2.6667E-01,
16:35:58.92291103, 1.0933E+00, 2.2333E+00, 0.0000E+00,
16:35:58.92291108, 1.1067E+00, 2.2333E+00, 1.3333E-01,
16:35:58.92291113, 1.0933E+00, 2.2333E+00, 2.6667E-01,
16:35:58.92291118, 1.0800E+00, 2.2333E+00,-2.6667E-01,
16:35:58.92291123, 1.0667E+00, 2.2333E+00, 0.0000E+00,
16:35:58.92291128, 1.0800E+00, 2.2667E+00, 1.3333E-01,
16:35:58.92291133, 1.0667E+00, 2.2333E+00, 2.6667E-01,
16:35:58.92291138, 1.0933E+00, 2.2333E+00, 1.3333E-01,
16:35:58.92291143, 1.0800E+00, 2.2333E+00, 1.3333E-01,
16:35:58.92291148, 1.1067E+00, 2.2333E+00, 1.3333E-01,
16:35:58.92291153, 1.0667E+00, 2.2667E+00, 2.6667E-01,
16:35:58.92291158, 1.0933E+00, 2.1667E+00,-1.3333E-01,
16:35:58.92291163, 1.0800E+00, 2.1667E+00,-1.3333E-01,
16:35:58.92291168, 1.0933E+00, 2.2667E+00, 0.0000E+00,
16:35:58.92291173, 1.0400E+00, 2.2333E+00, 2.6667E-01,
16:35:58.92291178, 1.0667E+00, 2.2000E+00, 1.3333E-01,
16:35:58.92291183, 1.0800E+00, 2.2333E+00, 2.6667E-01,
16:35:58.92291188, 1.1067E+00, 2.2667E+00, 2.6667E-01,
16:35:58.92291193, 1.0933E+00, 2.2333E+00, 0.0000E+00,
16:35:58.92291198, 1.0933E+00, 2.2333E+00, 0.0000E+00,
16:35:58.92291203, 1.0933E+00, 2.2333E+00,-1.3333E-01,
16:35:58.92291208, 1.0933E+00, 2.2333E+00, 0.0000E+00,
16:35:58.92291213, 1.0800E+00, 2.2333E+00, 4.0000E-01,
16:35:58.92291218, 1.0400E+00, 2.2333E+00,-1.3333E-01,
16:35:58.92291223, 1.0800E+00, 2.2333E+00, 0.0000E+00,
16:35:58.92291228, 1.0533E+00, 2.2667E+00, 5.3333E-01,
16:35:58.92291233, 1.1067E+00, 2.2333E+00, 2.6667E-01,
16:35:58.92291238, 1.0800E+00, 2.2667E+00, 1.3333E-01,
16:35:58.92291243, 1.1067E+00, 2.2333E+00, 4.0000E-01,
16:35:58.92291248, 1.1067E+00, 2.2333E+00, 2.6667E-01,
16:35:58.92291253, 1.0800E+00, 2.2000E+00, 0.0000E+00,
16:35:58.92291258, 1.0800E+00, 2.2333E+00,-1.3333E-01,
16:35:58.92291263, 1.0800E+00, 2.2000E+00,-1.3333E-01,
16:35:58.92291268, 1.0933E+00, 2.2000E+00, 2.6667E-01,
16:35:58.92291273, 1.0933E+00, 2.2667E+00, 1.3333E-01,
16:35:58.92291278, 1.1067E+00, 2.2667E+00, 0.0000E+00,
16:35:58.92291283, 1.1067E+00, 2.2000E+00, 2.6667E-01,
16:35:58.92291288, 1.0800E+00, 2.2667E+00, 4.0000E-01,
16:35:58.92291293, 1.1067E+00, 2.3000E+00, 0.0000E+00,
16:35:58.92291298, 1.1200E+00, 2.2333E+00, 2.6667E-01,
16:35:58.92291303, 1.1067E+00, 2.3333E+00, 0.0000E+00,
16:35:58.92291308, 1.0800E+00, 2.2333E+00, 0.0000E+00,
16:35:58.92291313, 1.0667E+00, 2.2333E+00, 0.0000E+00,
16:35:58.92291318, 1.0800E+00, 2.2333E+00, 2.6667E-01,
16:35:58.92291323, 1.0533E+00, 2.2000E+00, 2.6667E-01,
16:35:58.92291328, 1.0800E+00, 2.3000E+00, 2.6667E-01,
16:35:58.92291333, 1.0800E+00, 2.2333E+00, 5.3333E-01,
16:35:58.92291338, 1.0800E+00, 2.2333E+00, 1.3333E-01,
16:35:58.92291343, 1.0933E+00, 2.2667E+00,-1.3333E-01,
16:35:58.92291348, 1.0933E+00, 2.2000E+00, 0.0000E+00,
16:35:58.92291353, 1.0933E+00, 2.2333E+00, 2.6667E-01,
16:35:58.92291358, 1.1067E+00, 2.3000E+00, 1.3333E-01,
16:35:58.92291363, 1.1067E+00, 2.2667E+00, 2.6667E-01,
16:35:58.92291368, 1.0800E+00, 2.2333E+00,-2.6667E-01,
16:35:58.92291373, 1.1067E+00, 2.3000E+00, 5.3333E-01,
16:35:58.92291378, 1.1067E+00, 2.2333E+00, 2.6667E-01,
16:35:58.92291383, 1.1200E+00, 2.2333E+00, 6.6667E-01,
16:35:58.92291388, 1.1067E+00, 2.2667E+00,-1.3333E-01,
16:35:58.92291393, 1.0667E+00, 2.2333E+00, 0.0000E+00,
16:35:58.92291398, 1.0667E+00, 2.2667E+00, 0.0000E+00,
16:35:58.92291403, 1.0800E+00, 2.2333E+00, 0.0000E+00,
16:35:58.92291408, 1.0800E+00, 2.2333E+00, 1.3333E-01,
16:35:58.92291413, 1.0800E+00, 2.2333E+00, 1.3333E-01,
16:35:58.92291418, 1.0933E+00, 2.2667E+00, 0.0000E+00,
16:35:58.92291423, 1.0800E+00, 2.2333E+00,-2.6667E-01,
16:35:58.92291428, 1.0667E+00, 2.2333E+00, 2.6667E-01,
16:35:58.92291433, 1.0800E+00, 2.2333E+00, 1.3333E-01,
16:35:58.92291438, 1.1067E+00, 2.2333E+00, 2.6667E-01,
16:35:58.92291443, 1.1067E+00, 2.2333E+00, 2.6667E-01,
16:35:58.92291448, 1.0667E+00, 2.2333E+00,-1.3333E-01,
16:35:58.92291453, 1.0933E+00, 2.2333E+00, 1.3333E-01,
16:35:58.92291458, 1.0667E+00, 2.2333E+00,-1.3333E-01,
16:35:58.92291463, 1.0800E+00, 2.2667E+00, 2.6667E-01,
16:35:58.92291468, 1.0800E+00, 2.2667E+00, 4.0000E-01,
16:35:58.92291473, 1.0933E+00, 2.2333E+00, 0.0000E+00,
16:35:58.92291478, 1.0800E+00, 2.3333E+00, 0.0000E+00,
16:35:58.92291483, 1.1067E+00, 2.2333E+00, 1.3333E-01,
16:35:58.92291488, 1.0800E+00, 2.2333E+00, 2.6667E-01,
16:35:58.92291493, 1.0933E+00, 2.3000E+00,-1.3333E-01,
16:35:58.92291498, 1.0933E+00, 2.2333E+00,-1.3333E-01,
16:35:58.92291503, 1.0800E+00, 2.2333E+00, 0.0000E+00,
16:35:58.92291508, 1.0933E+00, 2.2667E+00, 1.3333E-01,
16:35:58.92291513, 1.0800E+00, 2.2333E+00, 1.3333E-01,
16:35:58.92291518, 1.0933E+00, 2.2333E+00, 0.0000E+00,
16:35:58.92291523, 1.0667E+00, 2.3333E+00, 4.0000E-01,
16:35:58.92291528, 1.1200E+00, 2.2333E+00, 1.3333E-01,
16:35:58.92291533, 1.0933E+00, 2.2667E+00, 4.0000E-01,
16:35:58.92291538, 1.0933E+00, 2.2333E+00, 0.0000E+00,
16:35:58.92291543, 1.0933E+00, 2.2333E+00,-2.6667E-01,
16:35:58.92291548, 1.0667E+00, 2.2333E+00, 0.0000E+00,
16:35:58.92291553, 1.0800E+00, 2.2333E+00,-1.3333E-01,
16:35:58.92291558, 1.0933E+00, 2.2333E+00, 1.3333E-01,
16:35:58.92291563, 1.0800E+00, 2.2333E+00, 4.0000E-01,
16:35:58.92291568, 1.1067E+00, 2.2333E+00, 0.0000E+00,
16:35:58.92291573, 1.0933E+00, 2.2667E+00, 5.3333E-01,
16:35:58.92291578, 1.1067E+00, 2.3000E+00, 2.6667E-01,
16:35:58.92291583, 1.1067E+00, 2.2333E+00, 0.0000E+00,
16:35:58.92291588, 1.1067E+00, 2.3000E+00, 1.3333E-01,
16:35:58.92291593, 1.0933E+00, 2.2333E+00, 0.0000E+00,
16:35:58.92291598, 1.0933E+00, 2.2333E+00, 2.6667E-01,
16:35:58.92291603, 1.0933E+00, 2.2333E+00, 0.0000E+00,
16:35:58.92291608, 1.0933E+00, 2.2333E+00, 1.3333E-01,
16:35:58.92291613, 1.0667E+00, 2.2667E+00, 1.3333E-01,
16:35:58.92291618, 1.1200E+00, 2.2333E+00, 5.3333E-01,
16:35:58.92291623, 1.0800E+00, 2.2333E+00, 5.3333E-01,
16:35:58.92291628, 1.0933E+00, 2.2667E+00, 2.6667E-01,
16:35:58.92291633, 1.1067E+00, 2.2667E+00, 4.0000E-01,
16:35:58.92291638, 1.0933E+00, 2.2000E+00, 1.3333E-01,
16:35:58.92291643, 1.0800E+00, 2.2000E+00,-1.3333E-01,
16:35:58.92291648, 1.0800E+00, 2.2333E+00,-1.3333E-01,
16:35:58.92291653, 1.0800E+00, 2.2333E+00, 1.3333E-01,
16:35:58.92291658, 1.0933E+00, 2.2333E+00, 1.3333E-01,
16:35:58.92291663, 1.1200E+00, 2.2333E+00,-2.6667E-01,
16:35:58.92291668, 1.0933E+00, 2.2333E+00, 1.3333E-01,
16:35:58.92291673, 1.0933E+00, 2.2667E+00, 1.3333E-01,
16:35:58.92291678, 1.0933E+00, 2.2333E+00, 1.3333E-01,
16:35:58.92291683, 1.0933E+00, 2.1667E+00, 4.0000E-01,
16:35:58.92291688, 1.1067E+00, 2.3000E+00, 2.6667E-01,
16:35:58.92291693, 1.1067E+00, 2.2333E+00, 2.6667E-01,
16:35:58.92291698, 1.0667E+00, 2.2333E+00,-4.0000E-01,
16:35:58.92291703, 1.0933E+00, 2.2667E+00, 0.0000E+00,
16:35:58.92291708, 1.0800E+00, 2.3000E+00, 6.6667E-01,
16:35:58.92291713, 1.0933E+00, 2.2333E+00, 4.0000E-01,
16:35:58.92291718, 1.0933E+00, 2.2333E+00, 2.6667E-01,
16:35:58.92291723, 1.0800E+00, 2.2333E+00, 2.6667E-01,
16:35:58.92291728, 1.1067E+00, 2.2333E+00, 1.3333E-01,
16:35:58.92291733, 1.1200E+00, 2.2667E+00, 2.6667E-01,
16:35:58.92291738, 1.0800E+00, 2.2667E+00, 1.3333E-01,
16:35:58.92291743, 1.1067E+00, 2.3000E+00, 5.3333E-01,
16:35:58.92291748, 1.0800E+00, 2.1667E+00, 1.3333E-01,
16:35:58.92291753, 1.0667E+00, 2.2333E+00, 0.0000E+00,
16:35:58.92291758, 1.0800E+00, 2.2333E+00, 4.0000E-01,
16:35:58.92291763, 1.1067E+00, 2.2667E+00, 1.3333E-01,
16:35:58.92291768, 1.1067E+00, 2.2333E+00, 2.6667E-01,
16:35:58.92291773, 1.0800E+00, 2.2000E+00, 0.0000E+00,
16:35:58.92291778, 1.0800E+00, 2.2333E+00, 4.0000E-01,
16:35:58.92291783, 1.0800E+00, 2.2333E+00,-2.6667E-01,
16:35:58.92291788, 1.0933E+00, 2.2333E+00, 1.3333E-01,
16:35:58.92291793, 1.0800E+00, 2.2667E+00, 5.3333E-01,
16:35:58.92291798, 1.0533E+00, 2.2333E+00, 0.0000E+00,
16:35:58.92291803, 1.0933E+00, 2.2333E+00, 2.6667E-01,
16:35:58.92291808, 1.0800E+00, 2.2667E+00, 2.6667E-01,
16:35:58.92291813, 1.0933E+00, 2.2333E+00, 4.0000E-01,
16:35:58.92291818, 1.1067E+00, 2.2333E+00, 5.3333E-01,
16:35:58.92291823, 1.0533E+00, 2.2333E+00, 4.0000E-01,
16:35:58.92291828, 1.0800E+00, 2.2667E+00, 5.3333E-01,
16:35:58.92291833, 1.0800E+00, 2.2667E+00, 1.3333E-01,
16:35:58.92291838, 1.0667E+00, 2.2333E+00,-1.3333E-01,
16:35:58.92291843, 1.0800E+00, 2.2333E+00, 0.0000E+00,
16:35:58.92291848, 1.0933E+00, 2.1667E+00, 1.3333E-01,
16:35:58.92291853, 1.0667E+00, 2.2333E+00, 1.3333E-01,
16:35:58.92291858, 1.0667E+00, 2.2333E+00, 1.3333E-01,
16:35:58.92291863, 1.1067E+00, 2.2333E+00, 0.0000E+00,
16:35:58.92291868, 1.1067E+00, 2.2333E+00,-1.3333E-01,
16:35:58.92291873, 1.0667E+00, 2.2333E+00, 2.6667E-01,
16:35:58.92291878, 1.0667E+00, 2.2333E+00, 0.0000E+00,
16:35:58.92291883, 1.1067E+00, 2.2333E+00, 1.3333E-01,
16:35:58.92291888, 1.0667E+00, 2.2667E+00, 1.3333E-01,
16:35:58.92291893, 1.0800E+00, 2.3000E+00, 1.3333E-01,
16:35:58.92291898, 1.0800E+00, 2.2667E+00,-2.6667E-01,
16:35:58.92291903, 1.0667E+00, 2.2667E+00, 0.0000E+00,
16:35:58.92291908, 1.0933E+00, 2.2333E+00, 2.6667E-01,
16:35:58.92291913, 1.0933E+00, 2.2667E+00, 0.0000E+00,
16:35:58.92291918, 1.1200E+00, 2.2333E+00, 2.6667E-01,
16:35:58.92291923, 1.1067E+00, 2.2333E+00, 2.6667E-01,
16:35:58.92291928, 1.0933E+00, 2.3333E+00, 0.0000E+00,
16:35:58.92291933, 1.0800E+00, 2.2000E+00, 2.6667E-01,
16:35:58.92291938, 1.0800E+00, 2.2000E+00, 0.0000E+00,
16:35:58.92291943, 1.0800E+00, 2.2333E+00, 2.6667E-01,
16:35:58.92291948, 1.0533E+00, 2.2333E+00, 5.3333E-01,
16:35:58.92291953, 1.0667E+00, 2.2333E+00, 2.6667E-01,
16:35:58.92291958, 1.0800E+00, 2.2667E+00, 5.3333E-01,
16:35:58.92291963, 1.0667E+00, 2.2333E+00, 1.3333E-01,
16:35:58.92291968, 1.0667E+00, 2.2667E+00, 1.3333E-01,
16:35:58.92291973, 1.1200E+00, 2.2667E+00, 1.3333E-01,
16:35:58.92291978, 1.1067E+00, 2.2667E+00,-1.3333E-01,
16:35:58.92291983, 1.0933E+00, 2.1667E+00,-1.3333E-01,
16:35:58.92291988, 1.0800E+00, 2.2333E+00, 4.0000E-01,
16:35:58.92291993, 1.0533E+00, 2.2000E+00, 1.3333E-01,
16:35:58.92291998, 1.0800E+00, 2.3000E+00, 1.3333E-01,
16:35:58.92292003, 1.0800E+00, 2.3000E+00,-1.3333E-01,
16:35:58.92292008, 1.0800E+00, 2.2333E+00,-1.3333E-01,
16:35:58.92292013, 1.1067E+00, 2.2333E+00, 2.6667E-01,
16:35:58.92292018, 1.0933E+00, 2.2333E+00, 4.0000E-01,
16:35:58.92292023, 1.0800E+00, 2.3000E+00, 2.6667E-01,
16:35:58.92292028, 1.0933E+00, 2.2000E+00,-1.3333E-01,
16:35:58.92292033, 1.0533E+00, 2.2333E+00, 0.0000E+00,
16:35:58.92292038, 1.0667E+00, 2.2333E+00, 1.3333E-01,
16:35:58.92292043, 1.0533E+00, 2.2000E+00, 0.0000E+00,
16:35:58.92292048, 1.0800E+00, 2.2667E+00, 4.0000E-01,
16:35:58.92292053, 1.0933E+00, 2.2333E+00, 2.6667E-01,
16:35:58.92292058, 1.1067E+00, 2.2667E+00, 2.6667E-01,
16:35:58.92292063, 1.1067E+00, 2.2333E+00, 1.3333E-01,
16:35:58.92292068, 1.1067E+00, 2.2333E+00, 1.3333E-01,
16:35:58.92292073, 1.0933E+00, 2.2667E+00, 4.0000E-01,
16:35:58.92292078, 1.0667E+00, 2.2333E+00, 2.6667E-01,
16:35:58.92292083, 1.1067E+00, 2.2333E+00,-1.3333E-01,
16:35:58.92292088, 1.0800E+00, 2.2667E+00, 2.6667E-01,
16:35:58.92292093, 1.0800E+00, 2.2333E+00, 1.3333E-01,
16:35:58.92292098, 1.0800E+00, 2.2333E+00, 5.3333E-01,
16:35:58.92292103, 1.0800E+00, 2.2333E+00, 0.0000E+00,
16:35:58.92292108, 1.1067E+00, 2.2333E+00, 2.6667E-01,
16:35:58.92292113, 1.0933E+00, 2.3000E+00, 0.0000E+00,
16:35:58.92292118, 1.1067E+00, 2.2667E+00, 1.3333E-01,
16:35:58.92292123, 1.0667E+00, 2.2333E+00, 2.6667E-01,
16:35:58.92292128, 1.0667E+00, 2.2333E+00, 0.0000E+00,
16:35:58.92292133, 1.0800E+00, 2.1667E+00,-2.6667E-01,
16:35:58.92292138, 1.0533E+00, 2.2667E+00,-1.3333E-01,
16:35:58.92292143, 1.0933E+00, 2.3000E+00,-1.3333E-01,
16:35:58.92292148, 1.0933E+00, 2.2333E+00,-1.3333E-01,
16:35:58.92292153, 1.1200E+00, 2.2333E+00, 0.0000E+00,
16:35:58.92292158, 1.0800E+00, 2.2333E+00, 1.3333E-01,
16:35:58.92292163, 1.1067E+00, 2.3000E+00, 5.3333E-01,
16:35:58.92292168, 1.0933E+00, 2.2000E+00, 1.3333E-01,
16:35:58.92292173, 1.1067E+00, 2.2667E+00,-1.3333E-01,
16:35:58.92292178, 1.0667E+00, 2.2000E+00,-1.3333E-01,
16:35:58.92292183, 1.0533E+00, 2.2333E+00, 0.0000E+00,
16:35:58.92292188, 1.0800E+00, 2.2667E+00,-2.6667E-01,
16:35:58.92292193, 1.0667E+00, 2.2333E+00, 1.3333E-01,
16:35:58.92292198, 1.0933E+00, 2.2667E+00, 4.0000E-01,
16:35:58.92292203, 1.0933E+00, 2.2667E+00, 1.3333E-01,
16:35:58.92292208, 1.0933E+00, 2.2333E+00, 2.6667E-01,
16:35:58.92292213, 1.0933E+00, 2.2667E+00, 4.0000E-01,
16:35:58.92292218, 1.0800E+00, 2.2333E+00, 4.0000E-01,
16:35:58.92292223, 1.0667E+00, 2.2333E+00, 2.6667E-01,
16:35:58.92292228, 1.1067E+00, 2.2333E+00,-2.6667E-01,
16:35:58.92292233, 1.1067E+00, 2.3000E+00, 1.3333E-01,
16:35:58.92292238, 1.0667E+00, 2.2667E+00, 0.0000E+00,
16:35:58.92292243, 1.0933E+00, 2.2333E+00, 4.0000E-01,
16:35:58.92292248, 1.0933E+00, 2.2667E+00, 1.3333E-01,
16:35:58.92292253, 1.0933E+00, 2.2667E+00, 4.0000E-01,
16:35:58.92292258, 1.1067E+00, 2.2333E+00, 1.3333E-01,
16:35:58.92292263, 1.1067E+00, 2.2333E+00, 1.3333E-01,
16:35:58.92292268, 1.0933E+00, 2.2333E+00, 1.3333E-01,
16:35:58.92292273, 1.0667E+00, 2.3000E+00, 4.0000E-01,
16:35:58.92292278, 1.0933E+00, 2.2000E+00, 1.3333E-01,
16:35:58.92292283, 1.0933E+00, 2.2667E+00,-1.3333E-01,
16:35:58.92292288, 1.0667E+00, 2.2667E+00, 4.0000E-01,
16:35:58.92292293, 1.1067E+00, 2.2333E+00, 1.3333E-01,
16:35:58.92292298, 1.0933E+00, 2.2333E+00, 2.6667E-01,
16:35:58.92292303, 1.0933E+00, 2.2333E+00, 0.0000E+00,
16:35:58.92292308, 1.1067E+00, 2.2333E+00, 1.3333E-01,
16:35:58.92292313, 1.0800E+00, 2.2333E+00, 4.0000E-01,
16:35:58.92292318, 1.0800E+00, 2.2333E+00, 5.3333E-01,
16:35:58.92292323, 1.0667E+00, 2.2667E+00, 0.0000E+00,
16:35:58.92292328, 1.0667E+00, 2.3000E+00,-1.3333E-01,
16:35:58.92292333, 1.1067E+00, 2.2333E+00, 1.3333E-01,
16:35:58.92292338, 1.0933E+00, 2.2000E+00, 1.3333E-01,
16:35:58.92292343, 1.0667E+00, 2.2333E+00, 0.0000E+00,
16:35:58.92292348, 1.1067E+00, 2.2667E+00, 1.3333E-01,
16:35:58.92292353, 1.1067E+00, 2.3000E+00, 1.3333E-01,
16:35:58.92292358, 1.1067E+00, 2.2000E+00, 6.6667E-01,
16:35:58.92292363, 1.0933E+00, 2.2333E+00, 4.0000E-01,
16:35:58.92292368, 1.0933E+00, 2.2000E+00, 0.0000E+00,
16:35:58.92292373, 1.0933E+00, 2.2333E+00,-1.3333E-01,
16:35:58.92292378, 1.0933E+00, 2.2667E+00,-1.3333E-01,
16:35:58.92292383, 1.0800E+00, 2.2333E+00, 1.3333E-01,
16:35:58.92292388, 1.1067E+00, 2.2333E+00,-1.3333E-01,
16:35:58.92292393, 1.1067E+00, 2.2333E+00, 5.3333E-01,
16:35:58.92292398, 1.0933E+00, 2.2333E+00, 2.6667E-01,
16:35:58.92292403, 1.1067E+00, 2.2000E+00, 0.0000E+00,
16:35:58.92292408, 1.1067E+00, 2.2333E+00, 1.3333E-01,
16:35:58.92292413, 1.0800E+00, 2.2667E+00, 1.3333E-01,
16:35:58.92292418, 1.0400E+00, 2.2667E+00, 2.6667E-01,
16:35:58.92292423, 1.0800E+00, 2.2333E+00, 0.0000E+00,
16:35:58.92292428, 1.0800E+00, 2.2333E+00, 1.3333E-01,
16:35:58.92292433, 1.1067E+00, 2.2333E+00, 0.0000E+00,
16:35:58.92292438, 1.0933E+00, 2.2333E+00, 2.6667E-01,
16:35:58.92292443, 1.1067E+00, 2.2333E+00, 0.0000E+00,
16:35:58.92292448, 1.1067E+00, 2.2333E+00, 5.3333E-01,
16:35:58.92292453, 1.0933E+00, 2.2333E+00, 4.0000E-01,
16:35:58.92292458, 1.0800E+00, 2.2000E+00, 4.0000E-01,
16:35:58.92292463, 1.0667E+00, 2.2333E+00, 4.0000E-01,
16:35:58.92292468, 1.0667E+00, 2.2000E+00,-1.3333E-01,
16:35:58.92292473, 1.0933E+00, 2.2333E+00, 0.0000E+00,
16:35:58.92292478, 1.0800E+00, 2.2667E+00, 2.6667E-01,
16:35:58.92292483, 1.0933E+00, 2.2333E+00, 1.3333E-01,
16:35:58.92292488, 1.1067E+00, 2.2333E+00, 2.6667E-01,
16:35:58.92292493, 1.0933E+00, 2.2000E+00, 2.6667E-01,
16:35:58.92292498, 1.0800E+00, 2.2333E+00, 1.3333E-01,
16:35:58.92292503, 1.1067E+00, 2.2667E+00, 1.3333E-01,
16:35:58.92292508, 1.0800E+00, 2.2333E+00, 2.6667E-01,
16:35:58.92292513, 1.0533E+00, 2.2333E+00, 2.6667E-01,
16:35:58.92292518, 1.0533E+00, 2.2333E+00, 1.3333E-01,
16:35:58.92292523, 1.0667E+00, 2.2667E+00, 4.0000E-01,
16:35:58.92292528, 1.1067E+00, 2.2333E+00,-1.3333E-01,
16:35:58.92292533, 1.1067E+00, 2.3000E+00,-1.3333E-01,
16:35:58.92292538, 1.1067E+00, 2.1667E+00, 2.6667E-01,
16:35:58.92292543, 1.1067E+00, 2.3000E+00, 4.0000E-01,
16:35:58.92292548, 1.0933E+00, 2.2333E+00, 1.3333E-01,
16:35:58.92292553, 1.1067E+00, 2.2667E+00, 1.3333E-01,
16:35:58.92292558, 1.0800E+00, 2.2000E+00, 2.6667E-01,
16:35:58.92292563, 1.0667E+00, 2.3000E+00, 2.6667E-01,
16:35:58.92292568, 1.0800E+00, 2.3333E+00, 0.0000E+00,
16:35:58.92292573, 1.0933E+00, 2.2333E+00, 1.3333E-01,
16:35:58.92292578, 1.0667E+00, 2.2333E+00, 1.3333E-01,
16:35:58.92292583, 1.0667E+00, 2.3000E+00, 0.0000E+00,
16:35:58.92292588, 1.1200E+00, 2.2333E+00,-1.3333E-01,
16:35:58.92292593, 1.1067E+00, 2.2333E+00, 2.6667E-01,
16:35:58.92292598, 1.0933E+00, 2.2000E+00, 4.0000E-01,
16:35:58.92292603, 1.0800E+00, 2.2333E+00, 4.0000E-01,
16:35:58.92292608, 1.1067E+00, 2.3000E+00, 1.3333E-01,
16:35:58.92292613, 1.0667E+00, 2.2333E+00, 2.6667E-01,
16:35:58.92292618, 1.0533E+00, 2.2000E+00, 0.0000E+00,
16:35:58.92292623, 1.0800E+00, 2.2667E+00, 0.0000E+00,
16:35:58.92292628, 1.0933E+00, 2.2333E+00, 0.0000E+00,
16:35:58.92292633, 1.1067E+00, 2.2333E+00,-2.6667E-01,
16:35:58.92292638, 1.1067E+00, 2.2000E+00, 1.3333E-01,
16:35:58.92292643, 1.0800E+00, 2.2667E+00, 0.0000E+00,
16:35:58.92292648, 1.0933E+00, 2.2333E+00, 0.0000E+00,
16:35:58.92292653, 1.1067E+00, 2.3000E+00, 0.0000E+00,
16:35:58.92292658, 1.0800E+00, 2.2000E+00, 1.3333E-01,
16:35:58.92292663, 1.0933E+00, 2.2667E+00,-1.3333E-01,
16:35:58.92292668, 1.0800E+00, 2.2000E+00, 1.3333E-01,
16:35:58.92292673, 1.0800E+00, 2.2333E+00, 2.6667E-01,
16:35:58.92292678, 1.1200E+00, 2.2000E+00, 2.6667E-01,
16:35:58.92292683, 1.1200E+00, 2.2667E+00, 1.3333E-01,
16:35:58.92292688, 1.0533E+00, 2.2333E+00, 4.0000E-01,
16:35:58.92292693, 1.0800E+00, 2.2333E+00,-2.6667E-01,
16:35:58.92292698, 1.0667E+00, 2.2333E+00, 2.6667E-01,
16:35:58.92292703, 1.0667E+00, 2.2000E+00, 0.0000E+00,
16:35:58.92292708, 1.0800E+00, 2.2667E+00, 0.0000E+00,
16:35:58.92292713, 1.0933E+00, 2.2333E+00, 2.6667E-01,
16:35:58.92292718, 1.1067E+00, 2.2667E+00, 0.0000E+00,
16:35:58.92292723, 1.1067E+00, 2.2333E+00, 0.0000E+00,
16:35:58.92292728, 1.1067E+00, 2.2333E+00, 2.6667E-01,
16:35:58.92292733, 1.1067E+00, 2.2333E+00, 2.6667E-01,
16:35:58.92292738, 1.0933E+00, 2.2333E+00, 2.6667E-01,
16:35:58.92292743, 1.0800E+00, 2.2667E+00, 2.6667E-01,
16:35:58.92292748, 1.1067E+00, 2.2000E+00, 2.6667E-01,
16:35:58.92292753, 1.0400E+00, 2.3333E+00, 2.6667E-01,
16:35:58.92292758, 1.0667E+00, 2.2667E+00, 1.3333E-01,
16:35:58.92292763, 1.0800E+00, 2.3000E+00, 1.3333E-01,
16:35:58.92292768, 1.0933E+00, 2.2333E+00, 0.0000E+00,
16:35:58.92292773, 1.0800E+00, 2.2333E+00, 2.6667E-01,
16:35:58.92292778, 1.1067E+00, 2.2667E+00, 4.0000E-01,
16:35:58.92292783, 1.0933E+00, 2.3000E+00, 4.0000E-01,
16:35:58.92292788, 1.1067E+00, 2.2333E+00,-2.6667E-01,
16:35:58.92292793, 1.0400E+00, 2.2667E+00, 2.6667E-01,
16:35:58.92292798, 1.0933E+00, 2.2333E+00, 2.6667E-01,
16:35:58.92292803, 1.0667E+00, 2.2333E+00, 6.6667E-01,
16:35:58.92292808, 1.0933E+00, 2.2333E+00, 0.0000E+00,
16:35:58.92292813, 1.0933E+00, 2.2333E+00, 1.3333E-01,
16:35:58.92292818, 1.0800E+00, 2.2333E+00, 2.6667E-01,
16:35:58.92292823, 1.0933E+00, 2.2667E+00, 1.3333E-01,
16:35:58.92292828, 1.0800E+00, 2.2333E+00, 1.3333E-01,
16:35:58.92292833, 1.0933E+00, 2.2333E+00, 1.3333E-01,
16:35:58.92292838, 1.1067E+00, 2.2333E+00, 1.3333E-01,
16:35:58.92292843, 1.0933E+00, 2.2000E+00, 2.6667E-01,
16:35:58.92292848, 1.0533E+00, 2.2667E+00, 4.0000E-01,
16:35:58.92292853, 1.0933E+00, 2.2333E+00,-2.6667E-01,
16:35:58.92292858, 1.0933E+00, 2.2333E+00, 0.0000E+00,
16:35:58.92292863, 1.0933E+00, 2.2333E+00,-2.6667E-01,
16:35:58.92292868, 1.0800E+00, 2.2333E+00, 1.3333E-01,
16:35:58.92292873, 1.0667E+00, 2.2333E+00, 5.3333E-01,
16:35:58.92292878, 1.0667E+00, 2.2333E+00, 1.3333E-01,
16:35:58.92292883, 1.0667E+00, 2.2333E+00, 0.0000E+00,
16:35:58.92292888, 1.0800E+00, 2.2333E+00, 4.0000E-01,
16:35:58.92292893, 1.0933E+00, 2.2667E+00, 4.0000E-01,
16:35:58.92292898, 1.0933E+00, 2.2667E+00, 5.3333E-01,
16:35:58.92292903, 1.0667E+00, 2.2333E+00, 2.6667E-01,
16:35:58.92292908, 1.0800E+00, 2.2667E+00, 1.3333E-01,
16:35:58.92292913, 1.1067E+00, 2.2333E+00, 0.0000E+00,
16:35:58.92292918, 1.0800E+00, 2.2667E+00,-2.6667E-01,
16:35:58.92292923, 1.1067E+00, 2.2000E+00, 1.3333E-01,
16:35:58.92292928, 1.0933E+00, 2.2333E+00, 1.3333E-01,
16:35:58.92292933, 1.0933E+00, 2.2333E+00, 2.6667E-01,
16:35:58.92292938, 1.0800E+00, 2.2000E+00, 2.6667E-01,
16:35:58.92292943, 1.0800E+00, 2.3000E+00, 4.0000E-01,
16:35:58.92292948, 1.0933E+00, 2.2333E+00, 2.6667E-01,
16:35:58.92292953, 1.0933E+00, 2.2333E+00, 1.3333E-01,
16:35:58.92292958, 1.1067E+00, 2.3000E+00, 2.6667E-01,
16:35:58.92292963, 1.0800E+00, 2.2333E+00, 1.3333E-01,
16:35:58.92292968, 1.0667E+00, 2.2333E+00, 0.0000E+00,
16:35:58.92292973, 1.0933E+00, 2.3333E+00, 0.0000E+00,
16:35:58.92292978, 1.0800E+00, 2.2333E+00, 1.3333E-01,
16:35:58.92292983, 1.1067E+00, 2.2333E+00, 2.6667E-01,
16:35:58.92292988, 1.0800E+00, 2.2667E+00, 2.6667E-01,
16:35:58.92292993, 1.1067E+00, 2.2333E+00, 2.6667E-01,
16:35:58.92292998, 1.1067E+00, 2.2333E+00, 2.6667E-01,
16:35:58.92293003, 1.0667E+00, 2.2333E+00,-1.3333E-01,
16:35:58.92293008, 1.0933E+00, 2.2667E+00, 0.0000E+00,
16:35:58.92293013, 1.0800E+00, 2.2000E+00, 0.0000E+00,
16:35:58.92293018, 1.0800E+00, 2.2333E+00, 1.3333E-01,
16:35:58.92293023, 1.0667E+00, 2.2000E+00, 1.3333E-01,
16:35:58.92293028, 1.0800E+00, 2.2333E+00,-1.3333E-01,
16:35:58.92293033, 1.0800E+00, 2.2333E+00, 1.3333E-01,
16:35:58.92293038, 1.0667E+00, 2.2333E+00, 0.0000E+00,
16:35:58.92293043, 1.0800E+00, 2.2333E+00, 4.0000E-01,
16:35:58.92293048, 1.0533E+00, 2.2333E+00, 4.0000E-01,
16:35:58.92293053, 1.0933E+00, 2.2000E+00, 0.0000E+00,
16:35:58.92293058, 1.0933E+00, 2.2333E+00, 0.0000E+00,
16:35:58.92293063, 1.0933E+00, 2.2333E+00, 1.3333E-01,
16:35:58.92293068, 1.0933E+00, 2.2000E+00, 0.0000E+00,
16:35:58.92293073, 1.0800E+00, 2.2333E+00,-4.0000E-01,
16:35:58.92293078, 1.0800E+00, 2.2333E+00, 1.3333E-01,
16:35:58.92293083, 1.0667E+00, 2.2000E+00, 1.3333E-01,
16:35:58.92293088, 1.0533E+00, 2.2333E+00, 0.0000E+00,
16:35:58.92293093, 1.0667E+00, 2.3000E+00, 5.3333E-01,
16:35:58.92293098, 1.0800E+00, 2.2667E+00, 1.3333E-01,
16:35:58.92293103, 1.0933E+00, 2.3000E+00, 0.0000E+00,
16:35:58.92293108, 1.0800E+00, 2.2333E+00, 1.3333E-01,
16:35:58.92293113, 1.0933E+00, 2.1667E+00, 0.0000E+00,
16:35:58.92293118, 1.1067E+00, 2.3000E+00, 1.3333E-01,
16:35:58.92293123, 1.0800E+00, 2.2333E+00, 4.0000E-01,
16:35:58.92293128, 1.0933E+00, 2.2333E+00, 1.3333E-01,
16:35:58.92293133, 1.0933E+00, 2.3000E+00, 1.3333E-01,
16:35:58.92293138, 1.0667E+00, 2.2333E+00, 2.6667E-01,
16:35:58.92293143, 1.0933E+00, 2.2667E+00, 4.0000E-01,
16:35:58.92293148, 1.0667E+00, 2.2333E+00, 0.0000E+00,
16:35:58.92293153, 1.1067E+00, 2.2333E+00, 0.0000E+00,
16:35:58.92293158, 1.0800E+00, 2.2333E+00, 0.0000E+00,
16:35:58.92293163, 1.0800E+00, 2.3000E+00, 4.0000E-01,
16:35:58.92293168, 1.0800E+00, 2.2667E+00, 0.0000E+00,
16:35:58.92293173, 1.1067E+00, 2.2667E+00, 2.6667E-01,
16:35:58.92293178, 1.0933E+00, 2.2333E+00, 0.0000E+00,
16:35:58.92293183, 1.0533E+00, 2.2333E+00, 1.3333E-01,
16:35:58.92293188, 1.0800E+00, 2.2667E+00, 1.3333E-01,
16:35:58.92293193, 1.0933E+00, 2.2000E+00, 0.0000E+00,
16:35:58.92293198, 1.0667E+00, 2.3000E+00, 0.0000E+00,
16:35:58.92293203, 1.1067E+00, 2.2333E+00, 0.0000E+00,
16:35:58.92293208, 1.0800E+00, 2.2333E+00, 2.6667E-01,
16:35:58.92293213, 1.1067E+00, 2.2333E+00,-1.3333E-01,
16:35:58.92293218, 1.0933E+00, 2.2333E+00, 2.6667E-01,
16:35:58.92293223, 1.0933E+00, 2.2333E+00,-1.3333E-01,
16:35:58.92293228, 1.0533E+00, 2.3000E+00, 2.6667E-01,
16:35:58.92293233, 1.0800E+00, 2.2333E+00, 5.3333E-01,
16:35:58.92293238, 1.0800E+00, 2.3000E+00, 2.6667E-01,
16:35:58.92293243, 1.0667E+00, 2.2333E+00,-1.3333E-01,
16:35:58.92293248, 1.1067E+00, 2.2333E+00, 4.0000E-01,
16:35:58.92293253, 1.0933E+00, 2.2333E+00,-1.3333E-01,
16:35:58.92293258, 1.1067E+00, 2.2333E+00, 0.0000E+00,
16:35:58.92293263, 1.0933E+00, 2.2333E+00, 1.3333E-01,
16:35:58.92293268, 1.0667E+00, 2.2333E+00, 0.0000E+00,
16:35:58.92293273, 1.1067E+00, 2.2333E+00, 0.0000E+00,
16:35:58.92293278, 1.0800E+00, 2.2667E+00, 0.0000E+00,
16:35:58.92293283, 1.0667E+00, 2.2333E+00, 4.0000E-01,
16:35:58.92293288, 1.0667E+00, 2.2333E+00, 0.0000E+00,
16:35:58.92293293, 1.0800E+00, 2.2667E+00, 1.3333E-01,
16:35:58.92293298, 1.1067E+00, 2.2333E+00, 2.6667E-01,
16:35:58.92293303, 1.0933E+00, 2.2333E+00, 0.0000E+00,
16:35:58.92293308, 1.1067E+00, 2.2333E+00, 4.0000E-01,
16:35:58.92293313, 1.1067E+00, 2.2667E+00, 0.0000E+00,
16:35:58.92293318, 1.0933E+00, 2.2333E+00, 0.0000E+00,
16:35:58.92293323, 1.0933E+00, 2.2333E+00,-1.3333E-01,
16:35:58.92293328, 1.0800E+00, 2.3000E+00, 1.3333E-01,
16:35:58.92293333, 1.0667E+00, 2.2333E+00, 4.0000E-01,
16:35:58.92293338, 1.0800E+00, 2.2333E+00, 1.3333E-01,
16:35:58.92293343, 1.1067E+00, 2.2333E+00,-1.3333E-01,
16:35:58.92293348, 1.0400E+00, 2.2333E+00, 0.0000E+00,
16:35:58.92293353, 1.0800E+00, 2.1667E+00,-4.0000E-01,
16:35:58.92293358, 1.1200E+00, 2.2333E+00, 1.3333E-01,
16:35:58.92293363, 1.1067E+00, 2.2333E+00, 0.0000E+00,
16:35:58.92293368, 1.0800E+00, 2.2333E+00, 0.0000E+00,
16:35:58.92293373, 1.0933E+00, 2.2333E+00, 0.0000E+00,
16:35:58.92293378, 1.0667E+00, 2.2333E+00,-1.3333E-01,
16:35:58.92293383, 1.0667E+00, 2.2667E+00, 1.3333E-01,
16:35:58.92293388, 1.1067E+00, 2.2000E+00, 0.0000E+00,
16:35:58.92293393, 1.1067E+00, 2.2667E+00,-1.3333E-01,
16:35:58.92293398, 1.1067E+00, 2.2333E+00, 1.3333E-01,
16:35:58.92293403, 1.0933E+00, 2.2333E+00, 1.3333E-01,
16:35:58.92293408, 1.0800E+00, 2.2333E+00, 0.0000E+00,
16:35:58.92293413, 1.1067E+00, 2.2333E+00, 1.3333E-01,
16:35:58.92293418, 1.1067E+00, 2.2333E+00, 1.3333E-01,
16:35:58.92293423, 1.0800E+00, 2.2667E+00, 0.0000E+00,
16:35:58.92293428, 1.0667E+00, 2.2667E+00, 0.0000E+00,
16:35:58.92293433, 1.0667E+00, 2.2333E+00, 2.6667E-01,
16:35:58.92293438, 1.0800E+00, 2.3000E+00, 0.0000E+00,
16:35:58.92293443, 1.0800E+00, 2.2333E+00, 2.6667E-01,
16:35:58.92293448, 1.0933E+00, 2.2667E+00, 1.3333E-01,
16:35:58.92293453, 1.1067E+00, 2.2333E+00, 0.0000E+00,
16:35:58.92293458, 1.1067E+00, 2.2333E+00, 0.0000E+00,
16:35:58.92293463, 1.1067E+00, 2.2333E+00, 1.3333E-01,
16:35:58.92293468, 1.0667E+00, 2.2000E+00, 2.6667E-01,
16:35:58.92293473, 1.0667E+00, 2.2333E+00, 1.3333E-01,
16:35:58.92293478, 1.0933E+00, 2.3000E+00, 2.6667E-01,
16:35:58.92293483, 1.0933E+00, 2.2333E+00, 2.6667E-01,
16:35:58.92293488, 1.0533E+00, 2.2333E+00, 2.6667E-01,
16:35:58.92293493, 1.1067E+00, 2.2333E+00, 1.3333E-01,
16:35:58.92293498, 1.0933E+00, 2.2333E+00, 1.3333E-01,
16:35:58.92293503, 1.0800E+00, 2.2333E+00, 0.0000E+00,
16:35:58.92293508, 1.0933E+00, 2.2333E+00, 0.0000E+00,
16:35:58.92293513, 1.0800E+00, 2.3000E+00, 2.6667E-01,
16:35:58.92293518, 1.0933E+00, 2.2667E+00, 0.0000E+00,
16:35:58.92293523, 1.0667E+00, 2.2333E+00, 1.3333E-01,
16:35:58.92293528, 1.0933E+00, 2.2333E+00, 1.3333E-01,
16:35:58.92293533, 1.0933E+00, 2.2333E+00, 1.3333E-01,
16:35:58.92293538, 1.0667E+00, 2.2333E+00, 1.3333E-01,
16:35:58.92293543, 1.1067E+00, 2.2333E+00, 0.0000E+00,
16:35:58.92293548, 1.0800E+00, 2.2667E+00,-2.6667E-01,
16:35:58.92293553, 1.1200E+00, 2.2333E+00, 0.0000E+00,
16:35:58.92293558, 1.0800E+00, 2.3000E+00, 5.3333E-01,
16:35:58.92293563, 1.0533E+00, 2.2333E+00, 1.3333E-01,
16:35:58.92293568, 1.1067E+00, 2.2000E+00, 1.3333E-01,
16:35:58.92293573, 1.0933E+00, 2.2333E+00, 0.0000E+00,
16:35:58.92293578, 1.0933E+00, 2.2333E+00, 4.0000E-01,
16:35:58.92293583, 1.0933E+00, 2.2333E+00, 2.6667E-01,
16:35:58.92293588, 1.1067E+00, 2.2000E+00,-2.6667E-01,
16:35:58.92293593, 1.0933E+00, 2.2000E+00,-1.3333E-01,
16:35:58.92293598, 1.0800E+00, 2.2333E+00, 0.0000E+00,
16:35:58.92293603, 1.1067E+00, 2.2667E+00,-2.6667E-01,
16:35:58.92293608, 1.0933E+00, 2.2333E+00,-1.3333E-01,
16:35:58.92293613, 1.0533E+00, 2.3000E+00, 0.0000E+00,
16:35:58.92293618, 1.0800E+00, 2.2333E+00,-1.3333E-01,
16:35:58.92293623, 1.0533E+00, 2.3000E+00, 0.0000E+00,
16:35:58.92293628, 1.0800E+00, 2.2667E+00, 1.3333E-01,
16:35:58.92293633, 1.0400E+00, 2.2333E+00, 0.0000E+00,
16:35:58.92293638, 1.0800E+00, 2.2667E+00, 1.3333E-01,
16:35:58.92293643, 1.0800E+00, 2.1667E+00, 1.3333E-01,
16:35:58.92293648, 1.0800E+00, 2.2333E+00, 4.0000E-01,
16:35:58.92293653, 1.0933E+00, 2.2667E+00,-1.3333E-01,
16:35:58.92293658, 1.0933E+00, 2.2333E+00, 4.0000E-01,
16:35:58.92293663, 1.0533E+00, 2.2667E+00,-1.3333E-01,
16:35:58.92293668, 1.0800E+00, 2.2333E+00, 6.6667E-01,
16:35:58.92293673, 1.0933E+00, 2.2333E+00, 4.0000E-01,
16:35:58.92293678, 1.0933E+00, 2.2333E+00, 2.6667E-01,
16:35:58.92293683, 1.0933E+00, 2.2333E+00, 4.0000E-01,
16:35:58.92293688, 1.0667E+00, 2.2333E+00, 1.3333E-01,
16:35:58.92293693, 1.0933E+00, 2.2667E+00, 0.0000E+00,
16:35:58.92293698, 1.1067E+00, 2.3333E+00,-1.3333E-01,
16:35:58.92293703, 1.0933E+00, 2.2333E+00, 0.0000E+00,
16:35:58.92293708, 1.0800E+00, 2.2333E+00, 2.6667E-01,
16:35:58.92293713, 1.0800E+00, 2.2333E+00, 1.3333E-01,
16:35:58.92293718, 1.0933E+00, 2.2333E+00, 1.3333E-01,
16:35:58.92293723, 1.0933E+00, 2.2667E+00, 2.6667E-01,
16:35:58.92293728, 1.0800E+00, 2.2333E+00, 1.3333E-01,
16:35:58.92293733, 1.0800E+00, 2.2333E+00, 1.3333E-01,
16:35:58.92293738, 1.0800E+00, 2.2333E+00, 2.6667E-01,
16:35:58.92293743, 1.1067E+00, 2.2333E+00, 1.3333E-01,
16:35:58.92293748, 1.0933E+00, 2.2333E+00, 1.3333E-01,
16:35:58.92293753, 1.0667E+00, 2.2333E+00, 0.0000E+00,
16:35:58.92293758, 1.0667E+00, 2.2000E+00, 4.0000E-01,
16:35:58.92293763, 1.0800E+00, 2.2333E+00, 0.0000E+00,
16:35:58.92293768, 1.0667E+00, 2.2333E+00, 2.6667E-01,
16:35:58.92293773, 1.0933E+00, 2.2000E+00, 1.3333E-01,
16:35:58.92293778, 1.0800E+00, 2.2333E+00, 5.3333E-01,
16:35:58.92293783, 1.0933E+00, 2.2333E+00, 1.3333E-01,
16:35:58.92293788, 1.0933E+00, 2.2333E+00, 1.3333E-01,
16:35:58.92293793, 1.0933E+00, 2.2667E+00,-1.3333E-01,
16:35:58.92293798, 1.0933E+00, 2.2333E+00, 1.3333E-01,
16:35:58.92293803, 1.1067E+00, 2.2667E+00,-1.3333E-01,
16:35:58.92293808, 1.0667E+00, 2.2333E+00, 0.0000E+00,
16:35:58.92293813, 1.0800E+00, 2.2333E+00, 0.0000E+00,
16:35:58.92293818, 1.0800E+00, 2.2333E+00,-2.6667E-01,
16:35:58.92293823, 1.1067E+00, 2.2333E+00, 1.3333E-01,
16:35:58.92293828, 1.0800E+00, 2.2333E+00,-1.3333E-01,
16:35:58.92293833, 1.1067E+00, 2.2333E+00, 0.0000E+00,
16:35:58.92293838, 1.0800E+00, 2.2333E+00, 1.3333E-01,
16:35:58.92293843, 1.1067E+00, 2.2333E+00, 2.6667E-01,
16:35:58.92293848, 1.0933E+00, 2.3000E+00,-1.3333E-01,
16:35:58.92293853, 1.0800E+00, 2.2667E+00,-1.3333E-01,
16:35:58.92293858, 1.0667E+00, 2.2333E+00, 1.3333E-01,
16:35:58.92293863, 1.1067E+00, 2.2333E+00, 1.3333E-01,
16:35:58.92293868, 1.0800E+00, 2.2000E+00, 2.6667E-01,
16:35:58.92293873, 1.1067E+00, 2.2000E+00, 2.6667E-01,
16:35:58.92293878, 1.1067E+00, 2.2000E+00, 2.6667E-01,
16:35:58.92293883, 1.1067E+00, 2.2333E+00, 1.3333E-01,
16:35:58.92293888, 1.0800E+00, 2.2667E+00, 1.3333E-01,
16:35:58.92293893, 1.1067E+00, 2.2333E+00, 4.0000E-01,
16:35:58.92293898, 1.0933E+00, 2.2333E+00, 1.3333E-01,
16:35:58.92293903, 1.0533E+00, 2.2333E+00, 1.3333E-01,
16:35:58.92293908, 1.0800E+00, 2.2333E+00, 4.0000E-01,
16:35:58.92293913, 1.0533E+00, 2.2000E+00, 2.6667E-01,
16:35:58.92293918, 1.0800E+00, 2.2333E+00, 0.0000E+00,
16:35:58.92293923, 1.0800E+00, 2.2333E+00, 0.0000E+00,
16:35:58.92293928, 1.0800E+00, 2.2333E+00, 1.3333E-01,
16:35:58.92293933, 1.1067E+00, 2.2333E+00, 4.0000E-01,
16:35:58.92293938, 1.1067E+00, 2.2667E+00, 0.0000E+00,
16:35:58.92293943, 1.1067E+00, 2.2667E+00, 1.3333E-01,
16:35:58.92293948, 1.0667E+00, 2.2333E+00, 1.3333E-01,
16:35:58.92293953, 1.0400E+00, 2.2000E+00, 0.0000E+00,
16:35:58.92293958, 1.0933E+00, 2.2000E+00, 0.0000E+00,
16:35:58.92293963, 1.0933E+00, 2.2000E+00, 5.3333E-01,
16:35:58.92293968, 1.0667E+00, 2.2667E+00, 2.6667E-01,
16:35:58.92293973, 1.1067E+00, 2.2333E+00, 0.0000E+00,
16:35:58.92293978, 1.0800E+00, 2.2333E+00, 0.0000E+00,
16:35:58.92293983, 1.0933E+00, 2.2333E+00, 0.0000E+00,
16:35:58.92293988, 1.0933E+00, 2.2333E+00, 5.3333E-01,
16:35:58.92293993, 1.0533E+00, 2.2000E+00, 0.0000E+00,
16:35:58.92293998, 1.1067E+00, 2.2333E+00, 4.0000E-01,
16:35:58.92294003, 1.0667E+00, 2.2667E+00, 4.0000E-01,
16:35:58.92294008, 1.0800E+00, 2.2333E+00, 2.6667E-01,
16:35:58.92294013, 1.1067E+00, 2.2333E+00, 1.3333E-01,
16:35:58.92294018, 1.0400E+00, 2.2333E+00, 0.0000E+00,
16:35:58.92294023, 1.1067E+00, 2.2333E+00, 0.0000E+00,
16:35:58.92294028, 1.0933E+00, 2.2000E+00, 0.0000E+00,
16:35:58.92294033, 1.0800E+00, 2.3000E+00, 1.3333E-01,
16:35:58.92294038, 1.0933E+00, 2.2333E+00, 1.3333E-01,
16:35:58.92294043, 1.0800E+00, 2.2333E+00, 0.0000E+00,
16:35:58.92294048, 1.0933E+00, 2.2333E+00, 0.0000E+00,
16:35:58.92294053, 1.0667E+00, 2.2333E+00, 1.3333E-01,
16:35:58.92294058, 1.1067E+00, 2.2333E+00, 4.0000E-01,
16:35:58.92294063, 1.0800E+00, 2.2333E+00, 1.3333E-01,
16:35:58.92294068, 1.0667E+00, 2.2333E+00, 2.6667E-01,
16:35:58.92294073, 1.1067E+00, 2.2667E+00, 0.0000E+00,
16:35:58.92294078, 1.0800E+00, 2.2333E+00, 0.0000E+00,
16:35:58.92294083, 1.0933E+00, 2.2667E+00, 2.6667E-01,
16:35:58.92294088, 1.0933E+00, 2.2333E+00, 0.0000E+00,
16:35:58.92294093, 1.0800E+00, 2.2333E+00, 0.0000E+00,
16:35:58.92294098, 1.0667E+00, 2.2333E+00, 1.3333E-01,
16:35:58.92294103, 1.0800E+00, 2.2667E+00, 2.6667E-01,
16:35:58.92294108, 1.1067E+00, 2.2333E+00, 0.0000E+00,
16:35:58.92294113, 1.0800E+00, 2.2333E+00, 1.3333E-01,
16:35:58.92294118, 1.0933E+00, 2.2000E+00, 0.0000E+00,
16:35:58.92294123, 1.0667E+00, 2.2333E+00, 0.0000E+00,
16:35:58.92294128, 1.0800E+00, 2.2667E+00, 1.3333E-01,
16:35:58.92294133, 1.0933E+00, 2.2333E+00, 1.3333E-01,
16:35:58.92294138, 1.0667E+00, 2.2333E+00, 2.6667E-01,
16:35:58.92294143, 1.0667E+00, 2.2333E+00, 0.0000E+00,
16:35:58.92294148, 1.0667E+00, 2.2333E+00, 2.6667E-01,
16:35:58.92294153, 1.0800E+00, 2.2667E+00, 1.3333E-01,
16:35:58.92294158, 1.0933E+00, 2.2333E+00, 0.0000E+00,
16:35:58.92294163, 1.1067E+00, 2.2667E+00, 0.0000E+00,
16:35:58.92294168, 1.0800E+00, 2.2333E+00, 0.0000E+00,
16:35:58.92294173, 1.0800E+00, 2.2667E+00, 5.3333E-01,
16:35:58.92294178, 1.1067E+00, 2.2333E+00, 2.6667E-01,
16:35:58.92294183, 1.0800E+00, 2.3667E+00, 4.0000E-01,
16:35:58.92294188, 1.0933E+00, 2.3333E+00, 0.0000E+00,
16:35:58.92294193, 1.0667E+00, 2.2333E+00, 1.3333E-01,
16:35:58.92294198, 1.1067E+00, 2.2667E+00, 0.0000E+00,
16:35:58.92294203, 1.0933E+00, 2.2333E+00, 2.6667E-01,
16:35:58.92294208, 1.0933E+00, 2.2667E+00, 0.0000E+00,
16:35:58.92294213, 1.0533E+00, 2.2333E+00, 1.3333E-01,
16:35:58.92294218, 1.1067E+00, 2.2667E+00, 1.3333E-01,
16:35:58.92294223, 1.0667E+00, 2.2333E+00, 2.6667E-01,
16:35:58.92294228, 1.0800E+00, 2.2333E+00, 0.0000E+00,
16:35:58.92294233, 1.0533E+00, 2.3667E+00, 2.6667E-01,
16:35:58.92294238, 1.0800E+00, 2.2667E+00, 1.3333E-01,
16:35:58.92294243, 1.0933E+00, 2.2333E+00, 1.3333E-01,
16:35:58.92294248, 1.1067E+00, 2.2667E+00, 1.3333E-01,
16:35:58.92294253, 1.0933E+00, 2.2333E+00,-1.3333E-01,
16:35:58.92294258, 1.1067E+00, 2.2333E+00, 2.6667E-01,
16:35:58.92294263, 1.0933E+00, 2.2333E+00, 0.0000E+00,
16:35:58.92294268, 1.0800E+00, 2.2333E+00, 1.3333E-01,
16:35:58.92294273, 1.0933E+00, 2.2667E+00, 2.6667E-01,
16:35:58.92294278, 1.0800E+00, 2.2333E+00, 1.3333E-01,
16:35:58.92294283, 1.0800E+00, 2.2333E+00, 0.0000E+00,
16:35:58.92294288, 1.0667E+00, 2.2333E+00, 0.0000E+00,
16:35:58.92294293, 1.1067E+00, 2.2333E+00, 0.0000E+00,
16:35:58.92294298, 1.1067E+00, 2.2333E+00, 0.0000E+00,
16:35:58.92294303, 1.1067E+00, 2.2333E+00, 1.3333E-01,
16:35:58.92294308, 1.1067E+00, 2.2333E+00, 2.6667E-01,
16:35:58.92294313, 1.0933E+00, 2.2333E+00, 1.3333E-01,
16:35:58.92294318, 1.0933E+00, 2.2333E+00, 0.0000E+00,
16:35:58.92294323, 1.0667E+00, 2.2000E+00, 0.0000E+00,
16:35:58.92294328, 1.0800E+00, 2.2333E+00, 0.0000E+00,
16:35:58.92294333, 1.0667E+00, 2.2333E+00, 2.6667E-01,
16:35:58.92294338, 1.0800E+00, 2.2333E+00,-2.6667E-01,
16:35:58.92294343, 1.1067E+00, 2.2333E+00, 0.0000E+00,
16:35:58.92294348, 1.0933E+00, 2.3000E+00, 2.6667E-01,
16:35:58.92294353, 1.0933E+00, 2.2667E+00, 0.0000E+00,
16:35:58.92294358, 1.1067E+00, 2.3000E+00, 2.6667E-01,
16:35:58.92294363, 1.0933E+00, 2.2333E+00, 1.3333E-01,
16:35:58.92294368, 1.1067E+00, 2.2667E+00, 2.6667E-01,
16:35:58.92294373, 1.0933E+00, 2.2333E+00, 0.0000E+00,
16:35:58.92294378, 1.0933E+00, 2.2333E+00, 1.3333E-01,
16:35:58.92294383, 1.0800E+00, 2.2333E+00, 1.3333E-01,
16:35:58.92294388, 1.0800E+00, 2.2333E+00, 0.0000E+00,
16:35:58.92294393, 1.0933E+00, 2.2333E+00, 2.6667E-01,
16:35:58.92294398, 1.0800E+00, 2.2333E+00,-1.3333E-01,
16:35:58.92294403, 1.1067E+00, 2.2333E+00, 1.3333E-01,
16:35:58.92294408, 1.1067E+00, 2.2333E+00, 2.6667E-01,
16:35:58.92294413, 1.1333E+00, 2.2333E+00, 1.3333E-01,
16:35:58.92294418, 1.0800E+00, 2.2333E+00, 0.0000E+00,
16:35:58.92294423, 1.0667E+00, 2.2333E+00, 0.0000E+00,
16:35:58.92294428, 1.0533E+00, 2.2333E+00, 1.3333E-01,
16:35:58.92294433, 1.0667E+00, 2.2333E+00, 0.0000E+00,
16:35:58.92294438, 1.1067E+00, 2.2333E+00, 1.3333E-01,
16:35:58.92294443, 1.0933E+00, 2.2000E+00, 0.0000E+00,
16:35:58.92294448, 1.1067E+00, 2.2333E+00, 0.0000E+00,
16:35:58.92294453, 1.1067E+00, 2.2333E+00, 4.0000E-01,
16:35:58.92294458, 1.0667E+00, 2.2667E+00, 2.6667E-01,
16:35:58.92294463, 1.0933E+00, 2.2667E+00, 5.3333E-01,
16:35:58.92294468, 1.0800E+00, 2.2667E+00, 1.3333E-01,
16:35:58.92294473, 1.0800E+00, 2.2000E+00, 0.0000E+00,
16:35:58.92294478, 1.0800E+00, 2.2667E+00, 2.6667E-01,
16:35:58.92294483, 1.0533E+00, 2.2333E+00,-1.3333E-01,
16:35:58.92294488, 1.0933E+00, 2.2000E+00, 1.3333E-01,
16:35:58.92294493, 1.0933E+00, 2.2333E+00, 4.0000E-01,
16:35:58.92294498, 1.0800E+00, 2.2333E+00, 4.0000E-01,
16:35:58.92294503, 1.0933E+00, 2.2667E+00, 1.3333E-01,
16:35:58.92294508, 1.0667E+00, 2.2333E+00, 1.3333E-01,
16:35:58.92294513, 1.1333E+00, 2.2333E+00, 1.3333E-01,
16:35:58.92294518, 1.1067E+00, 2.2333E+00, 1.3333E-01,
16:35:58.92294523, 1.0933E+00, 2.3000E+00,-4.0000E-01,
16:35:58.92294528, 1.0667E+00, 2.2333E+00, 1.3333E-01,
16:35:58.92294533, 1.0800E+00, 2.2333E+00, 0.0000E+00,
16:35:58.92294538, 1.0800E+00, 2.1667E+00, 4.0000E-01,
16:35:58.92294543, 1.0933E+00, 2.2333E+00, 0.0000E+00,
16:35:58.92294548, 1.0933E+00, 2.2000E+00, 4.0000E-01,
16:35:58.92294553, 1.0800E+00, 2.2333E+00, 1.3333E-01,
16:35:58.92294558, 1.1067E+00, 2.3000E+00, 0.0000E+00,
16:35:58.92294563, 1.1067E+00, 2.2333E+00, 1.3333E-01,
16:35:58.92294568, 1.0933E+00, 2.2667E+00, 1.3333E-01,
16:35:58.92294573, 1.0933E+00, 2.2333E+00, 0.0000E+00,
16:35:58.92294578, 1.0667E+00, 2.2333E+00, 4.0000E-01,
16:35:58.92294583, 1.0933E+00, 2.2333E+00, 5.3333E-01,
16:35:58.92294588, 1.0667E+00, 2.2333E+00, 2.6667E-01,
16:35:58.92294593, 1.0533E+00, 2.2333E+00, 1.3333E-01,
16:35:58.92294598, 1.0800E+00, 2.2333E+00, 1.3333E-01,
16:35:58.92294603, 1.1200E+00, 2.2333E+00, 1.3333E-01,
16:35:58.92294608, 1.0800E+00, 2.2667E+00, 0.0000E+00,
16:35:58.92294613, 1.0933E+00, 2.2333E+00, 2.6667E-01,
16:35:58.92294618, 1.0800E+00, 2.2333E+00, 0.0000E+00,
16:35:58.92294623, 1.0533E+00, 2.2000E+00, 0.0000E+00,
16:35:58.92294628, 1.0933E+00, 2.2333E+00, 4.0000E-01,
16:35:58.92294633, 1.0933E+00, 2.2333E+00, 2.6667E-01,
16:35:58.92294638, 1.0533E+00, 2.2000E+00,-1.3333E-01,
16:35:58.92294643, 1.1067E+00, 2.2667E+00, 2.6667E-01,
16:35:58.92294648, 1.1067E+00, 2.2333E+00, 2.6667E-01,
16:35:58.92294653, 1.0667E+00, 2.3000E+00, 2.6667E-01,
16:35:58.92294658, 1.0800E+00, 2.3000E+00, 1.3333E-01,
16:35:58.92294663, 1.0933E+00, 2.2333E+00, 1.3333E-01,
16:35:58.92294668, 1.0667E+00, 2.2333E+00, 1.3333E-01,
16:35:58.92294673, 1.0533E+00, 2.2333E+00, 1.3333E-01,
16:35:58.92294678, 1.0800E+00, 2.2333E+00, 0.0000E+00,
16:35:58.92294683, 1.0800E+00, 2.2667E+00,-1.3333E-01,
16:35:58.92294688, 1.0933E+00, 2.2333E+00, 0.0000E+00,
16:35:58.92294693, 1.1067E+00, 2.2333E+00, 2.6667E-01,
16:35:58.92294698, 1.1067E+00, 2.2333E+00, 2.6667E-01,
16:35:58.92294703, 1.1067E+00, 2.2333E+00, 1.3333E-01,
16:35:58.92294708, 1.0933E+00, 2.2333E+00, 2.6667E-01,
16:35:58.92294713, 1.0667E+00, 2.2333E+00, 1.3333E-01,
16:35:58.92294718, 1.0800E+00, 2.2333E+00, 2.6667E-01,
16:35:58.92294723, 1.0400E+00, 2.2333E+00,-1.3333E-01,
16:35:58.92294728, 1.0933E+00, 2.2333E+00, 1.3333E-01,
16:35:58.92294733, 1.0800E+00, 2.2333E+00, 2.6667E-01,
16:35:58.92294738, 1.0933E+00, 2.2333E+00, 2.6667E-01,
16:35:58.92294743, 1.0933E+00, 2.2667E+00, 1.3333E-01,
16:35:58.92294748, 1.0933E+00, 2.2333E+00, 2.6667E-01,
16:35:58.92294753, 1.0933E+00, 2.2333E+00, 0.0000E+00,
16:35:58.92294758, 1.1067E+00, 2.2333E+00,-2.6667E-01,
16:35:58.92294763, 1.0667E+00, 2.2333E+00, 2.6667E-01,
16:35:58.92294768, 1.0667E+00, 2.2000E+00, 1.3333E-01,
16:35:58.92294773, 1.0667E+00, 2.2333E+00, 0.0000E+00,
16:35:58.92294778, 1.1067E+00, 2.2333E+00, 0.0000E+00,
16:35:58.92294783, 1.0933E+00, 2.2000E+00, 0.0000E+00,
16:35:58.92294788, 1.1067E+00, 2.2333E+00,-1.3333E-01,
16:35:58.92294793, 1.1200E+00, 2.2667E+00, 0.0000E+00,
16:35:58.92294798, 1.1067E+00, 2.2333E+00, 4.0000E-01,
16:35:58.92294803, 1.0933E+00, 2.3000E+00, 4.0000E-01,
16:35:58.92294808, 1.1067E+00, 2.2333E+00, 1.3333E-01,
16:35:58.92294813, 1.0667E+00, 2.2333E+00, 2.6667E-01,
16:35:58.92294818, 1.0667E+00, 2.2667E+00, 2.6667E-01,
16:35:58.92294823, 1.0933E+00, 2.2333E+00, 0.0000E+00,
16:35:58.92294828, 1.0933E+00, 2.2333E+00, 2.6667E-01,
16:35:58.92294833, 1.0933E+00, 2.2667E+00, 1.3333E-01,
16:35:58.92294838, 1.0800E+00, 2.2667E+00, 1.3333E-01,
16:35:58.92294843, 1.0933E+00, 2.2333E+00, 0.0000E+00,
16:35:58.92294848, 1.0533E+00, 2.3000E+00, 1.3333E-01,
16:35:58.92294853, 1.0933E+00, 2.2333E+00, 1.3333E-01,
16:35:58.92294858, 1.0800E+00, 2.3000E+00, 2.6667E-01,
16:35:58.92294863, 1.0800E+00, 2.2000E+00,-2.6667E-01,
16:35:58.92294868, 1.0667E+00, 2.2333E+00, 2.6667E-01,
16:35:58.92294873, 1.0800E+00, 2.2333E+00, 1.3333E-01,
16:35:58.92294878, 1.1067E+00, 2.2333E+00, 4.0000E-01,
16:35:58.92294883, 1.0933E+00, 2.2333E+00, 1.3333E-01,
16:35:58.92294888, 1.0800E+00, 2.3000E+00, 2.6667E-01,
16:35:58.92294893, 1.0800E+00, 2.2333E+00, 0.0000E+00,
16:35:58.92294898, 1.0933E+00, 2.1333E+00, 4.0000E-01,
16:35:58.92294903, 1.0800E+00, 2.2333E+00, 4.0000E-01,
16:35:58.92294908, 1.0667E+00, 2.2333E+00, 0.0000E+00,
16:35:58.92294913, 1.0933E+00, 2.2333E+00,-1.3333E-01,
16:35:58.92294918, 1.0800E+00, 2.1667E+00,-2.6667E-01,
16:35:58.92294923, 1.0667E+00, 2.2333E+00, 2.6667E-01,
16:35:58.92294928, 1.0933E+00, 2.2333E+00, 1.3333E-01,
16:35:58.92294933, 1.0933E+00, 2.2333E+00,-2.6667E-01,
16:35:58.92294938, 1.0800E+00, 2.2000E+00,-1.3333E-01,
16:35:58.92294943, 1.0800E+00, 2.2667E+00, 2.6667E-01,
16:35:58.92294948, 1.0533E+00, 2.2333E+00, 4.0000E-01,
16:35:58.92294953, 1.1067E+00, 2.2667E+00, 5.3333E-01,
16:35:58.92294958, 1.1067E+00, 2.2333E+00, 1.3333E-01,
16:35:58.92294963, 1.0533E+00, 2.2667E+00, 1.3333E-01,
16:35:58.92294968, 1.0800E+00, 2.2333E+00, 1.3333E-01,
16:35:58.92294973, 1.1067E+00, 2.2333E+00, 0.0000E+00,
16:35:58.92294978, 1.0933E+00, 2.2333E+00, 4.0000E-01,
16:35:58.92294983, 1.1067E+00, 2.2333E+00, 2.6667E-01,
16:35:58.92294988, 1.0933E+00, 2.2000E+00, 2.6667E-01,
16:35:58.92294993, 1.0800E+00, 2.2667E+00, 4.0000E-01,
16:35:58.92294998, 1.0933E+00, 2.2667E+00, 0.0000E+00,
16:35:58.92295003, 1.0133E+00, 2.2333E+00, 4.0000E-01,
16:35:58.92295008, 1.0800E+00, 2.2000E+00, 1.3333E-01,
16:35:58.92295013, 1.0800E+00, 2.2000E+00,-2.6667E-01,
16:35:58.92295018, 1.0533E+00, 2.2333E+00, 0.0000E+00,
16:35:58.92295023, 1.0800E+00, 2.2333E+00, 1.3333E-01,
16:35:58.92295028, 1.1067E+00, 2.2333E+00, 2.6667E-01,
16:35:58.92295033, 1.0933E+00, 2.2667E+00, 0.0000E+00,
16:35:58.92295038, 1.1067E+00, 2.3333E+00, 5.3333E-01,
16:35:58.92295043, 1.0800E+00, 2.2667E+00, 2.6667E-01,
16:35:58.92295048, 1.0667E+00, 2.2333E+00, 5.3333E-01,
16:35:58.92295053, 1.0667E+00, 2.3000E+00,-1.3333E-01,
16:35:58.92295058, 1.0933E+00, 2.2333E+00, 1.3333E-01,
16:35:58.92295063, 1.0933E+00, 2.3000E+00, 0.0000E+00,
16:35:58.92295068, 1.0933E+00, 2.2333E+00, 2.6667E-01,
16:35:58.92295073, 1.1067E+00, 2.2333E+00, 1.3333E-01,
16:35:58.92295078, 1.0667E+00, 2.3000E+00, 1.3333E-01,
16:35:58.92295083, 1.0933E+00, 2.2333E+00, 1.3333E-01,
16:35:58.92295088, 1.0933E+00, 2.2333E+00, 2.6667E-01,
16:35:58.92295093, 1.0800E+00, 2.2333E+00,-4.0000E-01,
16:35:58.92295098, 1.1067E+00, 2.2333E+00, 0.0000E+00,
16:35:58.92295103, 1.0667E+00, 2.3333E+00, 1.3333E-01,
16:35:58.92295108, 1.0667E+00, 2.2333E+00, 1.3333E-01,
16:35:58.92295113, 1.0800E+00, 2.2333E+00,-1.3333E-01,
16:35:58.92295118, 1.1067E+00, 2.2333E+00, 0.0000E+00,
16:35:58.92295123, 1.1067E+00, 2.3000E+00, 2.6667E-01,
16:35:58.92295128, 1.0933E+00, 2.2333E+00, 4.0000E-01,
16:35:58.92295133, 1.0667E+00, 2.2000E+00, 2.6667E-01,
16:35:58.92295138, 1.0933E+00, 2.2333E+00, 2.6667E-01,
16:35:58.92295143, 1.0933E+00, 2.2000E+00, 2.6667E-01,
16:35:58.92295148, 1.1067E+00, 2.2333E+00, 2.6667E-01,
16:35:58.92295153, 1.0800E+00, 2.2667E+00,-1.3333E-01,
16:35:58.92295158, 1.0667E+00, 2.2333E+00,-2.6667E-01,
16:35:58.92295163, 1.1067E+00, 2.2333E+00, 1.3333E-01,
16:35:58.92295168, 1.1067E+00, 2.2333E+00,-1.3333E-01,
16:35:58.92295173, 1.0800E+00, 2.2333E+00, 0.0000E+00,
16:35:58.92295178, 1.0933E+00, 2.2667E+00, 2.6667E-01,
16:35:58.92295183, 1.0800E+00, 2.2333E+00, 2.6667E-01,
16:35:58.92295188, 1.0800E+00, 2.2333E+00, 0.0000E+00,
16:35:58.92295193, 1.1067E+00, 2.2333E+00, 1.3333E-01,
16:35:58.92295198, 1.0933E+00, 2.2333E+00,-1.3333E-01,
16:35:58.92295203, 1.0800E+00, 2.2333E+00, 4.0000E-01,
16:35:58.92295208, 1.0800E+00, 2.2333E+00, 0.0000E+00,
16:35:58.92295213, 1.0800E+00, 2.2667E+00, 2.6667E-01,
16:35:58.92295218, 1.0933E+00, 2.2333E+00, 2.6667E-01,
16:35:58.92295223, 1.0933E+00, 2.2000E+00, 2.6667E-01,
16:35:58.92295228, 1.1067E+00, 2.2000E+00, 1.3333E-01,
16:35:58.92295233, 1.0533E+00, 2.2000E+00, 2.6667E-01,
16:35:58.92295238, 1.0933E+00, 2.2667E+00, 5.3333E-01,
16:35:58.92295243, 1.0933E+00, 2.3000E+00, 2.6667E-01,
16:35:58.92295248, 1.0667E+00, 2.3000E+00, 1.3333E-01,
16:35:58.92295253, 1.0800E+00, 2.2333E+00,-1.3333E-01,
16:35:58.92295258, 1.0800E+00, 2.2667E+00, 1.3333E-01,
16:35:58.92295263, 1.0933E+00, 2.2333E+00, 1.3333E-01,
16:35:58.92295268, 1.0933E+00, 2.2667E+00, 1.3333E-01,
16:35:58.92295273, 1.0800E+00, 2.2333E+00, 0.0000E+00,
16:35:58.92295278, 1.0800E+00, 2.2333E+00, 1.3333E-01,
16:35:58.92295283, 1.0800E+00, 2.2667E+00, 2.6667E-01,
16:35:58.92295288, 1.0667E+00, 2.3000E+00,-2.6667E-01,
16:35:58.92295293, 1.0667E+00, 2.2333E+00, 0.0000E+00,
16:35:58.92295298, 1.0800E+00, 2.2667E+00, 0.0000E+00,
16:35:58.92295303, 1.1067E+00, 2.2667E+00, 0.0000E+00,
16:35:58.92295308, 1.1067E+00, 2.2333E+00, 0.0000E+00,
16:35:58.92295313, 1.0800E+00, 2.2333E+00, 2.6667E-01,
16:35:58.92295318, 1.0667E+00, 2.2333E+00, 2.6667E-01,
16:35:58.92295323, 1.1067E+00, 2.2667E+00, 2.6667E-01,
16:35:58.92295328, 1.0933E+00, 2.2333E+00,-1.3333E-01,
16:35:58.92295333, 1.0933E+00, 2.2667E+00, 1.3333E-01,
16:35:58.92295338, 1.0800E+00, 2.3000E+00, 1.3333E-01,
16:35:58.92295343, 1.0800E+00, 2.2333E+00,-2.6667E-01,
16:35:58.92295348, 1.0533E+00, 2.2333E+00, 2.6667E-01,
16:35:58.92295353, 1.0933E+00, 2.2333E+00, 4.0000E-01,
16:35:58.92295358, 1.0933E+00, 2.2333E+00, 1.3333E-01,
16:35:58.92295363, 1.0800E+00, 2.2333E+00, 0.0000E+00,
16:35:58.92295368, 1.1067E+00, 2.2333E+00, 5.3333E-01,
16:35:58.92295373, 1.0933E+00, 2.2333E+00, 4.0000E-01,
16:35:58.92295378, 1.0933E+00, 2.2000E+00, 1.3333E-01,
16:35:58.92295383, 1.0933E+00, 2.2333E+00, 5.3333E-01,
16:35:58.92295388, 1.0933E+00, 2.2333E+00, 0.0000E+00,
16:35:58.92295393, 1.0800E+00, 2.2333E+00, 1.3333E-01,
16:35:58.92295398, 1.1067E+00, 2.2000E+00, 1.3333E-01,
16:35:58.92295403, 1.0800E+00, 2.2333E+00, 0.0000E+00,
16:35:58.92295408, 1.0933E+00, 2.2667E+00, 2.6667E-01,
16:35:58.92295413, 1.0933E+00, 2.2333E+00, 1.3333E-01,
16:35:58.92295418, 1.1067E+00, 2.2667E+00, 6.6667E-01,
16:35:58.92295423, 1.0800E+00, 2.2333E+00, 1.3333E-01,
16:35:58.92295428, 1.0933E+00, 2.2333E+00, 2.6667E-01,
16:35:58.92295433, 1.0267E+00, 2.2667E+00, 0.0000E+00,
16:35:58.92295438, 1.0800E+00, 2.3000E+00,-1.3333E-01,
16:35:58.92295443, 1.0800E+00, 2.2667E+00,-1.3333E-01,
16:35:58.92295448, 1.1067E+00, 2.2333E+00, 0.0000E+00,
16:35:58.92295453, 1.0933E+00, 2.2667E+00, 2.6667E-01,
16:35:58.92295458, 1.0933E+00, 2.2667E+00, 0.0000E+00,
16:35:58.92295463, 1.0933E+00, 2.2333E+00, 4.0000E-01,
16:35:58.92295468, 1.1067E+00, 2.3000E+00, 5.3333E-01,
16:35:58.92295473, 1.0800E+00, 2.2333E+00, 2.6667E-01,
16:35:58.92295478, 1.0933E+00, 2.2333E+00, 4.0000E-01,
16:35:58.92295483, 1.0800E+00, 2.2667E+00, 1.3333E-01,
16:35:58.92295488, 1.0800E+00, 2.2333E+00, 4.0000E-01,
16:35:58.92295493, 1.0800E+00, 2.2667E+00, 1.3333E-01,
16:35:58.92295498, 1.1067E+00, 2.2333E+00,-1.3333E-01,
16:35:58.92295503, 1.1067E+00, 2.3000E+00, 4.0000E-01,
16:35:58.92295508, 1.1067E+00, 2.2333E+00, 1.3333E-01,
16:35:58.92295513, 1.1067E+00, 2.2333E+00, 0.0000E+00,
16:35:58.92295518, 1.0933E+00, 2.2333E+00,-2.6667E-01,
16:35:58.92295523, 1.0933E+00, 2.2333E+00, 4.0000E-01,
16:35:58.92295528, 1.1067E+00, 2.2333E+00, 2.6667E-01,
16:35:58.92295533, 1.0400E+00, 2.2333E+00, 0.0000E+00,
16:35:58.92295538, 1.0800E+00, 2.2333E+00, 2.6667E-01,
16:35:58.92295543, 1.0933E+00, 2.2333E+00, 4.0000E-01,
16:35:58.92295548, 1.0933E+00, 2.2000E+00,-2.6667E-01,
16:35:58.92295553, 1.0933E+00, 2.2667E+00, 1.3333E-01,
16:35:58.92295558, 1.0933E+00, 2.2667E+00, 2.6667E-01,
16:35:58.92295563, 1.1067E+00, 2.2333E+00, 1.3333E-01,
16:35:58.92295568, 1.0667E+00, 2.2333E+00, 2.6667E-01,
16:35:58.92295573, 1.0667E+00, 2.2333E+00, 5.3333E-01,
16:35:58.92295578, 1.0533E+00, 2.1667E+00, 2.6667E-01,
16:35:58.92295583, 1.0800E+00, 2.3000E+00, 2.6667E-01,
16:35:58.92295588, 1.0667E+00, 2.2333E+00, 0.0000E+00,
16:35:58.92295593, 1.0933E+00, 2.2333E+00, 0.0000E+00,
16:35:58.92295598, 1.1067E+00, 2.2667E+00, 1.3333E-01,
16:35:58.92295603, 1.0800E+00, 2.2667E+00, 0.0000E+00,
16:35:58.92295608, 1.0933E+00, 2.2667E+00, 1.3333E-01,
16:35:58.92295613, 1.0933E+00, 2.2667E+00, 2.6667E-01,
16:35:58.92295618, 1.1067E+00, 2.2333E+00, 5.3333E-01,
16:35:58.92295623, 1.0800E+00, 2.2333E+00, 5.3333E-01,
16:35:58.92295628, 1.0933E+00, 2.3000E+00, 0.0000E+00,
16:35:58.92295633, 1.0800E+00, 2.2333E+00, 2.6667E-01,
16:35:58.92295638, 1.0800E+00, 2.3333E+00, 1.3333E-01,
16:35:58.92295643, 1.0800E+00, 2.2667E+00, 1.3333E-01,
16:35:58.92295648, 1.0800E+00, 2.2333E+00, 1.3333E-01,
16:35:58.92295653, 1.0933E+00, 2.3000E+00, 1.3333E-01,
16:35:58.92295658, 1.0933E+00, 2.2000E+00,-1.3333E-01,
16:35:58.92295663, 1.1067E+00, 2.2333E+00, 1.3333E-01,
16:35:58.92295668, 1.0800E+00, 2.3000E+00, 5.3333E-01,
16:35:58.92295673, 1.0800E+00, 2.2333E+00, 1.3333E-01,
16:35:58.92295678, 1.0800E+00, 2.2667E+00, 2.6667E-01,
16:35:58.92295683, 1.0800E+00, 2.2333E+00, 0.0000E+00,
16:35:58.92295688, 1.0933E+00, 2.2667E+00, 0.0000E+00,
16:35:58.92295693, 1.0667E+00, 2.2667E+00, 0.0000E+00,
16:35:58.92295698, 1.0800E+00, 2.2667E+00, 1.3333E-01,
16:35:58.92295703, 1.0933E+00, 2.2333E+00,-2.6667E-01,
16:35:58.92295708, 1.1067E+00, 2.2333E+00, 0.0000E+00,
16:35:58.92295713, 1.0933E+00, 2.2333E+00, 2.6667E-01,
16:35:58.92295718, 1.0933E+00, 2.2667E+00, 1.3333E-01,
16:35:58.92295723, 1.0667E+00, 2.2000E+00, 1.3333E-01,
16:35:58.92295728, 1.0667E+00, 2.2333E+00, 2.6667E-01,
16:35:58.92295733, 1.0800E+00, 2.2667E+00, 0.0000E+00,
16:35:58.92295738, 1.0933E+00, 2.2333E+00,-1.3333E-01,
16:35:58.92295743, 1.1067E+00, 2.2333E+00, 0.0000E+00,
16:35:58.92295748, 1.0933E+00, 2.2000E+00, 0.0000E+00,
16:35:58.92295753, 1.0667E+00, 2.2333E+00, 4.0000E-01,
16:35:58.92295758, 1.1067E+00, 2.2333E+00, 1.3333E-01,
16:35:58.92295763, 1.1067E+00, 2.2333E+00, 0.0000E+00,
16:35:58.92295768, 1.0933E+00, 2.2333E+00, 0.0000E+00,
16:35:58.92295773, 1.0667E+00, 2.2667E+00,-2.6667E-01,
16:35:58.92295778, 1.1067E+00, 2.2667E+00,-1.3333E-01,
16:35:58.92295783, 1.1067E+00, 2.2333E+00, 4.0000E-01,
16:35:58.92295788, 1.1067E+00, 2.2333E+00, 1.3333E-01,
16:35:58.92295793, 1.1067E+00, 2.2333E+00, 0.0000E+00,
16:35:58.92295798, 1.0667E+00, 2.2333E+00, 1.3333E-01,
16:35:58.92295803, 1.0933E+00, 2.2333E+00, 0.0000E+00,
16:35:58.92295808, 1.0933E+00, 2.2333E+00, 1.3333E-01,
16:35:58.92295813, 1.0933E+00, 2.2333E+00, 2.6667E-01,
16:35:58.92295818, 1.0667E+00, 2.2333E+00, 1.3333E-01,
16:35:58.92295823, 1.0800E+00, 2.2000E+00, 0.0000E+00,
16:35:58.92295828, 1.0933E+00, 2.2667E+00, 1.3333E-01,
16:35:58.92295833, 1.0933E+00, 2.2333E+00, 1.3333E-01,
16:35:58.92295838, 1.0800E+00, 2.2333E+00, 2.6667E-01,
16:35:58.92295843, 1.1067E+00, 2.3000E+00, 1.3333E-01,
16:35:58.92295848, 1.1067E+00, 2.2667E+00,-1.3333E-01,
16:35:58.92295853, 1.1067E+00, 2.2333E+00, 0.0000E+00,
16:35:58.92295858, 1.0667E+00, 2.2333E+00, 0.0000E+00,
16:35:58.92295863, 1.0800E+00, 2.2333E+00, 4.0000E-01,
16:35:58.92295868, 1.0800E+00, 2.2333E+00, 5.3333E-01,
16:35:58.92295873, 1.0667E+00, 2.2667E+00, 2.6667E-01,
16:35:58.92295878, 1.0667E+00, 2.2667E+00, 0.0000E+00,
16:35:58.92295883, 1.0800E+00, 2.2667E+00, 1.3333E-01,
16:35:58.92295888, 1.0800E+00, 2.2000E+00,-1.3333E-01,
16:35:58.92295893, 1.0667E+00, 2.2667E+00, 0.0000E+00,
16:35:58.92295898, 1.0800E+00, 2.2333E+00, 0.0000E+00,
16:35:58.92295903, 1.0800E+00, 2.2333E+00, 1.3333E-01,
16:35:58.92295908, 1.1067E+00, 2.2667E+00, 0.0000E+00,
16:35:58.92295913, 1.0533E+00, 2.2333E+00,-2.6667E-01,
16:35:58.92295918, 1.0667E+00, 2.1667E+00, 4.0000E-01,
16:35:58.92295923, 1.0933E+00, 2.2333E+00, 0.0000E+00,
16:35:58.92295928, 1.0667E+00, 2.2333E+00, 4.0000E-01,
16:35:58.92295933, 1.0933E+00, 2.2333E+00, 2.6667E-01,
16:35:58.92295938, 1.0933E+00, 2.2333E+00, 1.3333E-01,
16:35:58.92295943, 1.0933E+00, 2.2333E+00, 4.0000E-01,
16:35:58.92295948, 1.0933E+00, 2.2333E+00, 0.0000E+00,
16:35:58.92295953, 1.1200E+00, 2.2333E+00, 2.6667E-01,
16:35:58.92295958, 1.0933E+00, 2.2333E+00, 2.6667E-01,
16:35:58.92295963, 1.0667E+00, 2.2667E+00, 6.6667E-01,
16:35:58.92295968, 1.0533E+00, 2.2333E+00, 2.6667E-01,
16:35:58.92295973, 1.0800E+00, 2.2333E+00, 1.3333E-01,
16:35:58.92295978, 1.0933E+00, 2.2333E+00,-1.3333E-01,
16:35:58.92295983, 1.0800E+00, 2.1667E+00, 0.0000E+00,
16:35:58.92295988, 1.0933E+00, 2.2333E+00, 2.6667E-01,
16:35:58.92295993, 1.1067E+00, 2.2333E+00, 1.3333E-01,
16:35:58.92295998, 1.0800E+00, 2.2667E+00, 1.3333E-01,
16:35:58.92296003, 1.0933E+00, 2.2333E+00, 4.0000E-01,
16:35:58.92296008, 1.0933E+00, 2.2333E+00, 0.0000E+00,
16:35:58.92296013, 1.0933E+00, 2.2667E+00, 1.3333E-01,
16:35:58.92296018, 1.0800E+00, 2.2333E+00,-2.6667E-01,
16:35:58.92296023, 1.1067E+00, 2.2000E+00, 0.0000E+00,
16:35:58.92296028, 1.0667E+00, 2.2000E+00, 4.0000E-01,
16:35:58.92296033, 1.0933E+00, 2.2333E+00, 1.3333E-01,
16:35:58.92296038, 1.0800E+00, 2.2333E+00, 2.6667E-01,
16:35:58.92296043, 1.0800E+00, 2.2333E+00, 1.3333E-01,
16:35:58.92296048, 1.0933E+00, 2.2667E+00, 4.0000E-01,
16:35:58.92296053, 1.0800E+00, 2.2333E+00, 5.3333E-01,
16:35:58.92296058, 1.0933E+00, 2.2333E+00, 1.3333E-01,
16:35:58.92296063, 1.0533E+00, 2.2667E+00, 2.6667E-01,
16:35:58.92296068, 1.0800E+00, 2.2000E+00, 0.0000E+00,
16:35:58.92296073, 1.0533E+00, 2.2333E+00, 0.0000E+00,
16:35:58.92296078, 1.0933E+00, 2.2333E+00, 0.0000E+00,
16:35:58.92296083, 1.1067E+00, 2.2333E+00, 2.6667E-01,
16:35:58.92296088, 1.0667E+00, 2.2333E+00, 2.6667E-01,
16:35:58.92296093, 1.0800E+00, 2.2667E+00, 1.3333E-01,
16:35:58.92296098, 1.1067E+00, 2.2333E+00, 0.0000E+00,
16:35:58.92296103, 1.0933E+00, 2.2333E+00, 2.6667E-01,
16:35:58.92296108, 1.0800E+00, 2.2333E+00, 5.3333E-01,
16:35:58.92296113, 1.0800E+00, 2.2333E+00, 1.3333E-01,
16:35:58.92296118, 1.0800E+00, 2.2667E+00, 1.3333E-01,
16:35:58.92296123, 1.0933E+00, 2.2333E+00, 1.3333E-01,
16:35:58.92296128, 1.1200E+00, 2.2333E+00, 1.3333E-01,
16:35:58.92296133, 1.0933E+00, 2.2000E+00, 1.3333E-01,
16:35:58.92296138, 1.1067E+00, 2.2667E+00, 0.0000E+00,
16:35:58.92296143, 1.0933E+00, 2.2667E+00, 1.3333E-01,
16:35:58.92296148, 1.0933E+00, 2.2333E+00, 1.3333E-01,
16:35:58.92296153, 1.0667E+00, 2.2333E+00, 2.6667E-01,
16:35:58.92296158, 1.0267E+00, 2.2333E+00, 1.3333E-01,
16:35:58.92296163, 1.0800E+00, 2.2333E+00, 1.3333E-01,
16:35:58.92296168, 1.1067E+00, 2.3000E+00, 0.0000E+00,
16:35:58.92296173, 1.0667E+00, 2.2333E+00, 2.6667E-01,
16:35:58.92296178, 1.0933E+00, 2.2667E+00, 0.0000E+00,
16:35:58.92296183, 1.0800E+00, 2.2333E+00, 1.3333E-01,
16:35:58.92296188, 1.0933E+00, 2.3000E+00, 1.3333E-01,
16:35:58.92296193, 1.1067E+00, 2.2333E+00, 1.3333E-01,
16:35:58.92296198, 1.0667E+00, 2.2000E+00, 4.0000E-01,
16:35:58.92296203, 1.0933E+00, 2.2667E+00,-1.3333E-01,
16:35:58.92296208, 1.0800E+00, 2.2333E+00, 1.3333E-01,
16:35:58.92296213, 1.0933E+00, 2.2333E+00, 0.0000E+00,
16:35:58.92296218, 1.1067E+00, 2.2333E+00, 1.3333E-01,
16:35:58.92296223, 1.0933E+00, 2.2333E+00, 1.3333E-01,
16:35:58.92296228, 1.1067E+00, 2.2333E+00, 2.6667E-01,
16:35:58.92296233, 1.1067E+00, 2.2000E+00, 0.0000E+00,
16:35:58.92296238, 1.0933E+00, 2.2333E+00, 0.0000E+00,
16:35:58.92296243, 1.0933E+00, 2.2333E+00,-1.3333E-01,
16:35:58.92296248, 1.1067E+00, 2.2667E+00, 1.3333E-01,
16:35:58.92296253, 1.0933E+00, 2.2333E+00, 1.3333E-01,
16:35:58.92296258, 1.0933E+00, 2.2667E+00, 1.3333E-01,
16:35:58.92296263, 1.1067E+00, 2.2333E+00, 0.0000E+00,
16:35:58.92296268, 1.1067E+00, 2.2667E+00, 4.0000E-01,
16:35:58.92296273, 1.1067E+00, 2.2333E+00, 1.3333E-01,
16:35:58.92296278, 1.1067E+00, 2.2333E+00, 0.0000E+00,
16:35:58.92296283, 1.0800E+00, 2.2333E+00, 0.0000E+00,
16:35:58.92296288, 1.0933E+00, 2.2333E+00, 1.3333E-01,
16:35:58.92296293, 1.1067E+00, 2.2000E+00, 2.6667E-01,
16:35:58.92296298, 1.0800E+00, 2.2333E+00, 2.6667E-01,
16:35:58.92296303, 1.0933E+00, 2.2333E+00, 4.0000E-01,
16:35:58.92296308, 1.0800E+00, 2.2333E+00, 1.3333E-01,
16:35:58.92296313, 1.1067E+00, 2.2333E+00, 1.3333E-01,
16:35:58.92296318, 1.0667E+00, 2.2333E+00, 1.3333E-01,
16:35:58.92296323, 1.0933E+00, 2.2333E+00, 0.0000E+00,
16:35:58.92296328, 1.0800E+00, 2.2667E+00, 2.6667E-01,
16:35:58.92296333, 1.1067E+00, 2.1667E+00, 2.6667E-01,
16:35:58.92296338, 1.1067E+00, 2.2333E+00, 1.3333E-01,
16:35:58.92296343, 1.0933E+00, 2.2333E+00, 0.0000E+00,
16:35:58.92296348, 1.0400E+00, 2.2333E+00, 0.0000E+00,
16:35:58.92296353, 1.0800E+00, 2.2333E+00, 4.0000E-01,
16:35:58.92296358, 1.0933E+00, 2.2000E+00, 0.0000E+00,
16:35:58.92296363, 1.0800E+00, 2.2667E+00,-2.6667E-01,
16:35:58.92296368, 1.1067E+00, 2.2333E+00, 2.6667E-01,
16:35:58.92296373, 1.0933E+00, 2.2000E+00,-1.3333E-01,
16:35:58.92296378, 1.1067E+00, 2.2333E+00, 1.3333E-01,
16:35:58.92296383, 1.0667E+00, 2.2667E+00, 2.6667E-01,
16:35:58.92296388, 1.0800E+00, 2.2667E+00, 1.3333E-01,
16:35:58.92296393, 1.1067E+00, 2.3000E+00, 5.3333E-01,
16:35:58.92296398, 1.0667E+00, 2.2000E+00, 5.3333E-01,
16:35:58.92296403, 1.1067E+00, 2.2333E+00, 4.0000E-01,
16:35:58.92296408, 1.0800E+00, 2.2667E+00, 4.0000E-01,
16:35:58.92296413, 1.0667E+00, 2.2000E+00, 1.3333E-01,
16:35:58.92296418, 1.0933E+00, 2.2333E+00, 0.0000E+00,
16:35:58.92296423, 1.0933E+00, 2.2333E+00,-2.6667E-01,
16:35:58.92296428, 1.1067E+00, 2.2333E+00, 1.3333E-01,
16:35:58.92296433, 1.1067E+00, 2.2667E+00, 0.0000E+00,
16:35:58.92296438, 1.0933E+00, 2.2333E+00, 2.6667E-01,
16:35:58.92296443, 1.0667E+00, 2.3000E+00, 1.3333E-01,
16:35:58.92296448, 1.0533E+00, 2.2000E+00, 2.6667E-01,
16:35:58.92296453, 1.1067E+00, 2.2667E+00, 0.0000E+00,
16:35:58.92296458, 1.0933E+00, 2.2333E+00,-2.6667E-01,
16:35:58.92296463, 1.0933E+00, 2.2000E+00, 1.3333E-01,
16:35:58.92296468, 1.1067E+00, 2.2333E+00, 5.3333E-01,
16:35:58.92296473, 1.0800E+00, 2.2333E+00,-1.3333E-01,
16:35:58.92296478, 1.0800E+00, 2.2333E+00, 0.0000E+00,
16:35:58.92296483, 1.0800E+00, 2.2333E+00, 2.6667E-01,
16:35:58.92296488, 1.0933E+00, 2.2333E+00, 1.3333E-01,
16:35:58.92296493, 1.0800E+00, 2.2667E+00, 1.3333E-01,
16:35:58.92296498, 1.1067E+00, 2.2667E+00, 1.3333E-01,
16:35:58.92296503, 1.0533E+00, 2.2333E+00, 2.6667E-01,
16:35:58.92296508, 1.0667E+00, 2.2333E+00, 4.0000E-01,
16:35:58.92296513, 1.1200E+00, 2.3000E+00, 1.3333E-01,
16:35:58.92296518, 1.0933E+00, 2.2333E+00, 4.0000E-01,
16:35:58.92296523, 1.1067E+00, 2.2333E+00,-2.6667E-01,
16:35:58.92296528, 1.1067E+00, 2.2000E+00, 0.0000E+00,
16:35:58.92296533, 1.0933E+00, 2.2667E+00, 2.6667E-01,
16:35:58.92296538, 1.0933E+00, 2.2667E+00, 2.6667E-01,
16:35:58.92296543, 1.0533E+00, 2.2333E+00, 1.3333E-01,
16:35:58.92296548, 1.0667E+00, 2.2667E+00, 4.0000E-01,
16:35:58.92296553, 1.1067E+00, 2.2333E+00,-1.3333E-01,
16:35:58.92296558, 1.0800E+00, 2.2667E+00,-1.3333E-01,
16:35:58.92296563, 1.0933E+00, 2.2333E+00, 0.0000E+00,
16:35:58.92296568, 1.1067E+00, 2.2667E+00, 0.0000E+00,
16:35:58.92296573, 1.1067E+00, 2.2333E+00, 1.3333E-01,
16:35:58.92296578, 1.0800E+00, 2.2000E+00, 2.6667E-01,
16:35:58.92296583, 1.0800E+00, 2.2667E+00, 1.3333E-01,
16:35:58.92296588, 1.0400E+00, 2.3000E+00, 2.6667E-01,
16:35:58.92296593, 1.0400E+00, 2.2333E+00, 2.6667E-01,
16:35:58.92296598, 1.0933E+00, 2.2333E+00, 5.3333E-01,
16:35:58.92296603, 1.0667E+00, 2.2333E+00,-1.3333E-01,
16:35:58.92296608, 1.1067E+00, 2.2333E+00, 0.0000E+00,
16:35:58.92296613, 1.1067E+00, 2.2333E+00, 2.6667E-01,
16:35:58.92296618, 1.1200E+00, 2.2333E+00, 0.0000E+00,
16:35:58.92296623, 1.0933E+00, 2.2667E+00, 0.0000E+00,
16:35:58.92296628, 1.0933E+00, 2.2333E+00, 0.0000E+00,
16:35:58.92296633, 1.0533E+00, 2.2333E+00, 0.0000E+00,
16:35:58.92296638, 1.0800E+00, 2.2667E+00, 1.3333E-01,
16:35:58.92296643, 1.1067E+00, 2.3000E+00, 4.0000E-01,
16:35:58.92296648, 1.1067E+00, 2.2333E+00, 2.6667E-01,
16:35:58.92296653, 1.0667E+00, 2.2667E+00,-2.6667E-01,
16:35:58.92296658, 1.0933E+00, 2.2667E+00, 1.3333E-01,
16:35:58.92296663, 1.0667E+00, 2.2333E+00,-1.3333E-01,
16:35:58.92296668, 1.0933E+00, 2.2333E+00, 4.0000E-01,
16:35:58.92296673, 1.1067E+00, 2.2333E+00, 2.6667E-01,
16:35:58.92296678, 1.0933E+00, 2.2333E+00, 1.3333E-01,
16:35:58.92296683, 1.0800E+00, 2.2333E+00, 0.0000E+00,
16:35:58.92296688, 1.0533E+00, 2.2000E+00, 2.6667E-01,
16:35:58.92296693, 1.1067E+00, 2.2333E+00, 1.3333E-01,
16:35:58.92296698, 1.0533E+00, 2.2333E+00, 1.3333E-01,
16:35:58.92296703, 1.1200E+00, 2.2333E+00, 2.6667E-01,
16:35:58.92296708, 1.1067E+00, 2.2333E+00,-1.3333E-01,
16:35:58.92296713, 1.1067E+00, 2.2667E+00,-1.3333E-01,
16:35:58.92296718, 1.0667E+00, 2.2667E+00, 1.3333E-01,
16:35:58.92296723, 1.0933E+00, 2.2333E+00, 4.0000E-01,
16:35:58.92296728, 1.0800E+00, 2.2333E+00, 0.0000E+00,
16:35:58.92296733, 1.0800E+00, 2.3000E+00, 2.6667E-01,
16:35:58.92296738, 1.0533E+00, 2.2667E+00, 2.6667E-01,
16:35:58.92296743, 1.0800E+00, 2.2333E+00, 4.0000E-01,
16:35:58.92296748, 1.0933E+00, 2.2667E+00, 1.3333E-01,
16:35:58.92296753, 1.0933E+00, 2.3000E+00,-1.3333E-01,
16:35:58.92296758, 1.0800E+00, 2.2667E+00, 2.6667E-01,
16:35:58.92296763, 1.0933E+00, 2.2333E+00, 0.0000E+00,
16:35:58.92296768, 1.1067E+00, 2.2333E+00,-1.3333E-01,
16:35:58.92296773, 1.0800E+00, 2.2333E+00, 2.6667E-01,
16:35:58.92296778, 1.0667E+00, 2.3000E+00, 1.3333E-01,
16:35:58.92296783, 1.0667E+00, 2.2333E+00, 0.0000E+00,
16:35:58.92296788, 1.0667E+00, 2.1667E+00, 6.6667E-01,
16:35:58.92296793, 1.0667E+00, 2.2333E+00, 2.6667E-01,
16:35:58.92296798, 1.0933E+00, 2.2333E+00,-1.3333E-01,
16:35:58.92296803, 1.0933E+00, 2.3000E+00, 4.0000E-01,
16:35:58.92296808, 1.1200E+00, 2.2333E+00, 4.0000E-01,
16:35:58.92296813, 1.0800E+00, 2.2333E+00, 1.3333E-01,
16:35:58.92296818, 1.0933E+00, 2.2667E+00, 2.6667E-01,
16:35:58.92296823, 1.0533E+00, 2.2333E+00, 2.6667E-01,
16:35:58.92296828, 1.0400E+00, 2.2667E+00, 2.6667E-01,
16:35:58.92296833, 1.0933E+00, 2.2333E+00, 2.6667E-01,
16:35:58.92296838, 1.0933E+00, 2.2000E+00, 1.3333E-01,
16:35:58.92296843, 1.0667E+00, 2.2333E+00, 1.3333E-01,
16:35:58.92296848, 1.0933E+00, 2.2333E+00,-1.3333E-01,
16:35:58.92296853, 1.0933E+00, 2.2667E+00, 1.3333E-01,
16:35:58.92296858, 1.0800E+00, 2.3000E+00, 0.0000E+00,
16:35:58.92296863, 1.1067E+00, 2.2333E+00,-1.3333E-01,
16:35:58.92296868, 1.1067E+00, 2.2333E+00, 2.6667E-01,
16:35:58.92296873, 1.1067E+00, 2.2667E+00, 2.6667E-01,
16:35:58.92296878, 1.1067E+00, 2.2333E+00, 1.3333E-01,
16:35:58.92296883, 1.0933E+00, 2.2000E+00, 1.3333E-01,
16:35:58.92296888, 1.1067E+00, 2.2333E+00, 1.3333E-01,
16:35:58.92296893, 1.1067E+00, 2.2333E+00, 0.0000E+00,
16:35:58.92296898, 1.1067E+00, 2.2333E+00, 1.3333E-01,
16:35:58.92296903, 1.1067E+00, 2.2333E+00, 0.0000E+00,
16:35:58.92296908, 1.0933E+00, 2.2333E+00,-1.3333E-01,
16:35:58.92296913, 1.0667E+00, 2.2333E+00, 0.0000E+00,
16:35:58.92296918, 1.0800E+00, 2.3000E+00, 0.0000E+00,
16:35:58.92296923, 1.0800E+00, 2.2667E+00, 2.6667E-01,
16:35:58.92296928, 1.0667E+00, 2.2333E+00, 1.3333E-01,
16:35:58.92296933, 1.0800E+00, 2.2000E+00, 0.0000E+00,
16:35:58.92296938, 1.1067E+00, 2.2333E+00, 2.6667E-01,
16:35:58.92296943, 1.0933E+00, 2.2333E+00, 1.3333E-01,
16:35:58.92296948, 1.1067E+00, 2.2667E+00, 1.3333E-01,
16:35:58.92296953, 1.1067E+00, 2.2667E+00, 1.3333E-01,
16:35:58.92296958, 1.0933E+00, 2.2333E+00, 2.6667E-01,
16:35:58.92296963, 1.0933E+00, 2.2333E+00,-1.3333E-01,
16:35:58.92296968, 1.0400E+00, 2.3000E+00,-2.6667E-01,
16:35:58.92296973, 1.0800E+00, 2.2667E+00, 2.6667E-01,
16:35:58.92296978, 1.1067E+00, 2.2333E+00, 2.6667E-01,
16:35:58.92296983, 1.1067E+00, 2.2333E+00, 1.3333E-01,
16:35:58.92296988, 1.0933E+00, 2.2333E+00, 0.0000E+00,
16:35:58.92296993, 1.0933E+00, 2.2333E+00, 2.6667E-01,
16:35:58.92296998, 1.0800E+00, 2.2667E+00, 1.3333E-01,
16:35:58.92297003, 1.1067E+00, 2.2333E+00, 2.6667E-01,
16:35:58.92297008, 1.0933E+00, 2.2333E+00, 1.3333E-01,
16:35:58.92297013, 1.1200E+00, 2.2667E+00, 0.0000E+00,
16:35:58.92297018, 1.0800E+00, 2.2667E+00,-1.3333E-01,
16:35:58.92297023, 1.0667E+00, 2.2333E+00,-1.3333E-01,
16:35:58.92297028, 1.0800E+00, 2.2333E+00, 4.0000E-01,
16:35:58.92297033, 1.0800E+00, 2.2333E+00, 2.6667E-01,
16:35:58.92297038, 1.0933E+00, 2.2667E+00, 0.0000E+00,
16:35:58.92297043, 1.1067E+00, 2.2333E+00, 0.0000E+00,
16:35:58.92297048, 1.0933E+00, 2.2333E+00, 2.6667E-01,
16:35:58.92297053, 1.1200E+00, 2.2333E+00, 1.3333E-01,
16:35:58.92297058, 1.0933E+00, 2.2667E+00,-2.6667E-01,
16:35:58.92297063, 1.0800E+00, 2.2333E+00, 0.0000E+00,
16:35:58.92297068, 1.1067E+00, 2.2000E+00, 0.0000E+00,
16:35:58.92297073, 1.1067E+00, 2.2333E+00, 4.0000E-01,
16:35:58.92297078, 1.0800E+00, 2.2333E+00,-2.6667E-01,
16:35:58.92297083, 1.0933E+00, 2.2333E+00, 1.3333E-01,
16:35:58.92297088, 1.1067E+00, 2.2667E+00, 2.6667E-01,
16:35:58.92297093, 1.0800E+00, 2.2333E+00, 1.3333E-01,
16:35:58.92297098, 1.1067E+00, 2.2333E+00, 0.0000E+00,
16:35:58.92297103, 1.0800E+00, 2.2333E+00,-1.3333E-01,
16:35:58.92297108, 1.0800E+00, 2.3000E+00, 0.0000E+00,
16:35:58.92297113, 1.0933E+00, 2.2667E+00, 4.0000E-01,
16:35:58.92297118, 1.1067E+00, 2.2333E+00, 4.0000E-01,
16:35:58.92297123, 1.0800E+00, 2.2333E+00, 1.3333E-01,
16:35:58.92297128, 1.0933E+00, 2.2333E+00, 2.6667E-01,
16:35:58.92297133, 1.0800E+00, 2.2333E+00, 0.0000E+00,
16:35:58.92297138, 1.0933E+00, 2.2333E+00, 1.3333E-01,
16:35:58.92297143, 1.0933E+00, 2.2000E+00, 4.0000E-01,
16:35:58.92297148, 1.0933E+00, 2.2667E+00, 4.0000E-01,
16:35:58.92297153, 1.1067E+00, 2.2667E+00, 0.0000E+00,
16:35:58.92297158, 1.0667E+00, 2.2000E+00, 1.3333E-01,
16:35:58.92297163, 1.0800E+00, 2.3000E+00, 0.0000E+00,
16:35:58.92297168, 1.0933E+00, 2.3000E+00, 0.0000E+00,
16:35:58.92297173, 1.1067E+00, 2.2333E+00, 2.6667E-01,
16:35:58.92297178, 1.1067E+00, 2.2667E+00, 1.3333E-01,
16:35:58.92297183, 1.0533E+00, 2.2333E+00, 4.0000E-01,
16:35:58.92297188, 1.0800E+00, 2.2667E+00, 1.3333E-01,
16:35:58.92297193, 1.0933E+00, 2.2333E+00, 4.0000E-01,
16:35:58.92297198, 1.0933E+00, 2.2333E+00, 0.0000E+00,
16:35:58.92297203, 1.0933E+00, 2.2333E+00, 0.0000E+00,
16:35:58.92297208, 1.0533E+00, 2.3000E+00, 5.3333E-01,
16:35:58.92297213, 1.0800E+00, 2.3000E+00, 0.0000E+00,
16:35:58.92297218, 1.0933E+00, 2.2333E+00, 1.3333E-01,
16:35:58.92297223, 1.1067E+00, 2.2000E+00, 2.6667E-01,
16:35:58.92297228, 1.1200E+00, 2.2667E+00,-1.3333E-01,
16:35:58.92297233, 1.1067E+00, 2.2333E+00, 1.3333E-01,
16:35:58.92297238, 1.0933E+00, 2.2333E+00, 1.3333E-01,
16:35:58.92297243, 1.1067E+00, 2.2667E+00,-1.3333E-01,
16:35:58.92297248, 1.0667E+00, 2.2333E+00, 0.0000E+00,
16:35:58.92297253, 8.1333E-01, 2.2333E+00,-1.3333E-01,
16:35:58.92297258, 6.6667E-01, 2.2333E+00, 0.0000E+00,
16:35:58.92297263, 6.4000E-01, 2.2333E+00,-1.3333E-01,
16:35:58.92297268, 6.2667E-01, 2.2333E+00, 1.3333E-01,
16:35:58.92297273, 6.4000E-01, 2.2333E+00, 4.0000E-01,
16:35:58.92297278, 6.0000E-01, 2.2333E+00, 2.6667E-01,
16:35:58.92297283, 5.8667E-01, 2.2333E+00, 4.0000E-01,
16:35:58.92297288, 5.8667E-01, 2.2333E+00,-1.3333E-01,
16:35:58.92297293, 5.7333E-01, 2.2333E+00, 4.0000E-01,
16:35:58.92297298, 5.7333E-01, 2.2333E+00, 0.0000E+00,
16:35:58.92297303, 5.7333E-01, 2.2333E+00, 1.3333E-01,
16:35:58.92297308, 5.4667E-01, 2.2333E+00, 1.3333E-01,
16:35:58.92297313, 5.6000E-01, 2.2333E+00, 1.3333E-01,
16:35:58.92297318, 5.6000E-01, 2.2667E+00, 1.3333E-01,
16:35:58.92297323, 5.6000E-01, 2.2667E+00,-1.3333E-01,
16:35:58.92297328, 5.6000E-01, 2.2333E+00, 0.0000E+00,
16:35:58.92297333, 5.4667E-01, 2.2333E+00, 1.3333E-01,
16:35:58.92297338, 5.4667E-01, 2.3000E+00, 1.3333E-01,
16:35:58.92297343, 5.4667E-01, 2.2333E+00, 0.0000E+00,
16:35:58.92297348, 5.3333E-01, 2.3000E+00, 2.6667E-01,
16:35:58.92297353, 5.2000E-01, 2.2333E+00, 0.0000E+00,
16:35:58.92297358, 5.3333E-01, 2.2667E+00, 1.3333E-01,
16:35:58.92297363, 5.4667E-01, 2.2667E+00, 1.3333E-01,
16:35:58.92297368, 5.4667E-01, 2.2333E+00, 4.0000E-01,
16:35:58.92297373, 5.2000E-01, 2.2333E+00, 2.6667E-01,
16:35:58.92297378, 5.3333E-01, 2.2333E+00, 1.3333E-01,
16:35:58.92297383, 5.3333E-01, 2.3333E+00,-1.3333E-01,
16:35:58.92297388, 5.2000E-01, 2.2667E+00,-2.6667E-01,
16:35:58.92297393, 5.3333E-01, 2.3000E+00,-4.0000E-01,
16:35:58.92297398, 5.2000E-01, 2.2333E+00,-1.3333E-01,
16:35:58.92297403, 5.3333E-01, 2.2000E+00, 1.3333E-01,
16:35:58.92297408, 5.2000E-01, 2.2333E+00, 2.6667E-01,
16:35:58.92297413, 5.2000E-01, 2.2667E+00, 4.0000E-01,
16:35:58.92297418, 5.2000E-01, 2.2333E+00, 0.0000E+00,
16:35:58.92297423, 5.2000E-01, 2.2333E+00, 1.3333E-01,
16:35:58.92297428, 5.3333E-01, 2.2333E+00, 2.6667E-01,
16:35:58.92297433, 5.2000E-01, 2.3333E+00, 4.0000E-01,
16:35:58.92297438, 5.4667E-01, 2.3000E+00, 2.6667E-01,
16:35:58.92297443, 4.9333E-01, 2.2667E+00, 4.0000E-01,
16:35:58.92297448, 4.9333E-01, 2.2000E+00,-1.3333E-01,
16:35:58.92297453, 5.2000E-01, 2.2333E+00, 1.3333E-01,
16:35:58.92297458, 5.3333E-01, 2.2667E+00, 2.6667E-01,
16:35:58.92297463, 5.3333E-01, 2.2333E+00, 1.3333E-01,
16:35:58.92297468, 5.2000E-01, 2.2000E+00, 2.6667E-01,
16:35:58.92297473, 5.2000E-01, 2.2000E+00, 2.6667E-01,
16:35:58.92297478, 5.3333E-01, 2.2333E+00, 1.3333E-01,
16:35:58.92297483, 4.9333E-01, 2.2333E+00, 1.3333E-01,
16:35:58.92297488, 4.9333E-01, 2.2333E+00, 1.3333E-01,
16:35:58.92297493, 4.9333E-01, 2.3000E+00,-1.3333E-01,
16:35:58.92297498, 4.9333E-01, 2.3000E+00, 0.0000E+00,
16:35:58.92297503, 5.0667E-01, 2.2000E+00, 2.6667E-01,
16:35:58.92297508, 5.2000E-01, 2.2333E+00, 0.0000E+00,
16:35:58.92297513, 5.0667E-01, 2.2667E+00, 2.6667E-01,
16:35:58.92297518, 5.2000E-01, 2.2333E+00, 4.0000E-01,
16:35:58.92297523, 5.0667E-01, 2.2333E+00, 2.6667E-01,
16:35:58.92297528, 5.2000E-01, 2.2667E+00,-1.3333E-01,
16:35:58.92297533, 4.8000E-01, 2.2000E+00, 0.0000E+00,
16:35:58.92297538, 4.9333E-01, 2.2667E+00, 4.0000E-01,
16:35:58.92297543, 5.2000E-01, 2.2333E+00, 1.3333E-01,
16:35:58.92297548, 4.9333E-01, 2.2333E+00, 2.6667E-01,
16:35:58.92297553, 4.9333E-01, 2.2333E+00, 4.0000E-01,
16:35:58.92297558, 4.9333E-01, 2.2333E+00, 2.6667E-01,
16:35:58.92297563, 5.0667E-01, 2.2333E+00, 4.0000E-01,
16:35:58.92297568, 4.9333E-01, 2.2667E+00, 0.0000E+00,
16:35:58.92297573, 5.2000E-01, 2.2333E+00, 1.3333E-01,
16:35:58.92297578, 5.2000E-01, 2.2000E+00, 2.6667E-01,
16:35:58.92297583, 4.8000E-01, 2.2667E+00,-1.3333E-01,
16:35:58.92297588, 4.6667E-01, 2.2333E+00, 0.0000E+00,
16:35:58.92297593, 4.5333E-01, 2.2333E+00, 0.0000E+00,
16:35:58.92297598, 4.8000E-01, 2.2667E+00,-1.3333E-01,
16:35:58.92297603, 4.6667E-01, 2.2333E+00, 0.0000E+00,
16:35:58.92297608, 4.9333E-01, 2.2000E+00,-1.3333E-01,
16:35:58.92297613, 4.8000E-01, 2.2667E+00, 0.0000E+00,
16:35:58.92297618, 5.2000E-01, 2.2333E+00, 0.0000E+00,
16:35:58.92297623, 4.9333E-01, 2.2333E+00, 0.0000E+00,
16:35:58.92297628, 4.8000E-01, 2.2667E+00, 0.0000E+00,
16:35:58.92297633, 4.6667E-01, 2.2333E+00, 2.6667E-01,
16:35:58.92297638, 4.6667E-01, 2.1667E+00, 0.0000E+00,
16:35:58.92297643, 4.6667E-01, 2.2000E+00,-2.6667E-01,
16:35:58.92297648, 4.9333E-01, 2.2667E+00,-1.3333E-01,
16:35:58.92297653, 4.8000E-01, 2.1667E+00, 0.0000E+00,
16:35:58.92297658, 4.8000E-01, 2.2000E+00, 0.0000E+00,
16:35:58.92297663, 4.9333E-01, 2.2333E+00, 2.6667E-01,
16:35:58.92297668, 4.6667E-01, 2.2333E+00, 5.3333E-01,
16:35:58.92297673, 4.8000E-01, 2.2667E+00, 1.3333E-01,
16:35:58.92297678, 4.6667E-01, 2.2333E+00,-1.3333E-01,
16:35:58.92297683, 4.4000E-01, 2.2333E+00, 2.6667E-01,
16:35:58.92297688, 4.6667E-01, 2.2333E+00,-1.3333E-01,
16:35:58.92297693, 4.8000E-01, 2.2667E+00, 1.3333E-01,
16:35:58.92297698, 4.6667E-01, 2.2667E+00, 2.6667E-01,
16:35:58.92297703, 4.8000E-01, 2.2667E+00, 2.6667E-01,
16:35:58.92297708, 4.8000E-01, 2.2000E+00, 4.0000E-01,
16:35:58.92297713, 4.5333E-01, 2.2667E+00, 2.6667E-01,
16:35:58.92297718, 4.9333E-01, 2.2333E+00, 1.3333E-01,
16:35:58.92297723, 4.6667E-01, 2.2333E+00, 1.3333E-01,
16:35:58.92297728, 4.5333E-01, 2.2333E+00,-1.3333E-01,
16:35:58.92297733, 4.6667E-01, 2.2333E+00, 2.6667E-01,
16:35:58.92297738, 4.5333E-01, 2.2333E+00, 1.3333E-01,
16:35:58.92297743, 4.8000E-01, 2.2333E+00,-1.3333E-01,
16:35:58.92297748, 4.5333E-01, 2.2333E+00, 4.0000E-01,
16:35:58.92297753, 4.5333E-01, 2.2333E+00, 4.0000E-01,
16:35:58.92297758, 4.8000E-01, 2.2333E+00, 1.3333E-01,
16:35:58.92297763, 4.6667E-01, 2.2333E+00, 2.6667E-01,
16:35:58.92297768, 4.8000E-01, 2.2333E+00,-1.3333E-01,
16:35:58.92297773, 4.4000E-01, 2.2667E+00, 2.6667E-01,
16:35:58.92297778, 4.2667E-01, 2.2667E+00, 0.0000E+00,
16:35:58.92297783, 4.4000E-01, 2.2000E+00, 2.6667E-01,
16:35:58.92297788, 4.4000E-01, 2.2333E+00, 0.0000E+00,
16:35:58.92297793, 4.6667E-01, 2.2333E+00, 1.3333E-01,
16:35:58.92297798, 4.2667E-01, 2.2333E+00, 1.3333E-01,
16:35:58.92297803, 4.2667E-01, 2.2333E+00,-1.3333E-01,
16:35:58.92297808, 4.4000E-01, 2.2000E+00, 5.3333E-01,
16:35:58.92297813, 4.2667E-01, 2.2333E+00, 2.6667E-01,
16:35:58.92297818, 4.4000E-01, 2.2667E+00, 0.0000E+00,
16:35:58.92297823, 4.5333E-01, 2.2333E+00, 0.0000E+00,
16:35:58.92297828, 4.4000E-01, 2.2333E+00, 2.6667E-01,
16:35:58.92297833, 4.5333E-01, 2.2333E+00, 1.3333E-01,
16:35:58.92297838, 4.4000E-01, 2.2333E+00, 4.0000E-01,
16:35:58.92297843, 4.5333E-01, 2.2000E+00, 2.6667E-01,
16:35:58.92297848, 4.5333E-01, 2.2333E+00, 5.3333E-01,
16:35:58.92297853, 4.4000E-01, 2.2333E+00, 1.3333E-01,
16:35:58.92297858, 4.6667E-01, 2.2667E+00, 2.6667E-01,
16:35:58.92297863, 4.4000E-01, 2.2667E+00, 4.0000E-01,
16:35:58.92297868, 4.4000E-01, 2.2333E+00, 1.3333E-01,
16:35:58.92297873, 4.1333E-01, 2.2333E+00,-1.3333E-01,
16:35:58.92297878, 4.0000E-01, 2.2000E+00, 2.6667E-01,
16:35:58.92297883, 4.0000E-01, 2.2333E+00, 0.0000E+00,
16:35:58.92297888, 4.2667E-01, 2.2333E+00, 0.0000E+00,
16:35:58.92297893, 4.2667E-01, 2.2333E+00, 0.0000E+00,
16:35:58.92297898, 4.1333E-01, 2.2333E+00, 4.0000E-01,
16:35:58.92297903, 4.2667E-01, 2.2000E+00, 1.3333E-01,
16:35:58.92297908, 4.1333E-01, 2.2333E+00, 2.6667E-01,
16:35:58.92297913, 4.5333E-01, 2.2333E+00, 2.6667E-01,
16:35:58.92297918, 4.1333E-01, 2.2333E+00, 4.0000E-01,
16:35:58.92297923, 4.5333E-01, 2.3000E+00,-1.3333E-01,
16:35:58.92297928, 3.8667E-01, 2.2333E+00, 0.0000E+00,
16:35:58.92297933, 4.1333E-01, 2.2333E+00, 0.0000E+00,
16:35:58.92297938, 4.4000E-01, 2.2333E+00,-1.3333E-01,
16:35:58.92297943, 4.0000E-01, 2.1667E+00, 1.3333E-01,
16:35:58.92297948, 4.0000E-01, 2.2333E+00, 0.0000E+00,
16:35:58.92297953, 4.1333E-01, 2.2333E+00, 1.3333E-01,
16:35:58.92297958, 4.1333E-01, 2.3000E+00, 1.3333E-01,
16:35:58.92297963, 4.1333E-01, 2.2333E+00, 4.0000E-01,
16:35:58.92297968, 4.1333E-01, 2.3000E+00, 2.6667E-01,
16:35:58.92297973, 4.4000E-01, 2.2333E+00, 0.0000E+00,
16:35:58.92297978, 4.0000E-01, 2.2333E+00,-1.3333E-01,
16:35:58.92297983, 4.1333E-01, 2.2333E+00,-2.6667E-01,
16:35:58.92297988, 3.7333E-01, 2.2000E+00, 0.0000E+00,
16:35:58.92297993, 4.2667E-01, 2.1667E+00, 1.3333E-01,
16:35:58.92297998, 4.2667E-01, 2.2333E+00, 1.3333E-01,
16:35:58.92298003, 4.0000E-01, 2.2667E+00,-1.3333E-01,
16:35:58.92298008, 3.8667E-01, 2.2667E+00,-1.3333E-01,
16:35:58.92298013, 4.2667E-01, 2.2333E+00, 4.0000E-01,
16:35:58.92298018, 4.1333E-01, 2.2333E+00, 0.0000E+00,
16:35:58.92298023, 4.1333E-01, 2.2000E+00, 1.3333E-01,
16:35:58.92298028, 3.8667E-01, 2.2333E+00, 0.0000E+00,
16:35:58.92298033, 4.1333E-01, 2.2333E+00, 0.0000E+00,
16:35:58.92298038, 4.1333E-01, 2.2667E+00,-1.3333E-01,
16:35:58.92298043, 4.2667E-01, 2.2333E+00, 0.0000E+00,
16:35:58.92298048, 4.0000E-01, 2.2000E+00, 1.3333E-01,
16:35:58.92298053, 4.2667E-01, 2.2333E+00, 1.3333E-01,
16:35:58.92298058, 4.0000E-01, 2.2333E+00, 1.3333E-01,
16:35:58.92298063, 4.1333E-01, 2.2333E+00, 1.3333E-01,
16:35:58.92298068, 3.7333E-01, 2.2333E+00, 1.3333E-01,
16:35:58.92298073, 4.1333E-01, 2.2333E+00, 1.3333E-01,
16:35:58.92298078, 3.8667E-01, 2.2333E+00, 1.3333E-01,
16:35:58.92298083, 3.8667E-01, 2.2667E+00,-1.3333E-01,
16:35:58.92298088, 3.8667E-01, 2.2333E+00, 0.0000E+00,
16:35:58.92298093, 4.0000E-01, 2.2667E+00, 1.3333E-01,
16:35:58.92298098, 4.0000E-01, 2.2333E+00, 0.0000E+00,
16:35:58.92298103, 4.1333E-01, 2.2333E+00, 2.6667E-01,
16:35:58.92298108, 4.2667E-01, 2.2000E+00, 0.0000E+00,
16:35:58.92298113, 3.7333E-01, 2.2333E+00, 0.0000E+00,
16:35:58.92298118, 3.7333E-01, 2.2667E+00, 0.0000E+00,
16:35:58.92298123, 3.7333E-01, 2.2000E+00, 2.6667E-01,
16:35:58.92298128, 4.0000E-01, 2.2000E+00,-1.3333E-01,
16:35:58.92298133, 4.1333E-01, 2.2333E+00,-1.3333E-01,
16:35:58.92298138, 4.2667E-01, 2.2333E+00, 1.3333E-01,
16:35:58.92298143, 3.8667E-01, 2.2333E+00,-1.3333E-01,
16:35:58.92298148, 3.8667E-01, 2.3333E+00, 4.0000E-01,
16:35:58.92298153, 4.0000E-01, 2.2000E+00, 2.6667E-01,
16:35:58.92298158, 3.8667E-01, 2.2333E+00, 0.0000E+00,
16:35:58.92298163, 3.7333E-01, 2.2333E+00, 2.6667E-01,
16:35:58.92298168, 3.6000E-01, 2.2667E+00, 0.0000E+00,
16:35:58.92298173, 3.7333E-01, 2.2333E+00, 0.0000E+00,
16:35:58.92298178, 3.7333E-01, 2.2333E+00, 2.6667E-01,
16:35:58.92298183, 3.8667E-01, 2.2667E+00, 2.6667E-01,
16:35:58.92298188, 4.0000E-01, 2.2667E+00, 2.6667E-01,
16:35:58.92298193, 4.0000E-01, 2.2333E+00,-1.3333E-01,
16:35:58.92298198, 4.0000E-01, 2.2000E+00, 0.0000E+00,
16:35:58.92298203, 3.8667E-01, 2.2000E+00, 1.3333E-01,
16:35:58.92298208, 3.7333E-01, 2.2000E+00, 4.0000E-01,
16:35:58.92298213, 3.7333E-01, 2.2333E+00,-1.3333E-01,
16:35:58.92298218, 3.6000E-01, 2.2333E+00, 0.0000E+00,
16:35:58.92298223, 3.7333E-01, 2.2333E+00, 2.6667E-01,
16:35:58.92298228, 3.7333E-01, 2.2667E+00,-2.6667E-01,
16:35:58.92298233, 3.8667E-01, 2.2333E+00, 1.3333E-01,
16:35:58.92298238, 3.8667E-01, 2.2667E+00, 0.0000E+00,
16:35:58.92298243, 4.0000E-01, 2.2333E+00, 4.0000E-01,
16:35:58.92298248, 3.7333E-01, 2.2333E+00, 4.0000E-01,
16:35:58.92298253, 3.8667E-01, 2.2667E+00, 2.6667E-01,
16:35:58.92298258, 3.7333E-01, 2.2667E+00, 1.3333E-01,
16:35:58.92298263, 3.4667E-01, 2.2333E+00, 4.0000E-01,
16:35:58.92298268, 3.6000E-01, 2.2333E+00, 1.3333E-01,
16:35:58.92298273, 3.4667E-01, 2.2667E+00, 1.3333E-01,
16:35:58.92298278, 3.8667E-01, 2.2667E+00, 1.3333E-01,
16:35:58.92298283, 3.6000E-01, 2.2667E+00, 1.3333E-01,
16:35:58.92298288, 3.8667E-01, 2.2667E+00, 1.3333E-01,
16:35:58.92298293, 4.0000E-01, 2.2333E+00,-4.0000E-01,
16:35:58.92298298, 3.6000E-01, 2.2333E+00, 0.0000E+00,
16:35:58.92298303, 3.7333E-01, 2.2333E+00, 4.0000E-01,
16:35:58.92298308, 3.6000E-01, 2.2333E+00, 2.6667E-01,
16:35:58.92298313, 3.7333E-01, 2.2333E+00, 0.0000E+00,
16:35:58.92298318, 3.7333E-01, 2.2667E+00, 0.0000E+00,
16:35:58.92298323, 3.8667E-01, 2.3000E+00, 2.6667E-01,
16:35:58.92298328, 3.6000E-01, 2.2667E+00, 2.6667E-01,
16:35:58.92298333, 3.7333E-01, 2.2333E+00, 2.6667E-01,
16:35:58.92298338, 3.7333E-01, 2.2333E+00, 2.6667E-01,
16:35:58.92298343, 3.7333E-01, 2.2333E+00, 0.0000E+00,
16:35:58.92298348, 3.8667E-01, 2.2333E+00, 4.0000E-01,
16:35:58.92298353, 3.7333E-01, 2.2333E+00, 2.6667E-01,
16:35:58.92298358, 3.4667E-01, 2.3000E+00, 1.3333E-01,
16:35:58.92298363, 3.3333E-01, 2.2667E+00, 2.6667E-01,
16:35:58.92298368, 3.7333E-01, 2.2333E+00, 2.6667E-01,
16:35:58.92298373, 3.7333E-01, 2.2667E+00, 1.3333E-01,
16:35:58.92298378, 3.6000E-01, 2.2333E+00, 0.0000E+00,
16:35:58.92298383, 3.4667E-01, 2.2667E+00, 1.3333E-01,
16:35:58.92298388, 3.7333E-01, 2.2333E+00, 1.3333E-01,
16:35:58.92298393, 3.4667E-01, 2.2333E+00, 4.0000E-01,
16:35:58.92298398, 3.7333E-01, 2.2333E+00, 2.6667E-01,
16:35:58.92298403, 3.3333E-01, 2.2667E+00, 2.6667E-01,
16:35:58.92298408, 3.6000E-01, 2.2667E+00, 0.0000E+00,
16:35:58.92298413, 3.3333E-01, 2.2333E+00, 0.0000E+00,
16:35:58.92298418, 3.7333E-01, 2.2333E+00, 0.0000E+00,
16:35:58.92298423, 3.4667E-01, 2.2667E+00, 2.6667E-01,
16:35:58.92298428, 3.7333E-01, 2.2000E+00, 2.6667E-01,
16:35:58.92298433, 3.8667E-01, 2.2000E+00, 1.3333E-01,
16:35:58.92298438, 3.7333E-01, 2.2000E+00, 6.6667E-01,
16:35:58.92298443, 3.7333E-01, 2.2333E+00, 4.0000E-01,
16:35:58.92298448, 3.7333E-01, 2.2333E+00, 2.6667E-01,
16:35:58.92298453, 3.4667E-01, 2.2333E+00, 0.0000E+00,
16:35:58.92298458, 3.3333E-01, 2.2667E+00, 0.0000E+00,
16:35:58.92298463, 3.4667E-01, 2.2333E+00, 5.3333E-01,
16:35:58.92298468, 3.6000E-01, 2.2333E+00, 2.6667E-01,
16:35:58.92298473, 3.4667E-01, 2.2333E+00, 1.3333E-01,
16:35:58.92298478, 3.6000E-01, 2.2333E+00, 2.6667E-01,
16:35:58.92298483, 3.3333E-01, 2.2333E+00, 2.6667E-01,
16:35:58.92298488, 3.7333E-01, 2.2000E+00, 5.3333E-01,
16:35:58.92298493, 3.6000E-01, 2.2333E+00, 1.3333E-01,
16:35:58.92298498, 3.2000E-01, 2.2667E+00, 2.6667E-01,
16:35:58.92298503, 3.4667E-01, 2.2333E+00, 2.6667E-01,
16:35:58.92298508, 3.3333E-01, 2.2333E+00, 4.0000E-01,
16:35:58.92298513, 3.3333E-01, 2.2667E+00,-1.3333E-01,
16:35:58.92298518, 3.7333E-01, 2.2333E+00, 2.6667E-01,
16:35:58.92298523, 3.6000E-01, 2.2333E+00,-1.3333E-01,
16:35:58.92298528, 3.6000E-01, 2.2333E+00,-1.3333E-01,
16:35:58.92298533, 3.7333E-01, 2.2333E+00, 2.6667E-01,
16:35:58.92298538, 3.6000E-01, 2.2333E+00, 0.0000E+00,
16:35:58.92298543, 3.6000E-01, 2.3000E+00, 1.3333E-01,
16:35:58.92298548, 3.4667E-01, 2.2667E+00, 4.0000E-01,
16:35:58.92298553, 3.4667E-01, 2.2333E+00, 0.0000E+00,
16:35:58.92298558, 3.3333E-01, 2.2000E+00,-1.3333E-01,
16:35:58.92298563, 3.4667E-01, 2.2000E+00, 0.0000E+00,
16:35:58.92298568, 3.6000E-01, 2.2667E+00, 0.0000E+00,
16:35:58.92298573, 3.2000E-01, 2.2333E+00, 1.3333E-01,
16:35:58.92298578, 3.3333E-01, 2.2000E+00, 1.3333E-01,
16:35:58.92298583, 3.4667E-01, 2.2333E+00, 5.3333E-01,
16:35:58.92298588, 3.4667E-01, 2.2333E+00, 4.0000E-01,
16:35:58.92298593, 3.3333E-01, 2.2333E+00, 2.6667E-01,
16:35:58.92298598, 3.3333E-01, 2.2333E+00, 1.3333E-01,
16:35:58.92298603, 3.2000E-01, 2.3000E+00, 0.0000E+00,
16:35:58.92298608, 3.2000E-01, 2.2333E+00,-4.0000E-01,
16:35:58.92298613, 3.2000E-01, 2.2333E+00, 2.6667E-01,
16:35:58.92298618, 3.4667E-01, 2.2667E+00, 0.0000E+00,
16:35:58.92298623, 3.3333E-01, 2.2000E+00, 0.0000E+00,
16:35:58.92298628, 3.3333E-01, 2.1667E+00, 1.3333E-01,
16:35:58.92298633, 3.4667E-01, 2.2333E+00, 4.0000E-01,
16:35:58.92298638, 3.0667E-01, 2.2333E+00,-1.3333E-01,
16:35:58.92298643, 3.3333E-01, 2.3000E+00, 1.3333E-01,
16:35:58.92298648, 3.2000E-01, 2.2667E+00, 2.6667E-01,
16:35:58.92298653, 3.4667E-01, 2.2333E+00, 0.0000E+00,
16:35:58.92298658, 3.0667E-01, 2.2333E+00, 0.0000E+00,
16:35:58.92298663, 3.4667E-01, 2.2667E+00, 1.3333E-01,
16:35:58.92298668, 3.2000E-01, 2.2000E+00, 0.0000E+00,
16:35:58.92298673, 3.3333E-01, 2.2333E+00, 0.0000E+00,
16:35:58.92298678, 3.3333E-01, 2.2333E+00, 0.0000E+00,
16:35:58.92298683, 3.3333E-01, 2.2333E+00, 1.3333E-01,
16:35:58.92298688, 3.3333E-01, 2.2333E+00, 0.0000E+00,
16:35:58.92298693, 3.0667E-01, 2.2333E+00, 1.3333E-01,
16:35:58.92298698, 3.3333E-01, 2.3000E+00, 1.3333E-01,
16:35:58.92298703, 3.0667E-01, 2.2667E+00, 0.0000E+00,
16:35:58.92298708, 3.3333E-01, 2.2333E+00, 2.6667E-01,
16:35:58.92298713, 3.2000E-01, 2.2667E+00, 0.0000E+00,
16:35:58.92298718, 2.9333E-01, 2.2333E+00, 1.3333E-01,
16:35:58.92298723, 3.3333E-01, 2.2333E+00, 0.0000E+00,
16:35:58.92298728, 2.9333E-01, 2.2333E+00, 0.0000E+00,
16:35:58.92298733, 2.9333E-01, 2.2333E+00, 0.0000E+00,
16:35:58.92298738, 2.9333E-01, 2.2667E+00, 4.0000E-01,
16:35:58.92298743, 3.0667E-01, 2.2000E+00, 2.6667E-01,
16:35:58.92298748, 2.8000E-01, 2.2000E+00, 2.6667E-01,
16:35:58.92298753, 3.2000E-01, 2.2333E+00, 1.3333E-01,
16:35:58.92298758, 2.9333E-01, 2.2333E+00, 1.3333E-01,
16:35:58.92298763, 3.0667E-01, 2.2333E+00, 4.0000E-01,
16:35:58.92298768, 3.0667E-01, 2.2333E+00, 1.3333E-01,
16:35:58.92298773, 3.2000E-01, 2.2333E+00, 1.3333E-01,
16:35:58.92298778, 3.3333E-01, 2.2333E+00, 2.6667E-01,
16:35:58.92298783, 3.0667E-01, 2.2667E+00,-2.6667E-01,
16:35:58.92298788, 2.9333E-01, 2.2333E+00, 1.3333E-01,
16:35:58.92298793, 3.2000E-01, 2.2333E+00, 2.6667E-01,
16:35:58.92298798, 3.2000E-01, 2.2667E+00, 0.0000E+00,
16:35:58.92298803, 3.2000E-01, 2.2333E+00, 1.3333E-01,
16:35:58.92298808, 3.2000E-01, 2.2333E+00, 1.3333E-01,
16:35:58.92298813, 2.9333E-01, 2.2333E+00,-1.3333E-01,
16:35:58.92298818, 3.0667E-01, 2.2333E+00, 1.3333E-01,
16:35:58.92298823, 3.2000E-01, 2.2333E+00, 1.3333E-01,
16:35:58.92298828, 3.0667E-01, 2.2667E+00, 1.3333E-01,
16:35:58.92298833, 3.0667E-01, 2.2333E+00, 0.0000E+00,
16:35:58.92298838, 3.2000E-01, 2.2667E+00, 2.6667E-01,
16:35:58.92298843, 2.8000E-01, 2.2667E+00,-1.3333E-01,
16:35:58.92298848, 2.6667E-01, 2.2333E+00, 0.0000E+00,
16:35:58.92298853, 3.0667E-01, 2.2333E+00, 0.0000E+00,
16:35:58.92298858, 3.2000E-01, 2.2333E+00, 0.0000E+00,
16:35:58.92298863, 2.9333E-01, 2.2333E+00,-1.3333E-01,
16:35:58.92298868, 3.0667E-01, 2.2333E+00, 1.3333E-01,
16:35:58.92298873, 2.8000E-01, 2.2333E+00, 2.6667E-01,
16:35:58.92298878, 2.9333E-01, 2.2333E+00, 0.0000E+00,
16:35:58.92298883, 3.0667E-01, 2.2667E+00,-1.3333E-01,
16:35:58.92298888, 3.2000E-01, 2.2333E+00, 1.3333E-01,
16:35:58.92298893, 3.0667E-01, 2.3000E+00, 4.0000E-01,
16:35:58.92298898, 2.9333E-01, 2.3333E+00,-1.3333E-01,
16:35:58.92298903, 3.0667E-01, 2.1667E+00,-1.3333E-01,
16:35:58.92298908, 3.0667E-01, 2.2333E+00, 1.3333E-01,
16:35:58.92298913, 3.3333E-01, 2.2667E+00, 4.0000E-01,
16:35:58.92298918, 3.0667E-01, 2.2333E+00, 5.3333E-01,
16:35:58.92298923, 2.9333E-01, 2.2333E+00, 0.0000E+00,
16:35:58.92298928, 3.0667E-01, 2.2333E+00, 0.0000E+00,
16:35:58.92298933, 2.8000E-01, 2.2333E+00, 2.6667E-01,
16:35:58.92298938, 2.8000E-01, 2.2000E+00, 0.0000E+00,
16:35:58.92298943, 2.9333E-01, 2.2667E+00, 1.3333E-01,
16:35:58.92298948, 2.9333E-01, 2.2333E+00, 2.6667E-01,
16:35:58.92298953, 2.9333E-01, 2.1667E+00, 2.6667E-01,
16:35:58.92298958, 2.6667E-01, 2.2000E+00, 2.6667E-01,
16:35:58.92298963, 3.0667E-01, 2.2333E+00, 1.3333E-01,
16:35:58.92298968, 2.9333E-01, 2.2333E+00, 1.3333E-01,
16:35:58.92298973, 3.0667E-01, 2.2667E+00, 1.3333E-01,
16:35:58.92298978, 2.8000E-01, 2.3333E+00, 2.6667E-01,
16:35:58.92298983, 2.8000E-01, 2.2333E+00, 2.6667E-01,
16:35:58.92298988, 2.9333E-01, 2.2333E+00, 1.3333E-01,
16:35:58.92298993, 2.9333E-01, 2.2333E+00, 1.3333E-01,
16:35:58.92298998, 3.0667E-01, 2.2667E+00,-1.3333E-01,
16:35:58.92299003, 3.0667E-01, 2.2333E+00, 2.6667E-01,
16:35:58.92299008, 2.9333E-01, 2.2667E+00, 0.0000E+00,
16:35:58.92299013, 2.9333E-01, 2.2333E+00, 1.3333E-01,
16:35:58.92299018, 2.9333E-01, 2.2333E+00, 1.3333E-01,
16:35:58.92299023, 2.9333E-01, 2.2333E+00, 1.3333E-01,
16:35:58.92299028, 2.8000E-01, 2.3667E+00, 1.3333E-01,
16:35:58.92299033, 2.9333E-01, 2.2333E+00, 1.3333E-01,
16:35:58.92299038, 2.6667E-01, 2.2000E+00, 1.3333E-01,
16:35:58.92299043, 3.0667E-01, 2.2667E+00,-2.6667E-01,
16:35:58.92299048, 3.0667E-01, 2.2667E+00, 0.0000E+00,
16:35:58.92299053, 2.6667E-01, 2.2333E+00,-2.6667E-01,
16:35:58.92299058, 2.9333E-01, 2.2333E+00, 1.3333E-01,
16:35:58.92299063, 3.0667E-01, 2.2333E+00,-1.3333E-01,
16:35:58.92299068, 2.9333E-01, 2.2667E+00, 1.3333E-01,
16:35:58.92299073, 2.8000E-01, 2.2333E+00, 2.6667E-01,
16:35:58.92299078, 2.8000E-01, 2.2333E+00, 4.0000E-01,
16:35:58.92299083, 2.6667E-01, 2.2000E+00, 1.3333E-01,
16:35:58.92299088, 2.9333E-01, 2.2333E+00,-1.3333E-01,
16:35:58.92299093, 2.5333E-01, 2.2333E+00,-2.6667E-01,
16:35:58.92299098, 2.9333E-01, 2.2000E+00, 0.0000E+00,
16:35:58.92299103, 3.0667E-01, 2.2667E+00,-1.3333E-01,
16:35:58.92299108, 2.5333E-01, 2.2333E+00,-1.3333E-01,
16:35:58.92299113, 2.9333E-01, 2.2667E+00, 1.3333E-01,
16:35:58.92299118, 2.6667E-01, 2.2667E+00, 2.6667E-01,
16:35:58.92299123, 2.8000E-01, 2.2333E+00, 2.6667E-01,
16:35:58.92299128, 2.4000E-01, 2.2667E+00, 1.3333E-01,
16:35:58.92299133, 2.9333E-01, 2.2667E+00, 4.0000E-01,
16:35:58.92299138, 2.6667E-01, 2.2000E+00, 1.3333E-01,
16:35:58.92299143, 2.6667E-01, 2.2333E+00, 1.3333E-01,
16:35:58.92299148, 2.8000E-01, 2.2000E+00, 0.0000E+00,
16:35:58.92299153, 2.9333E-01, 2.2000E+00, 1.3333E-01,
16:35:58.92299158, 2.9333E-01, 2.2333E+00, 1.3333E-01,
16:35:58.92299163, 2.8000E-01, 2.1667E+00, 2.6667E-01,
16:35:58.92299168, 2.6667E-01, 2.2333E+00, 1.3333E-01,
16:35:58.92299173, 2.2667E-01, 2.2333E+00, 0.0000E+00,
16:35:58.92299178, 2.6667E-01, 2.2333E+00, 0.0000E+00,
16:35:58.92299183, 2.6667E-01, 2.2333E+00, 2.6667E-01,
16:35:58.92299188, 2.6667E-01, 2.2333E+00, 1.3333E-01,
16:35:58.92299193, 2.6667E-01, 2.2333E+00, 0.0000E+00,
16:35:58.92299198, 2.4000E-01, 2.2333E+00, 1.3333E-01,
16:35:58.92299203, 2.8000E-01, 2.2333E+00,-4.0000E-01,
16:35:58.92299208, 2.8000E-01, 2.2333E+00, 2.6667E-01,
16:35:58.92299213, 2.6667E-01, 2.2333E+00, 1.3333E-01,
16:35:58.92299218, 2.5333E-01, 2.2333E+00, 5.3333E-01,
16:35:58.92299223, 2.5333E-01, 2.2667E+00, 2.6667E-01,
16:35:58.92299228, 2.6667E-01, 2.2000E+00, 5.3333E-01,
16:35:58.92299233, 2.8000E-01, 2.3000E+00, 2.6667E-01,
16:35:58.92299238, 2.6667E-01, 2.2333E+00, 0.0000E+00,
16:35:58.92299243, 2.5333E-01, 2.2333E+00, 1.3333E-01,
16:35:58.92299248, 2.5333E-01, 2.2333E+00, 2.6667E-01,
16:35:58.92299253, 2.5333E-01, 2.2333E+00,-1.3333E-01,
16:35:58.92299258, 2.5333E-01, 2.2667E+00, 1.3333E-01,
16:35:58.92299263, 2.8000E-01, 2.2333E+00, 1.3333E-01,
16:35:58.92299268, 2.6667E-01, 2.2667E+00, 1.3333E-01,
16:35:58.92299273, 2.8000E-01, 2.2333E+00, 2.6667E-01,
16:35:58.92299278, 2.8000E-01, 2.2333E+00, 4.0000E-01,
16:35:58.92299283, 2.4000E-01, 2.2667E+00,-1.3333E-01,
16:35:58.92299288, 2.5333E-01, 2.2333E+00, 1.3333E-01,
16:35:58.92299293, 2.6667E-01, 2.2000E+00, 0.0000E+00,
16:35:58.92299298, 2.8000E-01, 2.3000E+00, 1.3333E-01,
16:35:58.92299303, 2.8000E-01, 2.2333E+00, 2.6667E-01,
16:35:58.92299308, 2.6667E-01, 2.2000E+00, 0.0000E+00,
16:35:58.92299313, 2.5333E-01, 2.2667E+00, 0.0000E+00,
16:35:58.92299318, 2.4000E-01, 2.2333E+00, 1.3333E-01,
16:35:58.92299323, 2.5333E-01, 2.2333E+00, 2.6667E-01,
16:35:58.92299328, 2.5333E-01, 2.2333E+00, 2.6667E-01,
16:35:58.92299333, 2.5333E-01, 2.2333E+00, 1.3333E-01,
16:35:58.92299338, 2.5333E-01, 2.2333E+00, 0.0000E+00,
16:35:58.92299343, 2.4000E-01, 2.2000E+00, 0.0000E+00,
16:35:58.92299348, 2.4000E-01, 2.2333E+00, 1.3333E-01,
16:35:58.92299353, 2.4000E-01, 2.2333E+00, 0.0000E+00,
16:35:58.92299358, 2.2667E-01, 2.3000E+00, 2.6667E-01,
16:35:58.92299363, 2.4000E-01, 2.2333E+00,-1.3333E-01,
16:35:58.92299368, 2.2667E-01, 2.2333E+00, 1.3333E-01,
16:35:58.92299373, 2.5333E-01, 2.2333E+00, 2.6667E-01,
16:35:58.92299378, 2.8000E-01, 2.2333E+00, 5.3333E-01,
16:35:58.92299383, 2.4000E-01, 2.2333E+00,-1.3333E-01,
16:35:58.92299388, 2.5333E-01, 2.2333E+00, 1.3333E-01,
16:35:58.92299393, 2.4000E-01, 2.2333E+00, 0.0000E+00,
16:35:58.92299398, 2.6667E-01, 2.2333E+00, 0.0000E+00,
16:35:58.92299403, 3.0667E-01, 2.3000E+00,-1.3333E-01,
16:35:58.92299408, 2.4000E-01, 2.2667E+00, 2.6667E-01,
16:35:58.92299413, 2.4000E-01, 2.2667E+00, 0.0000E+00,
16:35:58.92299418, 2.4000E-01, 2.2333E+00, 2.6667E-01,
16:35:58.92299423, 2.2667E-01, 2.2333E+00, 2.6667E-01,
16:35:58.92299428, 2.5333E-01, 2.2333E+00, 0.0000E+00,
16:35:58.92299433, 2.2667E-01, 2.2333E+00,-1.3333E-01,
16:35:58.92299438, 2.4000E-01, 2.2667E+00, 1.3333E-01,
16:35:58.92299443, 2.2667E-01, 2.2667E+00, 4.0000E-01,
16:35:58.92299448, 2.2667E-01, 2.2667E+00, 0.0000E+00,
16:35:58.92299453, 2.5333E-01, 2.2333E+00, 2.6667E-01,
16:35:58.92299458, 2.4000E-01, 2.2667E+00, 1.3333E-01,
16:35:58.92299463, 2.2667E-01, 2.2333E+00, 1.3333E-01,
16:35:58.92299468, 2.5333E-01, 2.2333E+00, 4.0000E-01,
16:35:58.92299473, 2.4000E-01, 2.2667E+00, 2.6667E-01,
16:35:58.92299478, 2.5333E-01, 2.2333E+00, 2.6667E-01,
16:35:58.92299483, 2.4000E-01, 2.2333E+00, 1.3333E-01,
16:35:58.92299488, 2.5333E-01, 2.2333E+00,-2.6667E-01,
16:35:58.92299493, 2.5333E-01, 2.2333E+00,-1.3333E-01,
16:35:58.92299498, 2.5333E-01, 2.2333E+00,-1.3333E-01,
16:35:58.92299503, 2.5333E-01, 2.2333E+00, 0.0000E+00,
16:35:58.92299508, 2.2667E-01, 2.2333E+00, 2.6667E-01,
16:35:58.92299513, 2.4000E-01, 2.2333E+00, 2.6667E-01,
16:35:58.92299518, 2.2667E-01, 2.2333E+00, 4.0000E-01,
16:35:58.92299523, 2.5333E-01, 2.1667E+00, 2.6667E-01,
16:35:58.92299528, 2.2667E-01, 2.2333E+00, 1.3333E-01,
16:35:58.92299533, 2.4000E-01, 2.2333E+00, 0.0000E+00,
16:35:58.92299538, 2.6667E-01, 2.2333E+00, 2.6667E-01,
16:35:58.92299543, 2.5333E-01, 2.2333E+00, 0.0000E+00,
16:35:58.92299548, 2.1333E-01, 2.3000E+00, 1.3333E-01,
16:35:58.92299553, 2.2667E-01, 2.2667E+00,-2.6667E-01,
16:35:58.92299558, 2.2667E-01, 2.2667E+00, 4.0000E-01,
16:35:58.92299563, 2.4000E-01, 2.2333E+00, 1.3333E-01,
16:35:58.92299568, 2.2667E-01, 2.2333E+00, 1.3333E-01,
16:35:58.92299573, 2.2667E-01, 2.2333E+00, 2.6667E-01,
16:35:58.92299578, 2.2667E-01, 2.2333E+00, 1.3333E-01,
16:35:58.92299583, 2.4000E-01, 2.2333E+00,-2.6667E-01,
16:35:58.92299588, 2.5333E-01, 2.2000E+00,-2.6667E-01,
16:35:58.92299593, 2.5333E-01, 2.2333E+00, 0.0000E+00,
16:35:58.92299598, 2.2667E-01, 2.2333E+00,-1.3333E-01,
16:35:58.92299603, 2.2667E-01, 2.2667E+00, 2.6667E-01,
16:35:58.92299608, 2.2667E-01, 2.2667E+00, 1.3333E-01,
16:35:58.92299613, 2.2667E-01, 2.2333E+00, 2.6667E-01,
16:35:58.92299618, 2.2667E-01, 2.2333E+00,-1.3333E-01,
16:35:58.92299623, 2.4000E-01, 2.2667E+00, 4.0000E-01,
16:35:58.92299628, 2.2667E-01, 2.2333E+00, 1.3333E-01,
16:35:58.92299633, 2.4000E-01, 2.2333E+00,-1.3333E-01,
16:35:58.92299638, 2.4000E-01, 2.2333E+00, 2.6667E-01,
16:35:58.92299643, 2.2667E-01, 2.2333E+00, 0.0000E+00,
16:35:58.92299648, 2.2667E-01, 2.2333E+00, 0.0000E+00,
16:35:58.92299653, 2.2667E-01, 2.2333E+00, 0.0000E+00,
16:35:58.92299658, 2.0000E-01, 2.3000E+00, 0.0000E+00,
16:35:58.92299663, 2.5333E-01, 2.2333E+00, 4.0000E-01,
16:35:58.92299668, 2.0000E-01, 2.2333E+00, 2.6667E-01,
16:35:58.92299673, 2.2667E-01, 2.2667E+00, 1.3333E-01,
16:35:58.92299678, 2.2667E-01, 2.2667E+00,-1.3333E-01,
16:35:58.92299683, 2.2667E-01, 2.1667E+00, 1.3333E-01,
16:35:58.92299688, 2.4000E-01, 2.2333E+00, 1.3333E-01,
16:35:58.92299693, 2.4000E-01, 2.1667E+00, 1.3333E-01,
16:35:58.92299698, 2.4000E-01, 2.2333E+00, 1.3333E-01,
16:35:58.92299703, 2.0000E-01, 2.2333E+00, 2.6667E-01,
16:35:58.92299708, 2.2667E-01, 2.2333E+00, 1.3333E-01,
16:35:58.92299713, 2.2667E-01, 2.3000E+00, 1.3333E-01,
16:35:58.92299718, 2.4000E-01, 2.2000E+00, 2.6667E-01,
16:35:58.92299723, 2.1333E-01, 2.2333E+00, 0.0000E+00,
16:35:58.92299728, 2.1333E-01, 2.2333E+00, 1.3333E-01,
16:35:58.92299733, 2.2667E-01, 2.3000E+00, 1.3333E-01,
16:35:58.92299738, 2.2667E-01, 2.3333E+00,-1.3333E-01,
16:35:58.92299743, 2.1333E-01, 2.2000E+00, 2.6667E-01,
16:35:58.92299748, 2.1333E-01, 2.2333E+00, 1.3333E-01,
16:35:58.92299753, 2.2667E-01, 2.2333E+00, 2.6667E-01,
16:35:58.92299758, 2.1333E-01, 2.2333E+00,-1.3333E-01,
16:35:58.92299763, 2.2667E-01, 2.2333E+00, 0.0000E+00,
16:35:58.92299768, 2.1333E-01, 2.2667E+00, 1.3333E-01,
16:35:58.92299773, 2.2667E-01, 2.2333E+00, 0.0000E+00,
16:35:58.92299778, 2.2667E-01, 2.2667E+00, 4.0000E-01,
16:35:58.92299783, 2.1333E-01, 2.2667E+00, 0.0000E+00,
16:35:58.92299788, 2.1333E-01, 2.2667E+00, 0.0000E+00,
16:35:58.92299793, 2.1333E-01, 2.2333E+00, 1.3333E-01,
16:35:58.92299798, 2.1333E-01, 2.1667E+00, 2.6667E-01,
16:35:58.92299803, 1.8667E-01, 2.2000E+00, 0.0000E+00,
16:35:58.92299808, 2.0000E-01, 2.2333E+00, 0.0000E+00,
16:35:58.92299813, 2.0000E-01, 2.2333E+00, 1.3333E-01,
16:35:58.92299818, 2.1333E-01, 2.2000E+00, 0.0000E+00,
16:35:58.92299823, 2.2667E-01, 2.2333E+00, 0.0000E+00,
16:35:58.92299828, 2.2667E-01, 2.2333E+00,-1.3333E-01,
16:35:58.92299833, 2.1333E-01, 2.2333E+00, 1.3333E-01,
16:35:58.92299838, 2.0000E-01, 2.2333E+00, 0.0000E+00,
16:35:58.92299843, 2.1333E-01, 2.2333E+00, 5.3333E-01,
16:35:58.92299848, 2.2667E-01, 2.3000E+00, 2.6667E-01,
16:35:58.92299853, 2.1333E-01, 2.2333E+00, 2.6667E-01,
16:35:58.92299858, 2.2667E-01, 2.2667E+00, 1.3333E-01,
16:35:58.92299863, 2.4000E-01, 2.2667E+00, 2.6667E-01,
16:35:58.92299868, 2.1333E-01, 2.2333E+00, 1.3333E-01,
16:35:58.92299873, 2.2667E-01, 2.2333E+00, 4.0000E-01,
16:35:58.92299878, 1.8667E-01, 2.2333E+00,-1.3333E-01,
16:35:58.92299883, 2.1333E-01, 2.2333E+00, 1.3333E-01,
16:35:58.92299888, 2.0000E-01, 2.2333E+00, 0.0000E+00,
16:35:58.92299893, 2.0000E-01, 2.1667E+00, 1.3333E-01,
16:35:58.92299898, 2.1333E-01, 2.2333E+00, 1.3333E-01,
16:35:58.92299903, 2.1333E-01, 2.2667E+00, 1.3333E-01,
16:35:58.92299908, 2.0000E-01, 2.2333E+00, 1.3333E-01,
16:35:58.92299913, 2.1333E-01, 2.2333E+00,-1.3333E-01,
16:35:58.92299918, 2.4000E-01, 2.2667E+00, 2.6667E-01,
16:35:58.92299923, 2.1333E-01, 2.2667E+00, 1.3333E-01,
16:35:58.92299928, 2.1333E-01, 2.2333E+00, 4.0000E-01,
16:35:58.92299933, 2.1333E-01, 2.2333E+00,-1.3333E-01,
16:35:58.92299938, 2.0000E-01, 2.2667E+00, 1.3333E-01,
16:35:58.92299943, 2.0000E-01, 2.2333E+00, 1.3333E-01,
16:35:58.92299948, 2.1333E-01, 2.2667E+00, 2.6667E-01,
16:35:58.92299953, 2.1333E-01, 2.2667E+00, 1.3333E-01,
16:35:58.92299958, 2.1333E-01, 2.2333E+00, 0.0000E+00,
16:35:58.92299963, 2.0000E-01, 2.2000E+00, 0.0000E+00,
16:35:58.92299968, 2.2667E-01, 2.2333E+00, 0.0000E+00,
16:35:58.92299973, 2.0000E-01, 2.2333E+00, 0.0000E+00,
16:35:58.92299978, 2.2667E-01, 2.2333E+00, 1.3333E-01,
16:35:58.92299983, 2.2667E-01, 2.2333E+00, 0.0000E+00,
16:35:58.92299988, 1.8667E-01, 2.2333E+00, 0.0000E+00,
16:35:58.92299993, 1.8667E-01, 2.2333E+00, 1.3333E-01,
16:35:58.92299998, 2.0000E-01, 2.2667E+00, 4.0000E-01,
16:35:58.92300003, 2.2667E-01, 2.2333E+00,-1.3333E-01,
16:35:58.92300008, 2.0000E-01, 2.2333E+00, 1.3333E-01,
16:35:58.92300013, 2.0000E-01, 2.2333E+00, 1.3333E-01,
16:35:58.92300018, 2.0000E-01, 2.2333E+00, 1.3333E-01,
16:35:58.92300023, 2.1333E-01, 2.2667E+00, 2.6667E-01,
16:35:58.92300028, 2.1333E-01, 2.2333E+00, 1.3333E-01,
16:35:58.92300033, 1.6000E-01, 2.2333E+00, 2.6667E-01,
16:35:58.92300038, 2.1333E-01, 2.2333E+00, 0.0000E+00,
16:35:58.92300043, 2.1333E-01, 2.3000E+00, 4.0000E-01,
16:35:58.92300048, 2.1333E-01, 2.2333E+00, 1.3333E-01,
16:35:58.92300053, 2.0000E-01, 2.2333E+00, 2.6667E-01,
16:35:58.92300058, 2.1333E-01, 2.2333E+00, 1.3333E-01,
16:35:58.92300063, 2.0000E-01, 2.2333E+00,-4.0000E-01,
16:35:58.92300068, 2.2667E-01, 2.2000E+00,-2.6667E-01,
16:35:58.92300073, 2.0000E-01, 2.2333E+00,-2.6667E-01,
16:35:58.92300078, 2.1333E-01, 2.2333E+00,-2.6667E-01,
16:35:58.92300083, 1.8667E-01, 2.2333E+00,-1.3333E-01,
16:35:58.92300088, 2.1333E-01, 2.2333E+00, 5.3333E-01,
16:35:58.92300093, 2.0000E-01, 2.2000E+00, 2.6667E-01,
16:35:58.92300098, 1.6000E-01, 2.2667E+00, 0.0000E+00,
16:35:58.92300103, 2.2667E-01, 2.2333E+00, 1.3333E-01,
16:35:58.92300108, 2.1333E-01, 2.2333E+00, 4.0000E-01,
16:35:58.92300113, 2.0000E-01, 2.2333E+00, 0.0000E+00,
16:35:58.92300118, 2.0000E-01, 2.3000E+00,-2.6667E-01,
16:35:58.92300123, 1.7333E-01, 2.2333E+00, 0.0000E+00,
16:35:58.92300128, 2.2667E-01, 2.2333E+00,-1.3333E-01,
16:35:58.92300133, 1.7333E-01, 2.2333E+00, 1.3333E-01,
16:35:58.92300138, 2.0000E-01, 2.2667E+00, 0.0000E+00,
16:35:58.92300143, 2.0000E-01, 2.2333E+00, 2.6667E-01,
16:35:58.92300148, 2.0000E-01, 2.2333E+00, 4.0000E-01,
16:35:58.92300153, 2.1333E-01, 2.2333E+00, 2.6667E-01,
16:35:58.92300158, 2.0000E-01, 2.2000E+00, 2.6667E-01,
16:35:58.92300163, 2.0000E-01, 2.3000E+00, 1.3333E-01,
16:35:58.92300168, 2.1333E-01, 2.2333E+00, 0.0000E+00,
16:35:58.92300173, 2.1333E-01, 2.2333E+00, 4.0000E-01,
16:35:58.92300178, 2.1333E-01, 2.2333E+00,-1.3333E-01,
16:35:58.92300183, 2.1333E-01, 2.2667E+00, 0.0000E+00,
16:35:58.92300188, 2.0000E-01, 2.2333E+00, 1.3333E-01,
16:35:58.92300193, 2.0000E-01, 2.2000E+00, 0.0000E+00,
16:35:58.92300198, 1.8667E-01, 2.2333E+00, 1.3333E-01,
16:35:58.92300203, 1.8667E-01, 2.2000E+00, 2.6667E-01,
16:35:58.92300208, 2.0000E-01, 2.2333E+00, 2.6667E-01,
16:35:58.92300213, 2.1333E-01, 2.2333E+00,-2.6667E-01,
16:35:58.92300218, 1.8667E-01, 2.2333E+00, 1.3333E-01,
16:35:58.92300223, 2.0000E-01, 2.2667E+00, 2.6667E-01,
16:35:58.92300228, 1.4667E-01, 2.2667E+00, 1.3333E-01,
16:35:58.92300233, 1.7333E-01, 2.2333E+00, 2.6667E-01,
16:35:58.92300238, 1.7333E-01, 2.2333E+00, 0.0000E+00,
16:35:58.92300243, 1.4667E-01, 2.2667E+00, 2.6667E-01,
16:35:58.92300248, 1.7333E-01, 2.2333E+00, 0.0000E+00,
16:35:58.92300253, 2.0000E-01, 2.2333E+00, 1.3333E-01,
16:35:58.92300258, 1.8667E-01, 2.2333E+00,-1.3333E-01,
16:35:58.92300263, 1.7333E-01, 2.2667E+00, 1.3333E-01,
16:35:58.92300268, 1.8667E-01, 2.2333E+00, 2.6667E-01,
16:35:58.92300273, 2.0000E-01, 2.1333E+00, 2.6667E-01,
16:35:58.92300278, 1.4667E-01, 2.2333E+00, 2.6667E-01,
16:35:58.92300283, 1.6000E-01, 2.2000E+00, 0.0000E+00,
16:35:58.92300288, 2.0000E-01, 2.2333E+00, 1.3333E-01,
16:35:58.92300293, 1.8667E-01, 2.2333E+00, 1.3333E-01,
16:35:58.92300298, 2.0000E-01, 2.2333E+00, 2.6667E-01,
16:35:58.92300303, 1.8667E-01, 2.2333E+00, 2.6667E-01,
16:35:58.92300308, 1.8667E-01, 2.2333E+00, 0.0000E+00,
16:35:58.92300313, 2.0000E-01, 2.2667E+00, 0.0000E+00,
16:35:58.92300318, 1.6000E-01, 2.2333E+00, 1.3333E-01,
16:35:58.92300323, 1.7333E-01, 2.2667E+00, 0.0000E+00,
16:35:58.92300328, 1.7333E-01, 2.2667E+00, 2.6667E-01,
16:35:58.92300333, 2.0000E-01, 2.2333E+00, 1.3333E-01,
16:35:58.92300338, 1.8667E-01, 2.1667E+00, 2.6667E-01,
16:35:58.92300343, 1.8667E-01, 2.2667E+00, 4.0000E-01,
16:35:58.92300348, 1.6000E-01, 2.2333E+00,-1.3333E-01,
16:35:58.92300353, 1.7333E-01, 2.2000E+00, 4.0000E-01,
16:35:58.92300358, 2.0000E-01, 2.2667E+00, 5.3333E-01,
16:35:58.92300363, 1.8667E-01, 2.2333E+00, 1.3333E-01,
16:35:58.92300368, 1.6000E-01, 2.3333E+00, 1.3333E-01,
16:35:58.92300373, 1.7333E-01, 2.2333E+00, 1.3333E-01,
16:35:58.92300378, 1.7333E-01, 2.2333E+00, 1.3333E-01,
16:35:58.92300383, 1.7333E-01, 2.2667E+00, 1.3333E-01,
16:35:58.92300388, 1.8667E-01, 2.3000E+00, 1.3333E-01,
16:35:58.92300393, 1.8667E-01, 2.2333E+00, 1.3333E-01,
16:35:58.92300398, 1.7333E-01, 2.2333E+00, 1.3333E-01,
16:35:58.92300403, 1.8667E-01, 2.3000E+00, 2.6667E-01,
16:35:58.92300408, 1.7333E-01, 2.1667E+00, 2.6667E-01,
16:35:58.92300413, 1.6000E-01, 2.2333E+00, 1.3333E-01,
16:35:58.92300418, 1.8667E-01, 2.2333E+00, 0.0000E+00,
16:35:58.92300423, 1.7333E-01, 2.2667E+00, 1.3333E-01,
16:35:58.92300428, 1.6000E-01, 2.2333E+00, 2.6667E-01,
16:35:58.92300433, 1.7333E-01, 2.2667E+00, 6.6667E-01,
16:35:58.92300438, 1.6000E-01, 2.2333E+00, 2.6667E-01,
16:35:58.92300443, 1.6000E-01, 2.2333E+00, 0.0000E+00,
16:35:58.92300448, 1.7333E-01, 2.2333E+00, 4.0000E-01,
16:35:58.92300453, 1.8667E-01, 2.3000E+00,-2.6667E-01,
16:35:58.92300458, 1.8667E-01, 2.2667E+00, 0.0000E+00,
16:35:58.92300463, 1.8667E-01, 2.2000E+00, 0.0000E+00,
16:35:58.92300468, 1.4667E-01, 2.1667E+00, 0.0000E+00,
16:35:58.92300473, 2.1333E-01, 2.2333E+00, 4.0000E-01,
16:35:58.92300478, 1.6000E-01, 2.2333E+00, 4.0000E-01,
16:35:58.92300483, 1.7333E-01, 2.3333E+00, 5.3333E-01,
16:35:58.92300488, 1.7333E-01, 2.2333E+00, 0.0000E+00,
16:35:58.92300493, 1.8667E-01, 2.2000E+00, 1.3333E-01,
16:35:58.92300498, 1.8667E-01, 2.2667E+00, 1.3333E-01,
16:35:58.92300503, 2.0000E-01, 2.2333E+00, 1.3333E-01,
16:35:58.92300508, 2.0000E-01, 2.2333E+00, 4.0000E-01,
16:35:58.92300513, 1.3333E-01, 2.2333E+00, 4.0000E-01,
16:35:58.92300518, 1.7333E-01, 2.2333E+00, 2.6667E-01,
16:35:58.92300523, 1.7333E-01, 2.3000E+00,-1.3333E-01,
16:35:58.92300528, 1.6000E-01, 2.2667E+00, 4.0000E-01,
16:35:58.92300533, 2.0000E-01, 2.2000E+00, 4.0000E-01,
16:35:58.92300538, 1.8667E-01, 2.3000E+00,-1.3333E-01,
16:35:58.92300543, 2.0000E-01, 2.2667E+00,-1.3333E-01,
16:35:58.92300548, 1.4667E-01, 2.2667E+00, 0.0000E+00,
16:35:58.92300553, 1.7333E-01, 2.2333E+00, 0.0000E+00,
16:35:58.92300558, 1.6000E-01, 2.2667E+00, 0.0000E+00,
16:35:58.92300563, 1.6000E-01, 2.2333E+00, 4.0000E-01,
16:35:58.92300568, 1.3333E-01, 2.2000E+00, 1.3333E-01,
16:35:58.92300573, 1.3333E-01, 2.2333E+00, 0.0000E+00,
16:35:58.92300578, 1.7333E-01, 2.1667E+00, 2.6667E-01,
16:35:58.92300583, 1.7333E-01, 2.2333E+00, 4.0000E-01,
16:35:58.92300588, 1.3333E-01, 2.2333E+00, 2.6667E-01,
16:35:58.92300593, 1.4667E-01, 2.2333E+00, 1.3333E-01,
16:35:58.92300598, 1.7333E-01, 2.3000E+00,-1.3333E-01,
16:35:58.92300603, 1.6000E-01, 2.2000E+00, 4.0000E-01,
16:35:58.92300608, 1.6000E-01, 2.2333E+00, 1.3333E-01,
16:35:58.92300613, 1.3333E-01, 2.2333E+00, 1.3333E-01,
16:35:58.92300618, 1.4667E-01, 2.2333E+00, 0.0000E+00,
16:35:58.92300623, 1.6000E-01, 2.2667E+00,-1.3333E-01,
16:35:58.92300628, 1.4667E-01, 2.2333E+00, 1.3333E-01,
16:35:58.92300633, 1.8667E-01, 2.2333E+00, 4.0000E-01,
16:35:58.92300638, 1.8667E-01, 2.2667E+00, 4.0000E-01,
16:35:58.92300643, 1.7333E-01, 2.2000E+00,-1.3333E-01,
16:35:58.92300648, 1.7333E-01, 2.2667E+00, 2.6667E-01,
16:35:58.92300653, 1.6000E-01, 2.2333E+00, 4.0000E-01,
16:35:58.92300658, 1.4667E-01, 2.2333E+00, 2.6667E-01,
16:35:58.92300663, 2.1333E-01, 2.3000E+00, 4.0000E-01,
16:35:58.92300668, 1.3333E-01, 2.2667E+00, 2.6667E-01,
16:35:58.92300673, 1.6000E-01, 2.2333E+00, 4.0000E-01,
16:35:58.92300678, 1.8667E-01, 2.2667E+00, 2.6667E-01,
16:35:58.92300683, 1.6000E-01, 2.2333E+00, 4.0000E-01,
16:35:58.92300688, 1.8667E-01, 2.2333E+00, 0.0000E+00,
16:35:58.92300693, 1.3333E-01, 2.2667E+00, 0.0000E+00,
16:35:58.92300698, 1.6000E-01, 2.3000E+00,-1.3333E-01,
16:35:58.92300703, 1.0667E-01, 2.2000E+00,-1.3333E-01,
16:35:58.92300708, 1.6000E-01, 2.2000E+00, 2.6667E-01,
16:35:58.92300713, 1.4667E-01, 2.2667E+00, 1.3333E-01,
16:35:58.92300718, 1.7333E-01, 2.2333E+00, 0.0000E+00,
16:35:58.92300723, 1.6000E-01, 2.2333E+00, 1.3333E-01,
16:35:58.92300728, 1.4667E-01, 2.2667E+00, 1.3333E-01,
16:35:58.92300733, 1.4667E-01, 2.2333E+00, 2.6667E-01,
16:35:58.92300738, 1.7333E-01, 2.2333E+00, 1.3333E-01,
16:35:58.92300743, 1.4667E-01, 2.2333E+00, 2.6667E-01,
16:35:58.92300748, 1.4667E-01, 2.2333E+00, 2.6667E-01,
16:35:58.92300753, 1.3333E-01, 2.2333E+00,-1.3333E-01,
16:35:58.92300758, 1.4667E-01, 2.3000E+00,-1.3333E-01,
16:35:58.92300763, 1.6000E-01, 2.2333E+00, 1.3333E-01,
16:35:58.92300768, 1.3333E-01, 2.2333E+00, 0.0000E+00,
16:35:58.92300773, 1.6000E-01, 2.2333E+00, 1.3333E-01,
16:35:58.92300778, 1.4667E-01, 2.2333E+00, 0.0000E+00,
16:35:58.92300783, 2.0000E-01, 2.2667E+00, 0.0000E+00,
16:35:58.92300788, 1.8667E-01, 2.2333E+00, 0.0000E+00,
16:35:58.92300793, 1.3333E-01, 2.2333E+00, 1.3333E-01,
16:35:58.92300798, 1.6000E-01, 2.2333E+00, 0.0000E+00,
16:35:58.92300803, 1.4667E-01, 2.2333E+00, 1.3333E-01,
16:35:58.92300808, 1.8667E-01, 2.2333E+00, 0.0000E+00,
16:35:58.92300813, 1.3333E-01, 2.2333E+00, 2.6667E-01,
16:35:58.92300818, 1.4667E-01, 2.2333E+00,-1.3333E-01,
16:35:58.92300823, 1.4667E-01, 2.2667E+00, 0.0000E+00,
16:35:58.92300828, 1.4667E-01, 2.2667E+00, 2.6667E-01,
16:35:58.92300833, 1.7333E-01, 2.2333E+00, 1.3333E-01,
16:35:58.92300838, 1.6000E-01, 2.2333E+00, 4.0000E-01,
16:35:58.92300843, 1.6000E-01, 2.2333E+00, 0.0000E+00,
16:35:58.92300848, 1.6000E-01, 2.2333E+00,-1.3333E-01,
16:35:58.92300853, 1.3333E-01, 2.2333E+00,-1.3333E-01,
16:35:58.92300858, 1.6000E-01, 2.2333E+00, 0.0000E+00,
16:35:58.92300863, 1.3333E-01, 2.2333E+00,-1.3333E-01,
16:35:58.92300868, 1.7333E-01, 2.2667E+00, 0.0000E+00,
16:35:58.92300873, 1.6000E-01, 2.2667E+00, 1.3333E-01,
16:35:58.92300878, 1.4667E-01, 2.2000E+00, 2.6667E-01,
16:35:58.92300883, 1.3333E-01, 2.2667E+00, 0.0000E+00,
16:35:58.92300888, 1.4667E-01, 2.2333E+00,-1.3333E-01,
16:35:58.92300893, 1.6000E-01, 2.1667E+00,-1.3333E-01,
16:35:58.92300898, 1.4667E-01, 2.2000E+00,-1.3333E-01,
16:35:58.92300903, 9.3333E-02, 2.2333E+00, 1.3333E-01,
16:35:58.92300908, 1.3333E-01, 2.2333E+00, 2.6667E-01,
16:35:58.92300913, 1.4667E-01, 2.2667E+00, 2.6667E-01,
16:35:58.92300918, 1.3333E-01, 2.2333E+00, 1.3333E-01,
16:35:58.92300923, 1.3333E-01, 2.2333E+00, 0.0000E+00,
16:35:58.92300928, 1.4667E-01, 2.2333E+00, 2.6667E-01,
16:35:58.92300933, 1.4667E-01, 2.2667E+00, 0.0000E+00,
16:35:58.92300938, 1.2000E-01, 2.2333E+00, 1.3333E-01,
16:35:58.92300943, 1.2000E-01, 2.2333E+00, 1.3333E-01,
16:35:58.92300948, 1.0667E-01, 2.3000E+00,-1.3333E-01,
16:35:58.92300953, 1.2000E-01, 2.3333E+00, 4.0000E-01,
16:35:58.92300958, 1.6000E-01, 2.2333E+00, 1.3333E-01,
16:35:58.92300963, 1.6000E-01, 2.2667E+00, 1.3333E-01,
16:35:58.92300968, 9.3333E-02, 2.2333E+00, 0.0000E+00,
16:35:58.92300973, 1.2000E-01, 2.2667E+00, 4.0000E-01,
16:35:58.92300978, 1.3333E-01, 2.2333E+00, 2.6667E-01,
16:35:58.92300983, 1.4667E-01, 2.2333E+00, 1.3333E-01,
16:35:58.92300988, 1.2000E-01, 2.2333E+00,-1.3333E-01,
16:35:58.92300993, 1.7333E-01, 2.2333E+00, 1.3333E-01,
16:35:58.92300998, 9.3333E-02, 2.2333E+00, 1.3333E-01,
16:35:58.92301003, 1.6000E-01, 2.2667E+00, 0.0000E+00,
16:35:58.92301008, 1.4667E-01, 2.2667E+00, 1.3333E-01,
16:35:58.92301013, 1.6000E-01, 2.2333E+00, 4.0000E-01,
16:35:58.92301018, 1.6000E-01, 2.2333E+00, 1.3333E-01,
16:35:58.92301023, 1.6000E-01, 2.2000E+00, 1.3333E-01,
16:35:58.92301028, 1.3333E-01, 2.2667E+00, 4.0000E-01,
16:35:58.92301033, 1.3333E-01, 2.2333E+00, 0.0000E+00,
16:35:58.92301038, 1.3333E-01, 2.2333E+00, 4.0000E-01,
16:35:58.92301043, 1.0667E-01, 2.2667E+00, 0.0000E+00,
16:35:58.92301048, 1.6000E-01, 2.2667E+00, 1.3333E-01,
16:35:58.92301053, 1.2000E-01, 2.2667E+00, 4.0000E-01,
16:35:58.92301058, 1.6000E-01, 2.3000E+00,-1.3333E-01,
16:35:58.92301063, 1.3333E-01, 2.2333E+00, 0.0000E+00,
16:35:58.92301068, 1.6000E-01, 2.2667E+00, 5.3333E-01,
16:35:58.92301073, 1.7333E-01, 2.2333E+00, 4.0000E-01,
16:35:58.92301078, 1.4667E-01, 2.2333E+00, 4.0000E-01,
16:35:58.92301083, 1.4667E-01, 2.2333E+00, 1.3333E-01,
16:35:58.92301088, 1.3333E-01, 2.2333E+00,-1.3333E-01,
16:35:58.92301093, 1.3333E-01, 2.2333E+00,-1.3333E-01,
16:35:58.92301098, 9.3333E-02, 2.2333E+00, 1.3333E-01,
16:35:58.92301103, 1.0667E-01, 2.2333E+00, 0.0000E+00,
16:35:58.92301108, 1.0667E-01, 2.2000E+00, 0.0000E+00,
16:35:58.92301113, 1.3333E-01, 2.2333E+00, 2.6667E-01,
16:35:58.92301118, 1.4667E-01, 2.2333E+00, 1.3333E-01,
16:35:58.92301123, 1.3333E-01, 2.2333E+00, 1.3333E-01,
16:35:58.92301128, 1.2000E-01, 2.2333E+00, 4.0000E-01,
16:35:58.92301133, 1.6000E-01, 2.1667E+00, 2.6667E-01,
16:35:58.92301138, 1.2000E-01, 2.2667E+00, 2.6667E-01,
16:35:58.92301143, 9.3333E-02, 2.2333E+00, 1.3333E-01,
16:35:58.92301148, 1.3333E-01, 2.2333E+00, 0.0000E+00,
16:35:58.92301153, 1.0667E-01, 2.2000E+00,-1.3333E-01,
16:35:58.92301158, 9.3333E-02, 2.2333E+00,-2.6667E-01,
16:35:58.92301163, 1.6000E-01, 2.2333E+00, 1.3333E-01,
16:35:58.92301168, 1.2000E-01, 2.2333E+00, 2.6667E-01,
16:35:58.92301173, 1.3333E-01, 2.1667E+00,-2.6667E-01,
16:35:58.92301178, 1.2000E-01, 2.2000E+00,-1.3333E-01,
16:35:58.92301183, 1.3333E-01, 2.2667E+00, 2.6667E-01,
16:35:58.92301188, 1.3333E-01, 2.2333E+00, 0.0000E+00,
16:35:58.92301193, 9.3333E-02, 2.2667E+00, 0.0000E+00,
16:35:58.92301198, 1.4667E-01, 2.2333E+00, 1.3333E-01,
16:35:58.92301203, 1.3333E-01, 2.2333E+00, 5.3333E-01,
16:35:58.92301208, 1.4667E-01, 2.2333E+00,-1.3333E-01,
16:35:58.92301213, 1.3333E-01, 2.2333E+00,-1.3333E-01,
16:35:58.92301218, 1.3333E-01, 2.2333E+00, 0.0000E+00,
16:35:58.92301223, 1.3333E-01, 2.2333E+00, 0.0000E+00,
16:35:58.92301228, 1.3333E-01, 2.2333E+00, 0.0000E+00,
16:35:58.92301233, 1.2000E-01, 2.1667E+00,-4.0000E-01,
16:35:58.92301238, 1.2000E-01, 2.2333E+00, 0.0000E+00,
16:35:58.92301243, 1.2000E-01, 2.2333E+00, 0.0000E+00,
16:35:58.92301248, 1.4667E-01, 2.2333E+00, 1.3333E-01,
16:35:58.92301253, 1.2000E-01, 2.2667E+00, 2.6667E-01,
16:35:58.92301258, 1.3333E-01, 2.2667E+00, 1.3333E-01,
16:35:58.92301263, 1.0667E-01, 2.2333E+00, 4.0000E-01,
16:35:58.92301268, 1.6000E-01, 2.2333E+00, 2.6667E-01,
16:35:58.92301273, 1.0667E-01, 2.2667E+00,-1.3333E-01,
16:35:58.92301278, 1.2000E-01, 2.2333E+00, 2.6667E-01,
16:35:58.92301283, 1.3333E-01, 2.2333E+00,-1.3333E-01,
16:35:58.92301288, 1.2000E-01, 2.2333E+00, 2.6667E-01,
16:35:58.92301293, 1.2000E-01, 2.2333E+00,-1.3333E-01,
16:35:58.92301298, 1.0667E-01, 2.2667E+00,-1.3333E-01,
16:35:58.92301303, 1.4667E-01, 2.2333E+00, 1.3333E-01,
16:35:58.92301308, 1.3333E-01, 2.2333E+00, 2.6667E-01,
16:35:58.92301313, 1.2000E-01, 2.2333E+00,-2.6667E-01,
16:35:58.92301318, 1.0667E-01, 2.2000E+00, 2.6667E-01,
16:35:58.92301323, 1.2000E-01, 2.2333E+00, 0.0000E+00,
16:35:58.92301328, 1.2000E-01, 2.3000E+00, 1.3333E-01,
16:35:58.92301333, 1.2000E-01, 2.3000E+00, 1.3333E-01,
16:35:58.92301338, 1.2000E-01, 2.2333E+00,-1.3333E-01,
16:35:58.92301343, 1.3333E-01, 2.2000E+00, 2.6667E-01,
16:35:58.92301348, 1.3333E-01, 2.2667E+00, 1.3333E-01,
16:35:58.92301353, 1.0667E-01, 2.2333E+00, 2.6667E-01,
16:35:58.92301358, 1.7333E-01, 2.2333E+00, 1.3333E-01,
16:35:58.92301363, 1.0667E-01, 2.2333E+00, 4.0000E-01,
16:35:58.92301368, 1.2000E-01, 2.2667E+00, 5.3333E-01,
16:35:58.92301373, 1.0667E-01, 2.2333E+00, 4.0000E-01,
16:35:58.92301378, 9.3333E-02, 2.2333E+00, 1.3333E-01,
16:35:58.92301383, 1.0667E-01, 2.2000E+00, 2.6667E-01,
16:35:58.92301388, 1.0667E-01, 2.2333E+00, 0.0000E+00,
16:35:58.92301393, 1.0667E-01, 2.2667E+00, 2.6667E-01,
16:35:58.92301398, 1.2000E-01, 2.2333E+00, 0.0000E+00,
16:35:58.92301403, 1.2000E-01, 2.2667E+00, 2.6667E-01,
16:35:58.92301408, 1.2000E-01, 2.2333E+00, 4.0000E-01,
16:35:58.92301413, 1.2000E-01, 2.2000E+00, 5.3333E-01,
16:35:58.92301418, 1.3333E-01, 2.2333E+00, 4.0000E-01,
16:35:58.92301423, 1.2000E-01, 2.2333E+00, 5.3333E-01,
16:35:58.92301428, 1.2000E-01, 2.2333E+00,-1.3333E-01,
16:35:58.92301433, 8.0000E-02, 2.2333E+00, 1.3333E-01,
16:35:58.92301438, 6.6667E-02, 2.2333E+00, 0.0000E+00,
16:35:58.92301443, 1.3333E-01, 2.2333E+00, 4.0000E-01,
16:35:58.92301448, 1.2000E-01, 2.2333E+00, 0.0000E+00,
16:35:58.92301453, 1.2000E-01, 2.2667E+00,-1.3333E-01,
16:35:58.92301458, 1.3333E-01, 2.2333E+00, 2.6667E-01,
16:35:58.92301463, 9.3333E-02, 2.2667E+00, 4.0000E-01,
16:35:58.92301468, 9.3333E-02, 2.2333E+00, 2.6667E-01,
16:35:58.92301473, 1.2000E-01, 2.2333E+00, 0.0000E+00,
16:35:58.92301478, 1.3333E-01, 2.2333E+00,-2.6667E-01,
16:35:58.92301483, 1.3333E-01, 2.2333E+00,-2.6667E-01,
16:35:58.92301488, 1.2000E-01, 2.2333E+00, 1.3333E-01,
16:35:58.92301493, 1.3333E-01, 2.2000E+00,-4.0000E-01,
16:35:58.92301498, 1.2000E-01, 2.1667E+00, 2.6667E-01,
16:35:58.92301503, 1.0667E-01, 2.2667E+00, 1.3333E-01,
16:35:58.92301508, 1.0667E-01, 2.2667E+00, 4.0000E-01,
16:35:58.92301513, 9.3333E-02, 2.2333E+00,-1.3333E-01,
16:35:58.92301518, 6.6667E-02, 2.2333E+00, 4.0000E-01,
16:35:58.92301523, 1.0667E-01, 2.2667E+00, 1.3333E-01,
16:35:58.92301528, 1.0667E-01, 2.2333E+00, 1.3333E-01,
16:35:58.92301533, 9.3333E-02, 2.2333E+00, 2.6667E-01,
16:35:58.92301538, 1.4667E-01, 2.2333E+00,-2.6667E-01,
16:35:58.92301543, 1.2000E-01, 2.3000E+00,-2.6667E-01,
16:35:58.92301548, 1.2000E-01, 2.1667E+00, 1.3333E-01,
16:35:58.92301553, 1.0667E-01, 2.2000E+00, 1.3333E-01,
16:35:58.92301558, 1.0667E-01, 2.2333E+00, 0.0000E+00,
16:35:58.92301563, 1.3333E-01, 2.2333E+00, 2.6667E-01,
16:35:58.92301568, 1.2000E-01, 2.2333E+00, 1.3333E-01,
16:35:58.92301573, 1.2000E-01, 2.2333E+00, 2.6667E-01,
16:35:58.92301578, 1.0667E-01, 2.2333E+00, 1.3333E-01,
16:35:58.92301583, 9.3333E-02, 2.2667E+00,-2.6667E-01,
16:35:58.92301588, 1.0667E-01, 2.2667E+00, 0.0000E+00,
16:35:58.92301593, 1.3333E-01, 2.1667E+00,-1.3333E-01,
16:35:58.92301598, 1.2000E-01, 2.2333E+00, 2.6667E-01,
16:35:58.92301603, 1.0667E-01, 2.2333E+00, 4.0000E-01,
16:35:58.92301608, 9.3333E-02, 2.2000E+00, 2.6667E-01,
16:35:58.92301613, 9.3333E-02, 2.2333E+00, 5.3333E-01,
16:35:58.92301618, 9.3333E-02, 2.2333E+00, 5.3333E-01,
16:35:58.92301623, 8.0000E-02, 2.2333E+00, 4.0000E-01,
16:35:58.92301628, 9.3333E-02, 2.2333E+00,-1.3333E-01,
16:35:58.92301633, 1.3333E-01, 2.2333E+00, 1.3333E-01,
16:35:58.92301638, 1.0667E-01, 2.2333E+00, 4.0000E-01,
16:35:58.92301643, 1.0667E-01, 2.2333E+00, 1.3333E-01,
16:35:58.92301648, 1.3333E-01, 2.2333E+00, 0.0000E+00,
16:35:58.92301653, 1.2000E-01, 2.2000E+00, 1.3333E-01,
16:35:58.92301658, 9.3333E-02, 2.2333E+00,-1.3333E-01,
16:35:58.92301663, 1.0667E-01, 2.2333E+00, 4.0000E-01,
16:35:58.92301668, 8.0000E-02, 2.2333E+00, 2.6667E-01,
16:35:58.92301673, 1.2000E-01, 2.2333E+00, 1.3333E-01,
16:35:58.92301678, 1.0667E-01, 2.2667E+00, 2.6667E-01,
16:35:58.92301683, 1.2000E-01, 2.2333E+00, 1.3333E-01,
16:35:58.92301688, 1.2000E-01, 2.2333E+00, 0.0000E+00,
16:35:58.92301693, 1.2000E-01, 2.2333E+00, 1.3333E-01,
16:35:58.92301698, 1.4667E-01, 2.2333E+00, 1.3333E-01,
16:35:58.92301703, 8.0000E-02, 2.2333E+00, 0.0000E+00,
16:35:58.92301708, 1.2000E-01, 2.2000E+00, 0.0000E+00,
16:35:58.92301713, 1.0667E-01, 2.2333E+00, 1.3333E-01,
16:35:58.92301718, 1.0667E-01, 2.2333E+00, 0.0000E+00,
16:35:58.92301723, 9.3333E-02, 2.2333E+00, 2.6667E-01,
16:35:58.92301728, 9.3333E-02, 2.2333E+00, 1.3333E-01,
16:35:58.92301733, 1.2000E-01, 2.2667E+00, 0.0000E+00,
16:35:58.92301738, 1.3333E-01, 2.2333E+00, 0.0000E+00,
16:35:58.92301743, 9.3333E-02, 2.2667E+00, 0.0000E+00,
16:35:58.92301748, 1.0667E-01, 2.1333E+00, 1.3333E-01,
16:35:58.92301753, 1.3333E-01, 2.2667E+00, 4.0000E-01,
16:35:58.92301758, 9.3333E-02, 2.2000E+00, 2.6667E-01,
16:35:58.92301763, 9.3333E-02, 2.2333E+00, 0.0000E+00,
16:35:58.92301768, 1.0667E-01, 2.2667E+00, 0.0000E+00,
16:35:58.92301773, 1.0667E-01, 2.2667E+00, 1.3333E-01,
16:35:58.92301778, 1.2000E-01, 2.1667E+00, 0.0000E+00,
16:35:58.92301783, 1.0667E-01, 2.2333E+00, 4.0000E-01,
16:35:58.92301788, 1.0667E-01, 2.2333E+00, 2.6667E-01,
16:35:58.92301793, 1.2000E-01, 2.2000E+00, 2.6667E-01,
16:35:58.92301798, 9.3333E-02, 2.3000E+00, 0.0000E+00,
16:35:58.92301803, 1.0667E-01, 2.2667E+00, 1.3333E-01,
16:35:58.92301808, 1.0667E-01, 2.2333E+00, 2.6667E-01,
16:35:58.92301813, 9.3333E-02, 2.2000E+00, 4.0000E-01,
16:35:58.92301818, 1.0667E-01, 2.2667E+00,-2.6667E-01,
16:35:58.92301823, 1.0667E-01, 2.2333E+00, 0.0000E+00,
16:35:58.92301828, 8.0000E-02, 2.2333E+00, 0.0000E+00,
16:35:58.92301833, 1.0667E-01, 2.3000E+00, 2.6667E-01,
16:35:58.92301838, 9.3333E-02, 2.2333E+00,-2.6667E-01,
16:35:58.92301843, 9.3333E-02, 2.2000E+00,-1.3333E-01,
16:35:58.92301848, 1.0667E-01, 2.2333E+00, 1.3333E-01,
16:35:58.92301853, 9.3333E-02, 2.2333E+00, 4.0000E-01,
16:35:58.92301858, 9.3333E-02, 2.2333E+00, 1.3333E-01,
16:35:58.92301863, 8.0000E-02, 2.2333E+00, 0.0000E+00,
16:35:58.92301868, 1.0667E-01, 2.2333E+00, 1.3333E-01,
16:35:58.92301873, 9.3333E-02, 2.2667E+00, 1.3333E-01,
16:35:58.92301878, 9.3333E-02, 2.3000E+00,-1.3333E-01,
16:35:58.92301883, 8.0000E-02, 2.2333E+00, 4.0000E-01,
16:35:58.92301888, 1.2000E-01, 2.2333E+00, 2.6667E-01,
16:35:58.92301893, 1.0667E-01, 2.2333E+00, 1.3333E-01,
16:35:58.92301898, 1.3333E-01, 2.2333E+00, 0.0000E+00,
16:35:58.92301903, 8.0000E-02, 2.2667E+00, 5.3333E-01,
16:35:58.92301908, 1.0667E-01, 2.2667E+00, 1.3333E-01,
16:35:58.92301913, 9.3333E-02, 2.2333E+00, 1.3333E-01,
16:35:58.92301918, 1.2000E-01, 2.2333E+00,-1.3333E-01,
16:35:58.92301923, 9.3333E-02, 2.3000E+00, 0.0000E+00,
16:35:58.92301928, 1.3333E-01, 2.2333E+00, 0.0000E+00,
16:35:58.92301933, 1.3333E-01, 2.2333E+00, 1.3333E-01,
16:35:58.92301938, 1.2000E-01, 2.2000E+00, 1.3333E-01,
16:35:58.92301943, 9.3333E-02, 2.2333E+00, 4.0000E-01,
16:35:58.92301948, 8.0000E-02, 2.2000E+00, 2.6667E-01,
16:35:58.92301953, 9.3333E-02, 2.2333E+00, 4.0000E-01,
16:35:58.92301958, 8.0000E-02, 2.2333E+00, 1.3333E-01,
16:35:58.92301963, 1.0667E-01, 2.2333E+00,-1.3333E-01,
16:35:58.92301968, 1.2000E-01, 2.2667E+00, 4.0000E-01,
16:35:58.92301973, 9.3333E-02, 2.2333E+00, 0.0000E+00,
16:35:58.92301978, 1.0667E-01, 2.2333E+00,-2.6667E-01,
16:35:58.92301983, 1.0667E-01, 2.2333E+00, 0.0000E+00,
16:35:58.92301988, 8.0000E-02, 2.2667E+00, 2.6667E-01,
16:35:58.92301993, 8.0000E-02, 2.2000E+00, 6.6667E-01,
16:35:58.92301998, 8.0000E-02, 2.2333E+00, 2.6667E-01,
16:35:58.92302003, 8.0000E-02, 2.2333E+00, 0.0000E+00,
16:35:58.92302008, 9.3333E-02, 2.2667E+00, 2.6667E-01,
16:35:58.92302013, 9.3333E-02, 2.2333E+00, 1.3333E-01,
16:35:58.92302018, 1.0667E-01, 2.2333E+00, 1.3333E-01,
16:35:58.92302023, 9.3333E-02, 2.2333E+00, 0.0000E+00,
16:35:58.92302028, 8.0000E-02, 2.2000E+00,-1.3333E-01,
16:35:58.92302033, 8.0000E-02, 2.2333E+00, 1.3333E-01,
16:35:58.92302038, 9.3333E-02, 2.2000E+00, 0.0000E+00,
16:35:58.92302043, 8.0000E-02, 2.2667E+00, 4.0000E-01,
16:35:58.92302048, 8.0000E-02, 2.2667E+00, 1.3333E-01,
16:35:58.92302053, 8.0000E-02, 2.3333E+00, 1.3333E-01,
16:35:58.92302058, 8.0000E-02, 2.2333E+00, 0.0000E+00,
16:35:58.92302063, 1.0667E-01, 2.2333E+00, 0.0000E+00,
16:35:58.92302068, 9.3333E-02, 2.2333E+00,-1.3333E-01,
16:35:58.92302073, 1.0667E-01, 2.2000E+00, 0.0000E+00,
16:35:58.92302078, 9.3333E-02, 2.2333E+00, 4.0000E-01,
16:35:58.92302083, 9.3333E-02, 2.2333E+00, 1.3333E-01,
16:35:58.92302088, 1.0667E-01, 2.2333E+00, 0.0000E+00,
16:35:58.92302093, 9.3333E-02, 2.2333E+00, 1.3333E-01,
16:35:58.92302098, 6.6667E-02, 2.2667E+00, 5.3333E-01,
16:35:58.92302103, 1.0667E-01, 2.3000E+00, 2.6667E-01,
16:35:58.92302108, 9.3333E-02, 2.2667E+00, 4.0000E-01,
16:35:58.92302113, 8.0000E-02, 2.2333E+00, 4.0000E-01,
16:35:58.92302118, 1.0667E-01, 2.2333E+00, 0.0000E+00,
16:35:58.92302123, 8.0000E-02, 2.2333E+00, 1.3333E-01,
16:35:58.92302128, 9.3333E-02, 2.2667E+00, 0.0000E+00,
16:35:58.92302133, 9.3333E-02, 2.2333E+00, 1.3333E-01,
16:35:58.92302138, 8.0000E-02, 2.2333E+00, 4.0000E-01,
16:35:58.92302143, 5.3333E-02, 2.2333E+00, 4.0000E-01,
16:35:58.92302148, 6.6667E-02, 2.2000E+00, 1.3333E-01,
16:35:58.92302153, 8.0000E-02, 2.2667E+00, 1.3333E-01,
16:35:58.92302158, 1.3333E-01, 2.2333E+00,-1.3333E-01,
16:35:58.92302163, 1.0667E-01, 2.2333E+00,-1.3333E-01,
16:35:58.92302168, 9.3333E-02, 2.2667E+00,-2.6667E-01,
16:35:58.92302173, 1.0667E-01, 2.2333E+00,-1.3333E-01,
16:35:58.92302178, 8.0000E-02, 2.2667E+00, 4.0000E-01,
16:35:58.92302183, 6.6667E-02, 2.2667E+00, 0.0000E+00,
16:35:58.92302188, 8.0000E-02, 2.2333E+00, 1.3333E-01,
16:35:58.92302193, 1.2000E-01, 2.2667E+00, 2.6667E-01,
16:35:58.92302198, 8.0000E-02, 2.2667E+00, 1.3333E-01,
16:35:58.92302203, 8.0000E-02, 2.2667E+00, 2.6667E-01,
16:35:58.92302208, 8.0000E-02, 2.2333E+00, 0.0000E+00,
16:35:58.92302213, 8.0000E-02, 2.2000E+00, 0.0000E+00,
16:35:58.92302218, 1.0667E-01, 2.2000E+00, 0.0000E+00,
16:35:58.92302223, 1.3333E-01, 2.2667E+00, 0.0000E+00,
16:35:58.92302228, 8.0000E-02, 2.2333E+00, 2.6667E-01,
16:35:58.92302233, 8.0000E-02, 2.2333E+00, 6.6667E-01,
16:35:58.92302238, 1.0667E-01, 2.2333E+00, 1.3333E-01,
16:35:58.92302243, 8.0000E-02, 2.2667E+00, 2.6667E-01,
16:35:58.92302248, 5.3333E-02, 2.2000E+00, 4.0000E-01,
16:35:58.92302253, 1.0667E-01, 2.2333E+00, 1.3333E-01,
16:35:58.92302258, 8.0000E-02, 2.2667E+00, 4.0000E-01,
16:35:58.92302263, 6.6667E-02, 2.2333E+00, 2.6667E-01,
16:35:58.92302268, 9.3333E-02, 2.2333E+00, 1.3333E-01,
16:35:58.92302273, 1.0667E-01, 2.2333E+00,-1.3333E-01,
16:35:58.92302278, 1.0667E-01, 2.2333E+00, 4.0000E-01,
16:35:58.92302283, 8.0000E-02, 2.2333E+00, 0.0000E+00,
16:35:58.92302288, 6.6667E-02, 2.2333E+00, 2.6667E-01,
16:35:58.92302293, 6.6667E-02, 2.3000E+00, 0.0000E+00,
16:35:58.92302298, 8.0000E-02, 2.2333E+00, 2.6667E-01,
16:35:58.92302303, 1.0667E-01, 2.2667E+00, 2.6667E-01,
16:35:58.92302308, 9.3333E-02, 2.2000E+00, 0.0000E+00,
16:35:58.92302313, 9.3333E-02, 2.2333E+00, 0.0000E+00,
16:35:58.92302318, 8.0000E-02, 2.2000E+00, 0.0000E+00,
16:35:58.92302323, 1.0667E-01, 2.2333E+00,-2.6667E-01,
16:35:58.92302328, 8.0000E-02, 2.3000E+00, 1.3333E-01,
16:35:58.92302333, 6.6667E-02, 2.2667E+00, 2.6667E-01,
16:35:58.92302338, 9.3333E-02, 2.2333E+00, 4.0000E-01,
16:35:58.92302343, 6.6667E-02, 2.2667E+00, 0.0000E+00,
16:35:58.92302348, 8.0000E-02, 2.2000E+00, 2.6667E-01,
16:35:58.92302353, 9.3333E-02, 2.2333E+00, 2.6667E-01,
16:35:58.92302358, 1.0667E-01, 2.2667E+00, 2.6667E-01,
16:35:58.92302363, 9.3333E-02, 2.2000E+00, 1.3333E-01,
16:35:58.92302368, 1.2000E-01, 2.2333E+00, 1.3333E-01,
16:35:58.92302373, 8.0000E-02, 2.2333E+00, 1.3333E-01,
16:35:58.92302378, 8.0000E-02, 2.2667E+00, 2.6667E-01,
16:35:58.92302383, 8.0000E-02, 2.2333E+00, 1.3333E-01,
16:35:58.92302388, 8.0000E-02, 2.2667E+00, 2.6667E-01,
16:35:58.92302393, 1.0667E-01, 2.2333E+00, 0.0000E+00,
16:35:58.92302398, 9.3333E-02, 2.1667E+00, 0.0000E+00,
16:35:58.92302403, 9.3333E-02, 2.2333E+00, 1.3333E-01,
16:35:58.92302408, 8.0000E-02, 2.2667E+00, 0.0000E+00,
16:35:58.92302413, 8.0000E-02, 2.2333E+00, 0.0000E+00,
16:35:58.92302418, 9.3333E-02, 2.2333E+00, 0.0000E+00,
16:35:58.92302423, 8.0000E-02, 2.2333E+00, 1.3333E-01,
16:35:58.92302428, 9.3333E-02, 2.2667E+00, 2.6667E-01,
16:35:58.92302433, 5.3333E-02, 2.1667E+00, 0.0000E+00,
16:35:58.92302438, 8.0000E-02, 2.2667E+00, 1.3333E-01,
16:35:58.92302443, 8.0000E-02, 2.2667E+00, 2.6667E-01,
16:35:58.92302448, 9.3333E-02, 2.2000E+00, 0.0000E+00,
16:35:58.92302453, 9.3333E-02, 2.2000E+00, 0.0000E+00,
16:35:58.92302458, 6.6667E-02, 2.2333E+00, 0.0000E+00,
16:35:58.92302463, 8.0000E-02, 2.2333E+00, 1.3333E-01,
16:35:58.92302468, 8.0000E-02, 2.2333E+00, 2.6667E-01,
16:35:58.92302473, 9.3333E-02, 2.2667E+00, 2.6667E-01,
16:35:58.92302478, 8.0000E-02, 2.2667E+00, 4.0000E-01,
16:35:58.92302483, 8.0000E-02, 2.2333E+00, 1.3333E-01,
16:35:58.92302488, 8.0000E-02, 2.2000E+00, 2.6667E-01,
16:35:58.92302493, 9.3333E-02, 2.2333E+00, 2.6667E-01,
16:35:58.92302498, 9.3333E-02, 2.2000E+00, 0.0000E+00,
16:35:58.92302503, 9.3333E-02, 2.2667E+00, 1.3333E-01,
16:35:58.92302508, 9.3333E-02, 2.2333E+00, 0.0000E+00,
16:35:58.92302513, 8.0000E-02, 2.2333E+00, 4.0000E-01,
16:35:58.92302518, 1.0667E-01, 2.2333E+00, 1.3333E-01,
16:35:58.92302523, 8.0000E-02, 2.2000E+00, 2.6667E-01,
16:35:58.92302528, 8.0000E-02, 2.2333E+00, 1.3333E-01,
16:35:58.92302533, 4.0000E-02, 2.2667E+00, 1.3333E-01,
16:35:58.92302538, 8.0000E-02, 2.2667E+00, 1.3333E-01,
16:35:58.92302543, 8.0000E-02, 2.2000E+00, 4.0000E-01,
16:35:58.92302548, 8.0000E-02, 2.2333E+00, 2.6667E-01,
16:35:58.92302553, 8.0000E-02, 2.2667E+00,-1.3333E-01,
16:35:58.92302558, 8.0000E-02, 2.2333E+00,-1.3333E-01,
16:35:58.92302563, 9.3333E-02, 2.2333E+00, 1.3333E-01,
16:35:58.92302568, 8.0000E-02, 2.2333E+00, 2.6667E-01,
16:35:58.92302573, 8.0000E-02, 2.2333E+00, 5.3333E-01,
16:35:58.92302578, 8.0000E-02, 2.3000E+00, 2.6667E-01,
16:35:58.92302583, 6.6667E-02, 2.2333E+00, 2.6667E-01,
16:35:58.92302588, 8.0000E-02, 2.2333E+00, 1.3333E-01,
16:35:58.92302593, 9.3333E-02, 2.2333E+00, 0.0000E+00,
16:35:58.92302598, 8.0000E-02, 2.2333E+00, 1.3333E-01,
16:35:58.92302603, 8.0000E-02, 2.2333E+00, 1.3333E-01,
16:35:58.92302608, 8.0000E-02, 2.3000E+00, 2.6667E-01,
16:35:58.92302613, 1.0667E-01, 2.2333E+00, 6.6667E-01,
16:35:58.92302618, 6.6667E-02, 2.2333E+00, 0.0000E+00,
16:35:58.92302623, 6.6667E-02, 2.2000E+00, 1.3333E-01,
16:35:58.92302628, 6.6667E-02, 2.2333E+00, 2.6667E-01,
16:35:58.92302633, 8.0000E-02, 2.2333E+00, 2.6667E-01,
16:35:58.92302638, 8.0000E-02, 2.2333E+00, 2.6667E-01,
16:35:58.92302643, 1.0667E-01, 2.2333E+00, 0.0000E+00,
16:35:58.92302648, 8.0000E-02, 2.2667E+00, 0.0000E+00,
16:35:58.92302653, 1.0667E-01, 2.2333E+00, 0.0000E+00,
16:35:58.92302658, 6.6667E-02, 2.2333E+00, 0.0000E+00,
16:35:58.92302663, 9.3333E-02, 2.2333E+00,-1.3333E-01,
16:35:58.92302668, 6.6667E-02, 2.2333E+00, 2.6667E-01,
16:35:58.92302673, 8.0000E-02, 2.2333E+00, 4.0000E-01,
16:35:58.92302678, 6.6667E-02, 2.2333E+00, 0.0000E+00,
16:35:58.92302683, 8.0000E-02, 2.2000E+00, 2.6667E-01,
16:35:58.92302688, 8.0000E-02, 2.2333E+00, 5.3333E-01,
16:35:58.92302693, 8.0000E-02, 2.2333E+00,-1.3333E-01,
16:35:58.92302698, 8.0000E-02, 2.2667E+00, 1.3333E-01,
16:35:58.92302703, 8.0000E-02, 2.2333E+00, 1.3333E-01,
16:35:58.92302708, 8.0000E-02, 2.2333E+00,-2.6667E-01,
16:35:58.92302713, 8.0000E-02, 2.2000E+00, 2.6667E-01,
16:35:58.92302718, 8.0000E-02, 2.2333E+00, 1.3333E-01,
16:35:58.92302723, 5.3333E-02, 2.2000E+00, 2.6667E-01,
16:35:58.92302728, 9.3333E-02, 2.2000E+00, 2.6667E-01,
16:35:58.92302733, 8.0000E-02, 2.2667E+00, 2.6667E-01,
16:35:58.92302738, 5.3333E-02, 2.2333E+00, 0.0000E+00,
16:35:58.92302743, 8.0000E-02, 2.2333E+00, 0.0000E+00,
16:35:58.92302748, 9.3333E-02, 2.3333E+00, 0.0000E+00,
16:35:58.92302753, 8.0000E-02, 2.2667E+00, 2.6667E-01,
16:35:58.92302758, 8.0000E-02, 2.2333E+00, 1.3333E-01,
16:35:58.92302763, 8.0000E-02, 2.2667E+00,-1.3333E-01,
16:35:58.92302768, 6.6667E-02, 2.2667E+00, 1.3333E-01,
16:35:58.92302773, 6.6667E-02, 2.2333E+00, 2.6667E-01,
16:35:58.92302778, 5.3333E-02, 2.2333E+00,-1.3333E-01,
16:35:58.92302783, 6.6667E-02, 2.2333E+00, 1.3333E-01,
16:35:58.92302788, 8.0000E-02, 2.2333E+00, 0.0000E+00,
16:35:58.92302793, 8.0000E-02, 2.2333E+00, 0.0000E+00,
16:35:58.92302798, 5.3333E-02, 2.2000E+00, 1.3333E-01,
16:35:58.92302803, 6.6667E-02, 2.2000E+00,-2.6667E-01,
16:35:58.92302808, 6.6667E-02, 2.2000E+00, 0.0000E+00,
16:35:58.92302813, 6.6667E-02, 2.2333E+00, 2.6667E-01,
16:35:58.92302818, 6.6667E-02, 2.2000E+00, 4.0000E-01,
16:35:58.92302823, 6.6667E-02, 2.2333E+00, 0.0000E+00,
16:35:58.92302828, 9.3333E-02, 2.2333E+00, 5.3333E-01,
16:35:58.92302833, 8.0000E-02, 2.2333E+00, 0.0000E+00,
16:35:58.92302838, 8.0000E-02, 2.2333E+00, 0.0000E+00,
16:35:58.92302843, 6.6667E-02, 2.2333E+00,-1.3333E-01,
16:35:58.92302848, 8.0000E-02, 2.2667E+00,-1.3333E-01,
16:35:58.92302853, 8.0000E-02, 2.2333E+00, 0.0000E+00,
16:35:58.92302858, 8.0000E-02, 2.1333E+00, 0.0000E+00,
16:35:58.92302863, 8.0000E-02, 2.2333E+00, 0.0000E+00,
16:35:58.92302868, 8.0000E-02, 2.2667E+00,-1.3333E-01,
16:35:58.92302873, 5.3333E-02, 2.2667E+00,-1.3333E-01,
16:35:58.92302878, 6.6667E-02, 2.2667E+00, 0.0000E+00,
16:35:58.92302883, 8.0000E-02, 2.2667E+00, 4.0000E-01,
16:35:58.92302888, 8.0000E-02, 2.2333E+00, 0.0000E+00,
16:35:58.92302893, 8.0000E-02, 2.2333E+00,-1.3333E-01,
16:35:58.92302898, 5.3333E-02, 2.2333E+00, 0.0000E+00,
16:35:58.92302903, 8.0000E-02, 2.2333E+00, 2.6667E-01,
16:35:58.92302908, 8.0000E-02, 2.2667E+00, 1.3333E-01,
16:35:58.92302913, 6.6667E-02, 2.2667E+00, 0.0000E+00,
16:35:58.92302918, 8.0000E-02, 2.2333E+00, 2.6667E-01,
16:35:58.92302923, 4.0000E-02, 2.2333E+00,-1.3333E-01,
16:35:58.92302928, 6.6667E-02, 2.2667E+00, 1.3333E-01,
16:35:58.92302933, 8.0000E-02, 2.3333E+00, 1.3333E-01,
16:35:58.92302938, 8.0000E-02, 2.2333E+00, 1.3333E-01,
16:35:58.92302943, 8.0000E-02, 2.2333E+00, 0.0000E+00,
16:35:58.92302948, 9.3333E-02, 2.2333E+00, 0.0000E+00,
16:35:58.92302953, 6.6667E-02, 2.2333E+00, 2.6667E-01,
16:35:58.92302958, 6.6667E-02, 2.2000E+00, 2.6667E-01,
16:35:58.92302963, 4.0000E-02, 2.2667E+00, 4.0000E-01,
16:35:58.92302968, 8.0000E-02, 2.2333E+00,-1.3333E-01,
16:35:58.92302973, 6.6667E-02, 2.2333E+00,-1.3333E-01,
16:35:58.92302978, 6.6667E-02, 2.2667E+00, 5.3333E-01,
16:35:58.92302983, 1.0667E-01, 2.2000E+00, 0.0000E+00,
16:35:58.92302988, 8.0000E-02, 2.2667E+00, 1.3333E-01,
16:35:58.92302993, 8.0000E-02, 2.2333E+00, 1.3333E-01,
16:35:58.92302998, 8.0000E-02, 2.2333E+00, 2.6667E-01,
16:35:58.92303003, 6.6667E-02, 2.2333E+00, 2.6667E-01,
16:35:58.92303008, 5.3333E-02, 2.2333E+00, 2.6667E-01,
16:35:58.92303013, 6.6667E-02, 2.2333E+00,-1.3333E-01,
16:35:58.92303018, 6.6667E-02, 2.2333E+00, 1.3333E-01,
16:35:58.92303023, 8.0000E-02, 2.2667E+00, 2.6667E-01,
16:35:58.92303028, 6.6667E-02, 2.2333E+00, 2.6667E-01,
16:35:58.92303033, 9.3333E-02, 2.2333E+00, 0.0000E+00,
16:35:58.92303038, 6.6667E-02, 2.2667E+00, 1.3333E-01,
16:35:58.92303043, 8.0000E-02, 2.2333E+00, 0.0000E+00,
16:35:58.92303048, 8.0000E-02, 2.2333E+00, 4.0000E-01,
16:35:58.92303053, 8.0000E-02, 2.2667E+00, 6.6667E-01,
16:35:58.92303058, 9.3333E-02, 2.2000E+00, 1.3333E-01,
16:35:58.92303063, 6.6667E-02, 2.2667E+00, 1.3333E-01,
16:35:58.92303068, 6.6667E-02, 2.2667E+00, 4.0000E-01,
16:35:58.92303073, 6.6667E-02, 2.3000E+00, 4.0000E-01,
16:35:58.92303078, 8.0000E-02, 2.2333E+00, 0.0000E+00,
16:35:58.92303083, 5.3333E-02, 2.2333E+00, 1.3333E-01,
16:35:58.92303088, 5.3333E-02, 2.2000E+00, 1.3333E-01,
16:35:58.92303093, 1.0667E-01, 2.2333E+00, 1.3333E-01,
16:35:58.92303098, 8.0000E-02, 2.2667E+00, 1.3333E-01,
16:35:58.92303103, 8.0000E-02, 2.2000E+00,-1.3333E-01,
16:35:58.92303108, 5.3333E-02, 2.2333E+00, 4.0000E-01,
16:35:58.92303113, 8.0000E-02, 2.2333E+00, 1.3333E-01,
16:35:58.92303118, 6.6667E-02, 2.2333E+00,-1.3333E-01,
16:35:58.92303123, 8.0000E-02, 2.2333E+00, 0.0000E+00,
16:35:58.92303128, 8.0000E-02, 2.2667E+00, 0.0000E+00,
16:35:58.92303133, 8.0000E-02, 2.2000E+00,-1.3333E-01,
16:35:58.92303138, 1.2000E-01, 2.1667E+00, 4.0000E-01,
16:35:58.92303143, 5.3333E-02, 2.2333E+00, 4.0000E-01,
16:35:58.92303148, 5.3333E-02, 2.2333E+00, 1.3333E-01,
16:35:58.92303153, 6.6667E-02, 2.1667E+00, 0.0000E+00,
16:35:58.92303158, 5.3333E-02, 2.2333E+00, 2.6667E-01,
16:35:58.92303163, 8.0000E-02, 2.2333E+00, 2.6667E-01,
16:35:58.92303168, 8.0000E-02, 2.2333E+00, 2.6667E-01,
16:35:58.92303173, 5.3333E-02, 2.2333E+00, 1.3333E-01,
16:35:58.92303178, 8.0000E-02, 2.2333E+00, 1.3333E-01,
16:35:58.92303183, 8.0000E-02, 2.2667E+00,-1.3333E-01,
16:35:58.92303188, 8.0000E-02, 2.2333E+00, 1.3333E-01,
16:35:58.92303193, 8.0000E-02, 2.3000E+00, 0.0000E+00,
16:35:58.92303198, 8.0000E-02, 2.2667E+00, 1.3333E-01,
16:35:58.92303203, 5.3333E-02, 2.2333E+00, 1.3333E-01,
16:35:58.92303208, 8.0000E-02, 2.2667E+00, 2.6667E-01,
16:35:58.92303213, 5.3333E-02, 2.2333E+00, 1.3333E-01,
16:35:58.92303218, 8.0000E-02, 2.2333E+00, 2.6667E-01,
16:35:58.92303223, 8.0000E-02, 2.2333E+00,-1.3333E-01,
16:35:58.92303228, 8.0000E-02, 2.2667E+00, 1.3333E-01,
16:35:58.92303233, 8.0000E-02, 2.2333E+00,-2.6667E-01,
16:35:58.92303238, 6.6667E-02, 2.2333E+00,-1.3333E-01,
16:35:58.92303243, 5.3333E-02, 2.2333E+00, 1.3333E-01,
16:35:58.92303248, 4.0000E-02, 2.2333E+00, 2.6667E-01,
16:35:58.92303253, 6.6667E-02, 2.3000E+00, 0.0000E+00,
16:35:58.92303258, 8.0000E-02, 2.2333E+00, 1.3333E-01,
16:35:58.92303263, 9.3333E-02, 2.2333E+00, 5.3333E-01,
16:35:58.92303268, 8.0000E-02, 2.2333E+00, 2.6667E-01,
16:35:58.92303273, 8.0000E-02, 2.2000E+00, 1.3333E-01,
16:35:58.92303278, 8.0000E-02, 2.2333E+00, 2.6667E-01,
16:35:58.92303283, 9.3333E-02, 2.2333E+00, 0.0000E+00,
16:35:58.92303288, 6.6667E-02, 2.2333E+00, 2.6667E-01,
16:35:58.92303293, 8.0000E-02, 2.2333E+00, 0.0000E+00,
16:35:58.92303298, 2.6667E-02, 2.2667E+00, 0.0000E+00,
16:35:58.92303303, 6.6667E-02, 2.2000E+00, 2.6667E-01,
16:35:58.92303308, 5.3333E-02, 2.2333E+00, 4.0000E-01,
16:35:58.92303313, 8.0000E-02, 2.2667E+00, 0.0000E+00,
16:35:58.92303318, 8.0000E-02, 2.2333E+00, 0.0000E+00,
16:35:58.92303323, 8.0000E-02, 2.2333E+00,-1.3333E-01,
16:35:58.92303328, 8.0000E-02, 2.2667E+00,-2.6667E-01,
16:35:58.92303333, 8.0000E-02, 2.2667E+00, 0.0000E+00,
16:35:58.92303338, 8.0000E-02, 2.1667E+00,-1.3333E-01,
16:35:58.92303343, 8.0000E-02, 2.2333E+00,-1.3333E-01,
16:35:58.92303348, 8.0000E-02, 2.2333E+00, 1.3333E-01,
16:35:58.92303353, 5.3333E-02, 2.2000E+00,-1.3333E-01,
16:35:58.92303358, 5.3333E-02, 2.2333E+00, 1.3333E-01,
16:35:58.92303363, 5.3333E-02, 2.2667E+00, 2.6667E-01,
16:35:58.92303368, 6.6667E-02, 2.3000E+00,-1.3333E-01,
16:35:58.92303373, 8.0000E-02, 2.2667E+00, 0.0000E+00,
16:35:58.92303378, 8.0000E-02, 2.2333E+00,-1.3333E-01,
16:35:58.92303383, 5.3333E-02, 2.2667E+00,-1.3333E-01,
16:35:58.92303388, 4.0000E-02, 2.3000E+00, 0.0000E+00,
16:35:58.92303393, 2.6667E-02, 2.2333E+00, 0.0000E+00,
16:35:58.92303398, 8.0000E-02, 2.2333E+00, 2.6667E-01,
16:35:58.92303403, 8.0000E-02, 2.2667E+00, 4.0000E-01,
16:35:58.92303408, 6.6667E-02, 2.2000E+00, 1.3333E-01,
16:35:58.92303413, 6.6667E-02, 2.2667E+00, 4.0000E-01,
16:35:58.92303418, 8.0000E-02, 2.2000E+00,-2.6667E-01,
16:35:58.92303423, 6.6667E-02, 2.2333E+00, 1.3333E-01,
16:35:58.92303428, 8.0000E-02, 2.2000E+00, 0.0000E+00,
16:35:58.92303433, 4.0000E-02, 2.2333E+00,-1.3333E-01,
16:35:58.92303438, 6.6667E-02, 2.2333E+00, 1.3333E-01,
16:35:58.92303443, 6.6667E-02, 2.2333E+00, 5.3333E-01,
16:35:58.92303448, 6.6667E-02, 2.2333E+00,-1.3333E-01,
16:35:58.92303453, 8.0000E-02, 2.2333E+00, 2.6667E-01,
16:35:58.92303458, 5.3333E-02, 2.2333E+00, 5.3333E-01,
16:35:58.92303463, 8.0000E-02, 2.2333E+00, 4.0000E-01,
16:35:58.92303468, 6.6667E-02, 2.2333E+00, 1.3333E-01,
16:35:58.92303473, 6.6667E-02, 2.2667E+00,-1.3333E-01,
16:35:58.92303478, 6.6667E-02, 2.2333E+00, 1.3333E-01,
16:35:58.92303483, 6.6667E-02, 2.1333E+00, 1.3333E-01,
16:35:58.92303488, 5.3333E-02, 2.2333E+00, 0.0000E+00,
16:35:58.92303493, 8.0000E-02, 2.2333E+00, 1.3333E-01,
16:35:58.92303498, 5.3333E-02, 2.2333E+00, 0.0000E+00,
16:35:58.92303503, 8.0000E-02, 2.2000E+00, 1.3333E-01,
16:35:58.92303508, 6.6667E-02, 2.2667E+00, 4.0000E-01,
16:35:58.92303513, 4.0000E-02, 2.3000E+00, 4.0000E-01,
16:35:58.92303518, 8.0000E-02, 2.2333E+00,-1.3333E-01,
16:35:58.92303523, 5.3333E-02, 2.2333E+00,-1.3333E-01,
16:35:58.92303528, 6.6667E-02, 2.3000E+00, 1.3333E-01,
16:35:58.92303533, 5.3333E-02, 2.2333E+00,-1.3333E-01,
16:35:58.92303538, 4.0000E-02, 2.2333E+00, 2.6667E-01,
16:35:58.92303543, 5.3333E-02, 2.2000E+00, 4.0000E-01,
16:35:58.92303548, 5.3333E-02, 2.3000E+00, 1.3333E-01,
16:35:58.92303553, 5.3333E-02, 2.2333E+00, 0.0000E+00,
16:35:58.92303558, 5.3333E-02, 2.2333E+00, 1.3333E-01,
16:35:58.92303563, 6.6667E-02, 2.2333E+00, 1.3333E-01,
16:35:58.92303568, 5.3333E-02, 2.2667E+00, 5.3333E-01,
16:35:58.92303573, 5.3333E-02, 2.2333E+00,-1.3333E-01,
16:35:58.92303578, 5.3333E-02, 2.1667E+00, 2.6667E-01,
16:35:58.92303583, 4.0000E-02, 2.2667E+00, 0.0000E+00,
16:35:58.92303588, 5.3333E-02, 2.2333E+00, 1.3333E-01,
16:35:58.92303593, 5.3333E-02, 2.2667E+00, 1.3333E-01,
16:35:58.92303598, 6.6667E-02, 2.2667E+00, 1.3333E-01,
16:35:58.92303603, 6.6667E-02, 2.2333E+00,-1.3333E-01,
16:35:58.92303608, 6.6667E-02, 2.2333E+00, 2.6667E-01,
16:35:58.92303613, 6.6667E-02, 2.2333E+00, 0.0000E+00,
16:35:58.92303618, 4.0000E-02, 2.2333E+00, 0.0000E+00,
16:35:58.92303623, 5.3333E-02, 2.2333E+00, 2.6667E-01,
16:35:58.92303628, 4.0000E-02, 2.3000E+00, 2.6667E-01,
16:35:58.92303633, 2.6667E-02, 2.2000E+00, 1.3333E-01,
16:35:58.92303638, 4.0000E-02, 2.2000E+00, 2.6667E-01,
16:35:58.92303643, 4.0000E-02, 2.2333E+00,-2.6667E-01,
16:35:58.92303648, 6.6667E-02, 2.1667E+00, 0.0000E+00,
16:35:58.92303653, 6.6667E-02, 2.2333E+00, 2.6667E-01,
16:35:58.92303658, 6.6667E-02, 2.2667E+00, 2.6667E-01,
16:35:58.92303663, 8.0000E-02, 2.2333E+00, 2.6667E-01,
16:35:58.92303668, 5.3333E-02, 2.2333E+00, 0.0000E+00,
16:35:58.92303673, 4.0000E-02, 2.2000E+00, 0.0000E+00,
16:35:58.92303678, 4.0000E-02, 2.2667E+00, 0.0000E+00,
16:35:58.92303683, 5.3333E-02, 2.2333E+00, 1.3333E-01,
16:35:58.92303688, 5.3333E-02, 2.2333E+00, 1.3333E-01,
16:35:58.92303693, 4.0000E-02, 2.2333E+00, 0.0000E+00,
16:35:58.92303698, 5.3333E-02, 2.2333E+00, 1.3333E-01,
16:35:58.92303703, 6.6667E-02, 2.2000E+00, 4.0000E-01,
16:35:58.92303708, 5.3333E-02, 2.2333E+00, 1.3333E-01,
16:35:58.92303713, 8.0000E-02, 2.2333E+00, 1.3333E-01,
16:35:58.92303718, 4.0000E-02, 2.2333E+00, 2.6667E-01,
16:35:58.92303723, 4.0000E-02, 2.2333E+00, 2.6667E-01,
16:35:58.92303728, 2.6667E-02, 2.1667E+00, 4.0000E-01,
16:35:58.92303733, 4.0000E-02, 2.3000E+00, 0.0000E+00,
16:35:58.92303738, 5.3333E-02, 2.2000E+00,-1.3333E-01,
16:35:58.92303743, 5.3333E-02, 2.3333E+00, 0.0000E+00,
16:35:58.92303748, 5.3333E-02, 2.2667E+00, 0.0000E+00,
16:35:58.92303753, 4.0000E-02, 2.3000E+00, 1.3333E-01,
16:35:58.92303758, 6.6667E-02, 2.2333E+00, 1.3333E-01,
16:35:58.92303763, 8.0000E-02, 2.2667E+00, 0.0000E+00,
16:35:58.92303768, 6.6667E-02, 2.2333E+00, 2.6667E-01,
16:35:58.92303773, 5.3333E-02, 2.2333E+00, 4.0000E-01,
16:35:58.92303778, 5.3333E-02, 2.2333E+00, 1.3333E-01,
16:35:58.92303783, 6.6667E-02, 2.3000E+00, 0.0000E+00,
16:35:58.92303788, 5.3333E-02, 2.2333E+00,-2.6667E-01,
16:35:58.92303793, 5.3333E-02, 2.2667E+00, 4.0000E-01,
16:35:58.92303798, 6.6667E-02, 2.2667E+00, 2.6667E-01,
16:35:58.92303803, 8.0000E-02, 2.2333E+00, 0.0000E+00,
16:35:58.92303808, 4.0000E-02, 2.2333E+00, 1.3333E-01,
16:35:58.92303813, 6.6667E-02, 2.2333E+00, 0.0000E+00,
16:35:58.92303818, 4.0000E-02, 2.2333E+00, 2.6667E-01,
16:35:58.92303823, 2.6667E-02, 2.2333E+00, 4.0000E-01,
16:35:58.92303828, 6.6667E-02, 2.2000E+00, 1.3333E-01,
16:35:58.92303833, 5.3333E-02, 2.2333E+00, 0.0000E+00,
16:35:58.92303838, 5.3333E-02, 2.2333E+00, 1.3333E-01,
16:35:58.92303843, 8.0000E-02, 2.2000E+00, 2.6667E-01,
16:35:58.92303848, 6.6667E-02, 2.2333E+00, 2.6667E-01,
16:35:58.92303853, 5.3333E-02, 2.2667E+00, 2.6667E-01,
16:35:58.92303858, 8.0000E-02, 2.1667E+00, 0.0000E+00,
16:35:58.92303863, 5.3333E-02, 2.2333E+00, 1.3333E-01,
16:35:58.92303868, 4.0000E-02, 2.2333E+00,-2.6667E-01,
16:35:58.92303873, 6.6667E-02, 2.2333E+00, 1.3333E-01,
16:35:58.92303878, 6.6667E-02, 2.2667E+00,-1.3333E-01,
16:35:58.92303883, 4.0000E-02, 2.2333E+00,-4.0000E-01,
16:35:58.92303888, 5.3333E-02, 2.2333E+00,-2.6667E-01,
16:35:58.92303893, 6.6667E-02, 2.2333E+00,-1.3333E-01,
16:35:58.92303898, 5.3333E-02, 2.2333E+00, 0.0000E+00,
16:35:58.92303903, 5.3333E-02, 2.2333E+00, 0.0000E+00,
16:35:58.92303908, 5.3333E-02, 2.2333E+00,-1.3333E-01,
16:35:58.92303913, 5.3333E-02, 2.2333E+00, 1.3333E-01,
16:35:58.92303918, 8.0000E-02, 2.2000E+00, 0.0000E+00,
16:35:58.92303923, 5.3333E-02, 2.3000E+00,-1.3333E-01,
16:35:58.92303928, 4.0000E-02, 2.3000E+00, 1.3333E-01,
16:35:58.92303933, 6.6667E-02, 2.2667E+00, 2.6667E-01,
16:35:58.92303938, 5.3333E-02, 2.2333E+00, 1.3333E-01,
16:35:58.92303943, 5.3333E-02, 2.3000E+00, 2.6667E-01,
16:35:58.92303948, 4.0000E-02, 2.2000E+00, 1.3333E-01,
16:35:58.92303953, 5.3333E-02, 2.2333E+00, 1.3333E-01,
16:35:58.92303958, 6.6667E-02, 2.2333E+00, 1.3333E-01,
16:35:58.92303963, 2.6667E-02, 2.2333E+00,-1.3333E-01,
16:35:58.92303968, 2.6667E-02, 2.2333E+00, 0.0000E+00,
16:35:58.92303973, 4.0000E-02, 2.2333E+00, 1.3333E-01,
16:35:58.92303978, 6.6667E-02, 2.2333E+00, 0.0000E+00,
16:35:58.92303983, 4.0000E-02, 2.2667E+00, 1.3333E-01,
16:35:58.92303988, 6.6667E-02, 2.2333E+00, 1.3333E-01,
16:35:58.92303993, 8.0000E-02, 2.2000E+00, 5.3333E-01,
16:35:58.92303998, 5.3333E-02, 2.2333E+00, 0.0000E+00,
16:35:58.92304003, 4.0000E-02, 2.2667E+00, 5.3333E-01,
16:35:58.92304008, 5.3333E-02, 2.2333E+00, 4.0000E-01,
16:35:58.92304013, 4.0000E-02, 2.2667E+00, 4.0000E-01,
16:35:58.92304018, 5.3333E-02, 2.2000E+00, 1.3333E-01,
16:35:58.92304023, 4.0000E-02, 2.2333E+00, 1.3333E-01,
16:35:58.92304028, 4.0000E-02, 2.2667E+00, 6.6667E-01,
16:35:58.92304033, 8.0000E-02, 2.2333E+00, 1.3333E-01,
16:35:58.92304038, 8.0000E-02, 2.2333E+00, 1.3333E-01,
16:35:58.92304043, 6.6667E-02, 2.2333E+00, 2.6667E-01,
16:35:58.92304048, 1.3333E-02, 2.2000E+00, 1.3333E-01,
16:35:58.92304053, 5.3333E-02, 2.2333E+00,-2.6667E-01,
16:35:58.92304058, 5.3333E-02, 2.2333E+00, 2.6667E-01,
16:35:58.92304063, 4.0000E-02, 2.2000E+00, 1.3333E-01,
16:35:58.92304068, 4.0000E-02, 2.2667E+00, 0.0000E+00,
16:35:58.92304073, 4.0000E-02, 2.2333E+00, 1.3333E-01,
16:35:58.92304078, 6.6667E-02, 2.2333E+00, 2.6667E-01,
16:35:58.92304083, 5.3333E-02, 2.2333E+00, 2.6667E-01,
16:35:58.92304088, 6.6667E-02, 2.2333E+00, 2.6667E-01,
16:35:58.92304093, 6.6667E-02, 2.2667E+00,-1.3333E-01,
16:35:58.92304098, 5.3333E-02, 2.2333E+00, 5.3333E-01,
16:35:58.92304103, 2.6667E-02, 2.2000E+00, 0.0000E+00,
16:35:58.92304108, 2.6667E-02, 2.2333E+00, 1.3333E-01,
16:35:58.92304113, 4.0000E-02, 2.2667E+00,-4.0000E-01,
16:35:58.92304118, 5.3333E-02, 2.2667E+00,-1.3333E-01,
16:35:58.92304123, 2.6667E-02, 2.2333E+00, 1.3333E-01,
16:35:58.92304128, 5.3333E-02, 2.2333E+00, 2.6667E-01,
16:35:58.92304133, 4.0000E-02, 2.2333E+00, 0.0000E+00,
16:35:58.92304138, 5.3333E-02, 2.2000E+00, 1.3333E-01,
16:35:58.92304143, 5.3333E-02, 2.2333E+00, 1.3333E-01,
16:35:58.92304148, 4.0000E-02, 2.2667E+00, 0.0000E+00,
16:35:58.92304153, 2.6667E-02, 2.2333E+00, 1.3333E-01,
16:35:58.92304158, 5.3333E-02, 2.2333E+00, 1.3333E-01,
16:35:58.92304163, 2.6667E-02, 2.2667E+00, 5.3333E-01,
16:35:58.92304168, 8.0000E-02, 2.2333E+00, 0.0000E+00,
16:35:58.92304173, 6.6667E-02, 2.2667E+00, 1.3333E-01,
16:35:58.92304178, 2.6667E-02, 2.2667E+00,-1.3333E-01,
16:35:58.92304183, 5.3333E-02, 2.2000E+00, 2.6667E-01,
16:35:58.92304188, 6.6667E-02, 2.2333E+00, 4.0000E-01,
16:35:58.92304193, 6.6667E-02, 2.2000E+00, 1.3333E-01,
16:35:58.92304198, 2.6667E-02, 2.2333E+00, 1.3333E-01,
16:35:58.92304203, 4.0000E-02, 2.2333E+00, 4.0000E-01,
16:35:58.92304208, 4.0000E-02, 2.2333E+00, 2.6667E-01,
16:35:58.92304213, 5.3333E-02, 2.3000E+00, 0.0000E+00,
16:35:58.92304218, 5.3333E-02, 2.2000E+00, 1.3333E-01,
16:35:58.92304223, 5.3333E-02, 2.2667E+00, 5.3333E-01,
16:35:58.92304228, 5.3333E-02, 2.2333E+00, 1.3333E-01,
16:35:58.92304233, 5.3333E-02, 2.2667E+00, 2.6667E-01,
16:35:58.92304238, 6.6667E-02, 2.2333E+00, 0.0000E+00,
16:35:58.92304243, 4.0000E-02, 2.2333E+00, 4.0000E-01,
16:35:58.92304248, 4.0000E-02, 2.2000E+00, 1.3333E-01,
16:35:58.92304253, 4.0000E-02, 2.2333E+00,-1.3333E-01,
16:35:58.92304258, 4.0000E-02, 2.3000E+00, 0.0000E+00,
16:35:58.92304263, 6.6667E-02, 2.2333E+00, 2.6667E-01,
16:35:58.92304268, 6.6667E-02, 2.2000E+00, 0.0000E+00,
16:35:58.92304273, 5.3333E-02, 2.2667E+00, 6.6667E-01,
16:35:58.92304278, 6.6667E-02, 2.2667E+00, 1.3333E-01,
16:35:58.92304283, 8.0000E-02, 2.2000E+00, 2.6667E-01,
16:35:58.92304288, 4.0000E-02, 2.1333E+00, 5.3333E-01,
16:35:58.92304293, 2.6667E-02, 2.2333E+00, 4.0000E-01,
16:35:58.92304298, 5.3333E-02, 2.2333E+00,-1.3333E-01,
16:35:58.92304303, 0.0000E+00, 2.3000E+00, 0.0000E+00,
16:35:58.92304308, 1.3333E-02, 2.3333E+00, 1.3333E-01,
16:35:58.92304313, 6.6667E-02, 2.3000E+00, 0.0000E+00,
16:35:58.92304318, 6.6667E-02, 2.2333E+00, 0.0000E+00,
16:35:58.92304323, 5.3333E-02, 2.2333E+00, 2.6667E-01,
16:35:58.92304328, 8.0000E-02, 2.2333E+00,-1.3333E-01,
16:35:58.92304333, 2.6667E-02, 2.2000E+00, 0.0000E+00,
16:35:58.92304338, 2.6667E-02, 2.2333E+00, 1.3333E-01,
16:35:58.92304343, 4.0000E-02, 2.2000E+00, 0.0000E+00,
16:35:58.92304348, 4.0000E-02, 2.2333E+00,-1.3333E-01,
16:35:58.92304353, 4.0000E-02, 2.2667E+00,-1.3333E-01,
16:35:58.92304358, 2.6667E-02, 2.2333E+00, 0.0000E+00,
16:35:58.92304363, 5.3333E-02, 2.2333E+00, 1.3333E-01,
16:35:58.92304368, 5.3333E-02, 2.2333E+00,-2.6667E-01,
16:35:58.92304373, 5.3333E-02, 2.2333E+00, 4.0000E-01,
16:35:58.92304378, 4.0000E-02, 2.2333E+00, 1.3333E-01,
16:35:58.92304383, 4.0000E-02, 2.3333E+00, 2.6667E-01,
16:35:58.92304388, 5.3333E-02, 2.2667E+00, 0.0000E+00,
16:35:58.92304393, 1.3333E-02, 2.3333E+00, 0.0000E+00,
16:35:58.92304398, 4.0000E-02, 2.2333E+00, 0.0000E+00,
16:35:58.92304403, 4.0000E-02, 2.2000E+00, 1.3333E-01,
16:35:58.92304408, 5.3333E-02, 2.2667E+00, 0.0000E+00,
16:35:58.92304413, 4.0000E-02, 2.2333E+00, 2.6667E-01,
16:35:58.92304418, 4.0000E-02, 2.2667E+00, 0.0000E+00,
16:35:58.92304423, 8.0000E-02, 2.2667E+00, 2.6667E-01,
16:35:58.92304428, 4.0000E-02, 2.2000E+00, 2.6667E-01,
16:35:58.92304433, 2.6667E-02, 2.2333E+00, 4.0000E-01,
16:35:58.92304438, 5.3333E-02, 2.2333E+00, 1.3333E-01,
16:35:58.92304443, 4.0000E-02, 2.3000E+00, 1.3333E-01,
16:35:58.92304448, 0.0000E+00, 2.2333E+00, 1.3333E-01,
16:35:58.92304453, 5.3333E-02, 2.2333E+00, 1.3333E-01,
16:35:58.92304458, 4.0000E-02, 2.2333E+00, 1.3333E-01,
16:35:58.92304463, 4.0000E-02, 2.2333E+00,-1.3333E-01,
16:35:58.92304468, 5.3333E-02, 2.2333E+00, 1.3333E-01,
16:35:58.92304473, 6.6667E-02, 2.2667E+00, 4.0000E-01,
16:35:58.92304478, 1.3333E-02, 2.2333E+00, 1.3333E-01,
16:35:58.92304483, 4.0000E-02, 2.2000E+00, 1.3333E-01,
16:35:58.92304488, 4.0000E-02, 2.2667E+00, 1.3333E-01,
16:35:58.92304493, 1.3333E-02, 2.2333E+00, 2.6667E-01,
16:35:58.92304498, 6.6667E-02, 2.2667E+00,-1.3333E-01,
16:35:58.92304503, 1.3333E-02, 2.2000E+00,-1.3333E-01,
16:35:58.92304508, 6.6667E-02, 2.2333E+00,-1.3333E-01,
16:35:58.92304513, 4.0000E-02, 2.2333E+00, 4.0000E-01,
16:35:58.92304518, 8.0000E-02, 2.2667E+00,-4.0000E-01,
16:35:58.92304523, 2.6667E-02, 2.2333E+00, 2.6667E-01,
16:35:58.92304528, 6.6667E-02, 2.2333E+00, 4.0000E-01,
16:35:58.92304533, 4.0000E-02, 2.2000E+00, 2.6667E-01,
16:35:58.92304538, 1.3333E-02, 2.3000E+00, 2.6667E-01,
16:35:58.92304543, 0.0000E+00, 2.2333E+00, 1.3333E-01,
16:35:58.92304548, 2.6667E-02, 2.3000E+00, 0.0000E+00,
16:35:58.92304553, 5.3333E-02, 2.3000E+00, 0.0000E+00,
16:35:58.92304558, 4.0000E-02, 2.2333E+00,-1.3333E-01,
16:35:58.92304563, 2.6667E-02, 2.2333E+00, 1.3333E-01,
16:35:58.92304568, 4.0000E-02, 2.3000E+00, 4.0000E-01,
16:35:58.92304573, 2.6667E-02, 2.2333E+00, 1.3333E-01,
16:35:58.92304578, 8.0000E-02, 2.2667E+00, 4.0000E-01,
16:35:58.92304583, 5.3333E-02, 2.2333E+00, 0.0000E+00,
16:35:58.92304588, 5.3333E-02, 2.2000E+00, 1.3333E-01,
16:35:58.92304593, 2.6667E-02, 2.2000E+00, 2.6667E-01,
16:35:58.92304598, 2.6667E-02, 2.2667E+00, 2.6667E-01,
16:35:58.92304603, 1.3333E-02, 2.2333E+00, 2.6667E-01,
16:35:58.92304608, 2.6667E-02, 2.2333E+00, 1.3333E-01,
16:35:58.92304613, 6.6667E-02, 2.2333E+00, 1.3333E-01,
16:35:58.92304618, 5.3333E-02, 2.2000E+00, 2.6667E-01,
16:35:58.92304623, 5.3333E-02, 2.2333E+00, 2.6667E-01,
16:35:58.92304628, 5.3333E-02, 2.2667E+00, 2.6667E-01,
16:35:58.92304633, 2.6667E-02, 2.2667E+00, 2.6667E-01,
16:35:58.92304638, 1.3333E-02, 2.2667E+00, 1.3333E-01,
16:35:58.92304643, 1.3333E-02, 2.2333E+00, 1.3333E-01,
16:35:58.92304648, 2.6667E-02, 2.2333E+00, 2.6667E-01,
16:35:58.92304653, 6.6667E-02, 2.2333E+00, 2.6667E-01,
16:35:58.92304658, 5.3333E-02, 2.2333E+00, 0.0000E+00,
16:35:58.92304663, 4.0000E-02, 2.2667E+00, 0.0000E+00,
16:35:58.92304668, 4.0000E-02, 2.2333E+00,-1.3333E-01,
16:35:58.92304673, 4.0000E-02, 2.2333E+00, 1.3333E-01,
16:35:58.92304678, 5.3333E-02, 2.2333E+00, 2.6667E-01,
16:35:58.92304683, 1.3333E-02, 2.2000E+00, 0.0000E+00,
16:35:58.92304688, 2.6667E-02, 2.2333E+00, 1.3333E-01,
16:35:58.92304693,-2.6667E-02, 2.2333E+00, 0.0000E+00,
16:35:58.92304698, 4.0000E-02, 2.2333E+00, 0.0000E+00,
16:35:58.92304703, 8.0000E-02, 2.2333E+00, 0.0000E+00,
16:35:58.92304708, 6.6667E-02, 2.2000E+00, 2.6667E-01,
16:35:58.92304713, 4.0000E-02, 2.2667E+00, 1.3333E-01,
16:35:58.92304718, 6.6667E-02, 2.2000E+00, 2.6667E-01,
16:35:58.92304723, 4.0000E-02, 2.2667E+00, 2.6667E-01,
16:35:58.92304728, 4.0000E-02, 2.2333E+00, 1.3333E-01,
16:35:58.92304733, 2.6667E-02, 2.2000E+00, 0.0000E+00,
16:35:58.92304738, 2.6667E-02, 2.2333E+00, 6.6667E-01,
16:35:58.92304743, 5.3333E-02, 2.2667E+00, 2.6667E-01,
16:35:58.92304748, 5.3333E-02, 2.2333E+00, 1.3333E-01,
16:35:58.92304753, 5.3333E-02, 2.2667E+00, 1.3333E-01,
16:35:58.92304758, 1.3333E-02, 2.2333E+00, 2.6667E-01,
16:35:58.92304763, 4.0000E-02, 2.2667E+00, 0.0000E+00,
16:35:58.92304768, 5.3333E-02, 2.2667E+00, 6.6667E-01,
16:35:58.92304773, 4.0000E-02, 2.2333E+00, 1.3333E-01,
16:35:58.92304778, 2.6667E-02, 2.2333E+00, 1.3333E-01,
16:35:58.92304783, 2.6667E-02, 2.2333E+00, 2.6667E-01,
16:35:58.92304788, 2.6667E-02, 2.2667E+00, 1.3333E-01,
16:35:58.92304793, 1.3333E-02, 2.2333E+00, 2.6667E-01,
16:35:58.92304798, 2.6667E-02, 2.1333E+00, 1.3333E-01,
16:35:58.92304803, 5.3333E-02, 2.2000E+00,-1.3333E-01,
16:35:58.92304808, 5.3333E-02, 2.3000E+00, 0.0000E+00,
16:35:58.92304813, 5.3333E-02, 2.2667E+00, 1.3333E-01,
16:35:58.92304818, 4.0000E-02, 2.2333E+00, 2.6667E-01,
16:35:58.92304823, 5.3333E-02, 2.2667E+00, 0.0000E+00,
16:35:58.92304828, 4.0000E-02, 2.2333E+00,-1.3333E-01,
16:35:58.92304833, 4.0000E-02, 2.2333E+00, 0.0000E+00,
16:35:58.92304838, 4.0000E-02, 2.2333E+00, 1.3333E-01,
16:35:58.92304843, 6.6667E-02, 2.2333E+00, 2.6667E-01,
16:35:58.92304848, 2.6667E-02, 2.2333E+00, 1.3333E-01,
16:35:58.92304853, 5.3333E-02, 2.2333E+00, 1.3333E-01,
16:35:58.92304858, 6.6667E-02, 2.2333E+00, 0.0000E+00,
16:35:58.92304863, 5.3333E-02, 2.2333E+00, 1.3333E-01,
16:35:58.92304868, 4.0000E-02, 2.3000E+00, 0.0000E+00,
16:35:58.92304873, 0.0000E+00, 2.3000E+00, 5.3333E-01,
16:35:58.92304878, 1.3333E-02, 2.2667E+00, 2.6667E-01,
16:35:58.92304883, 4.0000E-02, 2.2333E+00,-2.6667E-01,
16:35:58.92304888, 5.3333E-02, 2.2000E+00, 2.6667E-01,
16:35:58.92304893, 2.6667E-02, 2.2333E+00, 1.3333E-01,
16:35:58.92304898, 4.0000E-02, 2.1667E+00,-1.3333E-01,
16:35:58.92304903, 1.3333E-02, 2.2333E+00,-1.3333E-01,
16:35:58.92304908, 4.0000E-02, 2.2667E+00, 2.6667E-01,
16:35:58.92304913, 6.6667E-02, 2.2333E+00, 0.0000E+00,
16:35:58.92304918, 4.0000E-02, 2.2333E+00,-1.3333E-01,
16:35:58.92304923, 6.6667E-02, 2.2333E+00,-1.3333E-01,
16:35:58.92304928, 1.3333E-02, 2.2333E+00, 0.0000E+00,
16:35:58.92304933, 4.0000E-02, 2.2000E+00, 0.0000E+00,
16:35:58.92304938, 1.3333E-02, 2.2333E+00, 1.3333E-01,
16:35:58.92304943, 1.3333E-02, 2.1667E+00, 1.3333E-01,
16:35:58.92304948, 5.3333E-02, 2.2333E+00, 2.6667E-01,
16:35:58.92304953, 5.3333E-02, 2.2667E+00, 2.6667E-01,
16:35:58.92304958, 5.3333E-02, 2.2333E+00, 2.6667E-01,
16:35:58.92304963, 4.0000E-02, 2.2667E+00, 6.6667E-01,
16:35:58.92304968, 4.0000E-02, 2.2333E+00, 2.6667E-01,
16:35:58.92304973, 2.6667E-02, 2.2667E+00, 0.0000E+00,
16:35:58.92304978, 4.0000E-02, 2.3000E+00, 0.0000E+00,
16:35:58.92304983, 6.6667E-02, 2.2000E+00, 2.6667E-01,
16:35:58.92304988, 2.6667E-02, 2.2333E+00, 0.0000E+00,
16:35:58.92304993, 1.3333E-02, 2.2000E+00, 2.6667E-01,
16:35:58.92304998, 4.0000E-02, 2.2333E+00,-1.3333E-01,
16:35:58.92305003, 0.0000E+00, 2.2333E+00, 2.6667E-01,
16:35:58.92305008, 4.0000E-02, 2.2333E+00, 1.3333E-01,
16:35:58.92305013, 5.3333E-02, 2.2333E+00, 0.0000E+00,
16:35:58.92305018, 2.6667E-02, 2.2667E+00, 1.3333E-01,
16:35:58.92305023, 0.0000E+00, 2.2667E+00, 0.0000E+00,
16:35:58.92305028, 1.3333E-02, 2.2333E+00, 1.3333E-01,
16:35:58.92305033, 4.0000E-02, 2.2333E+00, 1.3333E-01,
16:35:58.92305038, 2.6667E-02, 2.2000E+00,-1.3333E-01,
16:35:58.92305043, 4.0000E-02, 2.2667E+00, 1.3333E-01,
16:35:58.92305048, 4.0000E-02, 2.2333E+00, 0.0000E+00,
16:35:58.92305053, 4.0000E-02, 2.2667E+00, 1.3333E-01,
16:35:58.92305058, 2.6667E-02, 2.2000E+00, 0.0000E+00,
16:35:58.92305063, 5.3333E-02, 2.2667E+00, 1.3333E-01,
16:35:58.92305068, 1.3333E-02, 2.2667E+00, 1.3333E-01,
16:35:58.92305073,-1.3333E-02, 2.2333E+00,-2.6667E-01,
16:35:58.92305078, 0.0000E+00, 2.2333E+00, 4.0000E-01,
16:35:58.92305083, 4.0000E-02, 2.2333E+00, 1.3333E-01,
16:35:58.92305088, 5.3333E-02, 2.2333E+00, 0.0000E+00,
16:35:58.92305093, 2.6667E-02, 2.2333E+00,-2.6667E-01,
16:35:58.92305098, 1.3333E-02, 2.2000E+00, 0.0000E+00,
16:35:58.92305103, 5.3333E-02, 2.2333E+00,-1.3333E-01,
16:35:58.92305108, 4.0000E-02, 2.2333E+00, 1.3333E-01,
16:35:58.92305113, 4.0000E-02, 2.2000E+00, 1.3333E-01,
16:35:58.92305118, 0.0000E+00, 2.2000E+00, 1.3333E-01,
16:35:58.92305123, 0.0000E+00, 2.2333E+00, 4.0000E-01,
16:35:58.92305128, 1.3333E-02, 2.2333E+00, 1.3333E-01,
16:35:58.92305133, 4.0000E-02, 2.2333E+00, 2.6667E-01,
16:35:58.92305138, 2.6667E-02, 2.2333E+00, 0.0000E+00,
16:35:58.92305143, 1.3333E-02, 2.2333E+00,-1.3333E-01,
16:35:58.92305148, 2.6667E-02, 2.2333E+00, 2.6667E-01,
16:35:58.92305153, 2.6667E-02, 2.2333E+00, 4.0000E-01,
16:35:58.92305158, 0.0000E+00, 2.2333E+00, 1.3333E-01,
16:35:58.92305163, 1.3333E-02, 2.2333E+00, 1.3333E-01,
16:35:58.92305168, 2.6667E-02, 2.2667E+00, 5.3333E-01,
16:35:58.92305173, 5.3333E-02, 2.2000E+00, 0.0000E+00,
16:35:58.92305178, 4.0000E-02, 2.2333E+00,-2.6667E-01,
16:35:58.92305183, 2.6667E-02, 2.2000E+00, 1.3333E-01,
16:35:58.92305188, 5.3333E-02, 2.2667E+00, 1.3333E-01,
16:35:58.92305193, 1.3333E-02, 2.2667E+00, 2.6667E-01,
16:35:58.92305198, 4.0000E-02, 2.2667E+00, 1.3333E-01,
16:35:58.92305203, 1.3333E-02, 2.2667E+00, 1.3333E-01,
16:35:58.92305208, 2.6667E-02, 2.2333E+00, 6.6667E-01,
16:35:58.92305213, 0.0000E+00, 2.2667E+00, 1.3333E-01,
16:35:58.92305218, 5.3333E-02, 2.1333E+00, 2.6667E-01,
16:35:58.92305223, 2.6667E-02, 2.2000E+00,-2.6667E-01,
16:35:58.92305228, 1.3333E-02, 2.2000E+00, 0.0000E+00,
16:35:58.92305233, 4.0000E-02, 2.2333E+00, 0.0000E+00,
16:35:58.92305238, 2.6667E-02, 2.1667E+00, 2.6667E-01,
16:35:58.92305243, 8.0000E-02, 2.2333E+00, 1.3333E-01,
16:35:58.92305248, 4.0000E-02, 2.2000E+00, 1.3333E-01,
16:35:58.92305253, 2.6667E-02, 2.2667E+00, 1.3333E-01,
16:35:58.92305258, 1.3333E-02, 2.2333E+00, 4.0000E-01,
16:35:58.92305263, 1.3333E-02, 2.2667E+00, 2.6667E-01,
16:35:58.92305268, 2.6667E-02, 2.2667E+00, 2.6667E-01,
16:35:58.92305273, 5.3333E-02, 2.2333E+00, 0.0000E+00,
16:35:58.92305278,-1.3333E-02, 2.2333E+00, 4.0000E-01,
16:35:58.92305283, 2.6667E-02, 2.2000E+00, 1.3333E-01,
16:35:58.92305288, 5.3333E-02, 2.2333E+00, 1.3333E-01,
16:35:58.92305293, 4.0000E-02, 2.2333E+00, 0.0000E+00,
16:35:58.92305298, 2.6667E-02, 2.2000E+00, 1.3333E-01,
16:35:58.92305303, 1.3333E-02, 2.2333E+00, 1.3333E-01,
16:35:58.92305308, 2.6667E-02, 2.2333E+00, 5.3333E-01,
16:35:58.92305313, 1.3333E-02, 2.2667E+00, 4.0000E-01,
16:35:58.92305318, 5.3333E-02, 2.2333E+00, 1.3333E-01,
16:35:58.92305323, 0.0000E+00, 2.2000E+00, 1.3333E-01,
16:35:58.92305328, 0.0000E+00, 2.2333E+00, 1.3333E-01,
16:35:58.92305333, 4.0000E-02, 2.2333E+00, 0.0000E+00,
16:35:58.92305338, 1.3333E-02, 2.2333E+00, 1.3333E-01,
16:35:58.92305343, 5.3333E-02, 2.2667E+00, 4.0000E-01,
16:35:58.92305348, 1.3333E-02, 2.2333E+00, 2.6667E-01,
16:35:58.92305353, 2.6667E-02, 2.2333E+00, 4.0000E-01,
16:35:58.92305358,-1.3333E-02, 2.3000E+00, 1.3333E-01,
16:35:58.92305363, 4.0000E-02, 2.2333E+00, 2.6667E-01,
16:35:58.92305368, 5.3333E-02, 2.2333E+00, 1.3333E-01,
16:35:58.92305373, 4.0000E-02, 2.2000E+00, 1.3333E-01,
16:35:58.92305378, 5.3333E-02, 2.2000E+00, 0.0000E+00,
16:35:58.92305383, 6.6667E-02, 2.1667E+00, 2.6667E-01,
16:35:58.92305388, 1.3333E-02, 2.2333E+00,-2.6667E-01,
