"Header Size"           ,15              
"Model Name"            ,"DL850EV       "
"Comment"               ,"                         "
"BlockNumber"           ,1               
"TraceName"             ,"V_MF1         ","V_MF2         ","Id            "
"BlockSize"             ,4004            ,4004            ,4004            
"VUnit"                 ,"V             ","V             ","A             "
"SampleRate"            ,20000000.000000 ,20000000.000000 ,20000000.000000 
"HResolution"           ,5.000000e-08    ,5.000000e-08    ,5.000000e-08    
"HOffset"               ,-4.000000e-05   ,-4.000000e-05   ,-4.000000e-05   
"HUnit"                 ,"s             ","s             ","s             "
"DisplayPointNo."       ,1               ,1               ,1               
"PhaseShift"            ,1               ,1               ,1               
"Date"                  ,"2026/04/08    ","2026/04/08    ","2026/04/08    "
"Time"                  ,"16:38:52.08187489","16:38:52.08187489","16:38:52.08187489"

16:38:52.08183489, 0.0000E+00, 2.2000E+00, 1.3333E-01,
16:38:52.08183494, 0.0000E+00, 2.2667E+00, 1.3333E-01,
16:38:52.08183499, 1.3333E-02, 2.2000E+00, 2.6667E-01,
16:38:52.08183504, 1.3333E-02, 2.2333E+00, 1.3333E-01,
16:38:52.08183509,-1.3333E-02, 2.2333E+00, 2.6667E-01,
16:38:52.08183514,-1.3333E-02, 2.2333E+00, 1.3333E-01,
16:38:52.08183519, 0.0000E+00, 2.2667E+00, 1.3333E-01,
16:38:52.08183524,-2.6667E-02, 2.2667E+00, 2.6667E-01,
16:38:52.08183529, 0.0000E+00, 2.2000E+00,-2.6667E-01,
16:38:52.08183534,-2.6667E-02, 2.3333E+00, 1.3333E-01,
16:38:52.08183539, 0.0000E+00, 2.3000E+00, 1.3333E-01,
16:38:52.08183544, 1.3333E-02, 2.2333E+00, 1.3333E-01,
16:38:52.08183549, 1.3333E-02, 2.2667E+00, 2.6667E-01,
16:38:52.08183554,-1.3333E-02, 2.2667E+00, 2.6667E-01,
16:38:52.08183559,-1.3333E-02, 2.2333E+00, 0.0000E+00,
16:38:52.08183564, 0.0000E+00, 2.2333E+00, 2.6667E-01,
16:38:52.08183569, 1.3333E-02, 2.2333E+00,-1.3333E-01,
16:38:52.08183574,-2.6667E-02, 2.2333E+00, 1.3333E-01,
16:38:52.08183579, 2.6667E-02, 2.2000E+00, 0.0000E+00,
16:38:52.08183584, 1.3333E-02, 2.2667E+00, 0.0000E+00,
16:38:52.08183589, 0.0000E+00, 2.2333E+00, 2.6667E-01,
16:38:52.08183594, 1.3333E-02, 2.3000E+00, 4.0000E-01,
16:38:52.08183599, 0.0000E+00, 2.2333E+00, 0.0000E+00,
16:38:52.08183604,-4.0000E-02, 2.2667E+00, 0.0000E+00,
16:38:52.08183609,-2.6667E-02, 2.2333E+00, 2.6667E-01,
16:38:52.08183614,-1.3333E-02, 2.2333E+00, 1.3333E-01,
16:38:52.08183619,-2.6667E-02, 2.2333E+00, 2.6667E-01,
16:38:52.08183624,-1.3333E-02, 2.2000E+00, 2.6667E-01,
16:38:52.08183629,-1.3333E-02, 2.2333E+00, 0.0000E+00,
16:38:52.08183634, 1.3333E-02, 2.2333E+00, 0.0000E+00,
16:38:52.08183639, 1.3333E-02, 2.2667E+00, 2.6667E-01,
16:38:52.08183644, 2.6667E-02, 2.2333E+00, 4.0000E-01,
16:38:52.08183649, 0.0000E+00, 2.2333E+00, 0.0000E+00,
16:38:52.08183654,-1.3333E-02, 2.2333E+00, 1.3333E-01,
16:38:52.08183659,-1.3333E-02, 2.2333E+00, 2.6667E-01,
16:38:52.08183664,-2.6667E-02, 2.2667E+00, 2.6667E-01,
16:38:52.08183669, 0.0000E+00, 2.2333E+00,-2.6667E-01,
16:38:52.08183674, 1.3333E-02, 2.2333E+00,-1.3333E-01,
16:38:52.08183679,-1.3333E-02, 2.2333E+00, 1.3333E-01,
16:38:52.08183684, 0.0000E+00, 2.2333E+00, 0.0000E+00,
16:38:52.08183689, 0.0000E+00, 2.2333E+00, 1.3333E-01,
16:38:52.08183694, 4.0000E-02, 2.2333E+00, 2.6667E-01,
16:38:52.08183699, 0.0000E+00, 2.2667E+00, 1.3333E-01,
16:38:52.08183704,-1.3333E-02, 2.2333E+00, 2.6667E-01,
16:38:52.08183709, 0.0000E+00, 2.2333E+00, 1.3333E-01,
16:38:52.08183714, 1.3333E-02, 2.2333E+00, 1.3333E-01,
16:38:52.08183719,-1.3333E-02, 2.2333E+00,-1.3333E-01,
16:38:52.08183724,-2.6667E-02, 2.2333E+00, 1.3333E-01,
16:38:52.08183729, 2.6667E-02, 2.2333E+00, 0.0000E+00,
16:38:52.08183734, 0.0000E+00, 2.2333E+00,-1.3333E-01,
16:38:52.08183739, 1.3333E-02, 2.2667E+00,-1.3333E-01,
16:38:52.08183744,-4.0000E-02, 2.2333E+00, 1.3333E-01,
16:38:52.08183749,-1.3333E-02, 2.3000E+00, 1.3333E-01,
16:38:52.08183754,-2.6667E-02, 2.2333E+00,-2.6667E-01,
16:38:52.08183759, 0.0000E+00, 2.2333E+00, 1.3333E-01,
16:38:52.08183764, 0.0000E+00, 2.2000E+00, 1.3333E-01,
16:38:52.08183769, 2.6667E-02, 2.2333E+00, 0.0000E+00,
16:38:52.08183774, 4.0000E-02, 2.2333E+00, 1.3333E-01,
16:38:52.08183779, 2.6667E-02, 2.2667E+00, 0.0000E+00,
16:38:52.08183784, 0.0000E+00, 2.2333E+00, 2.6667E-01,
16:38:52.08183789, 0.0000E+00, 2.2333E+00, 2.6667E-01,
16:38:52.08183794,-1.3333E-02, 2.2667E+00, 4.0000E-01,
16:38:52.08183799, 1.3333E-02, 2.2667E+00, 1.3333E-01,
16:38:52.08183804,-2.6667E-02, 2.2333E+00,-1.3333E-01,
16:38:52.08183809,-4.0000E-02, 2.2667E+00, 1.3333E-01,
16:38:52.08183814, 5.3333E-02, 2.2333E+00, 0.0000E+00,
16:38:52.08183819,-4.0000E-02, 2.2333E+00,-1.3333E-01,
16:38:52.08183824, 1.3333E-02, 2.2333E+00, 1.3333E-01,
16:38:52.08183829,-1.3333E-02, 2.2333E+00, 0.0000E+00,
16:38:52.08183834, 0.0000E+00, 2.2333E+00, 2.6667E-01,
16:38:52.08183839, 1.3333E-02, 2.3333E+00, 2.6667E-01,
16:38:52.08183844, 4.0000E-02, 2.2333E+00, 1.3333E-01,
16:38:52.08183849,-1.3333E-02, 2.2333E+00, 4.0000E-01,
16:38:52.08183854, 1.3333E-02, 2.2333E+00, 1.3333E-01,
16:38:52.08183859,-1.3333E-02, 2.2333E+00, 0.0000E+00,
16:38:52.08183864,-1.3333E-02, 2.3000E+00, 1.3333E-01,
16:38:52.08183869,-1.3333E-02, 2.2667E+00, 1.3333E-01,
16:38:52.08183874, 2.6667E-02, 2.2333E+00, 1.3333E-01,
16:38:52.08183879, 0.0000E+00, 2.2333E+00, 2.6667E-01,
16:38:52.08183884,-2.6667E-02, 2.2667E+00, 0.0000E+00,
16:38:52.08183889,-2.6667E-02, 2.3000E+00, 2.6667E-01,
16:38:52.08183894,-1.3333E-02, 2.2333E+00,-2.6667E-01,
16:38:52.08183899,-1.3333E-02, 2.2333E+00, 0.0000E+00,
16:38:52.08183904,-2.6667E-02, 2.2667E+00,-2.6667E-01,
16:38:52.08183909, 1.3333E-02, 2.2333E+00,-2.6667E-01,
16:38:52.08183914, 1.3333E-02, 2.2333E+00,-1.3333E-01,
16:38:52.08183919, 0.0000E+00, 2.2333E+00, 0.0000E+00,
16:38:52.08183924, 0.0000E+00, 2.2667E+00, 0.0000E+00,
16:38:52.08183929, 0.0000E+00, 2.2667E+00, 1.3333E-01,
16:38:52.08183934,-1.3333E-02, 2.2333E+00,-4.0000E-01,
16:38:52.08183939,-1.3333E-02, 2.2333E+00, 1.3333E-01,
16:38:52.08183944,-2.6667E-02, 2.2333E+00, 0.0000E+00,
16:38:52.08183949,-1.3333E-02, 2.2000E+00, 1.3333E-01,
16:38:52.08183954,-2.6667E-02, 2.2333E+00, 4.0000E-01,
16:38:52.08183959, 4.0000E-02, 2.2333E+00,-1.3333E-01,
16:38:52.08183964, 2.6667E-02, 2.2000E+00, 0.0000E+00,
16:38:52.08183969, 1.3333E-02, 2.2667E+00,-2.6667E-01,
16:38:52.08183974, 1.3333E-02, 2.2333E+00, 4.0000E-01,
16:38:52.08183979, 1.3333E-02, 2.2333E+00, 1.3333E-01,
16:38:52.08183984,-2.6667E-02, 2.2333E+00, 2.6667E-01,
16:38:52.08183989,-2.6667E-02, 2.2333E+00, 5.3333E-01,
16:38:52.08183994,-5.3333E-02, 2.3333E+00, 2.6667E-01,
16:38:52.08183999, 1.3333E-02, 2.2333E+00, 0.0000E+00,
16:38:52.08184004, 0.0000E+00, 2.2000E+00, 2.6667E-01,
16:38:52.08184009, 1.3333E-02, 2.2000E+00,-1.3333E-01,
16:38:52.08184014,-2.6667E-02, 2.1667E+00, 1.3333E-01,
16:38:52.08184019, 0.0000E+00, 2.2667E+00,-2.6667E-01,
16:38:52.08184024, 0.0000E+00, 2.2000E+00, 1.3333E-01,
16:38:52.08184029,-1.3333E-02, 2.2333E+00, 4.0000E-01,
16:38:52.08184034, 0.0000E+00, 2.2000E+00, 2.6667E-01,
16:38:52.08184039, 0.0000E+00, 2.2333E+00, 1.3333E-01,
16:38:52.08184044, 0.0000E+00, 2.3000E+00, 4.0000E-01,
16:38:52.08184049, 4.0000E-02, 2.2333E+00, 0.0000E+00,
16:38:52.08184054, 0.0000E+00, 2.2333E+00, 4.0000E-01,
16:38:52.08184059,-1.3333E-02, 2.2000E+00, 1.3333E-01,
16:38:52.08184064,-4.0000E-02, 2.2667E+00, 1.3333E-01,
16:38:52.08184069,-1.3333E-02, 2.2333E+00, 4.0000E-01,
16:38:52.08184074, 0.0000E+00, 2.2333E+00, 2.6667E-01,
16:38:52.08184079, 0.0000E+00, 2.2333E+00, 2.6667E-01,
16:38:52.08184084,-1.3333E-02, 2.2667E+00, 2.6667E-01,
16:38:52.08184089,-1.3333E-02, 2.2667E+00, 2.6667E-01,
16:38:52.08184094,-2.6667E-02, 2.2667E+00, 2.6667E-01,
16:38:52.08184099,-1.3333E-02, 2.3000E+00, 0.0000E+00,
16:38:52.08184104, 0.0000E+00, 2.2667E+00, 1.3333E-01,
16:38:52.08184109, 1.3333E-02, 2.2333E+00, 0.0000E+00,
16:38:52.08184114, 0.0000E+00, 2.2333E+00, 1.3333E-01,
16:38:52.08184119,-1.3333E-02, 2.2667E+00, 1.3333E-01,
16:38:52.08184124, 0.0000E+00, 2.2333E+00, 0.0000E+00,
16:38:52.08184129, 0.0000E+00, 2.2333E+00, 2.6667E-01,
16:38:52.08184134, 1.3333E-02, 2.2333E+00, 5.3333E-01,
16:38:52.08184139,-2.6667E-02, 2.2333E+00,-1.3333E-01,
16:38:52.08184144,-1.3333E-02, 2.2000E+00, 4.0000E-01,
16:38:52.08184149,-1.3333E-02, 2.2333E+00, 0.0000E+00,
16:38:52.08184154, 1.3333E-02, 2.2000E+00, 0.0000E+00,
16:38:52.08184159, 0.0000E+00, 2.2667E+00, 0.0000E+00,
16:38:52.08184164,-1.3333E-02, 2.3000E+00,-2.6667E-01,
16:38:52.08184169, 0.0000E+00, 2.2333E+00, 1.3333E-01,
16:38:52.08184174, 0.0000E+00, 2.2333E+00, 1.3333E-01,
16:38:52.08184179,-1.3333E-02, 2.2667E+00, 2.6667E-01,
16:38:52.08184184,-1.3333E-02, 2.2333E+00, 0.0000E+00,
16:38:52.08184189,-4.0000E-02, 2.2333E+00,-1.3333E-01,
16:38:52.08184194, 2.6667E-02, 2.2333E+00, 0.0000E+00,
16:38:52.08184199, 0.0000E+00, 2.2667E+00, 0.0000E+00,
16:38:52.08184204,-1.3333E-02, 2.2000E+00, 1.3333E-01,
16:38:52.08184209, 1.3333E-02, 2.2333E+00, 1.3333E-01,
16:38:52.08184214, 0.0000E+00, 2.2333E+00, 0.0000E+00,
16:38:52.08184219, 0.0000E+00, 2.2333E+00, 0.0000E+00,
16:38:52.08184224,-1.3333E-02, 2.2333E+00, 0.0000E+00,
16:38:52.08184229,-2.6667E-02, 2.2333E+00, 2.6667E-01,
16:38:52.08184234,-1.3333E-02, 2.3000E+00, 2.6667E-01,
16:38:52.08184239, 2.6667E-02, 2.2333E+00, 1.3333E-01,
16:38:52.08184244,-2.6667E-02, 2.2000E+00, 2.6667E-01,
16:38:52.08184249, 0.0000E+00, 2.2000E+00, 2.6667E-01,
16:38:52.08184254, 1.3333E-02, 2.2333E+00, 4.0000E-01,
16:38:52.08184259,-1.3333E-02, 2.2333E+00,-1.3333E-01,
16:38:52.08184264, 2.6667E-02, 2.2667E+00,-1.3333E-01,
16:38:52.08184269, 1.3333E-02, 2.2333E+00, 0.0000E+00,
16:38:52.08184274, 0.0000E+00, 2.2667E+00, 2.6667E-01,
16:38:52.08184279, 1.3333E-02, 2.2333E+00, 2.6667E-01,
16:38:52.08184284, 0.0000E+00, 2.2333E+00, 2.6667E-01,
16:38:52.08184289,-2.6667E-02, 2.2333E+00, 1.3333E-01,
16:38:52.08184294, 1.3333E-02, 2.2667E+00, 2.6667E-01,
16:38:52.08184299, 0.0000E+00, 2.2667E+00, 2.6667E-01,
16:38:52.08184304, 4.0000E-02, 2.2667E+00, 1.3333E-01,
16:38:52.08184309, 4.0000E-02, 2.2000E+00, 1.3333E-01,
16:38:52.08184314,-1.3333E-02, 2.2333E+00, 4.0000E-01,
16:38:52.08184319, 0.0000E+00, 2.2667E+00, 2.6667E-01,
16:38:52.08184324,-4.0000E-02, 2.2000E+00, 4.0000E-01,
16:38:52.08184329,-1.3333E-02, 2.2333E+00,-1.3333E-01,
16:38:52.08184334, 0.0000E+00, 2.2333E+00, 2.6667E-01,
16:38:52.08184339, 0.0000E+00, 2.2333E+00, 2.6667E-01,
16:38:52.08184344, 4.0000E-02, 2.2667E+00, 1.3333E-01,
16:38:52.08184349, 4.0000E-02, 2.2333E+00,-1.3333E-01,
16:38:52.08184354, 0.0000E+00, 2.2333E+00, 0.0000E+00,
16:38:52.08184359, 0.0000E+00, 2.2333E+00, 2.6667E-01,
16:38:52.08184364,-4.0000E-02, 2.2333E+00,-2.6667E-01,
16:38:52.08184369,-1.3333E-02, 2.3000E+00, 1.3333E-01,
16:38:52.08184374,-2.6667E-02, 2.2333E+00, 4.0000E-01,
16:38:52.08184379,-1.3333E-02, 2.2000E+00, 0.0000E+00,
16:38:52.08184384, 0.0000E+00, 2.2333E+00, 0.0000E+00,
16:38:52.08184389, 1.3333E-02, 2.2333E+00, 0.0000E+00,
16:38:52.08184394, 1.3333E-02, 2.2667E+00, 2.6667E-01,
16:38:52.08184399,-1.3333E-02, 2.2333E+00, 0.0000E+00,
16:38:52.08184404,-1.3333E-02, 2.2667E+00, 2.6667E-01,
16:38:52.08184409,-2.6667E-02, 2.2667E+00,-1.3333E-01,
16:38:52.08184414,-2.6667E-02, 2.2333E+00, 2.6667E-01,
16:38:52.08184419, 0.0000E+00, 2.2333E+00, 0.0000E+00,
16:38:52.08184424, 1.3333E-02, 2.2333E+00, 2.6667E-01,
16:38:52.08184429, 1.3333E-02, 2.2333E+00,-1.3333E-01,
16:38:52.08184434, 0.0000E+00, 2.2667E+00, 0.0000E+00,
16:38:52.08184439,-4.0000E-02, 2.2333E+00,-1.3333E-01,
16:38:52.08184444, 0.0000E+00, 2.2333E+00,-2.6667E-01,
16:38:52.08184449, 2.6667E-02, 2.3000E+00, 1.3333E-01,
16:38:52.08184454, 2.6667E-02, 2.2667E+00, 2.6667E-01,
16:38:52.08184459, 2.6667E-02, 2.2667E+00, 0.0000E+00,
16:38:52.08184464, 2.6667E-02, 2.2333E+00, 2.6667E-01,
16:38:52.08184469, 0.0000E+00, 2.1667E+00, 1.3333E-01,
16:38:52.08184474,-2.6667E-02, 2.2333E+00, 0.0000E+00,
16:38:52.08184479,-1.3333E-02, 2.2333E+00, 5.3333E-01,
16:38:52.08184484, 1.3333E-02, 2.2667E+00, 4.0000E-01,
16:38:52.08184489, 0.0000E+00, 2.2667E+00, 1.3333E-01,
16:38:52.08184494,-2.6667E-02, 2.2333E+00, 4.0000E-01,
16:38:52.08184499, 2.6667E-02, 2.2667E+00, 1.3333E-01,
16:38:52.08184504,-1.3333E-02, 2.2333E+00,-1.3333E-01,
16:38:52.08184509,-1.3333E-02, 2.2333E+00, 1.3333E-01,
16:38:52.08184514,-1.3333E-02, 2.1667E+00, 5.3333E-01,
16:38:52.08184519,-1.3333E-02, 2.2333E+00, 2.6667E-01,
16:38:52.08184524, 1.3333E-02, 2.2333E+00, 1.3333E-01,
16:38:52.08184529, 0.0000E+00, 2.2333E+00, 2.6667E-01,
16:38:52.08184534, 0.0000E+00, 2.2667E+00, 1.3333E-01,
16:38:52.08184539, 0.0000E+00, 2.2000E+00,-1.3333E-01,
16:38:52.08184544, 1.3333E-02, 2.3000E+00, 1.3333E-01,
16:38:52.08184549, 2.6667E-02, 2.2333E+00, 1.3333E-01,
16:38:52.08184554,-1.3333E-02, 2.2333E+00,-1.3333E-01,
16:38:52.08184559, 0.0000E+00, 2.2333E+00, 4.0000E-01,
16:38:52.08184564, 1.3333E-02, 2.2000E+00, 0.0000E+00,
16:38:52.08184569,-1.3333E-02, 2.2667E+00, 1.3333E-01,
16:38:52.08184574,-1.3333E-02, 2.2333E+00, 2.6667E-01,
16:38:52.08184579, 1.3333E-02, 2.2333E+00, 1.3333E-01,
16:38:52.08184584, 1.3333E-02, 2.2333E+00, 0.0000E+00,
16:38:52.08184589,-2.6667E-02, 2.2000E+00, 2.6667E-01,
16:38:52.08184594, 4.0000E-02, 2.3000E+00, 2.6667E-01,
16:38:52.08184599, 0.0000E+00, 2.2333E+00,-1.3333E-01,
16:38:52.08184604, 0.0000E+00, 2.2333E+00, 1.3333E-01,
16:38:52.08184609,-2.6667E-02, 2.2333E+00, 0.0000E+00,
16:38:52.08184614,-1.3333E-02, 2.2667E+00, 0.0000E+00,
16:38:52.08184619, 0.0000E+00, 2.2333E+00, 2.6667E-01,
16:38:52.08184624, 1.3333E-02, 2.2333E+00, 1.3333E-01,
16:38:52.08184629,-4.0000E-02, 2.2333E+00, 0.0000E+00,
16:38:52.08184634,-1.3333E-02, 2.2000E+00, 0.0000E+00,
16:38:52.08184639, 2.6667E-02, 2.2667E+00, 0.0000E+00,
16:38:52.08184644, 1.3333E-02, 2.2667E+00, 0.0000E+00,
16:38:52.08184649,-1.3333E-02, 2.2333E+00, 4.0000E-01,
16:38:52.08184654, 1.3333E-02, 2.3000E+00, 1.3333E-01,
16:38:52.08184659,-2.6667E-02, 2.2333E+00, 0.0000E+00,
16:38:52.08184664, 0.0000E+00, 2.2333E+00, 1.3333E-01,
16:38:52.08184669,-2.6667E-02, 2.2333E+00, 0.0000E+00,
16:38:52.08184674,-1.3333E-02, 2.2667E+00, 2.6667E-01,
16:38:52.08184679, 0.0000E+00, 2.2333E+00, 0.0000E+00,
16:38:52.08184684, 0.0000E+00, 2.2333E+00,-1.3333E-01,
16:38:52.08184689,-1.3333E-02, 2.2667E+00, 0.0000E+00,
16:38:52.08184694,-1.3333E-02, 2.2667E+00, 2.6667E-01,
16:38:52.08184699,-1.3333E-02, 2.2333E+00, 0.0000E+00,
16:38:52.08184704, 0.0000E+00, 2.2000E+00, 2.6667E-01,
16:38:52.08184709, 1.3333E-02, 2.2667E+00, 4.0000E-01,
16:38:52.08184714,-2.6667E-02, 2.2333E+00, 2.6667E-01,
16:38:52.08184719, 0.0000E+00, 2.2000E+00,-1.3333E-01,
16:38:52.08184724, 0.0000E+00, 2.2667E+00,-1.3333E-01,
16:38:52.08184729, 0.0000E+00, 2.2333E+00,-1.3333E-01,
16:38:52.08184734, 1.3333E-02, 2.2667E+00, 2.6667E-01,
16:38:52.08184739, 1.3333E-02, 2.2333E+00, 1.3333E-01,
16:38:52.08184744,-1.3333E-02, 2.2333E+00, 0.0000E+00,
16:38:52.08184749, 2.6667E-02, 2.2000E+00, 0.0000E+00,
16:38:52.08184754, 1.3333E-02, 2.2333E+00, 2.6667E-01,
16:38:52.08184759,-2.6667E-02, 2.2333E+00, 2.6667E-01,
16:38:52.08184764,-1.3333E-02, 2.2667E+00,-1.3333E-01,
16:38:52.08184769, 0.0000E+00, 2.2333E+00, 1.3333E-01,
16:38:52.08184774, 0.0000E+00, 2.2333E+00,-1.3333E-01,
16:38:52.08184779, 1.3333E-02, 2.2333E+00, 1.3333E-01,
16:38:52.08184784,-1.3333E-02, 2.2667E+00, 1.3333E-01,
16:38:52.08184789, 1.3333E-02, 2.3333E+00, 0.0000E+00,
16:38:52.08184794, 0.0000E+00, 2.2667E+00, 0.0000E+00,
16:38:52.08184799,-1.3333E-02, 2.2333E+00, 2.6667E-01,
16:38:52.08184804,-1.3333E-02, 2.2333E+00, 1.3333E-01,
16:38:52.08184809,-2.6667E-02, 2.2333E+00, 2.6667E-01,
16:38:52.08184814, 1.3333E-02, 2.3000E+00, 0.0000E+00,
16:38:52.08184819, 0.0000E+00, 2.2333E+00, 4.0000E-01,
16:38:52.08184824, 1.3333E-02, 2.2000E+00, 1.3333E-01,
16:38:52.08184829, 1.3333E-02, 2.2333E+00, 1.3333E-01,
16:38:52.08184834,-1.3333E-02, 2.2333E+00, 2.6667E-01,
16:38:52.08184839,-1.3333E-02, 2.3000E+00, 1.3333E-01,
16:38:52.08184844, 0.0000E+00, 2.2667E+00, 1.3333E-01,
16:38:52.08184849,-1.3333E-02, 2.2333E+00, 0.0000E+00,
16:38:52.08184854,-4.0000E-02, 2.2667E+00, 1.3333E-01,
16:38:52.08184859,-1.3333E-02, 2.2667E+00, 1.3333E-01,
16:38:52.08184864, 1.3333E-02, 2.2333E+00, 1.3333E-01,
16:38:52.08184869,-1.3333E-02, 2.2333E+00, 5.3333E-01,
16:38:52.08184874, 1.3333E-02, 2.3000E+00,-1.3333E-01,
16:38:52.08184879,-2.6667E-02, 2.2333E+00,-2.6667E-01,
16:38:52.08184884, 2.6667E-02, 2.3000E+00,-2.6667E-01,
16:38:52.08184889, 0.0000E+00, 2.2333E+00, 4.0000E-01,
16:38:52.08184894, 0.0000E+00, 2.2667E+00, 1.3333E-01,
16:38:52.08184899,-1.3333E-02, 2.2333E+00,-1.3333E-01,
16:38:52.08184904, 1.3333E-02, 2.2667E+00,-1.3333E-01,
16:38:52.08184909,-1.3333E-02, 2.2000E+00, 1.3333E-01,
16:38:52.08184914,-2.6667E-02, 2.2333E+00, 0.0000E+00,
16:38:52.08184919,-2.6667E-02, 2.2333E+00, 1.3333E-01,
16:38:52.08184924, 2.6667E-02, 2.2667E+00,-1.3333E-01,
16:38:52.08184929, 0.0000E+00, 2.2333E+00, 1.3333E-01,
16:38:52.08184934, 0.0000E+00, 2.2000E+00, 0.0000E+00,
16:38:52.08184939, 1.3333E-02, 2.3000E+00,-1.3333E-01,
16:38:52.08184944, 0.0000E+00, 2.2667E+00, 1.3333E-01,
16:38:52.08184949,-1.3333E-02, 2.3000E+00, 4.0000E-01,
16:38:52.08184954, 0.0000E+00, 2.2333E+00, 2.6667E-01,
16:38:52.08184959, 0.0000E+00, 2.2667E+00, 2.6667E-01,
16:38:52.08184964,-1.3333E-02, 2.2333E+00, 2.6667E-01,
16:38:52.08184969, 1.3333E-02, 2.2333E+00, 2.6667E-01,
16:38:52.08184974, 0.0000E+00, 2.2333E+00, 0.0000E+00,
16:38:52.08184979, 1.3333E-02, 2.2333E+00,-2.6667E-01,
16:38:52.08184984, 0.0000E+00, 2.2333E+00, 0.0000E+00,
16:38:52.08184989, 0.0000E+00, 2.2667E+00, 1.3333E-01,
16:38:52.08184994,-4.0000E-02, 2.3333E+00, 1.3333E-01,
16:38:52.08184999, 0.0000E+00, 2.2333E+00, 1.3333E-01,
16:38:52.08185004, 1.3333E-02, 2.2000E+00, 4.0000E-01,
16:38:52.08185009, 1.3333E-02, 2.1667E+00, 1.3333E-01,
16:38:52.08185014, 0.0000E+00, 2.2333E+00, 0.0000E+00,
16:38:52.08185019,-1.3333E-02, 2.2333E+00, 1.3333E-01,
16:38:52.08185024, 1.3333E-02, 2.2333E+00, 0.0000E+00,
16:38:52.08185029,-2.6667E-02, 2.2333E+00, 1.3333E-01,
16:38:52.08185034,-2.6667E-02, 2.2333E+00, 0.0000E+00,
16:38:52.08185039,-1.3333E-02, 2.2333E+00, 2.6667E-01,
16:38:52.08185044,-1.3333E-02, 2.2333E+00,-1.3333E-01,
16:38:52.08185049,-1.3333E-02, 2.2333E+00, 4.0000E-01,
16:38:52.08185054, 0.0000E+00, 2.2333E+00, 1.3333E-01,
16:38:52.08185059,-1.3333E-02, 2.3000E+00, 0.0000E+00,
16:38:52.08185064,-1.3333E-02, 2.2333E+00,-1.3333E-01,
16:38:52.08185069, 2.6667E-02, 2.2333E+00, 1.3333E-01,
16:38:52.08185074, 1.3333E-02, 2.2333E+00, 1.3333E-01,
16:38:52.08185079, 0.0000E+00, 2.2333E+00, 0.0000E+00,
16:38:52.08185084, 1.3333E-02, 2.2333E+00, 1.3333E-01,
16:38:52.08185089,-2.6667E-02, 2.2333E+00, 2.6667E-01,
16:38:52.08185094, 0.0000E+00, 2.2333E+00, 2.6667E-01,
16:38:52.08185099, 0.0000E+00, 2.2667E+00, 2.6667E-01,
16:38:52.08185104, 2.6667E-02, 2.2333E+00, 2.6667E-01,
16:38:52.08185109,-1.3333E-02, 2.2333E+00, 1.3333E-01,
16:38:52.08185114, 2.6667E-02, 2.2333E+00, 1.3333E-01,
16:38:52.08185119, 1.3333E-02, 2.2333E+00,-1.3333E-01,
16:38:52.08185124,-1.3333E-02, 2.2333E+00,-2.6667E-01,
16:38:52.08185129,-1.3333E-02, 2.2000E+00,-1.3333E-01,
16:38:52.08185134,-1.3333E-02, 2.1667E+00, 0.0000E+00,
16:38:52.08185139,-1.3333E-02, 2.3000E+00, 0.0000E+00,
16:38:52.08185144,-1.3333E-02, 2.2333E+00, 0.0000E+00,
16:38:52.08185149, 0.0000E+00, 2.2333E+00, 2.6667E-01,
16:38:52.08185154,-2.6667E-02, 2.2000E+00,-1.3333E-01,
16:38:52.08185159, 2.6667E-02, 2.2333E+00, 5.3333E-01,
16:38:52.08185164, 0.0000E+00, 2.2333E+00, 0.0000E+00,
16:38:52.08185169, 0.0000E+00, 2.2333E+00,-2.6667E-01,
16:38:52.08185174, 0.0000E+00, 2.2667E+00, 0.0000E+00,
16:38:52.08185179, 2.6667E-02, 2.2000E+00, 0.0000E+00,
16:38:52.08185184,-4.0000E-02, 2.2333E+00,-1.3333E-01,
16:38:52.08185189,-2.6667E-02, 2.2333E+00, 0.0000E+00,
16:38:52.08185194,-2.6667E-02, 2.2000E+00, 0.0000E+00,
16:38:52.08185199,-1.3333E-02, 2.2333E+00, 1.3333E-01,
16:38:52.08185204,-1.3333E-02, 2.3000E+00, 2.6667E-01,
16:38:52.08185209, 0.0000E+00, 2.2333E+00,-1.3333E-01,
16:38:52.08185214, 0.0000E+00, 2.2333E+00, 0.0000E+00,
16:38:52.08185219, 0.0000E+00, 2.2000E+00, 4.0000E-01,
16:38:52.08185224,-1.3333E-02, 2.2333E+00, 2.6667E-01,
16:38:52.08185229, 1.3333E-02, 2.2000E+00,-1.3333E-01,
16:38:52.08185234, 0.0000E+00, 2.2333E+00, 4.0000E-01,
16:38:52.08185239,-2.6667E-02, 2.2333E+00, 2.6667E-01,
16:38:52.08185244, 2.6667E-02, 2.2333E+00, 1.3333E-01,
16:38:52.08185249, 1.3333E-02, 2.2333E+00, 4.0000E-01,
16:38:52.08185254,-2.6667E-02, 2.2667E+00, 1.3333E-01,
16:38:52.08185259,-1.3333E-02, 2.2333E+00, 5.3333E-01,
16:38:52.08185264, 2.6667E-02, 2.1667E+00, 0.0000E+00,
16:38:52.08185269,-1.3333E-02, 2.2333E+00, 1.3333E-01,
16:38:52.08185274, 1.3333E-02, 2.2333E+00, 1.3333E-01,
16:38:52.08185279, 0.0000E+00, 2.2667E+00, 1.3333E-01,
16:38:52.08185284,-1.3333E-02, 2.2333E+00, 1.3333E-01,
16:38:52.08185289,-2.6667E-02, 2.2333E+00, 2.6667E-01,
16:38:52.08185294, 1.3333E-02, 2.2333E+00, 2.6667E-01,
16:38:52.08185299, 0.0000E+00, 2.3000E+00,-4.0000E-01,
16:38:52.08185304, 0.0000E+00, 2.2333E+00, 2.6667E-01,
16:38:52.08185309, 4.0000E-02, 2.2667E+00, 0.0000E+00,
16:38:52.08185314,-2.6667E-02, 2.2667E+00, 0.0000E+00,
16:38:52.08185319, 0.0000E+00, 2.2333E+00, 0.0000E+00,
16:38:52.08185324,-2.6667E-02, 2.2667E+00, 1.3333E-01,
16:38:52.08185329,-1.3333E-02, 2.2333E+00, 4.0000E-01,
16:38:52.08185334, 0.0000E+00, 2.2333E+00, 4.0000E-01,
16:38:52.08185339, 1.3333E-02, 2.2333E+00, 2.6667E-01,
16:38:52.08185344,-2.6667E-02, 2.2333E+00, 4.0000E-01,
16:38:52.08185349, 0.0000E+00, 2.2000E+00, 1.3333E-01,
16:38:52.08185354, 0.0000E+00, 2.2333E+00, 2.6667E-01,
16:38:52.08185359, 0.0000E+00, 2.2667E+00, 0.0000E+00,
16:38:52.08185364, 0.0000E+00, 2.2000E+00, 0.0000E+00,
16:38:52.08185369,-2.6667E-02, 2.2333E+00, 0.0000E+00,
16:38:52.08185374, 0.0000E+00, 2.2667E+00,-1.3333E-01,
16:38:52.08185379, 0.0000E+00, 2.2333E+00,-1.3333E-01,
16:38:52.08185384, 0.0000E+00, 2.2000E+00, 1.3333E-01,
16:38:52.08185389, 0.0000E+00, 2.2667E+00, 1.3333E-01,
16:38:52.08185394,-2.6667E-02, 2.2000E+00, 2.6667E-01,
16:38:52.08185399,-1.3333E-02, 2.2000E+00, 1.3333E-01,
16:38:52.08185404, 2.6667E-02, 2.2333E+00,-2.6667E-01,
16:38:52.08185409,-1.3333E-02, 2.2333E+00, 1.3333E-01,
16:38:52.08185414, 0.0000E+00, 2.2333E+00,-1.3333E-01,
16:38:52.08185419, 0.0000E+00, 2.2667E+00,-1.3333E-01,
16:38:52.08185424, 0.0000E+00, 2.2333E+00,-2.6667E-01,
16:38:52.08185429,-2.6667E-02, 2.2333E+00, 1.3333E-01,
16:38:52.08185434,-1.3333E-02, 2.2667E+00, 0.0000E+00,
16:38:52.08185439,-1.3333E-02, 2.3000E+00, 1.3333E-01,
16:38:52.08185444,-1.3333E-02, 2.2000E+00, 2.6667E-01,
16:38:52.08185449, 1.3333E-02, 2.2667E+00, 2.6667E-01,
16:38:52.08185454, 0.0000E+00, 2.3000E+00, 1.3333E-01,
16:38:52.08185459, 0.0000E+00, 2.2667E+00, 0.0000E+00,
16:38:52.08185464, 2.6667E-02, 2.2333E+00, 4.0000E-01,
16:38:52.08185469, 0.0000E+00, 2.2333E+00, 1.3333E-01,
16:38:52.08185474, 1.3333E-02, 2.2000E+00, 1.3333E-01,
16:38:52.08185479, 1.3333E-02, 2.2667E+00, 1.3333E-01,
16:38:52.08185484,-1.3333E-02, 2.2667E+00, 5.3333E-01,
16:38:52.08185489,-1.3333E-02, 2.2333E+00, 2.6667E-01,
16:38:52.08185494, 2.6667E-02, 2.3333E+00, 1.3333E-01,
16:38:52.08185499, 0.0000E+00, 2.2333E+00, 1.3333E-01,
16:38:52.08185504, 0.0000E+00, 2.3000E+00,-2.6667E-01,
16:38:52.08185509, 0.0000E+00, 2.2333E+00, 2.6667E-01,
16:38:52.08185514,-1.3333E-02, 2.2333E+00, 1.3333E-01,
16:38:52.08185519,-1.3333E-02, 2.2667E+00,-1.3333E-01,
16:38:52.08185524,-2.6667E-02, 2.2333E+00, 2.6667E-01,
16:38:52.08185529,-1.3333E-02, 2.2333E+00, 2.6667E-01,
16:38:52.08185534, 0.0000E+00, 2.2333E+00, 4.0000E-01,
16:38:52.08185539,-1.3333E-02, 2.2333E+00, 2.6667E-01,
16:38:52.08185544, 1.3333E-02, 2.2333E+00, 4.0000E-01,
16:38:52.08185549, 0.0000E+00, 2.2333E+00, 0.0000E+00,
16:38:52.08185554, 2.6667E-02, 2.2333E+00, 4.0000E-01,
16:38:52.08185559, 1.3333E-02, 2.3000E+00, 0.0000E+00,
16:38:52.08185564,-2.6667E-02, 2.2333E+00, 0.0000E+00,
16:38:52.08185569, 2.6667E-02, 2.2333E+00,-1.3333E-01,
16:38:52.08185574,-4.0000E-02, 2.2333E+00, 2.6667E-01,
16:38:52.08185579,-4.0000E-02, 2.2333E+00, 4.0000E-01,
16:38:52.08185584, 2.6667E-02, 2.2333E+00, 0.0000E+00,
16:38:52.08185589,-1.3333E-02, 2.2333E+00, 4.0000E-01,
16:38:52.08185594, 5.3333E-02, 2.2667E+00, 1.3333E-01,
16:38:52.08185599,-1.3333E-02, 2.1667E+00, 1.3333E-01,
16:38:52.08185604, 0.0000E+00, 2.2333E+00, 0.0000E+00,
16:38:52.08185609, 2.6667E-02, 2.2333E+00,-4.0000E-01,
16:38:52.08185614,-1.3333E-02, 2.2333E+00, 0.0000E+00,
16:38:52.08185619,-1.3333E-02, 2.2333E+00, 1.3333E-01,
16:38:52.08185624, 0.0000E+00, 2.2333E+00, 1.3333E-01,
16:38:52.08185629, 1.3333E-02, 2.2333E+00, 2.6667E-01,
16:38:52.08185634, 0.0000E+00, 2.2333E+00, 5.3333E-01,
16:38:52.08185639, 0.0000E+00, 2.2333E+00, 2.6667E-01,
16:38:52.08185644, 1.3333E-02, 2.2000E+00,-1.3333E-01,
16:38:52.08185649,-1.3333E-02, 2.3000E+00, 0.0000E+00,
16:38:52.08185654, 0.0000E+00, 2.2333E+00, 1.3333E-01,
16:38:52.08185659, 1.3333E-02, 2.2333E+00, 1.3333E-01,
16:38:52.08185664,-2.6667E-02, 2.2333E+00, 0.0000E+00,
16:38:52.08185669,-1.3333E-02, 2.2333E+00, 2.6667E-01,
16:38:52.08185674, 0.0000E+00, 2.2333E+00, 2.6667E-01,
16:38:52.08185679, 1.3333E-02, 2.2333E+00, 4.0000E-01,
16:38:52.08185684,-1.3333E-02, 2.2667E+00, 0.0000E+00,
16:38:52.08185689, 1.3333E-02, 2.3333E+00, 0.0000E+00,
16:38:52.08185694, 1.3333E-02, 2.2333E+00, 0.0000E+00,
16:38:52.08185699, 0.0000E+00, 2.2000E+00, 1.3333E-01,
16:38:52.08185704,-2.6667E-02, 2.2000E+00,-1.3333E-01,
16:38:52.08185709,-1.3333E-02, 2.2333E+00, 0.0000E+00,
16:38:52.08185714, 0.0000E+00, 2.2000E+00, 2.6667E-01,
16:38:52.08185719,-1.3333E-02, 2.2333E+00,-1.3333E-01,
16:38:52.08185724,-2.6667E-02, 2.2000E+00, 0.0000E+00,
16:38:52.08185729,-1.3333E-02, 2.2333E+00, 0.0000E+00,
16:38:52.08185734,-1.3333E-02, 2.2000E+00, 4.0000E-01,
16:38:52.08185739, 2.6667E-02, 2.2667E+00, 2.6667E-01,
16:38:52.08185744, 1.3333E-02, 2.3000E+00, 1.3333E-01,
16:38:52.08185749, 1.3333E-02, 2.2667E+00, 0.0000E+00,
16:38:52.08185754,-2.6667E-02, 2.2667E+00, 1.3333E-01,
16:38:52.08185759,-4.0000E-02, 2.2667E+00, 2.6667E-01,
16:38:52.08185764, 1.3333E-02, 2.2333E+00, 1.3333E-01,
16:38:52.08185769, 0.0000E+00, 2.2333E+00, 1.3333E-01,
16:38:52.08185774,-2.6667E-02, 2.3000E+00, 0.0000E+00,
16:38:52.08185779, 1.3333E-02, 2.2333E+00, 5.3333E-01,
16:38:52.08185784, 0.0000E+00, 2.2667E+00, 5.3333E-01,
16:38:52.08185789, 4.0000E-02, 2.3333E+00, 1.3333E-01,
16:38:52.08185794, 0.0000E+00, 2.2333E+00,-2.6667E-01,
16:38:52.08185799, 2.6667E-02, 2.2333E+00, 0.0000E+00,
16:38:52.08185804,-4.0000E-02, 2.2333E+00, 2.6667E-01,
16:38:52.08185809, 0.0000E+00, 2.2333E+00, 1.3333E-01,
16:38:52.08185814, 0.0000E+00, 2.2333E+00, 2.6667E-01,
16:38:52.08185819, 0.0000E+00, 2.3000E+00, 2.6667E-01,
16:38:52.08185824, 0.0000E+00, 2.2667E+00, 2.6667E-01,
16:38:52.08185829, 0.0000E+00, 2.2667E+00, 0.0000E+00,
16:38:52.08185834, 1.3333E-02, 2.2667E+00, 1.3333E-01,
16:38:52.08185839, 1.3333E-02, 2.3000E+00, 2.6667E-01,
16:38:52.08185844,-1.3333E-02, 2.2333E+00, 2.6667E-01,
16:38:52.08185849,-1.3333E-02, 2.2333E+00, 0.0000E+00,
16:38:52.08185854,-2.6667E-02, 2.2333E+00, 0.0000E+00,
16:38:52.08185859,-2.6667E-02, 2.2667E+00,-1.3333E-01,
16:38:52.08185864,-2.6667E-02, 2.2667E+00,-1.3333E-01,
16:38:52.08185869,-1.3333E-02, 2.2333E+00, 1.3333E-01,
16:38:52.08185874, 0.0000E+00, 2.2667E+00, 0.0000E+00,
16:38:52.08185879,-2.6667E-02, 2.2333E+00, 4.0000E-01,
16:38:52.08185884, 0.0000E+00, 2.2333E+00, 4.0000E-01,
16:38:52.08185889, 4.0000E-02, 2.2667E+00, 4.0000E-01,
16:38:52.08185894,-1.3333E-02, 2.3000E+00, 1.3333E-01,
16:38:52.08185899,-1.3333E-02, 2.2333E+00, 1.3333E-01,
16:38:52.08185904,-4.0000E-02, 2.2667E+00, 0.0000E+00,
16:38:52.08185909,-2.6667E-02, 2.2667E+00, 0.0000E+00,
16:38:52.08185914,-2.6667E-02, 2.2667E+00,-1.3333E-01,
16:38:52.08185919, 1.3333E-02, 2.2333E+00, 0.0000E+00,
16:38:52.08185924, 1.3333E-02, 2.2333E+00, 1.3333E-01,
16:38:52.08185929, 0.0000E+00, 2.2333E+00, 1.3333E-01,
16:38:52.08185934, 4.0000E-02, 2.2333E+00, 1.3333E-01,
16:38:52.08185939, 0.0000E+00, 2.2667E+00, 0.0000E+00,
16:38:52.08185944, 0.0000E+00, 2.2333E+00, 4.0000E-01,
16:38:52.08185949,-1.3333E-02, 2.2333E+00, 1.3333E-01,
16:38:52.08185954,-1.3333E-02, 2.2333E+00,-1.3333E-01,
16:38:52.08185959,-4.0000E-02, 2.3000E+00, 2.6667E-01,
16:38:52.08185964, 1.3333E-02, 2.3000E+00, 1.3333E-01,
16:38:52.08185969, 0.0000E+00, 2.2667E+00, 0.0000E+00,
16:38:52.08185974, 1.3333E-02, 2.2333E+00, 1.3333E-01,
16:38:52.08185979, 0.0000E+00, 2.2333E+00, 1.3333E-01,
16:38:52.08185984, 0.0000E+00, 2.2333E+00, 1.3333E-01,
16:38:52.08185989, 1.3333E-02, 2.2333E+00, 5.3333E-01,
16:38:52.08185994, 0.0000E+00, 2.2333E+00, 0.0000E+00,
16:38:52.08185999,-2.6667E-02, 2.2333E+00, 1.3333E-01,
16:38:52.08186004,-2.6667E-02, 2.2333E+00, 0.0000E+00,
16:38:52.08186009, 2.6667E-02, 2.2667E+00, 0.0000E+00,
16:38:52.08186014, 0.0000E+00, 2.2333E+00, 1.3333E-01,
16:38:52.08186019, 0.0000E+00, 2.2333E+00, 0.0000E+00,
16:38:52.08186024,-2.6667E-02, 2.2333E+00,-2.6667E-01,
16:38:52.08186029, 4.0000E-02, 2.2333E+00, 2.6667E-01,
16:38:52.08186034, 1.3333E-02, 2.2000E+00, 2.6667E-01,
16:38:52.08186039, 0.0000E+00, 2.2333E+00, 6.6667E-01,
16:38:52.08186044,-1.3333E-02, 2.2333E+00, 4.0000E-01,
16:38:52.08186049,-2.6667E-02, 2.3000E+00, 2.6667E-01,
16:38:52.08186054,-2.6667E-02, 2.2667E+00, 2.6667E-01,
16:38:52.08186059, 1.3333E-02, 2.2000E+00, 0.0000E+00,
16:38:52.08186064, 0.0000E+00, 2.2333E+00, 4.0000E-01,
16:38:52.08186069, 0.0000E+00, 2.2333E+00,-2.6667E-01,
16:38:52.08186074, 1.3333E-02, 2.2333E+00, 4.0000E-01,
16:38:52.08186079, 0.0000E+00, 2.2333E+00, 0.0000E+00,
16:38:52.08186084,-1.3333E-02, 2.2667E+00, 1.3333E-01,
16:38:52.08186089,-1.3333E-02, 2.2333E+00,-1.3333E-01,
16:38:52.08186094, 1.3333E-02, 2.2333E+00,-1.3333E-01,
16:38:52.08186099,-1.3333E-02, 2.2333E+00,-1.3333E-01,
16:38:52.08186104,-2.6667E-02, 2.3000E+00,-1.3333E-01,
16:38:52.08186109, 0.0000E+00, 2.3000E+00, 1.3333E-01,
16:38:52.08186114,-1.3333E-02, 2.2333E+00, 2.6667E-01,
16:38:52.08186119, 0.0000E+00, 2.1667E+00, 0.0000E+00,
16:38:52.08186124, 0.0000E+00, 2.3000E+00, 1.3333E-01,
16:38:52.08186129, 4.0000E-02, 2.2333E+00, 2.6667E-01,
16:38:52.08186134, 1.3333E-02, 2.2333E+00, 1.3333E-01,
16:38:52.08186139,-1.3333E-02, 2.2667E+00, 1.3333E-01,
16:38:52.08186144,-1.3333E-02, 2.2333E+00,-1.3333E-01,
16:38:52.08186149,-2.6667E-02, 2.2333E+00, 0.0000E+00,
16:38:52.08186154, 0.0000E+00, 2.2667E+00, 1.3333E-01,
16:38:52.08186159,-1.3333E-02, 2.2333E+00, 0.0000E+00,
16:38:52.08186164, 0.0000E+00, 2.2333E+00, 1.3333E-01,
16:38:52.08186169, 0.0000E+00, 2.2667E+00, 2.6667E-01,
16:38:52.08186174, 0.0000E+00, 2.2333E+00, 4.0000E-01,
16:38:52.08186179, 0.0000E+00, 2.2667E+00, 0.0000E+00,
16:38:52.08186184,-1.3333E-02, 2.3000E+00, 1.3333E-01,
16:38:52.08186189,-2.6667E-02, 2.2667E+00, 1.3333E-01,
16:38:52.08186194,-2.6667E-02, 2.3000E+00,-2.6667E-01,
16:38:52.08186199, 1.3333E-02, 2.2333E+00, 0.0000E+00,
16:38:52.08186204,-4.0000E-02, 2.2333E+00, 4.0000E-01,
16:38:52.08186209, 1.3333E-02, 2.2333E+00, 2.6667E-01,
16:38:52.08186214,-2.6667E-02, 2.2000E+00, 1.3333E-01,
16:38:52.08186219, 2.6667E-02, 2.2333E+00,-1.3333E-01,
16:38:52.08186224, 0.0000E+00, 2.2333E+00, 4.0000E-01,
16:38:52.08186229,-1.3333E-02, 2.2333E+00, 2.6667E-01,
16:38:52.08186234, 2.6667E-02, 2.2333E+00, 2.6667E-01,
16:38:52.08186239, 1.3333E-02, 2.3000E+00,-1.3333E-01,
16:38:52.08186244, 0.0000E+00, 2.2333E+00,-1.3333E-01,
16:38:52.08186249, 0.0000E+00, 2.2333E+00, 2.6667E-01,
16:38:52.08186254,-1.3333E-02, 2.2333E+00, 1.3333E-01,
16:38:52.08186259, 0.0000E+00, 2.1667E+00, 1.3333E-01,
16:38:52.08186264, 0.0000E+00, 2.2000E+00, 4.0000E-01,
16:38:52.08186269, 2.6667E-02, 2.2333E+00, 1.3333E-01,
16:38:52.08186274, 1.3333E-02, 2.2333E+00,-2.6667E-01,
16:38:52.08186279, 0.0000E+00, 2.2667E+00, 2.6667E-01,
16:38:52.08186284, 1.3333E-02, 2.2000E+00, 2.6667E-01,
16:38:52.08186289,-1.3333E-02, 2.3000E+00, 2.6667E-01,
16:38:52.08186294,-1.3333E-02, 2.2000E+00, 0.0000E+00,
16:38:52.08186299,-1.3333E-02, 2.2667E+00, 1.3333E-01,
16:38:52.08186304, 1.3333E-02, 2.2000E+00,-1.3333E-01,
16:38:52.08186309, 0.0000E+00, 2.2333E+00, 1.3333E-01,
16:38:52.08186314, 0.0000E+00, 2.3000E+00, 0.0000E+00,
16:38:52.08186319, 1.3333E-02, 2.2333E+00, 2.6667E-01,
16:38:52.08186324,-1.3333E-02, 2.2333E+00,-1.3333E-01,
16:38:52.08186329,-1.3333E-02, 2.2667E+00,-1.3333E-01,
16:38:52.08186334,-1.3333E-02, 2.2000E+00,-2.6667E-01,
16:38:52.08186339,-2.6667E-02, 2.2667E+00, 1.3333E-01,
16:38:52.08186344,-2.6667E-02, 2.2333E+00, 0.0000E+00,
16:38:52.08186349, 1.3333E-02, 2.2333E+00, 1.3333E-01,
16:38:52.08186354, 0.0000E+00, 2.2333E+00, 1.3333E-01,
16:38:52.08186359, 0.0000E+00, 2.2333E+00, 1.3333E-01,
16:38:52.08186364, 2.6667E-02, 2.2333E+00, 0.0000E+00,
16:38:52.08186369,-2.6667E-02, 2.2667E+00, 2.6667E-01,
16:38:52.08186374,-1.3333E-02, 2.2667E+00, 5.3333E-01,
16:38:52.08186379, 0.0000E+00, 2.2000E+00, 0.0000E+00,
16:38:52.08186384,-4.0000E-02, 2.2667E+00, 1.3333E-01,
16:38:52.08186389,-2.6667E-02, 2.2000E+00,-1.3333E-01,
16:38:52.08186394, 0.0000E+00, 2.3000E+00,-2.6667E-01,
16:38:52.08186399,-1.3333E-02, 2.2333E+00,-1.3333E-01,
16:38:52.08186404, 0.0000E+00, 2.2333E+00,-2.6667E-01,
16:38:52.08186409, 0.0000E+00, 2.2333E+00, 0.0000E+00,
16:38:52.08186414, 0.0000E+00, 2.2667E+00, 4.0000E-01,
16:38:52.08186419, 0.0000E+00, 2.2000E+00, 1.3333E-01,
16:38:52.08186424,-2.6667E-02, 2.2000E+00, 0.0000E+00,
16:38:52.08186429, 0.0000E+00, 2.2333E+00, 0.0000E+00,
16:38:52.08186434,-1.3333E-02, 2.2333E+00, 4.0000E-01,
16:38:52.08186439,-1.3333E-02, 2.2333E+00, 1.3333E-01,
16:38:52.08186444, 1.3333E-02, 2.4000E+00, 1.3333E-01,
16:38:52.08186449, 0.0000E+00, 2.2333E+00, 2.6667E-01,
16:38:52.08186454, 0.0000E+00, 2.2333E+00, 1.3333E-01,
16:38:52.08186459,-1.3333E-02, 2.2333E+00, 2.6667E-01,
16:38:52.08186464,-1.3333E-02, 2.2667E+00, 2.6667E-01,
16:38:52.08186469,-2.6667E-02, 2.2333E+00, 2.6667E-01,
16:38:52.08186474,-2.6667E-02, 2.2667E+00,-1.3333E-01,
16:38:52.08186479,-2.6667E-02, 2.2333E+00, 1.3333E-01,
16:38:52.08186484,-2.6667E-02, 2.2333E+00,-2.6667E-01,
16:38:52.08186489, 0.0000E+00, 2.2667E+00,-1.3333E-01,
16:38:52.08186494,-2.6667E-02, 2.2000E+00, 2.6667E-01,
16:38:52.08186499, 0.0000E+00, 2.2667E+00, 1.3333E-01,
16:38:52.08186504, 1.3333E-02, 2.2000E+00,-1.3333E-01,
16:38:52.08186509, 0.0000E+00, 2.2333E+00, 1.3333E-01,
16:38:52.08186514,-2.6667E-02, 2.2000E+00, 0.0000E+00,
16:38:52.08186519,-1.3333E-02, 2.2333E+00, 2.6667E-01,
16:38:52.08186524,-4.0000E-02, 2.2333E+00, 0.0000E+00,
16:38:52.08186529,-2.6667E-02, 2.2667E+00, 0.0000E+00,
16:38:52.08186534, 1.3333E-02, 2.2333E+00, 4.0000E-01,
16:38:52.08186539,-1.3333E-02, 2.2333E+00, 2.6667E-01,
16:38:52.08186544,-1.3333E-02, 2.2333E+00, 0.0000E+00,
16:38:52.08186549,-2.6667E-02, 2.2333E+00, 1.3333E-01,
16:38:52.08186554,-1.3333E-02, 2.2333E+00, 1.3333E-01,
16:38:52.08186559, 2.6667E-02, 2.2333E+00, 0.0000E+00,
16:38:52.08186564, 2.6667E-02, 2.2333E+00, 0.0000E+00,
16:38:52.08186569,-2.6667E-02, 2.2000E+00, 0.0000E+00,
16:38:52.08186574,-4.0000E-02, 2.2667E+00, 0.0000E+00,
16:38:52.08186579,-1.3333E-02, 2.2667E+00, 0.0000E+00,
16:38:52.08186584, 0.0000E+00, 2.2000E+00, 2.6667E-01,
16:38:52.08186589,-2.6667E-02, 2.2333E+00,-2.6667E-01,
16:38:52.08186594, 2.6667E-02, 2.2667E+00, 2.6667E-01,
16:38:52.08186599, 0.0000E+00, 2.2333E+00, 0.0000E+00,
16:38:52.08186604,-1.3333E-02, 2.2000E+00, 2.6667E-01,
16:38:52.08186609,-1.3333E-02, 2.2333E+00, 1.3333E-01,
16:38:52.08186614,-2.6667E-02, 2.3000E+00, 4.0000E-01,
16:38:52.08186619,-2.6667E-02, 2.2667E+00, 2.6667E-01,
16:38:52.08186624,-2.6667E-02, 2.2667E+00, 0.0000E+00,
16:38:52.08186629,-1.3333E-02, 2.2333E+00, 2.6667E-01,
16:38:52.08186634,-2.6667E-02, 2.2000E+00,-1.3333E-01,
16:38:52.08186639, 1.3333E-02, 2.2333E+00, 2.6667E-01,
16:38:52.08186644, 1.3333E-02, 2.3000E+00, 1.3333E-01,
16:38:52.08186649, 1.3333E-02, 2.2333E+00, 1.3333E-01,
16:38:52.08186654,-1.3333E-02, 2.2333E+00, 0.0000E+00,
16:38:52.08186659, 1.3333E-02, 2.2333E+00, 1.3333E-01,
16:38:52.08186664,-1.3333E-02, 2.2667E+00, 0.0000E+00,
16:38:52.08186669,-1.3333E-02, 2.3000E+00, 2.6667E-01,
16:38:52.08186674,-1.3333E-02, 2.2667E+00, 4.0000E-01,
16:38:52.08186679,-1.3333E-02, 2.2667E+00,-1.3333E-01,
16:38:52.08186684, 2.6667E-02, 2.2333E+00, 0.0000E+00,
16:38:52.08186689, 0.0000E+00, 2.2333E+00, 0.0000E+00,
16:38:52.08186694,-2.6667E-02, 2.2667E+00, 1.3333E-01,
16:38:52.08186699,-1.3333E-02, 2.2333E+00, 1.3333E-01,
16:38:52.08186704, 0.0000E+00, 2.2333E+00, 2.6667E-01,
16:38:52.08186709, 0.0000E+00, 2.2667E+00,-1.3333E-01,
16:38:52.08186714,-4.0000E-02, 2.2333E+00, 1.3333E-01,
16:38:52.08186719,-1.3333E-02, 2.2333E+00, 0.0000E+00,
16:38:52.08186724, 0.0000E+00, 2.3000E+00,-1.3333E-01,
16:38:52.08186729, 1.3333E-02, 2.2667E+00,-1.3333E-01,
16:38:52.08186734, 1.3333E-02, 2.2000E+00,-1.3333E-01,
16:38:52.08186739, 2.6667E-02, 2.2333E+00,-1.3333E-01,
16:38:52.08186744,-4.0000E-02, 2.2333E+00, 1.3333E-01,
16:38:52.08186749,-2.6667E-02, 2.2333E+00,-2.6667E-01,
16:38:52.08186754, 0.0000E+00, 2.2333E+00,-2.6667E-01,
16:38:52.08186759,-1.3333E-02, 2.2333E+00, 1.3333E-01,
16:38:52.08186764,-2.6667E-02, 2.2333E+00, 0.0000E+00,
16:38:52.08186769,-1.3333E-02, 2.2667E+00, 1.3333E-01,
16:38:52.08186774,-1.3333E-02, 2.2333E+00, 1.3333E-01,
16:38:52.08186779,-2.6667E-02, 2.2667E+00, 0.0000E+00,
16:38:52.08186784, 4.0000E-02, 2.2333E+00, 0.0000E+00,
16:38:52.08186789, 0.0000E+00, 2.2333E+00,-1.3333E-01,
16:38:52.08186794, 1.3333E-02, 2.2667E+00, 0.0000E+00,
16:38:52.08186799,-1.3333E-02, 2.2667E+00, 0.0000E+00,
16:38:52.08186804, 1.3333E-02, 2.2333E+00, 1.3333E-01,
16:38:52.08186809,-2.6667E-02, 2.2333E+00, 0.0000E+00,
16:38:52.08186814,-1.3333E-02, 2.2333E+00, 1.3333E-01,
16:38:52.08186819,-5.3333E-02, 2.3000E+00, 2.6667E-01,
16:38:52.08186824,-1.3333E-02, 2.2000E+00, 0.0000E+00,
16:38:52.08186829, 0.0000E+00, 2.2333E+00, 0.0000E+00,
16:38:52.08186834,-1.3333E-02, 2.2333E+00, 4.0000E-01,
16:38:52.08186839, 1.3333E-02, 2.2333E+00, 1.3333E-01,
16:38:52.08186844, 1.3333E-02, 2.2667E+00, 0.0000E+00,
16:38:52.08186849, 1.3333E-02, 2.2000E+00, 1.3333E-01,
16:38:52.08186854, 1.3333E-02, 2.2667E+00, 0.0000E+00,
16:38:52.08186859, 0.0000E+00, 2.2667E+00, 0.0000E+00,
16:38:52.08186864,-1.3333E-02, 2.2333E+00, 2.6667E-01,
16:38:52.08186869, 0.0000E+00, 2.2667E+00, 2.6667E-01,
16:38:52.08186874, 1.3333E-02, 2.3333E+00, 0.0000E+00,
16:38:52.08186879, 1.3333E-02, 2.2333E+00,-1.3333E-01,
16:38:52.08186884,-1.3333E-02, 2.1667E+00, 2.6667E-01,
16:38:52.08186889,-1.3333E-02, 2.2333E+00, 2.6667E-01,
16:38:52.08186894, 0.0000E+00, 2.2333E+00, 2.6667E-01,
16:38:52.08186899, 4.0000E-02, 2.2667E+00, 4.0000E-01,
16:38:52.08186904,-2.6667E-02, 2.3000E+00,-1.3333E-01,
16:38:52.08186909,-2.6667E-02, 2.2333E+00, 4.0000E-01,
16:38:52.08186914,-4.0000E-02, 2.2333E+00, 1.3333E-01,
16:38:52.08186919, 0.0000E+00, 2.2333E+00, 1.3333E-01,
16:38:52.08186924,-1.3333E-02, 2.2333E+00, 0.0000E+00,
16:38:52.08186929, 1.3333E-02, 2.2333E+00, 4.0000E-01,
16:38:52.08186934, 0.0000E+00, 2.2333E+00, 0.0000E+00,
16:38:52.08186939, 2.6667E-02, 2.2333E+00, 1.3333E-01,
16:38:52.08186944, 2.6667E-02, 2.2333E+00, 0.0000E+00,
16:38:52.08186949,-1.3333E-02, 2.2333E+00, 0.0000E+00,
16:38:52.08186954,-1.3333E-02, 2.2333E+00,-2.6667E-01,
16:38:52.08186959,-1.3333E-02, 2.2333E+00, 0.0000E+00,
16:38:52.08186964,-1.3333E-02, 2.2333E+00, 0.0000E+00,
16:38:52.08186969,-2.6667E-02, 2.2333E+00,-2.6667E-01,
16:38:52.08186974, 1.3333E-02, 2.2333E+00,-1.3333E-01,
16:38:52.08186979, 1.3333E-02, 2.2333E+00, 0.0000E+00,
16:38:52.08186984, 1.3333E-02, 2.2667E+00, 1.3333E-01,
16:38:52.08186989, 2.6667E-02, 2.2333E+00, 1.3333E-01,
16:38:52.08186994, 0.0000E+00, 2.2333E+00, 0.0000E+00,
16:38:52.08186999,-1.3333E-02, 2.2667E+00, 0.0000E+00,
16:38:52.08187004, 0.0000E+00, 2.2333E+00, 2.6667E-01,
16:38:52.08187009,-2.6667E-02, 2.2333E+00, 1.3333E-01,
16:38:52.08187014,-1.3333E-02, 2.2333E+00, 1.3333E-01,
16:38:52.08187019, 1.3333E-02, 2.2667E+00, 1.3333E-01,
16:38:52.08187024, 0.0000E+00, 2.2333E+00, 0.0000E+00,
16:38:52.08187029, 4.0000E-02, 2.2333E+00, 0.0000E+00,
16:38:52.08187034, 0.0000E+00, 2.2333E+00,-2.6667E-01,
16:38:52.08187039, 4.0000E-02, 2.2333E+00,-1.3333E-01,
16:38:52.08187044,-2.6667E-02, 2.2333E+00, 4.0000E-01,
16:38:52.08187049,-1.3333E-02, 2.2333E+00, 0.0000E+00,
16:38:52.08187054,-1.3333E-02, 2.2000E+00,-1.3333E-01,
16:38:52.08187059, 1.3333E-02, 2.2333E+00,-1.3333E-01,
16:38:52.08187064, 0.0000E+00, 2.2000E+00, 1.3333E-01,
16:38:52.08187069, 2.6667E-02, 2.2667E+00, 0.0000E+00,
16:38:52.08187074, 0.0000E+00, 2.2333E+00,-2.6667E-01,
16:38:52.08187079, 1.3333E-02, 2.2333E+00,-1.3333E-01,
16:38:52.08187084, 2.6667E-02, 2.2333E+00, 2.6667E-01,
16:38:52.08187089,-1.3333E-02, 2.2333E+00, 4.0000E-01,
16:38:52.08187094, 1.3333E-02, 2.2333E+00, 2.6667E-01,
16:38:52.08187099, 1.3333E-02, 2.2000E+00, 2.6667E-01,
16:38:52.08187104, 0.0000E+00, 2.2333E+00, 1.3333E-01,
16:38:52.08187109, 1.3333E-02, 2.2333E+00,-1.3333E-01,
16:38:52.08187114, 1.3333E-02, 2.2333E+00,-2.6667E-01,
16:38:52.08187119, 1.3333E-02, 2.2333E+00,-1.3333E-01,
16:38:52.08187124,-2.6667E-02, 2.2333E+00, 0.0000E+00,
16:38:52.08187129, 0.0000E+00, 2.2667E+00,-1.3333E-01,
16:38:52.08187134, 1.3333E-02, 2.2000E+00,-1.3333E-01,
16:38:52.08187139, 0.0000E+00, 2.2667E+00, 0.0000E+00,
16:38:52.08187144, 2.6667E-02, 2.2000E+00, 2.6667E-01,
16:38:52.08187149, 2.6667E-02, 2.2333E+00, 2.6667E-01,
16:38:52.08187154, 0.0000E+00, 2.3000E+00, 2.6667E-01,
16:38:52.08187159,-1.3333E-02, 2.2333E+00, 1.3333E-01,
16:38:52.08187164, 2.6667E-02, 2.2667E+00, 1.3333E-01,
16:38:52.08187169, 1.3333E-02, 2.2333E+00, 1.3333E-01,
16:38:52.08187174, 0.0000E+00, 2.2333E+00, 0.0000E+00,
16:38:52.08187179, 0.0000E+00, 2.2333E+00, 2.6667E-01,
16:38:52.08187184, 1.3333E-02, 2.2000E+00, 0.0000E+00,
16:38:52.08187189, 0.0000E+00, 2.2333E+00, 0.0000E+00,
16:38:52.08187194, 1.3333E-02, 2.2667E+00, 5.3333E-01,
16:38:52.08187199,-1.3333E-02, 2.2333E+00, 2.6667E-01,
16:38:52.08187204,-2.6667E-02, 2.2000E+00, 0.0000E+00,
16:38:52.08187209,-1.3333E-02, 2.2333E+00, 4.0000E-01,
16:38:52.08187214, 0.0000E+00, 2.2333E+00, 0.0000E+00,
16:38:52.08187219, 1.3333E-02, 2.2000E+00, 0.0000E+00,
16:38:52.08187224, 4.0000E-02, 2.2333E+00, 0.0000E+00,
16:38:52.08187229, 0.0000E+00, 2.2333E+00,-1.3333E-01,
16:38:52.08187234, 0.0000E+00, 2.3333E+00, 2.6667E-01,
16:38:52.08187239, 1.3333E-02, 2.2333E+00, 1.3333E-01,
16:38:52.08187244, 0.0000E+00, 2.2333E+00, 0.0000E+00,
16:38:52.08187249,-1.3333E-02, 2.2333E+00, 0.0000E+00,
16:38:52.08187254,-4.0000E-02, 2.2000E+00, 2.6667E-01,
16:38:52.08187259,-1.3333E-02, 2.2667E+00, 0.0000E+00,
16:38:52.08187264, 1.3333E-02, 2.2333E+00,-2.6667E-01,
16:38:52.08187269,-2.6667E-02, 2.2333E+00,-1.3333E-01,
16:38:52.08187274, 1.3333E-02, 2.3000E+00, 0.0000E+00,
16:38:52.08187279,-2.6667E-02, 2.2667E+00, 4.0000E-01,
16:38:52.08187284, 1.3333E-02, 2.2667E+00, 0.0000E+00,
16:38:52.08187289, 0.0000E+00, 2.2333E+00, 1.3333E-01,
16:38:52.08187294, 0.0000E+00, 2.2333E+00, 2.6667E-01,
16:38:52.08187299,-1.3333E-02, 2.2000E+00, 0.0000E+00,
16:38:52.08187304, 0.0000E+00, 2.2333E+00, 0.0000E+00,
16:38:52.08187309, 0.0000E+00, 2.2667E+00,-1.3333E-01,
16:38:52.08187314,-1.3333E-02, 2.2333E+00,-1.3333E-01,
16:38:52.08187319, 1.3333E-02, 2.2333E+00, 0.0000E+00,
16:38:52.08187324, 1.3333E-02, 2.2667E+00, 1.3333E-01,
16:38:52.08187329, 0.0000E+00, 2.2000E+00, 0.0000E+00,
16:38:52.08187334, 0.0000E+00, 2.3000E+00, 1.3333E-01,
16:38:52.08187339, 0.0000E+00, 2.1667E+00, 4.0000E-01,
16:38:52.08187344, 0.0000E+00, 2.2333E+00, 2.6667E-01,
16:38:52.08187349, 0.0000E+00, 2.2333E+00, 1.3333E-01,
16:38:52.08187354, 0.0000E+00, 2.2333E+00, 5.3333E-01,
16:38:52.08187359,-1.3333E-02, 2.2333E+00,-1.3333E-01,
16:38:52.08187364, 1.3333E-02, 2.2333E+00, 1.3333E-01,
16:38:52.08187369, 1.3333E-02, 2.2000E+00, 1.3333E-01,
16:38:52.08187374, 2.6667E-02, 2.2333E+00, 5.3333E-01,
16:38:52.08187379,-1.3333E-02, 2.2667E+00, 1.3333E-01,
16:38:52.08187384,-1.3333E-02, 2.2667E+00, 2.6667E-01,
16:38:52.08187389,-2.6667E-02, 2.2333E+00, 1.3333E-01,
16:38:52.08187394,-1.3333E-02, 2.2333E+00, 1.3333E-01,
16:38:52.08187399,-1.3333E-02, 2.2333E+00, 4.0000E-01,
16:38:52.08187404, 4.0000E-02, 2.2333E+00,-1.3333E-01,
16:38:52.08187409,-1.3333E-02, 2.3667E+00, 4.0000E-01,
16:38:52.08187414, 1.3333E-02, 2.2333E+00, 2.6667E-01,
16:38:52.08187419, 0.0000E+00, 2.2667E+00,-1.3333E-01,
16:38:52.08187424, 1.3333E-02, 2.2333E+00, 1.3333E-01,
16:38:52.08187429,-1.3333E-02, 2.2333E+00, 2.6667E-01,
16:38:52.08187434, 0.0000E+00, 2.3000E+00, 1.3333E-01,
16:38:52.08187439,-4.0000E-02, 2.2333E+00, 0.0000E+00,
16:38:52.08187444, 0.0000E+00, 2.3000E+00, 2.6667E-01,
16:38:52.08187449,-2.6667E-02, 2.2667E+00, 1.3333E-01,
16:38:52.08187454, 1.3333E-02, 2.2333E+00, 0.0000E+00,
16:38:52.08187459, 1.3333E-02, 2.2667E+00, 0.0000E+00,
16:38:52.08187464, 1.3333E-02, 2.2000E+00, 1.3333E-01,
16:38:52.08187469, 4.0000E-02, 2.2667E+00, 2.6667E-01,
16:38:52.08187474, 1.4667E-01, 2.2333E+00, 0.0000E+00,
16:38:52.08187479, 3.8667E-01, 2.2333E+00, 1.3333E-01,
16:38:52.08187484, 6.4000E-01, 2.2667E+00, 1.3333E-01,
16:38:52.08187489, 8.8000E-01, 2.2000E+00, 4.0000E-01,
16:38:52.08187494, 1.0133E+00, 2.2333E+00, 0.0000E+00,
16:38:52.08187499, 1.0667E+00, 2.2667E+00, 1.3333E-01,
16:38:52.08187504, 1.0933E+00, 2.1667E+00, 1.3333E-01,
16:38:52.08187509, 1.1067E+00, 2.2667E+00, 1.3333E-01,
16:38:52.08187514, 1.1333E+00, 2.2000E+00,-2.6667E-01,
16:38:52.08187519, 1.1067E+00, 2.2333E+00, 2.6667E-01,
16:38:52.08187524, 1.1067E+00, 2.2333E+00,-1.3333E-01,
16:38:52.08187529, 1.0933E+00, 2.2667E+00,-1.3333E-01,
16:38:52.08187534, 1.0667E+00, 2.2333E+00, 2.6667E-01,
16:38:52.08187539, 1.0800E+00, 2.2333E+00,-1.3333E-01,
16:38:52.08187544, 1.0800E+00, 2.2333E+00, 0.0000E+00,
16:38:52.08187549, 1.0800E+00, 2.2667E+00, 0.0000E+00,
16:38:52.08187554, 1.0800E+00, 2.3000E+00, 4.0000E-01,
16:38:52.08187559, 1.0933E+00, 2.3000E+00,-2.6667E-01,
16:38:52.08187564, 1.0667E+00, 2.2667E+00, 1.3333E-01,
16:38:52.08187569, 1.0933E+00, 2.2667E+00, 1.3333E-01,
16:38:52.08187574, 1.0933E+00, 2.2333E+00, 0.0000E+00,
16:38:52.08187579, 1.0533E+00, 2.2333E+00, 2.6667E-01,
16:38:52.08187584, 1.0400E+00, 2.2333E+00,-1.3333E-01,
16:38:52.08187589, 1.0400E+00, 2.2000E+00, 1.3333E-01,
16:38:52.08187594, 1.0533E+00, 2.3000E+00,-1.3333E-01,
16:38:52.08187599, 1.0667E+00, 2.2333E+00, 0.0000E+00,
16:38:52.08187604, 1.0533E+00, 2.2333E+00, 2.6667E-01,
16:38:52.08187609, 1.0533E+00, 2.3333E+00,-1.3333E-01,
16:38:52.08187614, 1.0533E+00, 2.2000E+00,-4.0000E-01,
16:38:52.08187619, 1.0533E+00, 2.2333E+00,-1.3333E-01,
16:38:52.08187624, 1.0667E+00, 2.2333E+00, 5.3333E-01,
16:38:52.08187629, 1.0533E+00, 2.2667E+00, 2.6667E-01,
16:38:52.08187634, 1.0533E+00, 2.2333E+00, 2.6667E-01,
16:38:52.08187639, 1.0267E+00, 2.3000E+00, 4.0000E-01,
16:38:52.08187644, 1.0667E+00, 2.2333E+00, 2.6667E-01,
16:38:52.08187649, 1.0667E+00, 2.3000E+00, 1.3333E-01,
16:38:52.08187654, 1.0267E+00, 2.2333E+00, 1.3333E-01,
16:38:52.08187659, 1.0533E+00, 2.2333E+00,-1.3333E-01,
16:38:52.08187664, 1.0400E+00, 2.2333E+00, 2.6667E-01,
16:38:52.08187669, 1.0400E+00, 2.2667E+00, 2.6667E-01,
16:38:52.08187674, 1.0267E+00, 2.2000E+00, 2.6667E-01,
16:38:52.08187679, 1.0133E+00, 2.2333E+00, 1.3333E-01,
16:38:52.08187684, 1.0400E+00, 2.2000E+00, 2.6667E-01,
16:38:52.08187689, 1.0133E+00, 2.2667E+00, 1.3333E-01,
16:38:52.08187694, 1.0667E+00, 2.2000E+00, 0.0000E+00,
16:38:52.08187699, 1.0267E+00, 2.2333E+00, 2.6667E-01,
16:38:52.08187704, 1.0267E+00, 2.2667E+00, 0.0000E+00,
16:38:52.08187709, 1.0533E+00, 2.2333E+00, 2.6667E-01,
16:38:52.08187714, 1.0133E+00, 2.2667E+00,-1.3333E-01,
16:38:52.08187719, 1.0133E+00, 2.2333E+00,-2.6667E-01,
16:38:52.08187724, 1.0133E+00, 2.2000E+00, 2.6667E-01,
16:38:52.08187729, 1.0133E+00, 2.2333E+00, 4.0000E-01,
16:38:52.08187734, 1.0267E+00, 2.2333E+00, 2.6667E-01,
16:38:52.08187739, 1.0533E+00, 2.2333E+00, 2.6667E-01,
16:38:52.08187744, 1.0267E+00, 2.2333E+00, 1.3333E-01,
16:38:52.08187749, 1.0400E+00, 2.2667E+00, 0.0000E+00,
16:38:52.08187754, 1.0533E+00, 2.2333E+00, 0.0000E+00,
16:38:52.08187759, 1.0267E+00, 2.3333E+00,-2.6667E-01,
16:38:52.08187764, 1.0133E+00, 2.2667E+00, 0.0000E+00,
16:38:52.08187769, 1.0000E+00, 2.2333E+00, 1.3333E-01,
16:38:52.08187774, 1.0000E+00, 2.2333E+00, 0.0000E+00,
16:38:52.08187779, 1.0400E+00, 2.2667E+00, 0.0000E+00,
16:38:52.08187784, 1.0267E+00, 2.2333E+00, 0.0000E+00,
16:38:52.08187789, 9.8667E-01, 2.2333E+00, 0.0000E+00,
16:38:52.08187794, 1.0267E+00, 2.2333E+00,-1.3333E-01,
16:38:52.08187799, 1.0400E+00, 2.2333E+00,-1.3333E-01,
16:38:52.08187804, 1.0400E+00, 2.2333E+00, 2.6667E-01,
16:38:52.08187809, 1.0000E+00, 2.2667E+00, 0.0000E+00,
16:38:52.08187814, 1.0133E+00, 2.2333E+00, 2.6667E-01,
16:38:52.08187819, 1.0133E+00, 2.3000E+00, 1.3333E-01,
16:38:52.08187824, 1.0133E+00, 2.2333E+00, 0.0000E+00,
16:38:52.08187829, 1.0133E+00, 2.2667E+00, 1.3333E-01,
16:38:52.08187834, 1.0000E+00, 2.2333E+00, 4.0000E-01,
16:38:52.08187839, 9.8667E-01, 2.2333E+00, 1.3333E-01,
16:38:52.08187844, 1.0400E+00, 2.2333E+00, 2.6667E-01,
16:38:52.08187849, 1.0133E+00, 2.2333E+00, 1.3333E-01,
16:38:52.08187854, 1.0000E+00, 2.2333E+00,-1.3333E-01,
16:38:52.08187859, 1.0133E+00, 2.2333E+00, 0.0000E+00,
16:38:52.08187864, 1.0000E+00, 2.1667E+00, 2.6667E-01,
16:38:52.08187869, 9.8667E-01, 2.2333E+00, 6.6667E-01,
16:38:52.08187874, 1.0000E+00, 2.2333E+00, 4.0000E-01,
16:38:52.08187879, 1.0133E+00, 2.2333E+00, 2.6667E-01,
16:38:52.08187884, 1.0000E+00, 2.3000E+00, 2.6667E-01,
16:38:52.08187889, 9.8667E-01, 2.2667E+00, 2.6667E-01,
16:38:52.08187894, 1.0267E+00, 2.2333E+00,-1.3333E-01,
16:38:52.08187899, 1.0000E+00, 2.2333E+00,-2.6667E-01,
16:38:52.08187904, 1.0133E+00, 2.2667E+00,-1.3333E-01,
16:38:52.08187909, 1.0133E+00, 2.2667E+00, 2.6667E-01,
16:38:52.08187914, 9.7333E-01, 2.2667E+00, 0.0000E+00,
16:38:52.08187919, 9.8667E-01, 2.2333E+00, 2.6667E-01,
16:38:52.08187924, 1.0000E+00, 2.2000E+00, 0.0000E+00,
16:38:52.08187929, 1.0133E+00, 2.2667E+00, 4.0000E-01,
16:38:52.08187934, 1.0133E+00, 2.3000E+00, 1.3333E-01,
16:38:52.08187939, 1.0133E+00, 2.2667E+00, 0.0000E+00,
16:38:52.08187944, 1.0000E+00, 2.2333E+00, 1.3333E-01,
16:38:52.08187949, 1.0000E+00, 2.2667E+00,-1.3333E-01,
16:38:52.08187954, 1.0133E+00, 2.3000E+00, 1.3333E-01,
16:38:52.08187959, 9.8667E-01, 2.3333E+00, 0.0000E+00,
16:38:52.08187964, 9.7333E-01, 2.2667E+00, 0.0000E+00,
16:38:52.08187969, 9.8667E-01, 2.2333E+00,-1.3333E-01,
16:38:52.08187974, 1.0267E+00, 2.2333E+00, 0.0000E+00,
16:38:52.08187979, 1.0000E+00, 2.2333E+00, 1.3333E-01,
16:38:52.08187984, 1.0000E+00, 2.2333E+00, 0.0000E+00,
16:38:52.08187989, 1.0000E+00, 2.2333E+00, 0.0000E+00,
16:38:52.08187994, 1.0000E+00, 2.2333E+00, 1.3333E-01,
16:38:52.08187999, 1.0133E+00, 2.2667E+00,-4.0000E-01,
16:38:52.08188004, 1.0133E+00, 2.2333E+00, 1.3333E-01,
16:38:52.08188009, 1.0000E+00, 2.3000E+00, 1.3333E-01,
16:38:52.08188014, 1.0000E+00, 2.3000E+00, 0.0000E+00,
16:38:52.08188019, 9.7333E-01, 2.2333E+00, 2.6667E-01,
16:38:52.08188024, 1.0000E+00, 2.2667E+00, 2.6667E-01,
16:38:52.08188029, 9.8667E-01, 2.3000E+00, 0.0000E+00,
16:38:52.08188034, 1.0000E+00, 2.3000E+00, 0.0000E+00,
16:38:52.08188039, 9.8667E-01, 2.2000E+00,-1.3333E-01,
16:38:52.08188044, 1.0133E+00, 2.2000E+00,-1.3333E-01,
16:38:52.08188049, 9.8667E-01, 2.2667E+00, 2.6667E-01,
16:38:52.08188054, 9.8667E-01, 2.2333E+00, 2.6667E-01,
16:38:52.08188059, 9.8667E-01, 2.2667E+00, 2.6667E-01,
16:38:52.08188064, 1.0000E+00, 2.2667E+00,-1.3333E-01,
16:38:52.08188069, 1.0133E+00, 2.2333E+00,-1.3333E-01,
16:38:52.08188074, 1.0000E+00, 2.2667E+00, 1.3333E-01,
16:38:52.08188079, 1.0000E+00, 2.2333E+00, 2.6667E-01,
16:38:52.08188084, 1.0267E+00, 2.2000E+00, 1.3333E-01,
16:38:52.08188089, 1.0000E+00, 2.3000E+00, 1.3333E-01,
16:38:52.08188094, 9.7333E-01, 2.2333E+00, 1.3333E-01,
16:38:52.08188099, 9.8667E-01, 2.2000E+00, 2.6667E-01,
16:38:52.08188104, 9.8667E-01, 2.2333E+00,-2.6667E-01,
16:38:52.08188109, 9.8667E-01, 2.2333E+00, 4.0000E-01,
16:38:52.08188114, 1.0000E+00, 2.2333E+00, 0.0000E+00,
16:38:52.08188119, 9.8667E-01, 2.2667E+00, 5.3333E-01,
16:38:52.08188124, 1.0133E+00, 2.2333E+00, 4.0000E-01,
16:38:52.08188129, 1.0267E+00, 2.2333E+00, 2.6667E-01,
16:38:52.08188134, 9.8667E-01, 2.3000E+00, 1.3333E-01,
16:38:52.08188139, 1.0000E+00, 2.2667E+00, 2.6667E-01,
16:38:52.08188144, 1.0133E+00, 2.2333E+00, 1.3333E-01,
16:38:52.08188149, 9.8667E-01, 2.2333E+00, 1.3333E-01,
16:38:52.08188154, 1.0000E+00, 2.2667E+00,-1.3333E-01,
16:38:52.08188159, 9.7333E-01, 2.2333E+00, 1.3333E-01,
16:38:52.08188164, 1.0133E+00, 2.3000E+00, 1.3333E-01,
16:38:52.08188169, 9.7333E-01, 2.2333E+00, 0.0000E+00,
16:38:52.08188174, 1.0000E+00, 2.2333E+00, 5.3333E-01,
16:38:52.08188179, 1.0267E+00, 2.2333E+00, 0.0000E+00,
16:38:52.08188184, 1.0000E+00, 2.2333E+00, 2.6667E-01,
16:38:52.08188189, 1.0267E+00, 2.2333E+00, 1.3333E-01,
16:38:52.08188194, 1.0000E+00, 2.2000E+00, 0.0000E+00,
16:38:52.08188199, 1.0000E+00, 2.2333E+00,-1.3333E-01,
16:38:52.08188204, 1.0000E+00, 2.2667E+00, 4.0000E-01,
16:38:52.08188209, 9.8667E-01, 2.2333E+00, 1.3333E-01,
16:38:52.08188214, 9.8667E-01, 2.2333E+00, 5.3333E-01,
16:38:52.08188219, 1.0000E+00, 2.2667E+00, 1.3333E-01,
16:38:52.08188224, 1.0000E+00, 2.2333E+00, 2.6667E-01,
16:38:52.08188229, 1.0400E+00, 2.1667E+00, 1.3333E-01,
16:38:52.08188234, 1.0267E+00, 2.2333E+00, 2.6667E-01,
16:38:52.08188239, 1.0000E+00, 2.2000E+00, 2.6667E-01,
16:38:52.08188244, 1.0267E+00, 2.2333E+00, 1.3333E-01,
16:38:52.08188249, 1.0000E+00, 2.2667E+00, 2.6667E-01,
16:38:52.08188254, 1.0000E+00, 2.2333E+00, 1.3333E-01,
16:38:52.08188259, 9.8667E-01, 2.2667E+00, 0.0000E+00,
16:38:52.08188264, 9.8667E-01, 2.2667E+00, 1.3333E-01,
16:38:52.08188269, 1.0000E+00, 2.2333E+00, 2.6667E-01,
16:38:52.08188274, 1.0267E+00, 2.2667E+00, 4.0000E-01,
16:38:52.08188279, 1.0267E+00, 2.2667E+00, 4.0000E-01,
16:38:52.08188284, 1.0000E+00, 2.2333E+00, 0.0000E+00,
16:38:52.08188289, 1.0267E+00, 2.2667E+00, 0.0000E+00,
16:38:52.08188294, 1.0000E+00, 2.2667E+00, 0.0000E+00,
16:38:52.08188299, 1.0133E+00, 2.2333E+00, 4.0000E-01,
16:38:52.08188304, 9.7333E-01, 2.2667E+00, 2.6667E-01,
16:38:52.08188309, 9.8667E-01, 2.2333E+00, 2.6667E-01,
16:38:52.08188314, 9.7333E-01, 2.2333E+00, 2.6667E-01,
16:38:52.08188319, 1.0400E+00, 2.2333E+00, 1.3333E-01,
16:38:52.08188324, 1.0267E+00, 2.2333E+00, 1.3333E-01,
16:38:52.08188329, 1.0000E+00, 2.2333E+00, 1.3333E-01,
16:38:52.08188334, 1.0400E+00, 2.2333E+00, 1.3333E-01,
16:38:52.08188339, 9.7333E-01, 2.2667E+00, 2.6667E-01,
16:38:52.08188344, 9.7333E-01, 2.2333E+00, 1.3333E-01,
16:38:52.08188349, 9.8667E-01, 2.2333E+00, 1.3333E-01,
16:38:52.08188354, 9.6000E-01, 2.2333E+00,-1.3333E-01,
16:38:52.08188359, 1.0133E+00, 2.2333E+00, 4.0000E-01,
16:38:52.08188364, 1.0000E+00, 2.2667E+00, 4.0000E-01,
16:38:52.08188369, 9.8667E-01, 2.2333E+00, 4.0000E-01,
16:38:52.08188374, 1.0133E+00, 2.2333E+00, 0.0000E+00,
16:38:52.08188379, 1.0000E+00, 2.2667E+00,-4.0000E-01,
16:38:52.08188384, 1.0267E+00, 2.2333E+00, 1.3333E-01,
16:38:52.08188389, 1.0000E+00, 2.2667E+00,-1.3333E-01,
16:38:52.08188394, 1.0000E+00, 2.2667E+00, 4.0000E-01,
16:38:52.08188399, 1.0267E+00, 2.2667E+00,-1.3333E-01,
16:38:52.08188404, 1.0000E+00, 2.2333E+00, 1.3333E-01,
16:38:52.08188409, 1.0000E+00, 2.2667E+00, 0.0000E+00,
16:38:52.08188414, 1.0000E+00, 2.2667E+00, 0.0000E+00,
16:38:52.08188419, 9.6000E-01, 2.3000E+00, 1.3333E-01,
16:38:52.08188424, 1.0000E+00, 2.2667E+00, 5.3333E-01,
16:38:52.08188429, 1.0000E+00, 2.2333E+00, 0.0000E+00,
16:38:52.08188434, 9.8667E-01, 2.2333E+00, 2.6667E-01,
16:38:52.08188439, 1.0000E+00, 2.2333E+00,-1.3333E-01,
16:38:52.08188444, 9.7333E-01, 2.2333E+00, 4.0000E-01,
16:38:52.08188449, 1.0000E+00, 2.2667E+00, 2.6667E-01,
16:38:52.08188454, 1.0133E+00, 2.2333E+00, 1.3333E-01,
16:38:52.08188459, 1.0000E+00, 2.2333E+00, 2.6667E-01,
16:38:52.08188464, 9.8667E-01, 2.3333E+00, 2.6667E-01,
16:38:52.08188469, 1.0000E+00, 2.2667E+00,-1.3333E-01,
16:38:52.08188474, 1.0400E+00, 2.2333E+00, 0.0000E+00,
16:38:52.08188479, 9.8667E-01, 2.2333E+00, 1.3333E-01,
16:38:52.08188484, 1.0000E+00, 2.2000E+00, 2.6667E-01,
16:38:52.08188489, 1.0000E+00, 2.2333E+00, 0.0000E+00,
16:38:52.08188494, 9.7333E-01, 2.2333E+00, 1.3333E-01,
16:38:52.08188499, 1.0133E+00, 2.2667E+00, 1.3333E-01,
16:38:52.08188504, 1.0000E+00, 2.2333E+00, 1.3333E-01,
16:38:52.08188509, 1.0133E+00, 2.2333E+00, 0.0000E+00,
16:38:52.08188514, 9.8667E-01, 2.2667E+00, 1.3333E-01,
16:38:52.08188519, 1.0000E+00, 2.2333E+00, 2.6667E-01,
16:38:52.08188524, 1.0133E+00, 2.2333E+00, 1.3333E-01,
16:38:52.08188529, 1.0000E+00, 2.2667E+00,-2.6667E-01,
16:38:52.08188534, 9.8667E-01, 2.2667E+00, 0.0000E+00,
16:38:52.08188539, 1.0000E+00, 2.2333E+00, 0.0000E+00,
16:38:52.08188544, 9.7333E-01, 2.2333E+00, 1.3333E-01,
16:38:52.08188549, 9.8667E-01, 2.2333E+00, 1.3333E-01,
16:38:52.08188554, 1.0000E+00, 2.2667E+00, 4.0000E-01,
16:38:52.08188559, 1.0133E+00, 2.2333E+00, 2.6667E-01,
16:38:52.08188564, 9.8667E-01, 2.2333E+00, 2.6667E-01,
16:38:52.08188569, 1.0267E+00, 2.2333E+00, 1.3333E-01,
16:38:52.08188574, 1.0267E+00, 2.2333E+00, 0.0000E+00,
16:38:52.08188579, 1.0000E+00, 2.2333E+00, 1.3333E-01,
16:38:52.08188584, 9.8667E-01, 2.2333E+00, 0.0000E+00,
16:38:52.08188589, 9.8667E-01, 2.2000E+00, 1.3333E-01,
16:38:52.08188594, 9.8667E-01, 2.3000E+00, 2.6667E-01,
16:38:52.08188599, 1.0133E+00, 2.2667E+00, 1.3333E-01,
16:38:52.08188604, 1.0000E+00, 2.2333E+00, 0.0000E+00,
16:38:52.08188609, 1.0133E+00, 2.2000E+00, 4.0000E-01,
16:38:52.08188614, 1.0000E+00, 2.2333E+00, 0.0000E+00,
16:38:52.08188619, 1.0267E+00, 2.2333E+00, 2.6667E-01,
16:38:52.08188624, 1.0267E+00, 2.2333E+00, 0.0000E+00,
16:38:52.08188629, 1.0133E+00, 2.2333E+00, 1.3333E-01,
16:38:52.08188634, 9.8667E-01, 2.2333E+00, 0.0000E+00,
16:38:52.08188639, 1.0133E+00, 2.2333E+00, 1.3333E-01,
16:38:52.08188644, 9.8667E-01, 2.2667E+00, 0.0000E+00,
16:38:52.08188649, 1.0133E+00, 2.2333E+00, 2.6667E-01,
16:38:52.08188654, 9.6000E-01, 2.2333E+00, 1.3333E-01,
16:38:52.08188659, 1.0000E+00, 2.2333E+00, 1.3333E-01,
16:38:52.08188664, 1.0267E+00, 2.2333E+00, 0.0000E+00,
16:38:52.08188669, 9.8667E-01, 2.2333E+00, 0.0000E+00,
16:38:52.08188674, 1.0267E+00, 2.2333E+00, 2.6667E-01,
16:38:52.08188679, 9.7333E-01, 2.2333E+00, 2.6667E-01,
16:38:52.08188684, 1.0133E+00, 2.2333E+00, 1.3333E-01,
16:38:52.08188689, 9.6000E-01, 2.2333E+00,-1.3333E-01,
16:38:52.08188694, 1.0000E+00, 2.2333E+00, 2.6667E-01,
16:38:52.08188699, 1.0267E+00, 2.3000E+00, 2.6667E-01,
16:38:52.08188704, 1.0133E+00, 2.2333E+00,-1.3333E-01,
16:38:52.08188709, 1.0133E+00, 2.2667E+00, 0.0000E+00,
16:38:52.08188714, 1.0267E+00, 2.2333E+00, 0.0000E+00,
16:38:52.08188719, 1.0133E+00, 2.2000E+00,-1.3333E-01,
16:38:52.08188724, 1.0267E+00, 2.2333E+00,-1.3333E-01,
16:38:52.08188729, 1.0000E+00, 2.2333E+00, 0.0000E+00,
16:38:52.08188734, 1.0000E+00, 2.2333E+00,-1.3333E-01,
16:38:52.08188739, 1.0267E+00, 2.2333E+00,-1.3333E-01,
16:38:52.08188744, 1.0000E+00, 2.2667E+00, 2.6667E-01,
16:38:52.08188749, 1.0000E+00, 2.2333E+00, 2.6667E-01,
16:38:52.08188754, 1.0133E+00, 2.2333E+00, 0.0000E+00,
16:38:52.08188759, 1.0133E+00, 2.2333E+00, 1.3333E-01,
16:38:52.08188764, 9.8667E-01, 2.2333E+00, 0.0000E+00,
16:38:52.08188769, 1.0000E+00, 2.2000E+00, 1.3333E-01,
16:38:52.08188774, 9.7333E-01, 2.2333E+00,-2.6667E-01,
16:38:52.08188779, 1.0267E+00, 2.2333E+00, 0.0000E+00,
16:38:52.08188784, 9.8667E-01, 2.2667E+00, 2.6667E-01,
16:38:52.08188789, 9.8667E-01, 2.2333E+00, 1.3333E-01,
16:38:52.08188794, 1.0267E+00, 2.3000E+00,-1.3333E-01,
16:38:52.08188799, 1.0533E+00, 2.2333E+00, 5.3333E-01,
16:38:52.08188804, 1.0133E+00, 2.2667E+00, 1.3333E-01,
16:38:52.08188809, 1.0267E+00, 2.2333E+00,-1.3333E-01,
16:38:52.08188814, 1.0000E+00, 2.2333E+00, 0.0000E+00,
16:38:52.08188819, 1.0000E+00, 2.2667E+00, 0.0000E+00,
16:38:52.08188824, 1.0133E+00, 2.2667E+00, 0.0000E+00,
16:38:52.08188829, 1.0133E+00, 2.2333E+00, 1.3333E-01,
16:38:52.08188834, 1.0267E+00, 2.2333E+00, 0.0000E+00,
16:38:52.08188839, 1.0000E+00, 2.2333E+00, 0.0000E+00,
16:38:52.08188844, 1.0133E+00, 2.2333E+00, 1.3333E-01,
16:38:52.08188849, 1.0133E+00, 2.2333E+00, 2.6667E-01,
16:38:52.08188854, 1.0133E+00, 2.2333E+00, 0.0000E+00,
16:38:52.08188859, 1.0000E+00, 2.3000E+00, 1.3333E-01,
16:38:52.08188864, 9.7333E-01, 2.2333E+00, 0.0000E+00,
16:38:52.08188869, 1.0133E+00, 2.2667E+00, 1.3333E-01,
16:38:52.08188874, 9.7333E-01, 2.2333E+00, 0.0000E+00,
16:38:52.08188879, 9.7333E-01, 2.1667E+00, 1.3333E-01,
16:38:52.08188884, 9.8667E-01, 2.2333E+00, 4.0000E-01,
16:38:52.08188889, 1.0267E+00, 2.2333E+00, 0.0000E+00,
16:38:52.08188894, 9.8667E-01, 2.3000E+00, 1.3333E-01,
16:38:52.08188899, 9.8667E-01, 2.2333E+00, 2.6667E-01,
16:38:52.08188904, 1.0133E+00, 2.2333E+00, 1.3333E-01,
16:38:52.08188909, 9.8667E-01, 2.2333E+00, 1.3333E-01,
16:38:52.08188914, 1.0133E+00, 2.2333E+00,-1.3333E-01,
16:38:52.08188919, 1.0133E+00, 2.2667E+00, 2.6667E-01,
16:38:52.08188924, 1.0133E+00, 2.2333E+00, 2.6667E-01,
16:38:52.08188929, 1.0133E+00, 2.2333E+00,-1.3333E-01,
16:38:52.08188934, 1.0000E+00, 2.2333E+00, 0.0000E+00,
16:38:52.08188939, 1.0533E+00, 2.2333E+00, 5.3333E-01,
16:38:52.08188944, 1.0133E+00, 2.2333E+00, 1.3333E-01,
16:38:52.08188949, 1.0133E+00, 2.2000E+00, 2.6667E-01,
16:38:52.08188954, 1.0133E+00, 2.2333E+00, 4.0000E-01,
16:38:52.08188959, 1.0267E+00, 2.2333E+00,-1.3333E-01,
16:38:52.08188964, 9.8667E-01, 2.2333E+00,-2.6667E-01,
16:38:52.08188969, 9.7333E-01, 2.2000E+00, 2.6667E-01,
16:38:52.08188974, 9.8667E-01, 2.3000E+00, 0.0000E+00,
16:38:52.08188979, 1.0267E+00, 2.2333E+00, 1.3333E-01,
16:38:52.08188984, 1.0133E+00, 2.2333E+00, 0.0000E+00,
16:38:52.08188989, 9.8667E-01, 2.2333E+00, 4.0000E-01,
16:38:52.08188994, 1.0267E+00, 2.2333E+00, 1.3333E-01,
16:38:52.08188999, 1.0267E+00, 2.2333E+00, 2.6667E-01,
16:38:52.08189004, 1.0267E+00, 2.2333E+00, 2.6667E-01,
16:38:52.08189009, 1.0267E+00, 2.2333E+00, 2.6667E-01,
16:38:52.08189014, 9.8667E-01, 2.2667E+00, 0.0000E+00,
16:38:52.08189019, 1.0000E+00, 2.3000E+00,-1.3333E-01,
16:38:52.08189024, 1.0133E+00, 2.2333E+00, 0.0000E+00,
16:38:52.08189029, 1.0133E+00, 2.2667E+00,-1.3333E-01,
16:38:52.08189034, 9.8667E-01, 2.2333E+00,-4.0000E-01,
16:38:52.08189039, 1.0000E+00, 2.2667E+00,-1.3333E-01,
16:38:52.08189044, 1.0133E+00, 2.3000E+00, 5.3333E-01,
16:38:52.08189049, 9.8667E-01, 2.2333E+00, 0.0000E+00,
16:38:52.08189054, 1.0000E+00, 2.1333E+00, 2.6667E-01,
16:38:52.08189059, 1.0000E+00, 2.2667E+00, 2.6667E-01,
16:38:52.08189064, 1.0133E+00, 2.2667E+00, 0.0000E+00,
16:38:52.08189069, 9.8667E-01, 2.2333E+00,-2.6667E-01,
16:38:52.08189074, 9.8667E-01, 2.2333E+00, 1.3333E-01,
16:38:52.08189079, 1.0000E+00, 2.2333E+00,-1.3333E-01,
16:38:52.08189084, 1.0267E+00, 2.2333E+00, 0.0000E+00,
16:38:52.08189089, 1.0400E+00, 2.2667E+00, 4.0000E-01,
16:38:52.08189094, 1.0000E+00, 2.2333E+00, 1.3333E-01,
16:38:52.08189099, 1.0400E+00, 2.2333E+00, 4.0000E-01,
16:38:52.08189104, 1.0000E+00, 2.2000E+00, 1.3333E-01,
16:38:52.08189109, 9.8667E-01, 2.2333E+00, 0.0000E+00,
16:38:52.08189114, 9.8667E-01, 2.2333E+00, 0.0000E+00,
16:38:52.08189119, 9.8667E-01, 2.2333E+00, 0.0000E+00,
16:38:52.08189124, 1.0133E+00, 2.2667E+00, 4.0000E-01,
16:38:52.08189129, 1.0000E+00, 2.2333E+00, 0.0000E+00,
16:38:52.08189134, 1.0133E+00, 2.2000E+00, 1.3333E-01,
16:38:52.08189139, 1.0400E+00, 2.2333E+00, 1.3333E-01,
16:38:52.08189144, 1.0267E+00, 2.2333E+00,-1.3333E-01,
16:38:52.08189149, 9.7333E-01, 2.2333E+00, 4.0000E-01,
16:38:52.08189154, 1.0133E+00, 2.2000E+00, 1.3333E-01,
16:38:52.08189159, 9.8667E-01, 2.2333E+00,-1.3333E-01,
16:38:52.08189164, 1.0000E+00, 2.2333E+00, 1.3333E-01,
16:38:52.08189169, 1.0000E+00, 2.2333E+00, 2.6667E-01,
16:38:52.08189174, 1.0267E+00, 2.2333E+00, 0.0000E+00,
16:38:52.08189179, 1.0000E+00, 2.2333E+00, 1.3333E-01,
16:38:52.08189184, 1.0000E+00, 2.2333E+00, 1.3333E-01,
16:38:52.08189189, 1.0000E+00, 2.2667E+00, 0.0000E+00,
16:38:52.08189194, 1.0000E+00, 2.2667E+00, 1.3333E-01,
16:38:52.08189199, 1.0267E+00, 2.2333E+00, 2.6667E-01,
16:38:52.08189204, 1.0000E+00, 2.2667E+00, 0.0000E+00,
16:38:52.08189209, 9.6000E-01, 2.2333E+00, 2.6667E-01,
16:38:52.08189214, 9.7333E-01, 2.2000E+00, 0.0000E+00,
16:38:52.08189219, 1.0133E+00, 2.2333E+00, 1.3333E-01,
16:38:52.08189224, 1.0000E+00, 2.2333E+00, 0.0000E+00,
16:38:52.08189229, 1.0000E+00, 2.3000E+00, 2.6667E-01,
16:38:52.08189234, 1.0133E+00, 2.2333E+00, 2.6667E-01,
16:38:52.08189239, 1.0400E+00, 2.2333E+00, 1.3333E-01,
16:38:52.08189244, 9.8667E-01, 2.2667E+00, 0.0000E+00,
16:38:52.08189249, 9.7333E-01, 2.2000E+00, 4.0000E-01,
16:38:52.08189254, 1.0133E+00, 2.2333E+00,-1.3333E-01,
16:38:52.08189259, 1.0133E+00, 2.2333E+00, 0.0000E+00,
16:38:52.08189264, 9.7333E-01, 2.2667E+00, 0.0000E+00,
16:38:52.08189269, 9.8667E-01, 2.2333E+00, 1.3333E-01,
16:38:52.08189274, 1.0267E+00, 2.2333E+00, 1.3333E-01,
16:38:52.08189279, 1.0000E+00, 2.2667E+00, 0.0000E+00,
16:38:52.08189284, 1.0267E+00, 2.2333E+00, 1.3333E-01,
16:38:52.08189289, 9.8667E-01, 2.2667E+00, 0.0000E+00,
16:38:52.08189294, 1.0000E+00, 2.2667E+00, 0.0000E+00,
16:38:52.08189299, 9.8667E-01, 2.2333E+00,-1.3333E-01,
16:38:52.08189304, 1.0133E+00, 2.3000E+00,-1.3333E-01,
16:38:52.08189309, 9.7333E-01, 2.2333E+00, 2.6667E-01,
16:38:52.08189314, 9.8667E-01, 2.2000E+00, 1.3333E-01,
16:38:52.08189319, 1.0000E+00, 2.2667E+00, 1.3333E-01,
16:38:52.08189324, 1.0133E+00, 2.2333E+00, 0.0000E+00,
16:38:52.08189329, 1.0133E+00, 2.2333E+00, 1.3333E-01,
16:38:52.08189334, 1.0400E+00, 2.2333E+00, 0.0000E+00,
16:38:52.08189339, 1.0267E+00, 2.2333E+00, 2.6667E-01,
16:38:52.08189344, 1.0133E+00, 2.2333E+00, 4.0000E-01,
16:38:52.08189349, 1.0267E+00, 2.1667E+00, 1.3333E-01,
16:38:52.08189354, 1.0000E+00, 2.2333E+00,-1.3333E-01,
16:38:52.08189359, 1.0133E+00, 2.2333E+00,-1.3333E-01,
16:38:52.08189364, 1.0267E+00, 2.2333E+00, 0.0000E+00,
16:38:52.08189369, 1.0133E+00, 2.1667E+00, 0.0000E+00,
16:38:52.08189374, 1.0133E+00, 2.3000E+00, 0.0000E+00,
16:38:52.08189379, 1.0000E+00, 2.2333E+00, 0.0000E+00,
16:38:52.08189384, 1.0133E+00, 2.2000E+00, 5.3333E-01,
16:38:52.08189389, 1.0400E+00, 2.2000E+00, 1.3333E-01,
16:38:52.08189394, 1.0000E+00, 2.2333E+00, 2.6667E-01,
16:38:52.08189399, 1.0267E+00, 2.2000E+00, 0.0000E+00,
16:38:52.08189404, 1.0000E+00, 2.2000E+00, 0.0000E+00,
16:38:52.08189409, 1.0267E+00, 2.2333E+00,-4.0000E-01,
16:38:52.08189414, 1.0000E+00, 2.2000E+00, 2.6667E-01,
16:38:52.08189419, 1.0133E+00, 2.2333E+00, 1.3333E-01,
16:38:52.08189424, 1.0133E+00, 2.2333E+00, 4.0000E-01,
16:38:52.08189429, 1.0133E+00, 2.2333E+00, 1.3333E-01,
16:38:52.08189434, 1.0133E+00, 2.2667E+00, 2.6667E-01,
16:38:52.08189439, 1.0400E+00, 2.2333E+00, 4.0000E-01,
16:38:52.08189444, 1.0267E+00, 2.2333E+00, 1.3333E-01,
16:38:52.08189449, 1.0000E+00, 2.2333E+00, 2.6667E-01,
16:38:52.08189454, 1.0000E+00, 2.2333E+00, 1.3333E-01,
16:38:52.08189459, 1.0267E+00, 2.2333E+00, 0.0000E+00,
16:38:52.08189464, 1.0133E+00, 2.2667E+00,-1.3333E-01,
16:38:52.08189469, 1.0133E+00, 2.2333E+00, 0.0000E+00,
16:38:52.08189474, 1.0133E+00, 2.2667E+00, 1.3333E-01,
16:38:52.08189479, 9.8667E-01, 2.2333E+00, 4.0000E-01,
16:38:52.08189484, 1.0000E+00, 2.2333E+00, 0.0000E+00,
16:38:52.08189489, 1.0133E+00, 2.3000E+00, 2.6667E-01,
16:38:52.08189494, 1.0400E+00, 2.2333E+00, 0.0000E+00,
16:38:52.08189499, 1.0000E+00, 2.2333E+00, 1.3333E-01,
16:38:52.08189504, 9.8667E-01, 2.2333E+00, 1.3333E-01,
16:38:52.08189509, 1.0133E+00, 2.2000E+00, 1.3333E-01,
16:38:52.08189514, 1.0000E+00, 2.2333E+00, 0.0000E+00,
16:38:52.08189519, 1.0267E+00, 2.3000E+00, 2.6667E-01,
16:38:52.08189524, 1.0400E+00, 2.2333E+00, 2.6667E-01,
16:38:52.08189529, 1.0133E+00, 2.2333E+00, 1.3333E-01,
16:38:52.08189534, 1.0133E+00, 2.2667E+00,-1.3333E-01,
16:38:52.08189539, 9.8667E-01, 2.2333E+00, 0.0000E+00,
16:38:52.08189544, 1.0133E+00, 2.2667E+00, 4.0000E-01,
16:38:52.08189549, 9.7333E-01, 2.3000E+00, 1.3333E-01,
16:38:52.08189554, 1.0267E+00, 2.3000E+00, 5.3333E-01,
16:38:52.08189559, 1.0000E+00, 2.2333E+00, 1.3333E-01,
16:38:52.08189564, 1.0267E+00, 2.2333E+00, 2.6667E-01,
16:38:52.08189569, 1.0133E+00, 2.2667E+00, 2.6667E-01,
16:38:52.08189574, 1.0000E+00, 2.2667E+00, 0.0000E+00,
16:38:52.08189579, 1.0133E+00, 2.2333E+00, 1.3333E-01,
16:38:52.08189584, 9.8667E-01, 2.2667E+00, 2.6667E-01,
16:38:52.08189589, 1.0000E+00, 2.2333E+00, 2.6667E-01,
16:38:52.08189594, 9.7333E-01, 2.2333E+00,-2.6667E-01,
16:38:52.08189599, 9.8667E-01, 2.3000E+00, 0.0000E+00,
16:38:52.08189604, 9.8667E-01, 2.2333E+00, 0.0000E+00,
16:38:52.08189609, 1.0133E+00, 2.2333E+00,-1.3333E-01,
16:38:52.08189614, 9.8667E-01, 2.2000E+00, 2.6667E-01,
16:38:52.08189619, 1.0000E+00, 2.2667E+00, 4.0000E-01,
16:38:52.08189624, 1.0133E+00, 2.2333E+00, 2.6667E-01,
16:38:52.08189629, 1.0133E+00, 2.2333E+00, 2.6667E-01,
16:38:52.08189634, 1.0133E+00, 2.3000E+00, 2.6667E-01,
16:38:52.08189639, 1.0000E+00, 2.2333E+00, 0.0000E+00,
16:38:52.08189644, 1.0000E+00, 2.3000E+00,-1.3333E-01,
16:38:52.08189649, 9.6000E-01, 2.2667E+00, 1.3333E-01,
16:38:52.08189654, 1.0133E+00, 2.2000E+00, 0.0000E+00,
16:38:52.08189659, 1.0000E+00, 2.2667E+00, 2.6667E-01,
16:38:52.08189664, 1.0000E+00, 2.2333E+00, 1.3333E-01,
16:38:52.08189669, 1.0267E+00, 2.2333E+00, 1.3333E-01,
16:38:52.08189674, 9.7333E-01, 2.2667E+00, 0.0000E+00,
16:38:52.08189679, 1.0000E+00, 2.3000E+00, 0.0000E+00,
16:38:52.08189684, 1.0133E+00, 2.2667E+00, 2.6667E-01,
16:38:52.08189689, 1.0000E+00, 2.2333E+00,-1.3333E-01,
16:38:52.08189694, 1.0000E+00, 2.2333E+00, 1.3333E-01,
16:38:52.08189699, 1.0133E+00, 2.2333E+00, 1.3333E-01,
16:38:52.08189704, 1.0400E+00, 2.2333E+00, 0.0000E+00,
16:38:52.08189709, 1.0133E+00, 2.2333E+00, 2.6667E-01,
16:38:52.08189714, 1.0400E+00, 2.2333E+00, 0.0000E+00,
16:38:52.08189719, 1.0267E+00, 2.2333E+00, 1.3333E-01,
16:38:52.08189724, 1.0400E+00, 2.2000E+00, 2.6667E-01,
16:38:52.08189729, 1.0133E+00, 2.2333E+00, 1.3333E-01,
16:38:52.08189734, 9.7333E-01, 2.2667E+00, 2.6667E-01,
16:38:52.08189739, 9.7333E-01, 2.2000E+00,-2.6667E-01,
16:38:52.08189744, 9.7333E-01, 2.2333E+00, 0.0000E+00,
16:38:52.08189749, 1.0000E+00, 2.2333E+00, 0.0000E+00,
16:38:52.08189754, 9.8667E-01, 2.2667E+00, 1.3333E-01,
16:38:52.08189759, 1.0133E+00, 2.2333E+00, 1.3333E-01,
16:38:52.08189764, 1.0267E+00, 2.2333E+00, 1.3333E-01,
16:38:52.08189769, 1.0267E+00, 2.2333E+00,-2.6667E-01,
16:38:52.08189774, 1.0267E+00, 2.2333E+00,-1.3333E-01,
16:38:52.08189779, 9.7333E-01, 2.2667E+00,-1.3333E-01,
16:38:52.08189784, 1.0267E+00, 2.2667E+00, 4.0000E-01,
16:38:52.08189789, 1.0133E+00, 2.2333E+00, 4.0000E-01,
16:38:52.08189794, 1.0133E+00, 2.3000E+00, 1.3333E-01,
16:38:52.08189799, 1.0133E+00, 2.2000E+00, 0.0000E+00,
16:38:52.08189804, 9.8667E-01, 2.1667E+00, 0.0000E+00,
16:38:52.08189809, 1.0267E+00, 2.2333E+00, 1.3333E-01,
16:38:52.08189814, 1.0133E+00, 2.2333E+00, 4.0000E-01,
16:38:52.08189819, 9.7333E-01, 2.2333E+00, 2.6667E-01,
16:38:52.08189824, 1.0000E+00, 2.2000E+00, 0.0000E+00,
16:38:52.08189829, 1.0133E+00, 2.2667E+00, 6.6667E-01,
16:38:52.08189834, 1.0000E+00, 2.2000E+00, 2.6667E-01,
16:38:52.08189839, 1.0000E+00, 2.2667E+00, 2.6667E-01,
16:38:52.08189844, 1.0000E+00, 2.2333E+00,-1.3333E-01,
16:38:52.08189849, 9.8667E-01, 2.2667E+00, 1.3333E-01,
16:38:52.08189854, 1.0000E+00, 2.2333E+00, 0.0000E+00,
16:38:52.08189859, 1.0000E+00, 2.1333E+00, 1.3333E-01,
16:38:52.08189864, 1.0000E+00, 2.3000E+00, 0.0000E+00,
16:38:52.08189869, 9.7333E-01, 2.3333E+00, 0.0000E+00,
16:38:52.08189874, 1.0267E+00, 2.3333E+00, 5.3333E-01,
16:38:52.08189879, 1.0000E+00, 2.2667E+00, 1.3333E-01,
16:38:52.08189884, 1.0133E+00, 2.3000E+00, 2.6667E-01,
16:38:52.08189889, 9.7333E-01, 2.2333E+00, 0.0000E+00,
16:38:52.08189894, 9.8667E-01, 2.2667E+00,-1.3333E-01,
16:38:52.08189899, 1.0000E+00, 2.2333E+00, 0.0000E+00,
16:38:52.08189904, 9.7333E-01, 2.2667E+00, 1.3333E-01,
16:38:52.08189909, 1.0133E+00, 2.2333E+00,-1.3333E-01,
16:38:52.08189914, 9.8667E-01, 2.2333E+00, 0.0000E+00,
16:38:52.08189919, 1.0000E+00, 2.2667E+00, 1.3333E-01,
16:38:52.08189924, 9.8667E-01, 2.2667E+00, 2.6667E-01,
16:38:52.08189929, 9.8667E-01, 2.2667E+00, 0.0000E+00,
16:38:52.08189934, 1.0000E+00, 2.2333E+00, 4.0000E-01,
16:38:52.08189939, 1.0133E+00, 2.2333E+00,-2.6667E-01,
16:38:52.08189944, 1.0133E+00, 2.2333E+00,-2.6667E-01,
16:38:52.08189949, 1.0133E+00, 2.2333E+00,-1.3333E-01,
16:38:52.08189954, 1.0267E+00, 2.2333E+00, 2.6667E-01,
16:38:52.08189959, 1.0133E+00, 2.2333E+00, 4.0000E-01,
16:38:52.08189964, 9.8667E-01, 2.2000E+00, 0.0000E+00,
16:38:52.08189969, 1.0133E+00, 2.2333E+00, 0.0000E+00,
16:38:52.08189974, 9.8667E-01, 2.2333E+00, 2.6667E-01,
16:38:52.08189979, 9.8667E-01, 2.2667E+00, 1.3333E-01,
16:38:52.08189984, 9.8667E-01, 2.2000E+00, 2.6667E-01,
16:38:52.08189989, 1.0133E+00, 2.2333E+00, 0.0000E+00,
16:38:52.08189994, 1.0133E+00, 2.2667E+00,-1.3333E-01,
16:38:52.08189999, 1.0000E+00, 2.2667E+00, 0.0000E+00,
16:38:52.08190004, 1.0400E+00, 2.2000E+00, 1.3333E-01,
16:38:52.08190009, 1.0000E+00, 2.2333E+00, 2.6667E-01,
16:38:52.08190014, 9.8667E-01, 2.2667E+00, 4.0000E-01,
16:38:52.08190019, 9.8667E-01, 2.2000E+00, 2.6667E-01,
16:38:52.08190024, 9.7333E-01, 2.2333E+00, 0.0000E+00,
16:38:52.08190029, 1.0133E+00, 2.3000E+00, 1.3333E-01,
16:38:52.08190034, 9.8667E-01, 2.2333E+00, 1.3333E-01,
16:38:52.08190039, 9.8667E-01, 2.2333E+00, 0.0000E+00,
16:38:52.08190044, 1.0000E+00, 2.2333E+00,-4.0000E-01,
16:38:52.08190049, 1.0267E+00, 2.2333E+00,-1.3333E-01,
16:38:52.08190054, 1.0400E+00, 2.2333E+00, 2.6667E-01,
16:38:52.08190059, 1.0133E+00, 2.2667E+00, 4.0000E-01,
16:38:52.08190064, 1.0000E+00, 2.3000E+00,-1.3333E-01,
16:38:52.08190069, 1.0000E+00, 2.2333E+00, 4.0000E-01,
16:38:52.08190074, 1.0133E+00, 2.2667E+00, 2.6667E-01,
16:38:52.08190079, 9.8667E-01, 2.2333E+00,-1.3333E-01,
16:38:52.08190084, 1.0133E+00, 2.3000E+00, 1.3333E-01,
16:38:52.08190089, 1.0133E+00, 2.2000E+00, 1.3333E-01,
16:38:52.08190094, 1.0133E+00, 2.2333E+00,-1.3333E-01,
16:38:52.08190099, 9.7333E-01, 2.2333E+00, 0.0000E+00,
16:38:52.08190104, 1.0133E+00, 2.2667E+00, 2.6667E-01,
16:38:52.08190109, 1.0267E+00, 2.2333E+00, 0.0000E+00,
16:38:52.08190114, 1.0000E+00, 2.2000E+00, 2.6667E-01,
16:38:52.08190119, 9.8667E-01, 2.2333E+00, 5.3333E-01,
16:38:52.08190124, 9.7333E-01, 2.2667E+00,-2.6667E-01,
16:38:52.08190129, 1.0000E+00, 2.2667E+00, 6.6667E-01,
16:38:52.08190134, 1.0000E+00, 2.2333E+00, 0.0000E+00,
16:38:52.08190139, 1.0267E+00, 2.2667E+00, 1.3333E-01,
16:38:52.08190144, 1.0267E+00, 2.2667E+00, 0.0000E+00,
16:38:52.08190149, 1.0133E+00, 2.2333E+00,-1.3333E-01,
16:38:52.08190154, 1.0400E+00, 2.2333E+00,-1.3333E-01,
16:38:52.08190159, 1.0133E+00, 2.2667E+00, 1.3333E-01,
16:38:52.08190164, 9.8667E-01, 2.2667E+00, 0.0000E+00,
16:38:52.08190169, 9.8667E-01, 2.2333E+00, 5.3333E-01,
16:38:52.08190174, 9.8667E-01, 2.2333E+00, 2.6667E-01,
16:38:52.08190179, 9.6000E-01, 2.2667E+00,-1.3333E-01,
16:38:52.08190184, 1.0133E+00, 2.2333E+00,-2.6667E-01,
16:38:52.08190189, 9.8667E-01, 2.2333E+00,-1.3333E-01,
16:38:52.08190194, 1.0133E+00, 2.2333E+00, 0.0000E+00,
16:38:52.08190199, 1.0267E+00, 2.2333E+00, 2.6667E-01,
16:38:52.08190204, 1.0000E+00, 2.2333E+00, 1.3333E-01,
16:38:52.08190209, 1.0000E+00, 2.2667E+00, 0.0000E+00,
16:38:52.08190214, 1.0000E+00, 2.2333E+00, 2.6667E-01,
16:38:52.08190219, 1.0000E+00, 2.1667E+00, 0.0000E+00,
16:38:52.08190224, 9.8667E-01, 2.2333E+00, 2.6667E-01,
16:38:52.08190229, 1.0000E+00, 2.2333E+00, 0.0000E+00,
16:38:52.08190234, 1.0000E+00, 2.2333E+00, 1.3333E-01,
16:38:52.08190239, 1.0133E+00, 2.2333E+00, 1.3333E-01,
16:38:52.08190244, 1.0000E+00, 2.2333E+00, 1.3333E-01,
16:38:52.08190249, 1.0000E+00, 2.3000E+00,-1.3333E-01,
16:38:52.08190254, 1.0000E+00, 2.2333E+00,-1.3333E-01,
16:38:52.08190259, 9.8667E-01, 2.2667E+00, 2.6667E-01,
16:38:52.08190264, 1.0133E+00, 2.2333E+00, 4.0000E-01,
16:38:52.08190269, 9.8667E-01, 2.2333E+00, 2.6667E-01,
16:38:52.08190274, 1.0000E+00, 2.2667E+00, 4.0000E-01,
16:38:52.08190279, 1.0000E+00, 2.2333E+00, 0.0000E+00,
16:38:52.08190284, 1.0000E+00, 2.2667E+00,-2.6667E-01,
16:38:52.08190289, 1.0000E+00, 2.2333E+00,-2.6667E-01,
16:38:52.08190294, 1.0133E+00, 2.2667E+00, 2.6667E-01,
16:38:52.08190299, 1.0133E+00, 2.2667E+00, 1.3333E-01,
16:38:52.08190304, 1.0133E+00, 2.1667E+00, 2.6667E-01,
16:38:52.08190309, 9.8667E-01, 2.2333E+00, 0.0000E+00,
16:38:52.08190314, 9.8667E-01, 2.3333E+00, 0.0000E+00,
16:38:52.08190319, 1.0267E+00, 2.2333E+00, 0.0000E+00,
16:38:52.08190324, 9.8667E-01, 2.2333E+00, 1.3333E-01,
16:38:52.08190329, 9.8667E-01, 2.2333E+00, 0.0000E+00,
16:38:52.08190334, 1.0533E+00, 2.2667E+00, 1.3333E-01,
16:38:52.08190339, 1.0133E+00, 2.2667E+00, 0.0000E+00,
16:38:52.08190344, 1.0267E+00, 2.2000E+00, 0.0000E+00,
16:38:52.08190349, 9.8667E-01, 2.2333E+00, 0.0000E+00,
16:38:52.08190354, 1.0133E+00, 2.2667E+00, 2.6667E-01,
16:38:52.08190359, 1.0000E+00, 2.2000E+00, 2.6667E-01,
16:38:52.08190364, 1.0000E+00, 2.2333E+00, 4.0000E-01,
16:38:52.08190369, 1.0133E+00, 2.2333E+00, 1.3333E-01,
16:38:52.08190374, 1.0000E+00, 2.2333E+00, 2.6667E-01,
16:38:52.08190379, 9.8667E-01, 2.2333E+00, 0.0000E+00,
16:38:52.08190384, 1.0267E+00, 2.2333E+00, 1.3333E-01,
16:38:52.08190389, 1.0267E+00, 2.2667E+00,-1.3333E-01,
16:38:52.08190394, 1.0000E+00, 2.2000E+00,-1.3333E-01,
16:38:52.08190399, 1.0133E+00, 2.2000E+00, 2.6667E-01,
16:38:52.08190404, 1.0133E+00, 2.2000E+00, 0.0000E+00,
16:38:52.08190409, 1.0000E+00, 2.2333E+00,-2.6667E-01,
16:38:52.08190414, 1.0400E+00, 2.2333E+00, 2.6667E-01,
16:38:52.08190419, 1.0533E+00, 2.2333E+00, 1.3333E-01,
16:38:52.08190424, 9.7333E-01, 2.2333E+00, 1.3333E-01,
16:38:52.08190429, 1.0267E+00, 2.3000E+00, 0.0000E+00,
16:38:52.08190434, 1.0267E+00, 2.2667E+00, 0.0000E+00,
16:38:52.08190439, 1.0400E+00, 2.2333E+00,-1.3333E-01,
16:38:52.08190444, 1.0133E+00, 2.2333E+00, 2.6667E-01,
16:38:52.08190449, 9.8667E-01, 2.2000E+00, 4.0000E-01,
16:38:52.08190454, 9.7333E-01, 2.2333E+00, 6.6667E-01,
16:38:52.08190459, 9.6000E-01, 2.2000E+00, 1.3333E-01,
16:38:52.08190464, 1.0267E+00, 2.2333E+00,-1.3333E-01,
16:38:52.08190469, 1.0000E+00, 2.2667E+00, 1.3333E-01,
16:38:52.08190474, 1.0133E+00, 2.2000E+00, 1.3333E-01,
16:38:52.08190479, 1.0133E+00, 2.2000E+00, 1.3333E-01,
16:38:52.08190484, 1.0267E+00, 2.2000E+00, 0.0000E+00,
16:38:52.08190489, 1.0000E+00, 2.2333E+00, 2.6667E-01,
16:38:52.08190494, 1.0400E+00, 2.2667E+00, 1.3333E-01,
16:38:52.08190499, 9.8667E-01, 2.2333E+00, 4.0000E-01,
16:38:52.08190504, 9.8667E-01, 2.2333E+00, 2.6667E-01,
16:38:52.08190509, 9.7333E-01, 2.2333E+00, 5.3333E-01,
16:38:52.08190514, 9.8667E-01, 2.2667E+00,-1.3333E-01,
16:38:52.08190519, 1.0000E+00, 2.3000E+00, 2.6667E-01,
16:38:52.08190524, 9.8667E-01, 2.2333E+00, 2.6667E-01,
16:38:52.08190529, 1.0267E+00, 2.2333E+00, 1.3333E-01,
16:38:52.08190534, 1.0267E+00, 2.2333E+00, 0.0000E+00,
16:38:52.08190539, 1.0133E+00, 2.2667E+00, 2.6667E-01,
16:38:52.08190544, 1.0267E+00, 2.2667E+00, 1.3333E-01,
16:38:52.08190549, 9.8667E-01, 2.2333E+00, 4.0000E-01,
16:38:52.08190554, 9.7333E-01, 2.2333E+00,-1.3333E-01,
16:38:52.08190559, 1.0000E+00, 2.3000E+00, 1.3333E-01,
16:38:52.08190564, 1.0000E+00, 2.2333E+00, 2.6667E-01,
16:38:52.08190569, 9.7333E-01, 2.2333E+00, 4.0000E-01,
16:38:52.08190574, 1.0400E+00, 2.2333E+00, 0.0000E+00,
16:38:52.08190579, 1.0000E+00, 2.2333E+00,-1.3333E-01,
16:38:52.08190584, 1.0133E+00, 2.2333E+00, 0.0000E+00,
16:38:52.08190589, 1.0133E+00, 2.2000E+00, 1.3333E-01,
16:38:52.08190594, 1.0133E+00, 2.2000E+00, 4.0000E-01,
16:38:52.08190599, 1.0000E+00, 2.3000E+00, 2.6667E-01,
16:38:52.08190604, 9.8667E-01, 2.2333E+00, 4.0000E-01,
16:38:52.08190609, 9.7333E-01, 2.2333E+00, 1.3333E-01,
16:38:52.08190614, 9.8667E-01, 2.2667E+00, 1.3333E-01,
16:38:52.08190619, 1.0000E+00, 2.2333E+00, 2.6667E-01,
16:38:52.08190624, 1.0133E+00, 2.2333E+00,-1.3333E-01,
16:38:52.08190629, 1.0133E+00, 2.2333E+00, 2.6667E-01,
16:38:52.08190634, 1.0267E+00, 2.2333E+00, 1.3333E-01,
16:38:52.08190639, 1.0267E+00, 2.2000E+00,-1.3333E-01,
16:38:52.08190644, 1.0000E+00, 2.2333E+00, 4.0000E-01,
16:38:52.08190649, 9.8667E-01, 2.2667E+00,-1.3333E-01,
16:38:52.08190654, 9.7333E-01, 2.2333E+00, 1.3333E-01,
16:38:52.08190659, 1.0133E+00, 2.2333E+00, 4.0000E-01,
16:38:52.08190664, 1.0000E+00, 2.2333E+00, 4.0000E-01,
16:38:52.08190669, 1.0133E+00, 2.2333E+00, 2.6667E-01,
16:38:52.08190674, 1.0400E+00, 2.2333E+00, 0.0000E+00,
16:38:52.08190679, 1.0000E+00, 2.2333E+00, 1.3333E-01,
16:38:52.08190684, 1.0133E+00, 2.2667E+00, 0.0000E+00,
16:38:52.08190689, 1.0000E+00, 2.3000E+00, 0.0000E+00,
16:38:52.08190694, 9.8667E-01, 2.2333E+00, 2.6667E-01,
16:38:52.08190699, 9.8667E-01, 2.2333E+00, 1.3333E-01,
16:38:52.08190704, 1.0000E+00, 2.2667E+00, 0.0000E+00,
16:38:52.08190709, 1.0133E+00, 2.2333E+00, 2.6667E-01,
16:38:52.08190714, 1.0000E+00, 2.2333E+00, 2.6667E-01,
16:38:52.08190719, 9.8667E-01, 2.2333E+00, 0.0000E+00,
16:38:52.08190724, 1.0267E+00, 2.2000E+00, 0.0000E+00,
16:38:52.08190729, 1.0267E+00, 2.3000E+00, 2.6667E-01,
16:38:52.08190734, 1.0133E+00, 2.2333E+00, 1.3333E-01,
16:38:52.08190739, 1.0133E+00, 2.2667E+00, 1.3333E-01,
16:38:52.08190744, 9.7333E-01, 2.2333E+00, 2.6667E-01,
16:38:52.08190749, 1.0000E+00, 2.2333E+00, 2.6667E-01,
16:38:52.08190754, 9.6000E-01, 2.2667E+00, 2.6667E-01,
16:38:52.08190759, 1.0267E+00, 2.2667E+00, 2.6667E-01,
16:38:52.08190764, 1.0267E+00, 2.2667E+00,-1.3333E-01,
16:38:52.08190769, 1.0133E+00, 2.2667E+00,-2.6667E-01,
16:38:52.08190774, 1.0267E+00, 2.2333E+00, 1.3333E-01,
16:38:52.08190779, 1.0000E+00, 2.2667E+00, 4.0000E-01,
16:38:52.08190784, 9.8667E-01, 2.2333E+00, 1.3333E-01,
16:38:52.08190789, 9.7333E-01, 2.2667E+00, 2.6667E-01,
16:38:52.08190794, 9.8667E-01, 2.2000E+00, 2.6667E-01,
16:38:52.08190799, 1.0000E+00, 2.2333E+00, 2.6667E-01,
16:38:52.08190804, 1.0133E+00, 2.2333E+00, 1.3333E-01,
16:38:52.08190809, 1.0267E+00, 2.2667E+00, 0.0000E+00,
16:38:52.08190814, 9.8667E-01, 2.2333E+00, 0.0000E+00,
16:38:52.08190819, 1.0533E+00, 2.2333E+00, 0.0000E+00,
16:38:52.08190824, 1.0400E+00, 2.2333E+00, 1.3333E-01,
16:38:52.08190829, 1.0133E+00, 2.2333E+00, 1.3333E-01,
16:38:52.08190834, 1.0267E+00, 2.2333E+00, 2.6667E-01,
16:38:52.08190839, 1.0133E+00, 2.2333E+00, 0.0000E+00,
16:38:52.08190844, 9.8667E-01, 2.2667E+00, 2.6667E-01,
16:38:52.08190849, 9.7333E-01, 2.2000E+00, 2.6667E-01,
16:38:52.08190854, 1.0133E+00, 2.2333E+00, 1.3333E-01,
16:38:52.08190859, 9.8667E-01, 2.2333E+00, 0.0000E+00,
16:38:52.08190864, 1.0267E+00, 2.2000E+00,-1.3333E-01,
16:38:52.08190869, 1.0400E+00, 2.2667E+00, 2.6667E-01,
16:38:52.08190874, 1.0133E+00, 2.2000E+00, 1.3333E-01,
16:38:52.08190879, 1.0267E+00, 2.3000E+00,-2.6667E-01,
16:38:52.08190884, 9.8667E-01, 2.3000E+00, 1.3333E-01,
16:38:52.08190889, 9.8667E-01, 2.3333E+00, 6.6667E-01,
16:38:52.08190894, 1.0000E+00, 2.2333E+00, 2.6667E-01,
16:38:52.08190899, 1.0133E+00, 2.2667E+00, 1.3333E-01,
16:38:52.08190904, 1.0000E+00, 2.2333E+00, 1.3333E-01,
16:38:52.08190909, 1.0267E+00, 2.2333E+00,-1.3333E-01,
16:38:52.08190914, 1.0267E+00, 2.3000E+00, 4.0000E-01,
16:38:52.08190919, 1.0133E+00, 2.2667E+00, 2.6667E-01,
16:38:52.08190924, 1.0133E+00, 2.2667E+00, 1.3333E-01,
16:38:52.08190929, 1.0267E+00, 2.2333E+00, 2.6667E-01,
16:38:52.08190934, 1.0133E+00, 2.2000E+00, 2.6667E-01,
16:38:52.08190939, 9.7333E-01, 2.2667E+00, 4.0000E-01,
16:38:52.08190944, 1.0267E+00, 2.2667E+00, 2.6667E-01,
16:38:52.08190949, 9.7333E-01, 2.2667E+00, 1.3333E-01,
16:38:52.08190954, 9.8667E-01, 2.2667E+00, 6.6667E-01,
16:38:52.08190959, 1.0400E+00, 2.2667E+00, 4.0000E-01,
16:38:52.08190964, 1.0000E+00, 2.2333E+00, 0.0000E+00,
16:38:52.08190969, 1.0133E+00, 2.2333E+00, 0.0000E+00,
16:38:52.08190974, 1.0133E+00, 2.2333E+00, 1.3333E-01,
16:38:52.08190979, 9.8667E-01, 2.2333E+00, 2.6667E-01,
16:38:52.08190984, 9.7333E-01, 2.2667E+00, 2.6667E-01,
16:38:52.08190989, 1.0133E+00, 2.3333E+00,-2.6667E-01,
16:38:52.08190994, 1.0133E+00, 2.2333E+00, 0.0000E+00,
16:38:52.08190999, 1.0133E+00, 2.2333E+00, 2.6667E-01,
16:38:52.08191004, 1.0000E+00, 2.2333E+00, 1.3333E-01,
16:38:52.08191009, 1.0133E+00, 2.2333E+00, 0.0000E+00,
16:38:52.08191014, 1.0133E+00, 2.2333E+00, 1.3333E-01,
16:38:52.08191019, 1.0133E+00, 2.2667E+00, 2.6667E-01,
16:38:52.08191024, 9.8667E-01, 2.2333E+00, 4.0000E-01,
16:38:52.08191029, 9.8667E-01, 2.2333E+00, 1.3333E-01,
16:38:52.08191034, 1.0133E+00, 2.3000E+00, 0.0000E+00,
16:38:52.08191039, 9.7333E-01, 2.2667E+00, 2.6667E-01,
16:38:52.08191044, 1.0000E+00, 2.2333E+00, 5.3333E-01,
16:38:52.08191049, 9.8667E-01, 2.2333E+00, 0.0000E+00,
16:38:52.08191054, 1.0267E+00, 2.2333E+00, 1.3333E-01,
16:38:52.08191059, 1.0133E+00, 2.2333E+00,-2.6667E-01,
16:38:52.08191064, 1.0000E+00, 2.3000E+00,-2.6667E-01,
16:38:52.08191069, 1.0533E+00, 2.2333E+00, 1.3333E-01,
16:38:52.08191074, 1.0133E+00, 2.2000E+00, 4.0000E-01,
16:38:52.08191079, 1.0400E+00, 2.2333E+00, 2.6667E-01,
16:38:52.08191084, 9.7333E-01, 2.2000E+00, 2.6667E-01,
16:38:52.08191089, 9.8667E-01, 2.2000E+00, 1.3333E-01,
16:38:52.08191094, 1.0000E+00, 2.3000E+00, 1.3333E-01,
16:38:52.08191099, 1.0133E+00, 2.2333E+00, 0.0000E+00,
16:38:52.08191104, 1.0133E+00, 2.2667E+00, 0.0000E+00,
16:38:52.08191109, 1.0000E+00, 2.2000E+00,-1.3333E-01,
16:38:52.08191114, 1.0267E+00, 2.2333E+00,-1.3333E-01,
16:38:52.08191119, 1.0000E+00, 2.2667E+00, 1.3333E-01,
16:38:52.08191124, 1.0133E+00, 2.2667E+00, 1.3333E-01,
16:38:52.08191129, 9.8667E-01, 2.2333E+00, 1.3333E-01,
16:38:52.08191134, 9.8667E-01, 2.2667E+00,-4.0000E-01,
16:38:52.08191139, 9.8667E-01, 2.2000E+00, 0.0000E+00,
16:38:52.08191144, 1.0133E+00, 2.2333E+00, 2.6667E-01,
16:38:52.08191149, 9.7333E-01, 2.2667E+00, 1.3333E-01,
16:38:52.08191154, 1.0133E+00, 2.2333E+00, 0.0000E+00,
16:38:52.08191159, 1.0133E+00, 2.2667E+00,-1.3333E-01,
16:38:52.08191164, 9.8667E-01, 2.2333E+00,-1.3333E-01,
16:38:52.08191169, 1.0267E+00, 2.2667E+00, 1.3333E-01,
16:38:52.08191174, 9.8667E-01, 2.2333E+00, 2.6667E-01,
16:38:52.08191179, 1.0133E+00, 2.2000E+00, 0.0000E+00,
16:38:52.08191184, 1.0000E+00, 2.2333E+00, 0.0000E+00,
16:38:52.08191189, 1.0133E+00, 2.2667E+00, 2.6667E-01,
16:38:52.08191194, 9.8667E-01, 2.2333E+00, 0.0000E+00,
16:38:52.08191199, 1.0133E+00, 2.2333E+00, 1.3333E-01,
16:38:52.08191204, 1.0400E+00, 2.2333E+00, 1.3333E-01,
16:38:52.08191209, 1.0000E+00, 2.2667E+00, 0.0000E+00,
16:38:52.08191214, 1.0133E+00, 2.2333E+00, 0.0000E+00,
16:38:52.08191219, 1.0000E+00, 2.2333E+00, 0.0000E+00,
16:38:52.08191224, 1.0000E+00, 2.2333E+00, 4.0000E-01,
16:38:52.08191229, 1.0000E+00, 2.2333E+00, 4.0000E-01,
16:38:52.08191234, 9.8667E-01, 2.3000E+00,-1.3333E-01,
16:38:52.08191239, 1.0133E+00, 2.3000E+00,-1.3333E-01,
16:38:52.08191244, 1.0000E+00, 2.2333E+00, 0.0000E+00,
16:38:52.08191249, 1.0000E+00, 2.3000E+00, 2.6667E-01,
16:38:52.08191254, 1.0000E+00, 2.2000E+00, 0.0000E+00,
16:38:52.08191259, 1.0000E+00, 2.1667E+00, 4.0000E-01,
16:38:52.08191264, 1.0000E+00, 2.2667E+00, 2.6667E-01,
16:38:52.08191269, 9.6000E-01, 2.2333E+00, 2.6667E-01,
16:38:52.08191274, 9.8667E-01, 2.3000E+00, 2.6667E-01,
16:38:52.08191279, 9.8667E-01, 2.2333E+00,-1.3333E-01,
16:38:52.08191284, 1.0267E+00, 2.2333E+00, 2.6667E-01,
16:38:52.08191289, 1.0133E+00, 2.2333E+00, 0.0000E+00,
16:38:52.08191294, 1.0133E+00, 2.2333E+00, 1.3333E-01,
16:38:52.08191299, 1.0133E+00, 2.2667E+00, 0.0000E+00,
16:38:52.08191304, 1.0000E+00, 2.2333E+00, 1.3333E-01,
16:38:52.08191309, 9.8667E-01, 2.2333E+00, 1.3333E-01,
16:38:52.08191314, 1.0133E+00, 2.2333E+00, 4.0000E-01,
16:38:52.08191319, 9.7333E-01, 2.2667E+00, 2.6667E-01,
16:38:52.08191324, 1.0000E+00, 2.2667E+00, 1.3333E-01,
16:38:52.08191329, 9.7333E-01, 2.2333E+00, 1.3333E-01,
16:38:52.08191334, 9.8667E-01, 2.2333E+00, 0.0000E+00,
16:38:52.08191339, 1.0133E+00, 2.2333E+00, 5.3333E-01,
16:38:52.08191344, 1.0000E+00, 2.2667E+00,-2.6667E-01,
16:38:52.08191349, 1.0400E+00, 2.2667E+00, 2.6667E-01,
16:38:52.08191354, 1.0133E+00, 2.2333E+00, 0.0000E+00,
16:38:52.08191359, 9.7333E-01, 2.2000E+00, 1.3333E-01,
16:38:52.08191364, 1.0133E+00, 2.2333E+00, 1.3333E-01,
16:38:52.08191369, 9.7333E-01, 2.2667E+00,-1.3333E-01,
16:38:52.08191374, 1.0133E+00, 2.2333E+00, 4.0000E-01,
16:38:52.08191379, 1.0400E+00, 2.2333E+00, 1.3333E-01,
16:38:52.08191384, 9.8667E-01, 2.2667E+00, 2.6667E-01,
16:38:52.08191389, 1.0133E+00, 2.2333E+00, 1.3333E-01,
16:38:52.08191394, 1.0133E+00, 2.2333E+00, 0.0000E+00,
16:38:52.08191399, 1.0133E+00, 2.2667E+00, 2.6667E-01,
16:38:52.08191404, 9.8667E-01, 2.2333E+00,-1.3333E-01,
16:38:52.08191409, 1.0000E+00, 2.2667E+00, 0.0000E+00,
16:38:52.08191414, 9.7333E-01, 2.2333E+00, 0.0000E+00,
16:38:52.08191419, 1.0133E+00, 2.2333E+00, 1.3333E-01,
16:38:52.08191424, 9.7333E-01, 2.2333E+00, 2.6667E-01,
16:38:52.08191429, 1.0000E+00, 2.2333E+00, 4.0000E-01,
16:38:52.08191434, 1.0133E+00, 2.2333E+00, 0.0000E+00,
16:38:52.08191439, 1.0267E+00, 2.2333E+00, 1.3333E-01,
16:38:52.08191444, 1.0400E+00, 2.2333E+00, 0.0000E+00,
16:38:52.08191449, 1.0267E+00, 2.2333E+00, 5.3333E-01,
16:38:52.08191454, 1.0133E+00, 2.2000E+00, 0.0000E+00,
16:38:52.08191459, 9.8667E-01, 2.2667E+00,-2.6667E-01,
16:38:52.08191464, 9.8667E-01, 2.2000E+00, 2.6667E-01,
16:38:52.08191469, 1.0133E+00, 2.2333E+00, 2.6667E-01,
16:38:52.08191474, 9.8667E-01, 2.2667E+00, 2.6667E-01,
16:38:52.08191479, 1.0133E+00, 2.2333E+00, 2.6667E-01,
16:38:52.08191484, 1.0000E+00, 2.2333E+00, 6.6667E-01,
16:38:52.08191489, 1.0133E+00, 2.2333E+00,-1.3333E-01,
16:38:52.08191494, 1.0133E+00, 2.2333E+00, 1.3333E-01,
16:38:52.08191499, 9.8667E-01, 2.2667E+00, 2.6667E-01,
16:38:52.08191504, 9.8667E-01, 2.1667E+00,-1.3333E-01,
16:38:52.08191509, 1.0133E+00, 2.3000E+00, 1.3333E-01,
16:38:52.08191514, 1.0000E+00, 2.2667E+00,-1.3333E-01,
16:38:52.08191519, 9.7333E-01, 2.3000E+00, 2.6667E-01,
16:38:52.08191524, 1.0267E+00, 2.2333E+00, 0.0000E+00,
16:38:52.08191529, 1.0000E+00, 2.2333E+00, 1.3333E-01,
16:38:52.08191534, 1.0133E+00, 2.2333E+00, 1.3333E-01,
16:38:52.08191539, 1.0000E+00, 2.2333E+00, 0.0000E+00,
16:38:52.08191544, 1.0000E+00, 2.2667E+00, 2.6667E-01,
16:38:52.08191549, 1.0133E+00, 2.2333E+00, 1.3333E-01,
16:38:52.08191554, 9.8667E-01, 2.2333E+00, 1.3333E-01,
16:38:52.08191559, 9.8667E-01, 2.2333E+00, 1.3333E-01,
16:38:52.08191564, 1.0133E+00, 2.2000E+00, 1.3333E-01,
16:38:52.08191569, 1.0000E+00, 2.2333E+00, 2.6667E-01,
16:38:52.08191574, 1.0000E+00, 2.2333E+00, 2.6667E-01,
16:38:52.08191579, 1.0400E+00, 2.2333E+00, 4.0000E-01,
16:38:52.08191584, 9.8667E-01, 2.3000E+00, 1.3333E-01,
16:38:52.08191589, 1.0133E+00, 2.2667E+00, 1.3333E-01,
16:38:52.08191594, 1.0133E+00, 2.2333E+00, 0.0000E+00,
16:38:52.08191599, 9.6000E-01, 2.2667E+00, 1.3333E-01,
16:38:52.08191604, 9.7333E-01, 2.2333E+00, 2.6667E-01,
16:38:52.08191609, 9.8667E-01, 2.2000E+00,-1.3333E-01,
16:38:52.08191614, 1.0533E+00, 2.3000E+00, 1.3333E-01,
16:38:52.08191619, 1.0400E+00, 2.2333E+00,-1.3333E-01,
16:38:52.08191624, 1.0000E+00, 2.2333E+00, 1.3333E-01,
16:38:52.08191629, 1.0000E+00, 2.3000E+00, 2.6667E-01,
16:38:52.08191634, 1.0000E+00, 2.2000E+00, 0.0000E+00,
16:38:52.08191639, 1.0000E+00, 2.2333E+00, 1.3333E-01,
16:38:52.08191644, 1.0000E+00, 2.1667E+00,-1.3333E-01,
16:38:52.08191649, 1.0400E+00, 2.2333E+00, 2.6667E-01,
16:38:52.08191654, 9.7333E-01, 2.2333E+00, 0.0000E+00,
16:38:52.08191659, 1.0133E+00, 2.2333E+00, 2.6667E-01,
16:38:52.08191664, 9.7333E-01, 2.2000E+00, 2.6667E-01,
16:38:52.08191669, 9.8667E-01, 2.2667E+00, 5.3333E-01,
16:38:52.08191674, 1.0133E+00, 2.2333E+00, 2.6667E-01,
16:38:52.08191679, 1.0000E+00, 2.2333E+00, 5.3333E-01,
16:38:52.08191684, 1.0267E+00, 2.2333E+00, 4.0000E-01,
16:38:52.08191689, 1.0133E+00, 2.2333E+00, 1.3333E-01,
16:38:52.08191694, 1.0133E+00, 2.2333E+00, 2.6667E-01,
16:38:52.08191699, 9.8667E-01, 2.3333E+00, 1.3333E-01,
16:38:52.08191704, 9.8667E-01, 2.2000E+00, 2.6667E-01,
16:38:52.08191709, 9.7333E-01, 2.2333E+00, 1.3333E-01,
16:38:52.08191714, 1.0267E+00, 2.2333E+00, 0.0000E+00,
16:38:52.08191719, 1.0133E+00, 2.2333E+00, 1.3333E-01,
16:38:52.08191724, 1.0000E+00, 2.2333E+00, 2.6667E-01,
16:38:52.08191729, 1.0133E+00, 2.2333E+00, 0.0000E+00,
16:38:52.08191734, 1.0267E+00, 2.2667E+00, 2.6667E-01,
16:38:52.08191739, 1.0133E+00, 2.2333E+00, 2.6667E-01,
16:38:52.08191744, 1.0133E+00, 2.2333E+00,-2.6667E-01,
16:38:52.08191749, 1.0133E+00, 2.2667E+00, 2.6667E-01,
16:38:52.08191754, 1.0000E+00, 2.2333E+00, 0.0000E+00,
16:38:52.08191759, 1.0133E+00, 2.2333E+00, 1.3333E-01,
16:38:52.08191764, 1.0400E+00, 2.3000E+00, 4.0000E-01,
16:38:52.08191769, 1.0000E+00, 2.2333E+00, 2.6667E-01,
16:38:52.08191774, 1.0267E+00, 2.2333E+00, 1.3333E-01,
16:38:52.08191779, 1.0133E+00, 2.2667E+00, 0.0000E+00,
16:38:52.08191784, 1.0133E+00, 2.2667E+00, 1.3333E-01,
16:38:52.08191789, 9.8667E-01, 2.2333E+00, 2.6667E-01,
16:38:52.08191794, 1.0133E+00, 2.2333E+00,-2.6667E-01,
16:38:52.08191799, 9.8667E-01, 2.2333E+00,-1.3333E-01,
16:38:52.08191804, 1.0000E+00, 2.2667E+00, 4.0000E-01,
16:38:52.08191809, 9.7333E-01, 2.2000E+00, 1.3333E-01,
16:38:52.08191814, 9.8667E-01, 2.3000E+00, 0.0000E+00,
16:38:52.08191819, 1.0133E+00, 2.3000E+00,-1.3333E-01,
16:38:52.08191824, 1.0000E+00, 2.2667E+00, 0.0000E+00,
16:38:52.08191829, 1.0000E+00, 2.2667E+00, 1.3333E-01,
16:38:52.08191834, 1.0267E+00, 2.2333E+00,-1.3333E-01,
16:38:52.08191839, 1.0267E+00, 2.3000E+00,-1.3333E-01,
16:38:52.08191844, 1.0000E+00, 2.3000E+00, 1.3333E-01,
16:38:52.08191849, 1.0133E+00, 2.2333E+00, 1.3333E-01,
16:38:52.08191854, 1.0000E+00, 2.2333E+00,-2.6667E-01,
16:38:52.08191859, 1.0000E+00, 2.2667E+00, 4.0000E-01,
16:38:52.08191864, 9.8667E-01, 2.2333E+00, 0.0000E+00,
16:38:52.08191869, 1.0400E+00, 2.2333E+00, 1.3333E-01,
16:38:52.08191874, 1.0267E+00, 2.3000E+00, 1.3333E-01,
16:38:52.08191879, 9.8667E-01, 2.2333E+00, 2.6667E-01,
16:38:52.08191884, 9.7333E-01, 2.2333E+00, 4.0000E-01,
16:38:52.08191889, 1.0000E+00, 2.2000E+00,-2.6667E-01,
16:38:52.08191894, 1.0000E+00, 2.2333E+00, 2.6667E-01,
16:38:52.08191899, 9.8667E-01, 2.2333E+00, 0.0000E+00,
16:38:52.08191904, 9.7333E-01, 2.2333E+00, 0.0000E+00,
16:38:52.08191909, 1.0000E+00, 2.2333E+00, 4.0000E-01,
16:38:52.08191914, 1.0000E+00, 2.2000E+00, 0.0000E+00,
16:38:52.08191919, 1.0000E+00, 2.2333E+00, 1.3333E-01,
16:38:52.08191924, 9.8667E-01, 2.2333E+00,-1.3333E-01,
16:38:52.08191929, 1.0133E+00, 2.2667E+00, 1.3333E-01,
16:38:52.08191934, 1.0133E+00, 2.2333E+00, 0.0000E+00,
16:38:52.08191939, 1.0267E+00, 2.2333E+00, 0.0000E+00,
16:38:52.08191944, 1.0133E+00, 2.2333E+00, 5.3333E-01,
16:38:52.08191949, 1.0133E+00, 2.2667E+00,-1.3333E-01,
16:38:52.08191954, 9.7333E-01, 2.2000E+00, 2.6667E-01,
16:38:52.08191959, 9.8667E-01, 2.2333E+00, 2.6667E-01,
16:38:52.08191964, 9.7333E-01, 2.2000E+00, 2.6667E-01,
16:38:52.08191969, 1.0400E+00, 2.2333E+00, 1.3333E-01,
16:38:52.08191974, 1.0000E+00, 2.2000E+00, 1.3333E-01,
16:38:52.08191979, 1.0000E+00, 2.2333E+00, 4.0000E-01,
16:38:52.08191984, 1.0000E+00, 2.2333E+00, 0.0000E+00,
16:38:52.08191989, 9.8667E-01, 2.2333E+00, 0.0000E+00,
16:38:52.08191994, 9.7333E-01, 2.2667E+00, 1.3333E-01,
16:38:52.08191999, 9.8667E-01, 2.2667E+00, 5.3333E-01,
16:38:52.08192004, 9.8667E-01, 2.2333E+00, 2.6667E-01,
16:38:52.08192009, 1.0400E+00, 2.2333E+00, 1.3333E-01,
16:38:52.08192014, 1.0267E+00, 2.2667E+00, 6.6667E-01,
16:38:52.08192019, 1.0267E+00, 2.2333E+00, 0.0000E+00,
16:38:52.08192024, 9.8667E-01, 2.1667E+00, 0.0000E+00,
16:38:52.08192029, 9.7333E-01, 2.2333E+00, 1.3333E-01,
16:38:52.08192034, 1.0133E+00, 2.2333E+00, 2.6667E-01,
16:38:52.08192039, 9.6000E-01, 2.2667E+00, 1.3333E-01,
16:38:52.08192044, 1.0133E+00, 2.2333E+00, 0.0000E+00,
16:38:52.08192049, 9.7333E-01, 2.2333E+00, 0.0000E+00,
16:38:52.08192054, 1.0000E+00, 2.2000E+00, 1.3333E-01,
16:38:52.08192059, 1.0000E+00, 2.2667E+00, 1.3333E-01,
16:38:52.08192064, 9.7333E-01, 2.2000E+00, 1.3333E-01,
16:38:52.08192069, 9.8667E-01, 2.2333E+00, 1.3333E-01,
16:38:52.08192074, 1.0267E+00, 2.2333E+00,-2.6667E-01,
16:38:52.08192079, 1.0133E+00, 2.2333E+00, 1.3333E-01,
16:38:52.08192084, 9.8667E-01, 2.2667E+00, 1.3333E-01,
16:38:52.08192089, 9.7333E-01, 2.2333E+00, 1.3333E-01,
16:38:52.08192094, 1.0000E+00, 2.2333E+00, 1.3333E-01,
16:38:52.08192099, 9.8667E-01, 2.2667E+00, 1.3333E-01,
16:38:52.08192104, 1.0000E+00, 2.3000E+00, 2.6667E-01,
16:38:52.08192109, 1.0133E+00, 2.2333E+00, 1.3333E-01,
16:38:52.08192114, 1.0133E+00, 2.2667E+00, 2.6667E-01,
16:38:52.08192119, 1.0267E+00, 2.2667E+00, 4.0000E-01,
16:38:52.08192124, 9.8667E-01, 2.3000E+00, 1.3333E-01,
16:38:52.08192129, 9.7333E-01, 2.2333E+00, 0.0000E+00,
16:38:52.08192134, 1.0133E+00, 2.2333E+00, 0.0000E+00,
16:38:52.08192139, 1.0133E+00, 2.2667E+00, 1.3333E-01,
16:38:52.08192144, 1.0133E+00, 2.2667E+00,-2.6667E-01,
16:38:52.08192149, 1.0000E+00, 2.2667E+00, 4.0000E-01,
16:38:52.08192154, 1.0000E+00, 2.2333E+00, 2.6667E-01,
16:38:52.08192159, 9.8667E-01, 2.2667E+00, 1.3333E-01,
16:38:52.08192164, 1.0133E+00, 2.3000E+00, 2.6667E-01,
16:38:52.08192169, 1.0267E+00, 2.2667E+00, 0.0000E+00,
16:38:52.08192174, 1.0267E+00, 2.3000E+00, 1.3333E-01,
16:38:52.08192179, 1.0000E+00, 2.2667E+00,-2.6667E-01,
16:38:52.08192184, 9.8667E-01, 2.3000E+00, 0.0000E+00,
16:38:52.08192189, 1.0133E+00, 2.2333E+00, 0.0000E+00,
16:38:52.08192194, 1.0133E+00, 2.2333E+00, 1.3333E-01,
16:38:52.08192199, 9.8667E-01, 2.2333E+00, 1.3333E-01,
16:38:52.08192204, 1.0533E+00, 2.2000E+00, 1.3333E-01,
16:38:52.08192209, 1.0133E+00, 2.2333E+00, 4.0000E-01,
16:38:52.08192214, 1.0000E+00, 2.3000E+00, 0.0000E+00,
16:38:52.08192219, 9.8667E-01, 2.2333E+00, 2.6667E-01,
16:38:52.08192224, 9.7333E-01, 2.2667E+00, 0.0000E+00,
16:38:52.08192229, 1.0133E+00, 2.2667E+00, 0.0000E+00,
16:38:52.08192234, 1.0000E+00, 2.2667E+00, 1.3333E-01,
16:38:52.08192239, 1.0267E+00, 2.2333E+00, 1.3333E-01,
16:38:52.08192244, 1.0133E+00, 2.2333E+00, 0.0000E+00,
16:38:52.08192249, 9.8667E-01, 2.1667E+00,-1.3333E-01,
16:38:52.08192254, 1.0267E+00, 2.2333E+00, 0.0000E+00,
16:38:52.08192259, 1.0400E+00, 2.2667E+00, 6.6667E-01,
16:38:52.08192264, 9.7333E-01, 2.2333E+00, 1.3333E-01,
16:38:52.08192269, 1.0133E+00, 2.2333E+00, 1.3333E-01,
16:38:52.08192274, 9.8667E-01, 2.3000E+00,-2.6667E-01,
16:38:52.08192279, 1.0133E+00, 2.2333E+00, 0.0000E+00,
16:38:52.08192284, 1.0267E+00, 2.2333E+00,-2.6667E-01,
16:38:52.08192289, 1.0000E+00, 2.2667E+00, 1.3333E-01,
16:38:52.08192294, 1.0000E+00, 2.2333E+00, 2.6667E-01,
16:38:52.08192299, 1.0000E+00, 2.2333E+00, 2.6667E-01,
16:38:52.08192304, 9.8667E-01, 2.2333E+00, 1.3333E-01,
16:38:52.08192309, 1.0133E+00, 2.2667E+00, 2.6667E-01,
16:38:52.08192314, 1.0000E+00, 2.2000E+00, 1.3333E-01,
16:38:52.08192319, 1.0133E+00, 2.2667E+00,-1.3333E-01,
16:38:52.08192324, 1.0000E+00, 2.2667E+00, 1.3333E-01,
16:38:52.08192329, 9.7333E-01, 2.2000E+00,-1.3333E-01,
16:38:52.08192334, 1.0000E+00, 2.2667E+00, 0.0000E+00,
16:38:52.08192339, 1.0133E+00, 2.2333E+00, 5.3333E-01,
16:38:52.08192344, 1.0000E+00, 2.2667E+00, 1.3333E-01,
16:38:52.08192349, 1.0133E+00, 2.2333E+00, 1.3333E-01,
16:38:52.08192354, 1.0000E+00, 2.2333E+00, 2.6667E-01,
16:38:52.08192359, 9.8667E-01, 2.2333E+00, 6.6667E-01,
16:38:52.08192364, 9.8667E-01, 2.2667E+00, 2.6667E-01,
16:38:52.08192369, 9.8667E-01, 2.2333E+00,-1.3333E-01,
16:38:52.08192374, 9.8667E-01, 2.2333E+00, 0.0000E+00,
16:38:52.08192379, 1.0000E+00, 2.2667E+00, 1.3333E-01,
16:38:52.08192384, 1.0267E+00, 2.2333E+00, 1.3333E-01,
16:38:52.08192389, 1.0267E+00, 2.3333E+00,-1.3333E-01,
16:38:52.08192394, 1.0000E+00, 2.2667E+00, 1.3333E-01,
16:38:52.08192399, 1.0133E+00, 2.2333E+00, 1.3333E-01,
16:38:52.08192404, 1.0267E+00, 2.2333E+00, 1.3333E-01,
16:38:52.08192409, 1.0267E+00, 2.2333E+00, 2.6667E-01,
16:38:52.08192414, 1.0000E+00, 2.2333E+00, 1.3333E-01,
16:38:52.08192419, 1.0133E+00, 2.2333E+00, 1.3333E-01,
16:38:52.08192424, 9.7333E-01, 2.2333E+00, 0.0000E+00,
16:38:52.08192429, 9.7333E-01, 2.2333E+00, 4.0000E-01,
16:38:52.08192434, 1.0400E+00, 2.2000E+00, 2.6667E-01,
16:38:52.08192439, 9.8667E-01, 2.2333E+00, 0.0000E+00,
16:38:52.08192444, 1.0400E+00, 2.2333E+00, 1.3333E-01,
16:38:52.08192449, 1.0267E+00, 2.2667E+00, 0.0000E+00,
16:38:52.08192454, 1.0133E+00, 2.2333E+00, 1.3333E-01,
16:38:52.08192459, 1.0000E+00, 2.2333E+00, 2.6667E-01,
16:38:52.08192464, 9.8667E-01, 2.2333E+00, 2.6667E-01,
16:38:52.08192469, 9.6000E-01, 2.2667E+00, 0.0000E+00,
16:38:52.08192474, 9.8667E-01, 2.2333E+00, 2.6667E-01,
16:38:52.08192479, 1.0133E+00, 2.2333E+00, 1.3333E-01,
16:38:52.08192484, 9.8667E-01, 2.2667E+00, 2.6667E-01,
16:38:52.08192489, 1.0267E+00, 2.2333E+00,-1.3333E-01,
16:38:52.08192494, 1.0133E+00, 2.2333E+00, 2.6667E-01,
16:38:52.08192499, 9.8667E-01, 2.2333E+00, 2.6667E-01,
16:38:52.08192504, 1.0133E+00, 2.2667E+00, 4.0000E-01,
16:38:52.08192509, 1.0000E+00, 2.3000E+00, 1.3333E-01,
16:38:52.08192514, 9.7333E-01, 2.2667E+00, 0.0000E+00,
16:38:52.08192519, 1.0000E+00, 2.2667E+00, 2.6667E-01,
16:38:52.08192524, 9.8667E-01, 2.2667E+00, 1.3333E-01,
16:38:52.08192529, 1.0133E+00, 2.2333E+00,-4.0000E-01,
16:38:52.08192534, 1.0267E+00, 2.2333E+00, 0.0000E+00,
16:38:52.08192539, 1.0400E+00, 2.2333E+00, 0.0000E+00,
16:38:52.08192544, 1.0267E+00, 2.2333E+00,-4.0000E-01,
16:38:52.08192549, 1.0133E+00, 2.2333E+00, 1.3333E-01,
16:38:52.08192554, 1.0133E+00, 2.2667E+00, 1.3333E-01,
16:38:52.08192559, 1.0267E+00, 2.2333E+00, 1.3333E-01,
16:38:52.08192564, 9.7333E-01, 2.2333E+00, 0.0000E+00,
16:38:52.08192569, 1.0133E+00, 2.2333E+00,-1.3333E-01,
16:38:52.08192574, 1.0000E+00, 2.2333E+00, 1.3333E-01,
16:38:52.08192579, 1.0267E+00, 2.2333E+00, 1.3333E-01,
16:38:52.08192584, 9.8667E-01, 2.3333E+00,-1.3333E-01,
16:38:52.08192589, 1.0133E+00, 2.2667E+00,-1.3333E-01,
16:38:52.08192594, 1.0267E+00, 2.2333E+00, 4.0000E-01,
16:38:52.08192599, 1.0133E+00, 2.2333E+00, 1.3333E-01,
16:38:52.08192604, 1.0000E+00, 2.2333E+00, 2.6667E-01,
16:38:52.08192609, 9.8667E-01, 2.2333E+00, 2.6667E-01,
16:38:52.08192614, 1.0000E+00, 2.2333E+00, 0.0000E+00,
16:38:52.08192619, 9.7333E-01, 2.2667E+00,-1.3333E-01,
16:38:52.08192624, 1.0400E+00, 2.2333E+00, 0.0000E+00,
16:38:52.08192629, 1.0133E+00, 2.3000E+00, 0.0000E+00,
16:38:52.08192634, 1.0000E+00, 2.3333E+00, 0.0000E+00,
16:38:52.08192639, 1.0267E+00, 2.2333E+00, 1.3333E-01,
16:38:52.08192644, 1.0133E+00, 2.2333E+00, 4.0000E-01,
16:38:52.08192649, 1.0000E+00, 2.2333E+00, 2.6667E-01,
16:38:52.08192654, 9.8667E-01, 2.2667E+00, 2.6667E-01,
16:38:52.08192659, 1.0000E+00, 2.2333E+00,-1.3333E-01,
16:38:52.08192664, 9.8667E-01, 2.2333E+00, 0.0000E+00,
16:38:52.08192669, 9.6000E-01, 2.2333E+00, 0.0000E+00,
16:38:52.08192674, 1.0133E+00, 2.2333E+00, 1.3333E-01,
16:38:52.08192679, 9.8667E-01, 2.2333E+00, 1.3333E-01,
16:38:52.08192684, 1.0267E+00, 2.2333E+00, 0.0000E+00,
16:38:52.08192689, 1.0133E+00, 2.3000E+00, 4.0000E-01,
16:38:52.08192694, 1.0000E+00, 2.2667E+00, 5.3333E-01,
16:38:52.08192699, 1.0267E+00, 2.2333E+00, 1.3333E-01,
16:38:52.08192704, 1.0000E+00, 2.3000E+00,-2.6667E-01,
16:38:52.08192709, 1.0000E+00, 2.2333E+00, 2.6667E-01,
16:38:52.08192714, 1.0133E+00, 2.2333E+00, 0.0000E+00,
16:38:52.08192719, 9.8667E-01, 2.2333E+00, 1.3333E-01,
16:38:52.08192724, 1.0267E+00, 2.2333E+00, 1.3333E-01,
16:38:52.08192729, 9.8667E-01, 2.2333E+00, 0.0000E+00,
16:38:52.08192734, 1.0133E+00, 2.2333E+00, 0.0000E+00,
16:38:52.08192739, 1.0000E+00, 2.2333E+00, 1.3333E-01,
16:38:52.08192744, 9.8667E-01, 2.2667E+00,-1.3333E-01,
16:38:52.08192749, 9.8667E-01, 2.2667E+00, 2.6667E-01,
16:38:52.08192754, 9.7333E-01, 2.2333E+00, 4.0000E-01,
16:38:52.08192759, 9.8667E-01, 2.2333E+00, 2.6667E-01,
16:38:52.08192764, 9.8667E-01, 2.2667E+00, 0.0000E+00,
16:38:52.08192769, 9.7333E-01, 2.2333E+00,-1.3333E-01,
16:38:52.08192774, 1.0000E+00, 2.2333E+00, 2.6667E-01,
16:38:52.08192779, 1.0000E+00, 2.3000E+00, 1.3333E-01,
16:38:52.08192784, 9.8667E-01, 2.2333E+00, 0.0000E+00,
16:38:52.08192789, 9.8667E-01, 2.2667E+00,-2.6667E-01,
16:38:52.08192794, 1.0000E+00, 2.2333E+00, 2.6667E-01,
16:38:52.08192799, 1.0000E+00, 2.2333E+00, 1.3333E-01,
16:38:52.08192804, 1.0000E+00, 2.2000E+00,-1.3333E-01,
16:38:52.08192809, 9.7333E-01, 2.2333E+00, 1.3333E-01,
16:38:52.08192814, 1.0000E+00, 2.2333E+00, 0.0000E+00,
16:38:52.08192819, 9.7333E-01, 2.2667E+00, 1.3333E-01,
16:38:52.08192824, 1.0000E+00, 2.2333E+00, 2.6667E-01,
16:38:52.08192829, 1.0267E+00, 2.2333E+00, 0.0000E+00,
16:38:52.08192834, 1.0267E+00, 2.2333E+00, 0.0000E+00,
16:38:52.08192839, 1.0400E+00, 2.2667E+00, 0.0000E+00,
16:38:52.08192844, 1.0000E+00, 2.3000E+00,-1.3333E-01,
16:38:52.08192849, 9.8667E-01, 2.2667E+00, 1.3333E-01,
16:38:52.08192854, 9.8667E-01, 2.2333E+00, 2.6667E-01,
16:38:52.08192859, 1.0133E+00, 2.2333E+00, 0.0000E+00,
16:38:52.08192864, 1.0133E+00, 2.2000E+00, 4.0000E-01,
16:38:52.08192869, 1.0133E+00, 2.3000E+00, 0.0000E+00,
16:38:52.08192874, 1.0133E+00, 2.2667E+00, 0.0000E+00,
16:38:52.08192879, 1.0133E+00, 2.2333E+00,-1.3333E-01,
16:38:52.08192884, 9.8667E-01, 2.2000E+00, 2.6667E-01,
16:38:52.08192889, 1.0133E+00, 2.2333E+00, 0.0000E+00,
16:38:52.08192894, 9.8667E-01, 2.2333E+00, 2.6667E-01,
16:38:52.08192899, 9.8667E-01, 2.2333E+00, 2.6667E-01,
16:38:52.08192904, 9.7333E-01, 2.2333E+00, 0.0000E+00,
16:38:52.08192909, 9.7333E-01, 2.2333E+00,-2.6667E-01,
16:38:52.08192914, 1.0133E+00, 2.2333E+00, 2.6667E-01,
16:38:52.08192919, 9.7333E-01, 2.2000E+00,-1.3333E-01,
16:38:52.08192924, 1.0000E+00, 2.2000E+00, 2.6667E-01,
16:38:52.08192929, 1.0400E+00, 2.2667E+00, 2.6667E-01,
16:38:52.08192934, 1.0133E+00, 2.2333E+00, 1.3333E-01,
16:38:52.08192939, 1.0133E+00, 2.2667E+00, 1.3333E-01,
16:38:52.08192944, 1.0000E+00, 2.2333E+00,-1.3333E-01,
16:38:52.08192949, 9.8667E-01, 2.2333E+00, 0.0000E+00,
16:38:52.08192954, 9.8667E-01, 2.2333E+00,-1.3333E-01,
16:38:52.08192959, 1.0000E+00, 2.2333E+00, 1.3333E-01,
16:38:52.08192964, 1.0133E+00, 2.3000E+00, 0.0000E+00,
16:38:52.08192969, 1.0000E+00, 2.2333E+00, 1.3333E-01,
16:38:52.08192974, 1.0133E+00, 2.2667E+00, 0.0000E+00,
16:38:52.08192979, 9.8667E-01, 2.2333E+00, 2.6667E-01,
16:38:52.08192984, 9.8667E-01, 2.3000E+00, 0.0000E+00,
16:38:52.08192989, 1.0000E+00, 2.2333E+00, 5.3333E-01,
16:38:52.08192994, 1.0267E+00, 2.2333E+00, 4.0000E-01,
16:38:52.08192999, 9.8667E-01, 2.2333E+00, 2.6667E-01,
16:38:52.08193004, 9.8667E-01, 2.2333E+00, 4.0000E-01,
16:38:52.08193009, 9.8667E-01, 2.2333E+00, 2.6667E-01,
16:38:52.08193014, 1.0267E+00, 2.2333E+00,-2.6667E-01,
16:38:52.08193019, 1.0133E+00, 2.2333E+00,-2.6667E-01,
16:38:52.08193024, 1.0000E+00, 2.2667E+00, 1.3333E-01,
16:38:52.08193029, 1.0133E+00, 2.2333E+00, 5.3333E-01,
16:38:52.08193034, 1.0400E+00, 2.2333E+00,-2.6667E-01,
16:38:52.08193039, 9.7333E-01, 2.3000E+00, 1.3333E-01,
16:38:52.08193044, 9.7333E-01, 2.3000E+00, 2.6667E-01,
16:38:52.08193049, 1.0000E+00, 2.2333E+00, 1.3333E-01,
16:38:52.08193054, 1.0400E+00, 2.2333E+00,-1.3333E-01,
16:38:52.08193059, 9.8667E-01, 2.2333E+00, 2.6667E-01,
16:38:52.08193064, 9.8667E-01, 2.2333E+00, 2.6667E-01,
16:38:52.08193069, 1.0267E+00, 2.2667E+00,-2.6667E-01,
16:38:52.08193074, 1.0267E+00, 2.3000E+00, 2.6667E-01,
16:38:52.08193079, 1.0267E+00, 2.3333E+00, 2.6667E-01,
16:38:52.08193084, 9.8667E-01, 2.2333E+00, 1.3333E-01,
16:38:52.08193089, 1.0133E+00, 2.2667E+00, 0.0000E+00,
16:38:52.08193094, 9.7333E-01, 2.2667E+00, 1.3333E-01,
16:38:52.08193099, 1.0000E+00, 2.2000E+00, 0.0000E+00,
16:38:52.08193104, 9.8667E-01, 2.2333E+00, 2.6667E-01,
16:38:52.08193109, 1.0000E+00, 2.2667E+00, 2.6667E-01,
16:38:52.08193114, 1.0133E+00, 2.2000E+00, 0.0000E+00,
16:38:52.08193119, 1.0000E+00, 2.2333E+00, 2.6667E-01,
16:38:52.08193124, 1.0533E+00, 2.2000E+00, 4.0000E-01,
16:38:52.08193129, 1.0133E+00, 2.2000E+00, 1.3333E-01,
16:38:52.08193134, 1.0400E+00, 2.2667E+00, 1.3333E-01,
16:38:52.08193139, 1.0400E+00, 2.2000E+00, 1.3333E-01,
16:38:52.08193144, 9.7333E-01, 2.2333E+00, 0.0000E+00,
16:38:52.08193149, 1.0000E+00, 2.2333E+00, 2.6667E-01,
16:38:52.08193154, 1.0267E+00, 2.2333E+00, 2.6667E-01,
16:38:52.08193159, 1.0000E+00, 2.3000E+00, 4.0000E-01,
16:38:52.08193164, 1.0267E+00, 2.3000E+00, 5.3333E-01,
16:38:52.08193169, 1.0133E+00, 2.2333E+00, 2.6667E-01,
16:38:52.08193174, 9.8667E-01, 2.2000E+00,-1.3333E-01,
16:38:52.08193179, 1.0000E+00, 2.2333E+00, 2.6667E-01,
16:38:52.08193184, 9.8667E-01, 2.2333E+00,-1.3333E-01,
16:38:52.08193189, 9.8667E-01, 2.2000E+00, 4.0000E-01,
16:38:52.08193194, 1.0000E+00, 2.2333E+00,-1.3333E-01,
16:38:52.08193199, 9.8667E-01, 2.2333E+00, 4.0000E-01,
16:38:52.08193204, 9.8667E-01, 2.2000E+00,-1.3333E-01,
16:38:52.08193209, 9.8667E-01, 2.3000E+00, 1.3333E-01,
16:38:52.08193214, 1.0267E+00, 2.2333E+00, 0.0000E+00,
16:38:52.08193219, 9.8667E-01, 2.3000E+00, 1.3333E-01,
16:38:52.08193224, 9.8667E-01, 2.2667E+00, 1.3333E-01,
16:38:52.08193229, 1.0000E+00, 2.2333E+00,-2.6667E-01,
16:38:52.08193234, 1.0000E+00, 2.2000E+00, 5.3333E-01,
16:38:52.08193239, 9.8667E-01, 2.2333E+00, 0.0000E+00,
16:38:52.08193244, 1.0133E+00, 2.2333E+00, 1.3333E-01,
16:38:52.08193249, 9.8667E-01, 2.2667E+00, 0.0000E+00,
16:38:52.08193254, 1.0133E+00, 2.2333E+00,-1.3333E-01,
16:38:52.08193259, 1.0400E+00, 2.2667E+00, 0.0000E+00,
16:38:52.08193264, 1.0133E+00, 2.2333E+00, 1.3333E-01,
16:38:52.08193269, 9.8667E-01, 2.2667E+00, 1.3333E-01,
16:38:52.08193274, 1.0133E+00, 2.2667E+00, 1.3333E-01,
16:38:52.08193279, 1.0000E+00, 2.2333E+00, 0.0000E+00,
16:38:52.08193284, 9.8667E-01, 2.2333E+00, 0.0000E+00,
16:38:52.08193289, 1.0000E+00, 2.2333E+00, 5.3333E-01,
16:38:52.08193294, 9.8667E-01, 2.2333E+00, 1.3333E-01,
16:38:52.08193299, 1.0267E+00, 2.2667E+00, 1.3333E-01,
16:38:52.08193304, 1.0000E+00, 2.2333E+00, 0.0000E+00,
16:38:52.08193309, 1.0133E+00, 2.2333E+00, 1.3333E-01,
16:38:52.08193314, 1.0267E+00, 2.2333E+00, 0.0000E+00,
16:38:52.08193319, 1.0267E+00, 2.2333E+00, 4.0000E-01,
16:38:52.08193324, 1.0000E+00, 2.2667E+00, 0.0000E+00,
16:38:52.08193329, 9.7333E-01, 2.2667E+00, 0.0000E+00,
16:38:52.08193334, 9.6000E-01, 2.2333E+00, 0.0000E+00,
16:38:52.08193339, 1.0000E+00, 2.2333E+00, 0.0000E+00,
16:38:52.08193344, 9.8667E-01, 2.2667E+00, 0.0000E+00,
16:38:52.08193349, 9.6000E-01, 2.2667E+00, 0.0000E+00,
16:38:52.08193354, 1.0400E+00, 2.2667E+00, 1.3333E-01,
16:38:52.08193359, 1.0000E+00, 2.2333E+00,-1.3333E-01,
16:38:52.08193364, 9.8667E-01, 2.1667E+00, 1.3333E-01,
16:38:52.08193369, 9.8667E-01, 2.2333E+00, 1.3333E-01,
16:38:52.08193374, 9.6000E-01, 2.2333E+00, 0.0000E+00,
16:38:52.08193379, 9.8667E-01, 2.2667E+00, 0.0000E+00,
16:38:52.08193384, 9.8667E-01, 2.2333E+00, 1.3333E-01,
16:38:52.08193389, 9.7333E-01, 2.2333E+00, 0.0000E+00,
16:38:52.08193394, 1.0400E+00, 2.2333E+00, 4.0000E-01,
16:38:52.08193399, 9.8667E-01, 2.2333E+00,-1.3333E-01,
16:38:52.08193404, 1.0000E+00, 2.2667E+00, 2.6667E-01,
16:38:52.08193409, 1.0133E+00, 2.2000E+00, 1.3333E-01,
16:38:52.08193414, 1.0133E+00, 2.2333E+00, 2.6667E-01,
16:38:52.08193419, 9.8667E-01, 2.2000E+00, 0.0000E+00,
16:38:52.08193424, 1.0000E+00, 2.2333E+00, 1.3333E-01,
16:38:52.08193429, 9.8667E-01, 2.2000E+00, 1.3333E-01,
16:38:52.08193434, 1.0000E+00, 2.3000E+00, 5.3333E-01,
16:38:52.08193439, 1.0133E+00, 2.2333E+00, 1.3333E-01,
16:38:52.08193444, 1.0133E+00, 2.2333E+00, 1.3333E-01,
16:38:52.08193449, 1.0133E+00, 2.2333E+00, 0.0000E+00,
16:38:52.08193454, 9.8667E-01, 2.2667E+00, 2.6667E-01,
16:38:52.08193459, 1.0267E+00, 2.2333E+00, 6.6667E-01,
16:38:52.08193464, 1.0133E+00, 2.3000E+00, 2.6667E-01,
16:38:52.08193469, 9.7333E-01, 2.2333E+00, 1.3333E-01,
16:38:52.08193474, 9.8667E-01, 2.2000E+00, 1.3333E-01,
16:38:52.08193479, 9.6000E-01, 2.2667E+00, 0.0000E+00,
16:38:52.08193484, 1.0000E+00, 2.2333E+00,-4.0000E-01,
16:38:52.08193489, 1.0133E+00, 2.2333E+00,-1.3333E-01,
16:38:52.08193494, 1.0133E+00, 2.2000E+00, 1.3333E-01,
16:38:52.08193499, 9.8667E-01, 2.2333E+00,-2.6667E-01,
16:38:52.08193504, 1.0400E+00, 2.2667E+00, 2.6667E-01,
16:38:52.08193509, 9.7333E-01, 2.2000E+00, 0.0000E+00,
16:38:52.08193514, 1.0133E+00, 2.2333E+00, 2.6667E-01,
16:38:52.08193519, 9.7333E-01, 2.2333E+00,-1.3333E-01,
16:38:52.08193524, 9.8667E-01, 2.3000E+00, 0.0000E+00,
16:38:52.08193529, 9.7333E-01, 2.2333E+00, 2.6667E-01,
16:38:52.08193534, 1.0133E+00, 2.2333E+00, 0.0000E+00,
16:38:52.08193539, 1.0000E+00, 2.1667E+00, 0.0000E+00,
16:38:52.08193544, 1.0000E+00, 2.2333E+00,-1.3333E-01,
16:38:52.08193549, 1.0133E+00, 2.2333E+00, 4.0000E-01,
16:38:52.08193554, 1.0133E+00, 2.2333E+00, 1.3333E-01,
16:38:52.08193559, 1.0000E+00, 2.2333E+00, 1.3333E-01,
16:38:52.08193564, 1.0267E+00, 2.2333E+00, 2.6667E-01,
16:38:52.08193569, 9.6000E-01, 2.2333E+00, 1.3333E-01,
16:38:52.08193574, 9.6000E-01, 2.2333E+00, 1.3333E-01,
16:38:52.08193579, 1.0000E+00, 2.2667E+00,-1.3333E-01,
16:38:52.08193584, 1.0400E+00, 2.2333E+00, 4.0000E-01,
16:38:52.08193589, 1.0133E+00, 2.2667E+00, 0.0000E+00,
16:38:52.08193594, 9.7333E-01, 2.3333E+00, 2.6667E-01,
16:38:52.08193599, 1.0267E+00, 2.3000E+00, 1.3333E-01,
16:38:52.08193604, 1.0267E+00, 2.2333E+00, 1.3333E-01,
16:38:52.08193609, 1.0000E+00, 2.2667E+00, 6.6667E-01,
16:38:52.08193614, 1.0267E+00, 2.2667E+00, 1.3333E-01,
16:38:52.08193619, 9.8667E-01, 2.2333E+00, 0.0000E+00,
16:38:52.08193624, 9.8667E-01, 2.2667E+00, 4.0000E-01,
16:38:52.08193629, 1.0133E+00, 2.2000E+00, 2.6667E-01,
16:38:52.08193634, 1.0267E+00, 2.2000E+00, 0.0000E+00,
16:38:52.08193639, 9.8667E-01, 2.2667E+00, 0.0000E+00,
16:38:52.08193644, 9.8667E-01, 2.2333E+00, 1.3333E-01,
16:38:52.08193649, 1.0000E+00, 2.2333E+00,-1.3333E-01,
16:38:52.08193654, 1.0267E+00, 2.3000E+00, 0.0000E+00,
16:38:52.08193659, 1.0000E+00, 2.2333E+00, 1.3333E-01,
16:38:52.08193664, 1.0000E+00, 2.2333E+00, 2.6667E-01,
16:38:52.08193669, 1.0133E+00, 2.2333E+00, 1.3333E-01,
16:38:52.08193674, 1.0000E+00, 2.2333E+00, 0.0000E+00,
16:38:52.08193679, 1.0000E+00, 2.2667E+00, 4.0000E-01,
16:38:52.08193684, 1.0133E+00, 2.2667E+00, 1.3333E-01,
16:38:52.08193689, 9.7333E-01, 2.2000E+00, 0.0000E+00,
16:38:52.08193694, 1.0000E+00, 2.2333E+00, 2.6667E-01,
16:38:52.08193699, 1.0400E+00, 2.2000E+00, 4.0000E-01,
16:38:52.08193704, 1.0400E+00, 2.2667E+00, 0.0000E+00,
16:38:52.08193709, 9.7333E-01, 2.3000E+00, 1.3333E-01,
16:38:52.08193714, 1.0000E+00, 2.2000E+00, 2.6667E-01,
16:38:52.08193719, 9.8667E-01, 2.2000E+00, 1.3333E-01,
16:38:52.08193724, 1.0000E+00, 2.2667E+00, 2.6667E-01,
16:38:52.08193729, 1.0000E+00, 2.2667E+00, 1.3333E-01,
16:38:52.08193734, 1.0400E+00, 2.2333E+00, 1.3333E-01,
16:38:52.08193739, 1.0133E+00, 2.2333E+00, 1.3333E-01,
16:38:52.08193744, 1.0133E+00, 2.2333E+00, 1.3333E-01,
16:38:52.08193749, 1.0133E+00, 2.2333E+00, 1.3333E-01,
16:38:52.08193754, 1.0000E+00, 2.2333E+00, 0.0000E+00,
16:38:52.08193759, 9.8667E-01, 2.2667E+00, 1.3333E-01,
16:38:52.08193764, 1.0133E+00, 2.2333E+00, 2.6667E-01,
16:38:52.08193769, 1.0267E+00, 2.2333E+00, 0.0000E+00,
16:38:52.08193774, 1.0133E+00, 2.2667E+00, 4.0000E-01,
16:38:52.08193779, 9.8667E-01, 2.3000E+00, 2.6667E-01,
16:38:52.08193784, 1.0000E+00, 2.2000E+00, 0.0000E+00,
16:38:52.08193789, 1.0267E+00, 2.2000E+00, 2.6667E-01,
16:38:52.08193794, 1.0267E+00, 2.2333E+00,-2.6667E-01,
16:38:52.08193799, 1.0133E+00, 2.3000E+00,-2.6667E-01,
16:38:52.08193804, 9.7333E-01, 2.2333E+00, 1.3333E-01,
16:38:52.08193809, 9.8667E-01, 2.2667E+00, 2.6667E-01,
16:38:52.08193814, 1.0133E+00, 2.2667E+00, 2.6667E-01,
16:38:52.08193819, 1.0400E+00, 2.2333E+00, 4.0000E-01,
16:38:52.08193824, 9.7333E-01, 2.3000E+00,-2.6667E-01,
16:38:52.08193829, 1.0000E+00, 2.2333E+00,-2.6667E-01,
16:38:52.08193834, 1.0267E+00, 2.2333E+00, 0.0000E+00,
16:38:52.08193839, 1.0267E+00, 2.2333E+00, 0.0000E+00,
16:38:52.08193844, 1.0133E+00, 2.3000E+00, 0.0000E+00,
16:38:52.08193849, 1.0133E+00, 2.2333E+00, 4.0000E-01,
16:38:52.08193854, 1.0000E+00, 2.2333E+00, 0.0000E+00,
16:38:52.08193859, 1.0000E+00, 2.2333E+00, 1.3333E-01,
16:38:52.08193864, 9.8667E-01, 2.2333E+00, 1.3333E-01,
16:38:52.08193869, 1.0133E+00, 2.2333E+00, 0.0000E+00,
16:38:52.08193874, 1.0267E+00, 2.2667E+00, 2.6667E-01,
16:38:52.08193879, 1.0133E+00, 2.2333E+00, 2.6667E-01,
16:38:52.08193884, 1.0400E+00, 2.2333E+00, 1.3333E-01,
16:38:52.08193889, 9.7333E-01, 2.2333E+00, 1.3333E-01,
16:38:52.08193894, 9.8667E-01, 2.2333E+00, 0.0000E+00,
16:38:52.08193899, 9.7333E-01, 2.3000E+00, 4.0000E-01,
16:38:52.08193904, 9.6000E-01, 2.2333E+00, 4.0000E-01,
16:38:52.08193909, 1.0000E+00, 2.2667E+00, 2.6667E-01,
16:38:52.08193914, 9.8667E-01, 2.2333E+00, 2.6667E-01,
16:38:52.08193919, 9.8667E-01, 2.2333E+00, 4.0000E-01,
16:38:52.08193924, 1.0000E+00, 2.2333E+00, 1.3333E-01,
16:38:52.08193929, 1.0000E+00, 2.2333E+00, 2.6667E-01,
16:38:52.08193934, 1.0267E+00, 2.2667E+00, 2.6667E-01,
16:38:52.08193939, 1.0133E+00, 2.2667E+00, 2.6667E-01,
16:38:52.08193944, 1.0267E+00, 2.2667E+00,-2.6667E-01,
16:38:52.08193949, 9.8667E-01, 2.2333E+00, 0.0000E+00,
16:38:52.08193954, 9.7333E-01, 2.2000E+00,-1.3333E-01,
16:38:52.08193959, 9.8667E-01, 2.2667E+00, 1.3333E-01,
16:38:52.08193964, 1.0133E+00, 2.2333E+00, 4.0000E-01,
16:38:52.08193969, 1.0133E+00, 2.2667E+00, 4.0000E-01,
16:38:52.08193974, 1.0133E+00, 2.2333E+00, 2.6667E-01,
16:38:52.08193979, 9.8667E-01, 2.2667E+00, 0.0000E+00,
16:38:52.08193984, 1.0133E+00, 2.2667E+00, 4.0000E-01,
16:38:52.08193989, 1.0267E+00, 2.2667E+00, 0.0000E+00,
16:38:52.08193994, 1.0000E+00, 2.2333E+00, 0.0000E+00,
16:38:52.08193999, 1.0133E+00, 2.3000E+00,-1.3333E-01,
16:38:52.08194004, 9.8667E-01, 2.2667E+00, 4.0000E-01,
16:38:52.08194009, 9.8667E-01, 2.2667E+00, 0.0000E+00,
16:38:52.08194014, 9.7333E-01, 2.3000E+00, 5.3333E-01,
16:38:52.08194019, 1.0000E+00, 2.2667E+00, 1.3333E-01,
16:38:52.08194024, 1.0000E+00, 2.2333E+00, 1.3333E-01,
16:38:52.08194029, 1.0400E+00, 2.2333E+00, 1.3333E-01,
16:38:52.08194034, 1.0000E+00, 2.2333E+00, 0.0000E+00,
16:38:52.08194039, 9.8667E-01, 2.2667E+00, 2.6667E-01,
16:38:52.08194044, 9.8667E-01, 2.2333E+00,-1.3333E-01,
16:38:52.08194049, 9.8667E-01, 2.2667E+00, 1.3333E-01,
16:38:52.08194054, 9.8667E-01, 2.2333E+00, 1.3333E-01,
16:38:52.08194059, 9.8667E-01, 2.2333E+00,-1.3333E-01,
16:38:52.08194064, 1.0000E+00, 2.2333E+00, 4.0000E-01,
16:38:52.08194069, 1.0133E+00, 2.2667E+00, 2.6667E-01,
16:38:52.08194074, 1.0267E+00, 2.2333E+00, 1.3333E-01,
16:38:52.08194079, 1.0000E+00, 2.2333E+00, 1.3333E-01,
16:38:52.08194084, 1.0400E+00, 2.2000E+00, 1.3333E-01,
16:38:52.08194089, 1.0267E+00, 2.2333E+00,-1.3333E-01,
16:38:52.08194094, 1.0000E+00, 2.2333E+00, 0.0000E+00,
16:38:52.08194099, 9.8667E-01, 2.2333E+00, 1.3333E-01,
16:38:52.08194104, 1.0000E+00, 2.2667E+00, 4.0000E-01,
16:38:52.08194109, 1.0133E+00, 2.2333E+00, 4.0000E-01,
16:38:52.08194114, 1.0133E+00, 2.2333E+00, 2.6667E-01,
16:38:52.08194119, 9.8667E-01, 2.2333E+00, 0.0000E+00,
16:38:52.08194124, 1.0000E+00, 2.2667E+00, 1.3333E-01,
16:38:52.08194129, 1.0000E+00, 2.2333E+00,-1.3333E-01,
16:38:52.08194134, 1.0267E+00, 2.2333E+00,-1.3333E-01,
16:38:52.08194139, 1.0133E+00, 2.2333E+00,-1.3333E-01,
16:38:52.08194144, 1.0000E+00, 2.2667E+00, 1.3333E-01,
16:38:52.08194149, 9.7333E-01, 2.3000E+00,-1.3333E-01,
16:38:52.08194154, 9.8667E-01, 2.2333E+00, 1.3333E-01,
16:38:52.08194159, 9.8667E-01, 2.2333E+00, 1.3333E-01,
16:38:52.08194164, 9.7333E-01, 2.2333E+00, 2.6667E-01,
16:38:52.08194169, 1.0000E+00, 2.2000E+00,-1.3333E-01,
16:38:52.08194174, 1.0267E+00, 2.2667E+00, 1.3333E-01,
16:38:52.08194179, 1.0267E+00, 2.2667E+00, 2.6667E-01,
16:38:52.08194184, 9.8667E-01, 2.2000E+00,-1.3333E-01,
16:38:52.08194189, 1.0133E+00, 2.2333E+00,-1.3333E-01,
16:38:52.08194194, 9.8667E-01, 2.2333E+00,-1.3333E-01,
16:38:52.08194199, 9.8667E-01, 2.2000E+00, 4.0000E-01,
16:38:52.08194204, 9.7333E-01, 2.2333E+00, 0.0000E+00,
16:38:52.08194209, 1.0133E+00, 2.2333E+00, 1.3333E-01,
16:38:52.08194214, 1.0133E+00, 2.3000E+00, 2.6667E-01,
16:38:52.08194219, 1.0000E+00, 2.2333E+00,-1.3333E-01,
16:38:52.08194224, 1.0133E+00, 2.2333E+00, 1.3333E-01,
16:38:52.08194229, 9.8667E-01, 2.2333E+00, 0.0000E+00,
16:38:52.08194234, 9.8667E-01, 2.2333E+00,-1.3333E-01,
16:38:52.08194239, 1.0000E+00, 2.2667E+00, 4.0000E-01,
16:38:52.08194244, 1.0000E+00, 2.2333E+00, 1.3333E-01,
16:38:52.08194249, 9.7333E-01, 2.2667E+00, 0.0000E+00,
16:38:52.08194254, 1.0133E+00, 2.2333E+00, 1.3333E-01,
16:38:52.08194259, 9.8667E-01, 2.2333E+00, 1.3333E-01,
16:38:52.08194264, 1.0267E+00, 2.2333E+00, 4.0000E-01,
16:38:52.08194269, 1.0000E+00, 2.2667E+00, 0.0000E+00,
16:38:52.08194274, 1.0000E+00, 2.2667E+00, 2.6667E-01,
16:38:52.08194279, 1.0133E+00, 2.2000E+00, 1.3333E-01,
16:38:52.08194284, 1.0000E+00, 2.2667E+00, 0.0000E+00,
16:38:52.08194289, 1.0133E+00, 2.2333E+00, 0.0000E+00,
16:38:52.08194294, 1.0133E+00, 2.2667E+00, 0.0000E+00,
16:38:52.08194299, 9.8667E-01, 2.2667E+00, 4.0000E-01,
16:38:52.08194304, 1.0533E+00, 2.2333E+00,-1.3333E-01,
16:38:52.08194309, 9.8667E-01, 2.2333E+00, 1.3333E-01,
16:38:52.08194314, 1.0133E+00, 2.3000E+00, 1.3333E-01,
16:38:52.08194319, 1.0400E+00, 2.2333E+00, 4.0000E-01,
16:38:52.08194324, 1.0133E+00, 2.2000E+00, 0.0000E+00,
16:38:52.08194329, 9.8667E-01, 2.2333E+00, 1.3333E-01,
16:38:52.08194334, 1.0000E+00, 2.2333E+00,-1.3333E-01,
16:38:52.08194339, 1.0267E+00, 2.2333E+00, 1.3333E-01,
16:38:52.08194344, 1.0133E+00, 2.2333E+00, 4.0000E-01,
16:38:52.08194349, 9.8667E-01, 2.2333E+00, 1.3333E-01,
16:38:52.08194354, 1.0133E+00, 2.2333E+00, 4.0000E-01,
16:38:52.08194359, 1.0133E+00, 2.3000E+00, 4.0000E-01,
16:38:52.08194364, 1.0000E+00, 2.3000E+00,-1.3333E-01,
16:38:52.08194369, 1.0133E+00, 2.2333E+00, 1.3333E-01,
16:38:52.08194374, 1.0133E+00, 2.2333E+00, 1.3333E-01,
16:38:52.08194379, 9.6000E-01, 2.2333E+00, 1.3333E-01,
16:38:52.08194384, 1.0133E+00, 2.2333E+00,-1.3333E-01,
16:38:52.08194389, 1.0267E+00, 2.2333E+00,-1.3333E-01,
16:38:52.08194394, 1.0000E+00, 2.2333E+00, 1.3333E-01,
16:38:52.08194399, 1.0133E+00, 2.1667E+00, 4.0000E-01,
16:38:52.08194404, 1.0267E+00, 2.3000E+00, 0.0000E+00,
16:38:52.08194409, 1.0000E+00, 2.2333E+00, 0.0000E+00,
16:38:52.08194414, 1.0267E+00, 2.2333E+00, 0.0000E+00,
16:38:52.08194419, 1.0267E+00, 2.2333E+00, 1.3333E-01,
16:38:52.08194424, 1.0000E+00, 2.3000E+00, 1.3333E-01,
16:38:52.08194429, 1.0267E+00, 2.2333E+00, 1.3333E-01,
16:38:52.08194434, 1.0000E+00, 2.2333E+00, 0.0000E+00,
16:38:52.08194439, 1.0267E+00, 2.2333E+00, 0.0000E+00,
16:38:52.08194444, 1.0267E+00, 2.2667E+00, 4.0000E-01,
16:38:52.08194449, 9.8667E-01, 2.2667E+00, 5.3333E-01,
16:38:52.08194454, 1.0133E+00, 2.2333E+00, 1.3333E-01,
16:38:52.08194459, 1.0133E+00, 2.2333E+00, 2.6667E-01,
16:38:52.08194464, 1.0000E+00, 2.2333E+00, 0.0000E+00,
16:38:52.08194469, 1.0000E+00, 2.2333E+00, 1.3333E-01,
16:38:52.08194474, 1.0000E+00, 2.2333E+00, 0.0000E+00,
16:38:52.08194479, 1.0133E+00, 2.2333E+00, 0.0000E+00,
16:38:52.08194484, 1.0133E+00, 2.2000E+00, 0.0000E+00,
16:38:52.08194489, 1.0267E+00, 2.2333E+00, 0.0000E+00,
16:38:52.08194494, 1.0000E+00, 2.2333E+00,-1.3333E-01,
16:38:52.08194499, 9.7333E-01, 2.2000E+00, 0.0000E+00,
16:38:52.08194504, 1.0000E+00, 2.2333E+00, 1.3333E-01,
16:38:52.08194509, 1.0133E+00, 2.2333E+00, 0.0000E+00,
16:38:52.08194514, 1.0000E+00, 2.2333E+00,-2.6667E-01,
16:38:52.08194519, 1.0133E+00, 2.2333E+00, 1.3333E-01,
16:38:52.08194524, 1.0133E+00, 2.2333E+00, 0.0000E+00,
16:38:52.08194529, 9.8667E-01, 2.2333E+00, 1.3333E-01,
16:38:52.08194534, 9.6000E-01, 2.2333E+00, 2.6667E-01,
16:38:52.08194539, 1.0267E+00, 2.2333E+00, 1.3333E-01,
16:38:52.08194544, 1.0000E+00, 2.2000E+00, 1.3333E-01,
16:38:52.08194549, 1.0000E+00, 2.2333E+00, 4.0000E-01,
16:38:52.08194554, 1.0000E+00, 2.2333E+00, 2.6667E-01,
16:38:52.08194559, 1.0267E+00, 2.2333E+00, 1.3333E-01,
16:38:52.08194564, 9.8667E-01, 2.2333E+00,-1.3333E-01,
16:38:52.08194569, 9.7333E-01, 2.2333E+00, 1.3333E-01,
16:38:52.08194574, 9.8667E-01, 2.2333E+00, 0.0000E+00,
16:38:52.08194579, 1.0133E+00, 2.2667E+00, 0.0000E+00,
16:38:52.08194584, 9.8667E-01, 2.2333E+00, 4.0000E-01,
16:38:52.08194589, 1.0267E+00, 2.2333E+00, 1.3333E-01,
16:38:52.08194594, 1.0000E+00, 2.2000E+00, 2.6667E-01,
16:38:52.08194599, 1.0133E+00, 2.2667E+00, 2.6667E-01,
16:38:52.08194604, 1.0400E+00, 2.2333E+00, 2.6667E-01,
16:38:52.08194609, 9.8667E-01, 2.2333E+00, 2.6667E-01,
16:38:52.08194614, 1.0000E+00, 2.2333E+00, 4.0000E-01,
16:38:52.08194619, 1.0133E+00, 2.2333E+00, 0.0000E+00,
16:38:52.08194624, 9.7333E-01, 2.2667E+00, 1.3333E-01,
16:38:52.08194629, 9.8667E-01, 2.2333E+00,-1.3333E-01,
16:38:52.08194634, 9.8667E-01, 2.2333E+00, 2.6667E-01,
16:38:52.08194639, 1.0000E+00, 2.2333E+00, 1.3333E-01,
16:38:52.08194644, 1.0533E+00, 2.2333E+00, 1.3333E-01,
16:38:52.08194649, 1.0000E+00, 2.2667E+00, 4.0000E-01,
16:38:52.08194654, 1.0133E+00, 2.2000E+00, 1.3333E-01,
16:38:52.08194659, 1.0133E+00, 2.2667E+00,-1.3333E-01,
16:38:52.08194664, 9.8667E-01, 2.2000E+00,-2.6667E-01,
16:38:52.08194669, 9.7333E-01, 2.2333E+00, 2.6667E-01,
16:38:52.08194674, 9.7333E-01, 2.2333E+00, 0.0000E+00,
16:38:52.08194679, 9.8667E-01, 2.2667E+00, 0.0000E+00,
16:38:52.08194684, 1.0000E+00, 2.3000E+00, 1.3333E-01,
16:38:52.08194689, 1.0000E+00, 2.2333E+00, 2.6667E-01,
16:38:52.08194694, 9.7333E-01, 2.2333E+00, 1.3333E-01,
16:38:52.08194699, 1.0000E+00, 2.2333E+00, 1.3333E-01,
16:38:52.08194704, 1.0133E+00, 2.2333E+00, 0.0000E+00,
16:38:52.08194709, 1.0000E+00, 2.2333E+00,-2.6667E-01,
16:38:52.08194714, 1.0000E+00, 2.2333E+00,-1.3333E-01,
16:38:52.08194719, 9.8667E-01, 2.3000E+00, 0.0000E+00,
16:38:52.08194724, 9.8667E-01, 2.2667E+00,-2.6667E-01,
16:38:52.08194729, 1.0000E+00, 2.2333E+00, 0.0000E+00,
16:38:52.08194734, 9.8667E-01, 2.2333E+00, 1.3333E-01,
16:38:52.08194739, 1.0000E+00, 2.3000E+00, 1.3333E-01,
16:38:52.08194744, 1.0000E+00, 2.2667E+00, 0.0000E+00,
16:38:52.08194749, 1.0133E+00, 2.2000E+00, 1.3333E-01,
16:38:52.08194754, 1.0000E+00, 2.2333E+00, 4.0000E-01,
16:38:52.08194759, 1.0000E+00, 2.2333E+00,-1.3333E-01,
16:38:52.08194764, 1.0000E+00, 2.2333E+00, 2.6667E-01,
16:38:52.08194769, 1.0000E+00, 2.2333E+00, 0.0000E+00,
16:38:52.08194774, 9.8667E-01, 2.2667E+00, 0.0000E+00,
16:38:52.08194779, 9.8667E-01, 2.2333E+00, 1.3333E-01,
16:38:52.08194784, 1.0400E+00, 2.2333E+00, 0.0000E+00,
16:38:52.08194789, 1.0000E+00, 2.2333E+00, 4.0000E-01,
16:38:52.08194794, 1.0000E+00, 2.2333E+00, 4.0000E-01,
16:38:52.08194799, 1.0133E+00, 2.2333E+00, 4.0000E-01,
16:38:52.08194804, 9.8667E-01, 2.2333E+00, 1.3333E-01,
16:38:52.08194809, 9.7333E-01, 2.2333E+00,-1.3333E-01,
16:38:52.08194814, 9.8667E-01, 2.2000E+00, 1.3333E-01,
16:38:52.08194819, 1.0133E+00, 2.2667E+00, 0.0000E+00,
16:38:52.08194824, 1.0000E+00, 2.2333E+00,-1.3333E-01,
16:38:52.08194829, 1.0000E+00, 2.2667E+00, 1.3333E-01,
16:38:52.08194834, 1.0000E+00, 2.2333E+00, 2.6667E-01,
16:38:52.08194839, 1.0400E+00, 2.3000E+00, 4.0000E-01,
16:38:52.08194844, 1.0000E+00, 2.2333E+00,-1.3333E-01,
16:38:52.08194849, 1.0267E+00, 2.2333E+00, 2.6667E-01,
16:38:52.08194854, 9.8667E-01, 2.2667E+00,-1.3333E-01,
16:38:52.08194859, 9.8667E-01, 2.2333E+00, 1.3333E-01,
16:38:52.08194864, 1.0267E+00, 2.3000E+00, 2.6667E-01,
16:38:52.08194869, 9.8667E-01, 2.2333E+00, 1.3333E-01,
16:38:52.08194874, 9.7333E-01, 2.2333E+00, 0.0000E+00,
16:38:52.08194879, 1.0133E+00, 2.2333E+00, 6.6667E-01,
16:38:52.08194884, 9.8667E-01, 2.2333E+00, 4.0000E-01,
16:38:52.08194889, 1.0133E+00, 2.3000E+00, 2.6667E-01,
16:38:52.08194894, 1.0000E+00, 2.2333E+00, 2.6667E-01,
16:38:52.08194899, 1.0000E+00, 2.2000E+00, 0.0000E+00,
16:38:52.08194904, 9.8667E-01, 2.3000E+00, 0.0000E+00,
16:38:52.08194909, 9.8667E-01, 2.2333E+00, 0.0000E+00,
16:38:52.08194914, 9.8667E-01, 2.3333E+00,-1.3333E-01,
16:38:52.08194919, 9.8667E-01, 2.2333E+00, 1.3333E-01,
16:38:52.08194924, 1.0000E+00, 2.3000E+00,-5.3333E-01,
16:38:52.08194929, 1.0000E+00, 2.2333E+00, 4.0000E-01,
16:38:52.08194934, 1.0133E+00, 2.2333E+00, 0.0000E+00,
16:38:52.08194939, 1.0133E+00, 2.2667E+00, 1.3333E-01,
16:38:52.08194944, 1.0000E+00, 2.3000E+00,-2.6667E-01,
16:38:52.08194949, 1.0000E+00, 2.2333E+00,-2.6667E-01,
16:38:52.08194954, 1.0133E+00, 2.2333E+00, 1.3333E-01,
16:38:52.08194959, 1.0000E+00, 2.2333E+00, 1.3333E-01,
16:38:52.08194964, 1.0000E+00, 2.2333E+00, 0.0000E+00,
16:38:52.08194969, 9.8667E-01, 2.2333E+00,-1.3333E-01,
16:38:52.08194974, 1.0000E+00, 2.2333E+00, 5.3333E-01,
16:38:52.08194979, 1.0133E+00, 2.2667E+00, 1.3333E-01,
16:38:52.08194984, 1.0000E+00, 2.2333E+00, 2.6667E-01,
16:38:52.08194989, 9.8667E-01, 2.2333E+00, 4.0000E-01,
16:38:52.08194994, 1.0133E+00, 2.2667E+00, 2.6667E-01,
16:38:52.08194999, 1.0133E+00, 2.2333E+00, 0.0000E+00,
16:38:52.08195004, 1.0000E+00, 2.2333E+00, 1.3333E-01,
16:38:52.08195009, 1.0000E+00, 2.3000E+00, 1.3333E-01,
16:38:52.08195014, 9.6000E-01, 2.2667E+00, 0.0000E+00,
16:38:52.08195019, 1.0000E+00, 2.2000E+00, 2.6667E-01,
16:38:52.08195024, 1.0267E+00, 2.2333E+00, 1.3333E-01,
16:38:52.08195029, 9.8667E-01, 2.2667E+00, 0.0000E+00,
16:38:52.08195034, 1.0000E+00, 2.2333E+00, 0.0000E+00,
16:38:52.08195039, 1.0667E+00, 2.2667E+00,-1.3333E-01,
16:38:52.08195044, 1.0133E+00, 2.2667E+00, 4.0000E-01,
16:38:52.08195049, 1.0267E+00, 2.2333E+00, 5.3333E-01,
16:38:52.08195054, 9.8667E-01, 2.2000E+00, 0.0000E+00,
16:38:52.08195059, 1.0000E+00, 2.2667E+00, 0.0000E+00,
16:38:52.08195064, 1.0000E+00, 2.2333E+00, 1.3333E-01,
16:38:52.08195069, 9.7333E-01, 2.2333E+00, 1.3333E-01,
16:38:52.08195074, 1.0000E+00, 2.1667E+00, 2.6667E-01,
16:38:52.08195079, 1.0000E+00, 2.1667E+00, 2.6667E-01,
16:38:52.08195084, 1.0133E+00, 2.2333E+00, 4.0000E-01,
16:38:52.08195089, 1.0000E+00, 2.2333E+00, 0.0000E+00,
16:38:52.08195094, 1.0000E+00, 2.2333E+00, 2.6667E-01,
16:38:52.08195099, 9.8667E-01, 2.3000E+00, 0.0000E+00,
16:38:52.08195104, 9.8667E-01, 2.2667E+00, 2.6667E-01,
16:38:52.08195109, 1.0133E+00, 2.2333E+00, 0.0000E+00,
16:38:52.08195114, 1.0000E+00, 2.2333E+00, 0.0000E+00,
16:38:52.08195119, 1.0133E+00, 2.2667E+00, 1.3333E-01,
16:38:52.08195124, 9.7333E-01, 2.2333E+00, 2.6667E-01,
16:38:52.08195129, 1.0133E+00, 2.2333E+00, 2.6667E-01,
16:38:52.08195134, 1.0267E+00, 2.2667E+00, 1.3333E-01,
16:38:52.08195139, 1.0133E+00, 2.2667E+00, 2.6667E-01,
16:38:52.08195144, 1.0000E+00, 2.2333E+00, 0.0000E+00,
16:38:52.08195149, 9.6000E-01, 2.3333E+00,-1.3333E-01,
16:38:52.08195154, 1.0133E+00, 2.2333E+00,-1.3333E-01,
16:38:52.08195159, 1.0133E+00, 2.2333E+00, 4.0000E-01,
16:38:52.08195164, 9.6000E-01, 2.3333E+00, 0.0000E+00,
16:38:52.08195169, 1.0267E+00, 2.2333E+00, 4.0000E-01,
16:38:52.08195174, 1.0133E+00, 2.2333E+00, 1.3333E-01,
16:38:52.08195179, 1.0000E+00, 2.2333E+00, 0.0000E+00,
16:38:52.08195184, 1.0133E+00, 2.2333E+00, 0.0000E+00,
16:38:52.08195189, 9.7333E-01, 2.3000E+00, 2.6667E-01,
16:38:52.08195194, 9.8667E-01, 2.2333E+00, 2.6667E-01,
16:38:52.08195199, 9.8667E-01, 2.2667E+00, 2.6667E-01,
16:38:52.08195204, 9.6000E-01, 2.2333E+00, 2.6667E-01,
16:38:52.08195209, 1.0133E+00, 2.2000E+00, 0.0000E+00,
16:38:52.08195214, 1.0400E+00, 2.2333E+00, 1.3333E-01,
16:38:52.08195219, 1.0000E+00, 2.2000E+00,-2.6667E-01,
16:38:52.08195224, 9.7333E-01, 2.2333E+00, 1.3333E-01,
16:38:52.08195229, 1.0000E+00, 2.2333E+00, 5.3333E-01,
16:38:52.08195234, 1.0133E+00, 2.2333E+00, 2.6667E-01,
16:38:52.08195239, 1.0000E+00, 2.3667E+00, 0.0000E+00,
16:38:52.08195244, 9.7333E-01, 2.3000E+00,-1.3333E-01,
16:38:52.08195249, 9.8667E-01, 2.2333E+00, 1.3333E-01,
16:38:52.08195254, 1.0000E+00, 2.2667E+00, 2.6667E-01,
16:38:52.08195259, 1.0133E+00, 2.2667E+00,-1.3333E-01,
16:38:52.08195264, 1.0000E+00, 2.2667E+00, 0.0000E+00,
16:38:52.08195269, 1.0133E+00, 2.2333E+00, 1.3333E-01,
16:38:52.08195274, 1.0267E+00, 2.2333E+00, 1.3333E-01,
16:38:52.08195279, 1.0267E+00, 2.2333E+00, 2.6667E-01,
16:38:52.08195284, 1.0000E+00, 2.3000E+00, 0.0000E+00,
16:38:52.08195289, 1.0000E+00, 2.2333E+00,-1.3333E-01,
16:38:52.08195294, 1.0133E+00, 2.2333E+00, 2.6667E-01,
16:38:52.08195299, 1.0000E+00, 2.2333E+00, 1.3333E-01,
16:38:52.08195304, 1.0000E+00, 2.2333E+00, 1.3333E-01,
16:38:52.08195309, 1.0000E+00, 2.2333E+00,-1.3333E-01,
16:38:52.08195314, 1.0133E+00, 2.2667E+00, 0.0000E+00,
16:38:52.08195319, 1.0267E+00, 2.2333E+00, 2.6667E-01,
16:38:52.08195324, 1.0267E+00, 2.2333E+00, 2.6667E-01,
16:38:52.08195329, 9.7333E-01, 2.2333E+00, 4.0000E-01,
16:38:52.08195334, 1.0267E+00, 2.3000E+00, 1.3333E-01,
16:38:52.08195339, 9.8667E-01, 2.2000E+00, 2.6667E-01,
16:38:52.08195344, 9.7333E-01, 2.2333E+00, 1.3333E-01,
16:38:52.08195349, 1.0133E+00, 2.2000E+00,-1.3333E-01,
16:38:52.08195354, 9.8667E-01, 2.2333E+00, 0.0000E+00,
16:38:52.08195359, 1.0000E+00, 2.2333E+00, 0.0000E+00,
16:38:52.08195364, 9.4667E-01, 2.2667E+00,-1.3333E-01,
16:38:52.08195369, 7.6000E-01, 2.2333E+00, 6.6667E-01,
16:38:52.08195374, 6.8000E-01, 2.2000E+00, 2.6667E-01,
16:38:52.08195379, 6.5333E-01, 2.2333E+00, 0.0000E+00,
16:38:52.08195384, 6.4000E-01, 2.3000E+00, 1.3333E-01,
16:38:52.08195389, 6.0000E-01, 2.2333E+00, 1.3333E-01,
16:38:52.08195394, 5.8667E-01, 2.1667E+00, 0.0000E+00,
16:38:52.08195399, 5.8667E-01, 2.2333E+00, 2.6667E-01,
16:38:52.08195404, 5.7333E-01, 2.2333E+00, 4.0000E-01,
16:38:52.08195409, 5.8667E-01, 2.2333E+00, 2.6667E-01,
16:38:52.08195414, 5.7333E-01, 2.3000E+00, 2.6667E-01,
16:38:52.08195419, 5.7333E-01, 2.2333E+00, 1.3333E-01,
16:38:52.08195424, 5.3333E-01, 2.2000E+00, 1.3333E-01,
16:38:52.08195429, 5.7333E-01, 2.2667E+00, 1.3333E-01,
16:38:52.08195434, 6.0000E-01, 2.2333E+00, 2.6667E-01,
16:38:52.08195439, 5.4667E-01, 2.2333E+00, 2.6667E-01,
16:38:52.08195444, 5.4667E-01, 2.2000E+00, 1.3333E-01,
16:38:52.08195449, 5.6000E-01, 2.2333E+00, 2.6667E-01,
16:38:52.08195454, 5.6000E-01, 2.2000E+00, 4.0000E-01,
16:38:52.08195459, 5.2000E-01, 2.2333E+00, 0.0000E+00,
16:38:52.08195464, 5.7333E-01, 2.2333E+00, 1.3333E-01,
16:38:52.08195469, 5.2000E-01, 2.3000E+00, 2.6667E-01,
16:38:52.08195474, 5.6000E-01, 2.2333E+00, 1.3333E-01,
16:38:52.08195479, 5.4667E-01, 2.2333E+00, 0.0000E+00,
16:38:52.08195484, 5.2000E-01, 2.2333E+00, 2.6667E-01,
16:38:52.08195489, 5.4667E-01, 2.2333E+00, 4.0000E-01,
16:38:52.08195494, 5.2000E-01, 2.2333E+00,-1.3333E-01,
16:38:52.08195499, 5.2000E-01, 2.2667E+00, 2.6667E-01,
16:38:52.08195504, 5.2000E-01, 2.2667E+00, 1.3333E-01,
16:38:52.08195509, 5.4667E-01, 2.3000E+00, 2.6667E-01,
16:38:52.08195514, 5.2000E-01, 2.3000E+00,-4.0000E-01,
16:38:52.08195519, 5.3333E-01, 2.2333E+00, 2.6667E-01,
16:38:52.08195524, 5.3333E-01, 2.2333E+00, 1.3333E-01,
16:38:52.08195529, 5.2000E-01, 2.2333E+00,-2.6667E-01,
16:38:52.08195534, 5.2000E-01, 2.3000E+00, 2.6667E-01,
16:38:52.08195539, 5.0667E-01, 2.2333E+00,-1.3333E-01,
16:38:52.08195544, 5.2000E-01, 2.2333E+00,-1.3333E-01,
16:38:52.08195549, 5.0667E-01, 2.2000E+00, 1.3333E-01,
16:38:52.08195554, 5.0667E-01, 2.2000E+00, 2.6667E-01,
16:38:52.08195559, 5.2000E-01, 2.2333E+00, 2.6667E-01,
16:38:52.08195564, 5.2000E-01, 2.2667E+00, 4.0000E-01,
16:38:52.08195569, 5.0667E-01, 2.2667E+00, 1.3333E-01,
16:38:52.08195574, 4.9333E-01, 2.2333E+00, 0.0000E+00,
16:38:52.08195579, 5.2000E-01, 2.2333E+00,-2.6667E-01,
16:38:52.08195584, 4.8000E-01, 2.3000E+00,-1.3333E-01,
16:38:52.08195589, 5.2000E-01, 2.2333E+00, 4.0000E-01,
16:38:52.08195594, 5.2000E-01, 2.2333E+00, 0.0000E+00,
16:38:52.08195599, 4.9333E-01, 2.2333E+00,-2.6667E-01,
16:38:52.08195604, 5.2000E-01, 2.2333E+00, 0.0000E+00,
16:38:52.08195609, 5.2000E-01, 2.2000E+00, 1.3333E-01,
16:38:52.08195614, 5.2000E-01, 2.2333E+00, 4.0000E-01,
16:38:52.08195619, 5.0667E-01, 2.2333E+00, 2.6667E-01,
16:38:52.08195624, 5.0667E-01, 2.2667E+00, 0.0000E+00,
16:38:52.08195629, 4.8000E-01, 2.2667E+00, 1.3333E-01,
16:38:52.08195634, 5.2000E-01, 2.2333E+00, 0.0000E+00,
16:38:52.08195639, 4.9333E-01, 2.2333E+00, 0.0000E+00,
16:38:52.08195644, 4.9333E-01, 2.2333E+00, 2.6667E-01,
16:38:52.08195649, 5.2000E-01, 2.2667E+00,-1.3333E-01,
16:38:52.08195654, 5.2000E-01, 2.2000E+00, 4.0000E-01,
16:38:52.08195659, 5.0667E-01, 2.2000E+00, 0.0000E+00,
16:38:52.08195664, 4.9333E-01, 2.2667E+00, 2.6667E-01,
16:38:52.08195669, 5.2000E-01, 2.2667E+00, 0.0000E+00,
16:38:52.08195674, 4.6667E-01, 2.2333E+00, 1.3333E-01,
16:38:52.08195679, 4.6667E-01, 2.2333E+00, 0.0000E+00,
16:38:52.08195684, 4.6667E-01, 2.2000E+00,-1.3333E-01,
16:38:52.08195689, 4.6667E-01, 2.2333E+00, 1.3333E-01,
16:38:52.08195694, 5.0667E-01, 2.2333E+00, 1.3333E-01,
16:38:52.08195699, 5.0667E-01, 2.2667E+00, 0.0000E+00,
16:38:52.08195704, 4.6667E-01, 2.2333E+00, 0.0000E+00,
16:38:52.08195709, 4.9333E-01, 2.2333E+00, 5.3333E-01,
16:38:52.08195714, 4.8000E-01, 2.2000E+00, 4.0000E-01,
16:38:52.08195719, 4.9333E-01, 2.2333E+00, 1.3333E-01,
16:38:52.08195724, 4.8000E-01, 2.2000E+00,-1.3333E-01,
16:38:52.08195729, 4.5333E-01, 2.2000E+00, 2.6667E-01,
16:38:52.08195734, 4.5333E-01, 2.2333E+00,-4.0000E-01,
16:38:52.08195739, 4.9333E-01, 2.2667E+00,-1.3333E-01,
16:38:52.08195744, 4.9333E-01, 2.2333E+00, 1.3333E-01,
16:38:52.08195749, 4.6667E-01, 2.3000E+00,-1.3333E-01,
16:38:52.08195754, 4.9333E-01, 2.2333E+00, 2.6667E-01,
16:38:52.08195759, 4.8000E-01, 2.2667E+00, 0.0000E+00,
16:38:52.08195764, 4.6667E-01, 2.2333E+00,-1.3333E-01,
16:38:52.08195769, 4.6667E-01, 2.2000E+00, 2.6667E-01,
16:38:52.08195774, 4.6667E-01, 2.2333E+00, 1.3333E-01,
16:38:52.08195779, 4.5333E-01, 2.2333E+00,-1.3333E-01,
16:38:52.08195784, 4.5333E-01, 2.2333E+00, 1.3333E-01,
16:38:52.08195789, 4.8000E-01, 2.2667E+00, 1.3333E-01,
16:38:52.08195794, 4.6667E-01, 2.2667E+00, 2.6667E-01,
16:38:52.08195799, 4.6667E-01, 2.2000E+00, 1.3333E-01,
16:38:52.08195804, 4.8000E-01, 2.2333E+00, 0.0000E+00,
16:38:52.08195809, 4.2667E-01, 2.3000E+00, 2.6667E-01,
16:38:52.08195814, 5.0667E-01, 2.2667E+00, 4.0000E-01,
16:38:52.08195819, 4.6667E-01, 2.2333E+00, 4.0000E-01,
16:38:52.08195824, 4.9333E-01, 2.2333E+00, 0.0000E+00,
16:38:52.08195829, 4.5333E-01, 2.2333E+00, 0.0000E+00,
16:38:52.08195834, 4.5333E-01, 2.2333E+00, 1.3333E-01,
16:38:52.08195839, 4.6667E-01, 2.2667E+00,-1.3333E-01,
16:38:52.08195844, 4.8000E-01, 2.2000E+00, 4.0000E-01,
16:38:52.08195849, 4.6667E-01, 2.2333E+00, 0.0000E+00,
16:38:52.08195854, 5.0667E-01, 2.2333E+00, 0.0000E+00,
16:38:52.08195859, 4.8000E-01, 2.2333E+00, 1.3333E-01,
16:38:52.08195864, 4.6667E-01, 2.2333E+00, 2.6667E-01,
16:38:52.08195869, 4.6667E-01, 2.2333E+00, 1.3333E-01,
16:38:52.08195874, 4.5333E-01, 2.2333E+00, 1.3333E-01,
16:38:52.08195879, 4.5333E-01, 2.2667E+00, 1.3333E-01,
16:38:52.08195884, 4.6667E-01, 2.2333E+00, 1.3333E-01,
16:38:52.08195889, 4.2667E-01, 2.2667E+00,-1.3333E-01,
16:38:52.08195894, 4.5333E-01, 2.2333E+00, 0.0000E+00,
16:38:52.08195899, 4.4000E-01, 2.3000E+00, 1.3333E-01,
16:38:52.08195904, 4.4000E-01, 2.2667E+00, 2.6667E-01,
16:38:52.08195909, 4.4000E-01, 2.3000E+00, 0.0000E+00,
16:38:52.08195914, 4.5333E-01, 2.2333E+00, 0.0000E+00,
16:38:52.08195919, 4.2667E-01, 2.2333E+00, 0.0000E+00,
16:38:52.08195924, 4.6667E-01, 2.2333E+00, 1.3333E-01,
16:38:52.08195929, 4.4000E-01, 2.2667E+00,-1.3333E-01,
16:38:52.08195934, 4.6667E-01, 2.2333E+00, 0.0000E+00,
16:38:52.08195939, 4.2667E-01, 2.2667E+00,-1.3333E-01,
16:38:52.08195944, 4.4000E-01, 2.3000E+00, 4.0000E-01,
16:38:52.08195949, 4.4000E-01, 2.2000E+00, 0.0000E+00,
16:38:52.08195954, 4.1333E-01, 2.2333E+00, 2.6667E-01,
16:38:52.08195959, 4.4000E-01, 2.2333E+00, 1.3333E-01,
16:38:52.08195964, 3.8667E-01, 2.2667E+00, 2.6667E-01,
16:38:52.08195969, 4.1333E-01, 2.2333E+00, 4.0000E-01,
16:38:52.08195974, 4.1333E-01, 2.2667E+00, 1.3333E-01,
16:38:52.08195979, 4.6667E-01, 2.2333E+00, 1.3333E-01,
16:38:52.08195984, 4.2667E-01, 2.3000E+00, 0.0000E+00,
16:38:52.08195989, 4.4000E-01, 2.2333E+00, 2.6667E-01,
16:38:52.08195994, 4.2667E-01, 2.2333E+00, 1.3333E-01,
16:38:52.08195999, 4.5333E-01, 2.2000E+00, 4.0000E-01,
16:38:52.08196004, 4.0000E-01, 2.2333E+00, 2.6667E-01,
16:38:52.08196009, 4.4000E-01, 2.2333E+00,-1.3333E-01,
16:38:52.08196014, 4.2667E-01, 2.2000E+00, 0.0000E+00,
16:38:52.08196019, 4.1333E-01, 2.2333E+00, 4.0000E-01,
16:38:52.08196024, 4.4000E-01, 2.2333E+00, 0.0000E+00,
16:38:52.08196029, 4.2667E-01, 2.2000E+00,-1.3333E-01,
16:38:52.08196034, 4.2667E-01, 2.2333E+00, 2.6667E-01,
16:38:52.08196039, 4.2667E-01, 2.3667E+00, 0.0000E+00,
16:38:52.08196044, 4.1333E-01, 2.2333E+00, 1.3333E-01,
16:38:52.08196049, 4.1333E-01, 2.2000E+00, 2.6667E-01,
16:38:52.08196054, 4.1333E-01, 2.2333E+00, 4.0000E-01,
16:38:52.08196059, 4.0000E-01, 2.2333E+00, 1.3333E-01,
16:38:52.08196064, 3.8667E-01, 2.3000E+00, 1.3333E-01,
16:38:52.08196069, 4.1333E-01, 2.2667E+00, 0.0000E+00,
16:38:52.08196074, 4.4000E-01, 2.2333E+00, 0.0000E+00,
16:38:52.08196079, 4.2667E-01, 2.2333E+00,-1.3333E-01,
16:38:52.08196084, 4.2667E-01, 2.2333E+00,-1.3333E-01,
16:38:52.08196089, 4.4000E-01, 2.2667E+00, 4.0000E-01,
16:38:52.08196094, 4.1333E-01, 2.2333E+00, 0.0000E+00,
16:38:52.08196099, 4.0000E-01, 2.2333E+00,-1.3333E-01,
16:38:52.08196104, 4.0000E-01, 2.2333E+00, 1.3333E-01,
16:38:52.08196109, 4.5333E-01, 2.2333E+00, 0.0000E+00,
16:38:52.08196114, 4.1333E-01, 2.2333E+00, 2.6667E-01,
16:38:52.08196119, 4.2667E-01, 2.2000E+00,-1.3333E-01,
16:38:52.08196124, 4.0000E-01, 2.2333E+00, 0.0000E+00,
16:38:52.08196129, 4.2667E-01, 2.2667E+00, 2.6667E-01,
16:38:52.08196134, 4.2667E-01, 2.2333E+00, 4.0000E-01,
16:38:52.08196139, 4.4000E-01, 2.2667E+00, 1.3333E-01,
16:38:52.08196144, 4.2667E-01, 2.2667E+00, 1.3333E-01,
16:38:52.08196149, 3.8667E-01, 2.2333E+00, 2.6667E-01,
16:38:52.08196154, 4.1333E-01, 2.2333E+00, 0.0000E+00,
16:38:52.08196159, 3.8667E-01, 2.2333E+00, 0.0000E+00,
16:38:52.08196164, 3.8667E-01, 2.2667E+00,-1.3333E-01,
16:38:52.08196169, 4.0000E-01, 2.2667E+00, 0.0000E+00,
16:38:52.08196174, 4.0000E-01, 2.2667E+00, 2.6667E-01,
16:38:52.08196179, 4.0000E-01, 2.2667E+00, 1.3333E-01,
16:38:52.08196184, 4.0000E-01, 2.2333E+00,-2.6667E-01,
16:38:52.08196189, 4.0000E-01, 2.2333E+00, 1.3333E-01,
16:38:52.08196194, 3.7333E-01, 2.2333E+00, 0.0000E+00,
16:38:52.08196199, 3.7333E-01, 2.2333E+00, 2.6667E-01,
16:38:52.08196204, 3.8667E-01, 2.2000E+00, 2.6667E-01,
16:38:52.08196209, 4.1333E-01, 2.2333E+00, 1.3333E-01,
16:38:52.08196214, 3.7333E-01, 2.2667E+00, 1.3333E-01,
16:38:52.08196219, 3.8667E-01, 2.2667E+00, 0.0000E+00,
16:38:52.08196224, 3.8667E-01, 2.2333E+00, 0.0000E+00,
16:38:52.08196229, 4.4000E-01, 2.2333E+00, 1.3333E-01,
16:38:52.08196234, 4.0000E-01, 2.2000E+00, 1.3333E-01,
16:38:52.08196239, 4.1333E-01, 2.2667E+00, 2.6667E-01,
16:38:52.08196244, 3.7333E-01, 2.2333E+00, 1.3333E-01,
16:38:52.08196249, 3.8667E-01, 2.2667E+00,-2.6667E-01,
16:38:52.08196254, 3.7333E-01, 2.3000E+00,-1.3333E-01,
16:38:52.08196259, 4.1333E-01, 2.2333E+00, 2.6667E-01,
16:38:52.08196264, 3.7333E-01, 2.2333E+00, 0.0000E+00,
16:38:52.08196269, 4.1333E-01, 2.2667E+00, 0.0000E+00,
16:38:52.08196274, 3.8667E-01, 2.2333E+00, 0.0000E+00,
16:38:52.08196279, 4.0000E-01, 2.2333E+00, 1.3333E-01,
16:38:52.08196284, 3.8667E-01, 2.2333E+00, 1.3333E-01,
16:38:52.08196289, 4.1333E-01, 2.2333E+00,-1.3333E-01,
16:38:52.08196294, 3.7333E-01, 2.2333E+00, 2.6667E-01,
16:38:52.08196299, 3.7333E-01, 2.2667E+00, 0.0000E+00,
16:38:52.08196304, 3.7333E-01, 2.2333E+00,-2.6667E-01,
16:38:52.08196309, 4.1333E-01, 2.2333E+00, 0.0000E+00,
16:38:52.08196314, 3.8667E-01, 2.2333E+00, 4.0000E-01,
16:38:52.08196319, 3.8667E-01, 2.2667E+00, 0.0000E+00,
16:38:52.08196324, 4.0000E-01, 2.2333E+00, 1.3333E-01,
16:38:52.08196329, 3.8667E-01, 2.2333E+00, 0.0000E+00,
16:38:52.08196334, 3.7333E-01, 2.2000E+00, 0.0000E+00,
16:38:52.08196339, 3.7333E-01, 2.2333E+00, 4.0000E-01,
16:38:52.08196344, 3.7333E-01, 2.2333E+00,-1.3333E-01,
16:38:52.08196349, 3.6000E-01, 2.2333E+00, 2.6667E-01,
16:38:52.08196354, 3.6000E-01, 2.2333E+00, 1.3333E-01,
16:38:52.08196359, 3.7333E-01, 2.2333E+00, 2.6667E-01,
16:38:52.08196364, 3.7333E-01, 2.2333E+00, 0.0000E+00,
16:38:52.08196369, 3.6000E-01, 2.2333E+00, 0.0000E+00,
16:38:52.08196374, 3.8667E-01, 2.2333E+00, 1.3333E-01,
16:38:52.08196379, 3.7333E-01, 2.2667E+00, 0.0000E+00,
16:38:52.08196384, 3.7333E-01, 2.2333E+00,-1.3333E-01,
16:38:52.08196389, 3.6000E-01, 2.2667E+00, 1.3333E-01,
16:38:52.08196394, 3.7333E-01, 2.2333E+00, 1.3333E-01,
16:38:52.08196399, 3.6000E-01, 2.2333E+00,-1.3333E-01,
16:38:52.08196404, 3.7333E-01, 2.2667E+00, 1.3333E-01,
16:38:52.08196409, 3.4667E-01, 2.2333E+00, 1.3333E-01,
16:38:52.08196414, 3.7333E-01, 2.2333E+00, 2.6667E-01,
16:38:52.08196419, 3.7333E-01, 2.2333E+00, 0.0000E+00,
16:38:52.08196424, 3.7333E-01, 2.2000E+00,-2.6667E-01,
16:38:52.08196429, 3.7333E-01, 2.2000E+00,-1.3333E-01,
16:38:52.08196434, 3.6000E-01, 2.3000E+00, 1.3333E-01,
16:38:52.08196439, 3.3333E-01, 2.2333E+00, 0.0000E+00,
16:38:52.08196444, 3.6000E-01, 2.2000E+00, 1.3333E-01,
16:38:52.08196449, 3.4667E-01, 2.2333E+00, 1.3333E-01,
16:38:52.08196454, 3.7333E-01, 2.2000E+00, 0.0000E+00,
16:38:52.08196459, 3.7333E-01, 2.2667E+00,-1.3333E-01,
16:38:52.08196464, 3.7333E-01, 2.2667E+00,-4.0000E-01,
16:38:52.08196469, 3.7333E-01, 2.2667E+00, 2.6667E-01,
16:38:52.08196474, 3.8667E-01, 2.2333E+00, 2.6667E-01,
16:38:52.08196479, 3.7333E-01, 2.2333E+00, 1.3333E-01,
16:38:52.08196484, 3.4667E-01, 2.2333E+00, 0.0000E+00,
16:38:52.08196489, 3.7333E-01, 2.2333E+00, 0.0000E+00,
16:38:52.08196494, 3.3333E-01, 2.2000E+00, 1.3333E-01,
16:38:52.08196499, 3.7333E-01, 2.2667E+00, 5.3333E-01,
16:38:52.08196504, 3.6000E-01, 2.2667E+00, 1.3333E-01,
16:38:52.08196509, 3.3333E-01, 2.2333E+00, 1.3333E-01,
16:38:52.08196514, 3.7333E-01, 2.2667E+00, 1.3333E-01,
16:38:52.08196519, 3.6000E-01, 2.2333E+00, 0.0000E+00,
16:38:52.08196524, 3.7333E-01, 2.2333E+00, 0.0000E+00,
16:38:52.08196529, 3.7333E-01, 2.2333E+00, 2.6667E-01,
16:38:52.08196534, 3.4667E-01, 2.2667E+00, 2.6667E-01,
16:38:52.08196539, 3.2000E-01, 2.2667E+00, 0.0000E+00,
16:38:52.08196544, 3.7333E-01, 2.2333E+00, 2.6667E-01,
16:38:52.08196549, 3.7333E-01, 2.2333E+00, 1.3333E-01,
16:38:52.08196554, 3.7333E-01, 2.2667E+00, 0.0000E+00,
16:38:52.08196559, 3.6000E-01, 2.2667E+00, 0.0000E+00,
16:38:52.08196564, 3.6000E-01, 2.2667E+00, 0.0000E+00,
16:38:52.08196569, 3.7333E-01, 2.2333E+00,-1.3333E-01,
16:38:52.08196574, 3.7333E-01, 2.2667E+00, 2.6667E-01,
16:38:52.08196579, 3.7333E-01, 2.2333E+00, 2.6667E-01,
16:38:52.08196584, 3.4667E-01, 2.3000E+00, 2.6667E-01,
16:38:52.08196589, 3.4667E-01, 2.2333E+00, 2.6667E-01,
16:38:52.08196594, 3.3333E-01, 2.3000E+00, 1.3333E-01,
16:38:52.08196599, 3.3333E-01, 2.2667E+00, 1.3333E-01,
16:38:52.08196604, 3.7333E-01, 2.2333E+00,-1.3333E-01,
16:38:52.08196609, 3.7333E-01, 2.2333E+00, 1.3333E-01,
16:38:52.08196614, 3.4667E-01, 2.2333E+00, 1.3333E-01,
16:38:52.08196619, 3.4667E-01, 2.2667E+00, 0.0000E+00,
16:38:52.08196624, 3.6000E-01, 2.2333E+00,-1.3333E-01,
16:38:52.08196629, 3.4667E-01, 2.2333E+00, 2.6667E-01,
16:38:52.08196634, 3.6000E-01, 2.2000E+00, 4.0000E-01,
16:38:52.08196639, 3.0667E-01, 2.2333E+00, 2.6667E-01,
16:38:52.08196644, 3.6000E-01, 2.2333E+00, 4.0000E-01,
16:38:52.08196649, 3.3333E-01, 2.3000E+00, 2.6667E-01,
16:38:52.08196654, 3.0667E-01, 2.2667E+00, 1.3333E-01,
16:38:52.08196659, 3.3333E-01, 2.2333E+00, 0.0000E+00,
16:38:52.08196664, 3.6000E-01, 2.2667E+00, 1.3333E-01,
16:38:52.08196669, 3.6000E-01, 2.2000E+00, 0.0000E+00,
16:38:52.08196674, 3.7333E-01, 2.1333E+00, 1.3333E-01,
16:38:52.08196679, 3.6000E-01, 2.2333E+00, 0.0000E+00,
16:38:52.08196684, 2.9333E-01, 2.2333E+00, 1.3333E-01,
16:38:52.08196689, 3.3333E-01, 2.2333E+00,-1.3333E-01,
16:38:52.08196694, 3.4667E-01, 2.3000E+00, 0.0000E+00,
16:38:52.08196699, 3.4667E-01, 2.2333E+00, 4.0000E-01,
16:38:52.08196704, 3.0667E-01, 2.2333E+00, 1.3333E-01,
16:38:52.08196709, 3.4667E-01, 2.2333E+00, 5.3333E-01,
16:38:52.08196714, 3.3333E-01, 2.2333E+00, 0.0000E+00,
16:38:52.08196719, 3.4667E-01, 2.2000E+00, 1.3333E-01,
16:38:52.08196724, 3.3333E-01, 2.2667E+00, 1.3333E-01,
16:38:52.08196729, 3.4667E-01, 2.2667E+00,-4.0000E-01,
16:38:52.08196734, 3.2000E-01, 2.2333E+00, 4.0000E-01,
16:38:52.08196739, 3.3333E-01, 2.2333E+00, 4.0000E-01,
16:38:52.08196744, 3.3333E-01, 2.3000E+00, 2.6667E-01,
16:38:52.08196749, 2.9333E-01, 2.2667E+00, 1.3333E-01,
16:38:52.08196754, 3.4667E-01, 2.2333E+00, 0.0000E+00,
16:38:52.08196759, 3.3333E-01, 2.2333E+00, 0.0000E+00,
16:38:52.08196764, 3.7333E-01, 2.2333E+00, 2.6667E-01,
16:38:52.08196769, 3.4667E-01, 2.2333E+00, 1.3333E-01,
16:38:52.08196774, 3.2000E-01, 2.2333E+00, 1.3333E-01,
16:38:52.08196779, 3.0667E-01, 2.2667E+00, 0.0000E+00,
16:38:52.08196784, 2.9333E-01, 2.2333E+00, 0.0000E+00,
16:38:52.08196789, 3.2000E-01, 2.2333E+00, 1.3333E-01,
16:38:52.08196794, 3.4667E-01, 2.2667E+00, 4.0000E-01,
16:38:52.08196799, 3.4667E-01, 2.2667E+00, 0.0000E+00,
16:38:52.08196804, 3.2000E-01, 2.2333E+00, 2.6667E-01,
16:38:52.08196809, 3.4667E-01, 2.2000E+00, 1.3333E-01,
16:38:52.08196814, 3.3333E-01, 2.2333E+00, 2.6667E-01,
16:38:52.08196819, 2.9333E-01, 2.2333E+00, 2.6667E-01,
16:38:52.08196824, 2.9333E-01, 2.2333E+00, 2.6667E-01,
16:38:52.08196829, 3.0667E-01, 2.2667E+00,-1.3333E-01,
16:38:52.08196834, 3.2000E-01, 2.2333E+00, 1.3333E-01,
16:38:52.08196839, 2.9333E-01, 2.2000E+00, 4.0000E-01,
16:38:52.08196844, 3.4667E-01, 2.2333E+00, 4.0000E-01,
16:38:52.08196849, 2.9333E-01, 2.2333E+00, 1.3333E-01,
16:38:52.08196854, 3.0667E-01, 2.2333E+00, 0.0000E+00,
16:38:52.08196859, 3.2000E-01, 2.2333E+00, 1.3333E-01,
16:38:52.08196864, 3.2000E-01, 2.2333E+00,-1.3333E-01,
16:38:52.08196869, 3.0667E-01, 2.2000E+00,-2.6667E-01,
16:38:52.08196874, 3.3333E-01, 2.2333E+00, 0.0000E+00,
16:38:52.08196879, 3.0667E-01, 2.2333E+00, 0.0000E+00,
16:38:52.08196884, 3.0667E-01, 2.2333E+00, 1.3333E-01,
16:38:52.08196889, 3.2000E-01, 2.2333E+00, 0.0000E+00,
16:38:52.08196894, 3.0667E-01, 2.2333E+00, 4.0000E-01,
16:38:52.08196899, 3.0667E-01, 2.2333E+00, 1.3333E-01,
16:38:52.08196904, 3.2000E-01, 2.2333E+00, 2.6667E-01,
16:38:52.08196909, 3.0667E-01, 2.2333E+00, 0.0000E+00,
16:38:52.08196914, 3.0667E-01, 2.2333E+00,-1.3333E-01,
16:38:52.08196919, 2.8000E-01, 2.2000E+00,-1.3333E-01,
16:38:52.08196924, 2.8000E-01, 2.2333E+00, 2.6667E-01,
16:38:52.08196929, 2.9333E-01, 2.2333E+00, 1.3333E-01,
16:38:52.08196934, 2.9333E-01, 2.3000E+00, 2.6667E-01,
16:38:52.08196939, 3.0667E-01, 2.2667E+00, 1.3333E-01,
16:38:52.08196944, 3.2000E-01, 2.2333E+00, 2.6667E-01,
16:38:52.08196949, 3.0667E-01, 2.2667E+00, 1.3333E-01,
16:38:52.08196954, 2.9333E-01, 2.2333E+00,-2.6667E-01,
16:38:52.08196959, 2.9333E-01, 2.2333E+00, 1.3333E-01,
16:38:52.08196964, 2.6667E-01, 2.2333E+00, 0.0000E+00,
16:38:52.08196969, 3.2000E-01, 2.2000E+00, 2.6667E-01,
16:38:52.08196974, 2.9333E-01, 2.2333E+00, 2.6667E-01,
16:38:52.08196979, 2.8000E-01, 2.2333E+00, 0.0000E+00,
16:38:52.08196984, 2.8000E-01, 2.2333E+00, 4.0000E-01,
16:38:52.08196989, 2.8000E-01, 2.2333E+00, 2.6667E-01,
16:38:52.08196994, 2.8000E-01, 2.2333E+00, 1.3333E-01,
16:38:52.08196999, 3.0667E-01, 2.2333E+00, 1.3333E-01,
16:38:52.08197004, 3.0667E-01, 2.2333E+00, 1.3333E-01,
16:38:52.08197009, 2.8000E-01, 2.2333E+00, 1.3333E-01,
16:38:52.08197014, 2.8000E-01, 2.2000E+00, 2.6667E-01,
16:38:52.08197019, 2.8000E-01, 2.2333E+00, 1.3333E-01,
16:38:52.08197024, 2.4000E-01, 2.2333E+00, 2.6667E-01,
16:38:52.08197029, 3.0667E-01, 2.2333E+00, 0.0000E+00,
16:38:52.08197034, 2.9333E-01, 2.2333E+00,-1.3333E-01,
16:38:52.08197039, 2.9333E-01, 2.2000E+00, 0.0000E+00,
16:38:52.08197044, 3.0667E-01, 2.2333E+00, 0.0000E+00,
16:38:52.08197049, 2.9333E-01, 2.2333E+00, 0.0000E+00,
16:38:52.08197054, 3.4667E-01, 2.3000E+00, 2.6667E-01,
16:38:52.08197059, 3.3333E-01, 2.2333E+00, 4.0000E-01,
16:38:52.08197064, 2.9333E-01, 2.2333E+00, 1.3333E-01,
16:38:52.08197069, 2.8000E-01, 2.2333E+00, 1.3333E-01,
16:38:52.08197074, 2.8000E-01, 2.2667E+00, 0.0000E+00,
16:38:52.08197079, 2.8000E-01, 2.3000E+00, 0.0000E+00,
16:38:52.08197084, 2.6667E-01, 2.2333E+00, 4.0000E-01,
16:38:52.08197089, 3.3333E-01, 2.2000E+00, 2.6667E-01,
16:38:52.08197094, 2.6667E-01, 2.2667E+00, 0.0000E+00,
16:38:52.08197099, 3.0667E-01, 2.3000E+00, 1.3333E-01,
16:38:52.08197104, 2.6667E-01, 2.2333E+00,-2.6667E-01,
16:38:52.08197109, 2.9333E-01, 2.1667E+00, 0.0000E+00,
16:38:52.08197114, 2.8000E-01, 2.2333E+00, 0.0000E+00,
16:38:52.08197119, 2.5333E-01, 2.2667E+00, 2.6667E-01,
16:38:52.08197124, 2.5333E-01, 2.2667E+00, 0.0000E+00,
16:38:52.08197129, 2.6667E-01, 2.2333E+00, 4.0000E-01,
16:38:52.08197134, 2.6667E-01, 2.2333E+00, 1.3333E-01,
16:38:52.08197139, 2.8000E-01, 2.2333E+00, 0.0000E+00,
16:38:52.08197144, 2.8000E-01, 2.2333E+00, 0.0000E+00,
16:38:52.08197149, 2.8000E-01, 2.2333E+00, 0.0000E+00,
16:38:52.08197154, 2.8000E-01, 2.2333E+00,-1.3333E-01,
16:38:52.08197159, 2.9333E-01, 2.2667E+00, 1.3333E-01,
16:38:52.08197164, 2.8000E-01, 2.2667E+00, 2.6667E-01,
16:38:52.08197169, 2.8000E-01, 2.2333E+00, 5.3333E-01,
16:38:52.08197174, 2.9333E-01, 2.3000E+00, 0.0000E+00,
16:38:52.08197179, 2.6667E-01, 2.2333E+00, 2.6667E-01,
16:38:52.08197184, 2.9333E-01, 2.2667E+00, 2.6667E-01,
16:38:52.08197189, 3.0667E-01, 2.2333E+00, 1.3333E-01,
16:38:52.08197194, 2.5333E-01, 2.2333E+00, 1.3333E-01,
16:38:52.08197199, 3.3333E-01, 2.2333E+00, 1.3333E-01,
16:38:52.08197204, 2.8000E-01, 2.2667E+00, 1.3333E-01,
16:38:52.08197209, 2.6667E-01, 2.2333E+00, 1.3333E-01,
16:38:52.08197214, 2.4000E-01, 2.2667E+00, 2.6667E-01,
16:38:52.08197219, 2.8000E-01, 2.2333E+00, 4.0000E-01,
16:38:52.08197224, 2.9333E-01, 2.2667E+00, 4.0000E-01,
16:38:52.08197229, 2.6667E-01, 2.2667E+00,-1.3333E-01,
16:38:52.08197234, 2.8000E-01, 2.2333E+00, 1.3333E-01,
16:38:52.08197239, 2.8000E-01, 2.2333E+00, 2.6667E-01,
16:38:52.08197244, 2.6667E-01, 2.3000E+00, 1.3333E-01,
16:38:52.08197249, 3.0667E-01, 2.2333E+00, 0.0000E+00,
16:38:52.08197254, 2.6667E-01, 2.2333E+00, 1.3333E-01,
16:38:52.08197259, 2.4000E-01, 2.2333E+00, 0.0000E+00,
16:38:52.08197264, 2.4000E-01, 2.2333E+00,-1.3333E-01,
16:38:52.08197269, 2.9333E-01, 2.2333E+00, 1.3333E-01,
16:38:52.08197274, 2.6667E-01, 2.3000E+00, 4.0000E-01,
16:38:52.08197279, 2.8000E-01, 2.2667E+00, 1.3333E-01,
16:38:52.08197284, 2.5333E-01, 2.2333E+00, 2.6667E-01,
16:38:52.08197289, 2.8000E-01, 2.2333E+00, 1.3333E-01,
16:38:52.08197294, 2.8000E-01, 2.2000E+00, 1.3333E-01,
16:38:52.08197299, 2.5333E-01, 2.2333E+00, 1.3333E-01,
16:38:52.08197304, 2.6667E-01, 2.2333E+00, 0.0000E+00,
16:38:52.08197309, 2.5333E-01, 2.2667E+00, 2.6667E-01,
16:38:52.08197314, 2.5333E-01, 2.2667E+00, 0.0000E+00,
16:38:52.08197319, 2.8000E-01, 2.2000E+00, 1.3333E-01,
16:38:52.08197324, 2.6667E-01, 2.3000E+00, 4.0000E-01,
16:38:52.08197329, 2.9333E-01, 2.3000E+00, 1.3333E-01,
16:38:52.08197334, 2.4000E-01, 2.2667E+00, 0.0000E+00,
16:38:52.08197339, 2.5333E-01, 2.2333E+00, 1.3333E-01,
16:38:52.08197344, 2.9333E-01, 2.2333E+00, 0.0000E+00,
16:38:52.08197349, 2.4000E-01, 2.2333E+00, 1.3333E-01,
16:38:52.08197354, 2.2667E-01, 2.2333E+00, 1.3333E-01,
16:38:52.08197359, 2.4000E-01, 2.2333E+00, 1.3333E-01,
16:38:52.08197364, 2.6667E-01, 2.2667E+00, 1.3333E-01,
16:38:52.08197369, 2.6667E-01, 2.2667E+00, 2.6667E-01,
16:38:52.08197374, 2.9333E-01, 2.2000E+00, 0.0000E+00,
16:38:52.08197379, 2.5333E-01, 2.2333E+00, 2.6667E-01,
16:38:52.08197384, 2.8000E-01, 2.1333E+00,-1.3333E-01,
16:38:52.08197389, 2.5333E-01, 2.2333E+00,-2.6667E-01,
16:38:52.08197394, 2.8000E-01, 2.1667E+00, 1.3333E-01,
16:38:52.08197399, 2.5333E-01, 2.3000E+00, 1.3333E-01,
16:38:52.08197404, 2.2667E-01, 2.2333E+00, 1.3333E-01,
16:38:52.08197409, 2.4000E-01, 2.3000E+00, 2.6667E-01,
16:38:52.08197414, 2.4000E-01, 2.2000E+00, 2.6667E-01,
16:38:52.08197419, 2.6667E-01, 2.2000E+00, 5.3333E-01,
16:38:52.08197424, 2.6667E-01, 2.2667E+00, 1.3333E-01,
16:38:52.08197429, 2.5333E-01, 2.2333E+00, 1.3333E-01,
16:38:52.08197434, 2.4000E-01, 2.2000E+00, 0.0000E+00,
16:38:52.08197439, 2.4000E-01, 2.2333E+00, 1.3333E-01,
16:38:52.08197444, 2.4000E-01, 2.2333E+00, 0.0000E+00,
16:38:52.08197449, 2.4000E-01, 2.2333E+00, 0.0000E+00,
16:38:52.08197454, 2.2667E-01, 2.2333E+00, 1.3333E-01,
16:38:52.08197459, 2.4000E-01, 2.2333E+00, 4.0000E-01,
16:38:52.08197464, 2.2667E-01, 2.2667E+00, 2.6667E-01,
16:38:52.08197469, 2.5333E-01, 2.2000E+00, 1.3333E-01,
16:38:52.08197474, 2.6667E-01, 2.2000E+00, 2.6667E-01,
16:38:52.08197479, 2.8000E-01, 2.2333E+00, 2.6667E-01,
16:38:52.08197484, 2.5333E-01, 2.2333E+00, 0.0000E+00,
16:38:52.08197489, 2.2667E-01, 2.2333E+00, 1.3333E-01,
16:38:52.08197494, 2.4000E-01, 2.3000E+00,-1.3333E-01,
16:38:52.08197499, 2.2667E-01, 2.2333E+00,-1.3333E-01,
16:38:52.08197504, 2.2667E-01, 2.2000E+00, 1.3333E-01,
16:38:52.08197509, 2.5333E-01, 2.2333E+00,-2.6667E-01,
16:38:52.08197514, 2.2667E-01, 2.1333E+00, 1.3333E-01,
16:38:52.08197519, 2.5333E-01, 2.2333E+00, 2.6667E-01,
16:38:52.08197524, 2.8000E-01, 2.2333E+00, 4.0000E-01,
16:38:52.08197529, 2.9333E-01, 2.2000E+00,-2.6667E-01,
16:38:52.08197534, 2.2667E-01, 2.2333E+00, 0.0000E+00,
16:38:52.08197539, 2.5333E-01, 2.2333E+00,-1.3333E-01,
16:38:52.08197544, 2.2667E-01, 2.2333E+00,-1.3333E-01,
16:38:52.08197549, 2.4000E-01, 2.3000E+00, 1.3333E-01,
16:38:52.08197554, 2.2667E-01, 2.2333E+00, 1.3333E-01,
16:38:52.08197559, 2.5333E-01, 2.2333E+00, 2.6667E-01,
16:38:52.08197564, 2.2667E-01, 2.2333E+00, 4.0000E-01,
16:38:52.08197569, 2.4000E-01, 2.2333E+00, 4.0000E-01,
16:38:52.08197574, 2.8000E-01, 2.2333E+00,-1.3333E-01,
16:38:52.08197579, 2.4000E-01, 2.2667E+00, 0.0000E+00,
16:38:52.08197584, 2.2667E-01, 2.3000E+00, 1.3333E-01,
16:38:52.08197589, 2.2667E-01, 2.2667E+00, 4.0000E-01,
16:38:52.08197594, 2.1333E-01, 2.2333E+00, 2.6667E-01,
16:38:52.08197599, 2.1333E-01, 2.2333E+00,-1.3333E-01,
16:38:52.08197604, 2.2667E-01, 2.2667E+00, 1.3333E-01,
16:38:52.08197609, 2.5333E-01, 2.2333E+00, 5.3333E-01,
16:38:52.08197614, 2.5333E-01, 2.1667E+00, 2.6667E-01,
16:38:52.08197619, 2.2667E-01, 2.2667E+00, 2.6667E-01,
16:38:52.08197624, 2.6667E-01, 2.2000E+00, 0.0000E+00,
16:38:52.08197629, 2.2667E-01, 2.2333E+00, 0.0000E+00,
16:38:52.08197634, 2.4000E-01, 2.2333E+00,-1.3333E-01,
16:38:52.08197639, 2.2667E-01, 2.3000E+00, 0.0000E+00,
16:38:52.08197644, 2.2667E-01, 2.2333E+00, 2.6667E-01,
16:38:52.08197649, 2.2667E-01, 2.2333E+00, 1.3333E-01,
16:38:52.08197654, 2.4000E-01, 2.2667E+00, 5.3333E-01,
16:38:52.08197659, 2.2667E-01, 2.2000E+00, 4.0000E-01,
16:38:52.08197664, 2.2667E-01, 2.2000E+00, 4.0000E-01,
16:38:52.08197669, 2.4000E-01, 2.2333E+00, 4.0000E-01,
16:38:52.08197674, 2.5333E-01, 2.2333E+00, 0.0000E+00,
16:38:52.08197679, 2.4000E-01, 2.2333E+00, 1.3333E-01,
16:38:52.08197684, 2.2667E-01, 2.2667E+00, 1.3333E-01,
16:38:52.08197689, 2.2667E-01, 2.2333E+00, 4.0000E-01,
16:38:52.08197694, 2.2667E-01, 2.2333E+00,-1.3333E-01,
16:38:52.08197699, 2.2667E-01, 2.2333E+00,-1.3333E-01,
16:38:52.08197704, 2.2667E-01, 2.2333E+00, 1.3333E-01,
16:38:52.08197709, 2.2667E-01, 2.2000E+00, 2.6667E-01,
16:38:52.08197714, 2.5333E-01, 2.3000E+00, 5.3333E-01,
16:38:52.08197719, 2.4000E-01, 2.2333E+00, 0.0000E+00,
16:38:52.08197724, 2.2667E-01, 2.2000E+00, 0.0000E+00,
16:38:52.08197729, 2.1333E-01, 2.2000E+00, 0.0000E+00,
16:38:52.08197734, 2.4000E-01, 2.2333E+00,-1.3333E-01,
16:38:52.08197739, 2.2667E-01, 2.2333E+00, 2.6667E-01,
16:38:52.08197744, 2.2667E-01, 2.2333E+00, 1.3333E-01,
16:38:52.08197749, 2.1333E-01, 2.2333E+00, 1.3333E-01,
16:38:52.08197754, 2.2667E-01, 2.2333E+00,-1.3333E-01,
16:38:52.08197759, 2.2667E-01, 2.2667E+00, 1.3333E-01,
16:38:52.08197764, 2.2667E-01, 2.2333E+00, 1.3333E-01,
16:38:52.08197769, 2.4000E-01, 2.2333E+00, 1.3333E-01,
16:38:52.08197774, 2.2667E-01, 2.2000E+00, 0.0000E+00,
16:38:52.08197779, 2.5333E-01, 2.1667E+00, 4.0000E-01,
16:38:52.08197784, 2.2667E-01, 2.2333E+00,-1.3333E-01,
16:38:52.08197789, 2.0000E-01, 2.2333E+00, 1.3333E-01,
16:38:52.08197794, 2.1333E-01, 2.2667E+00, 0.0000E+00,
16:38:52.08197799, 2.4000E-01, 2.2667E+00, 2.6667E-01,
16:38:52.08197804, 2.2667E-01, 2.2333E+00, 0.0000E+00,
16:38:52.08197809, 2.0000E-01, 2.2333E+00, 4.0000E-01,
16:38:52.08197814, 2.2667E-01, 2.2667E+00, 0.0000E+00,
16:38:52.08197819, 2.1333E-01, 2.3333E+00, 2.6667E-01,
16:38:52.08197824, 2.2667E-01, 2.2333E+00, 1.3333E-01,
16:38:52.08197829, 1.8667E-01, 2.2333E+00, 1.3333E-01,
16:38:52.08197834, 2.2667E-01, 2.2333E+00, 0.0000E+00,
16:38:52.08197839, 2.1333E-01, 2.3000E+00, 1.3333E-01,
16:38:52.08197844, 2.2667E-01, 2.3000E+00, 6.6667E-01,
16:38:52.08197849, 2.2667E-01, 2.2333E+00, 2.6667E-01,
16:38:52.08197854, 2.2667E-01, 2.2333E+00, 4.0000E-01,
16:38:52.08197859, 2.2667E-01, 2.2333E+00, 0.0000E+00,
16:38:52.08197864, 2.2667E-01, 2.3000E+00, 0.0000E+00,
16:38:52.08197869, 2.4000E-01, 2.2667E+00, 5.3333E-01,
16:38:52.08197874, 2.2667E-01, 2.2333E+00, 0.0000E+00,
16:38:52.08197879, 2.0000E-01, 2.2667E+00,-2.6667E-01,
16:38:52.08197884, 2.0000E-01, 2.2667E+00,-1.3333E-01,
16:38:52.08197889, 2.1333E-01, 2.2333E+00, 1.3333E-01,
16:38:52.08197894, 2.2667E-01, 2.2667E+00, 0.0000E+00,
16:38:52.08197899, 2.0000E-01, 2.2000E+00, 4.0000E-01,
16:38:52.08197904, 2.2667E-01, 2.2333E+00, 2.6667E-01,
16:38:52.08197909, 2.4000E-01, 2.2333E+00, 1.3333E-01,
16:38:52.08197914, 2.0000E-01, 2.1667E+00, 1.3333E-01,
16:38:52.08197919, 2.2667E-01, 2.2333E+00,-1.3333E-01,
16:38:52.08197924, 2.0000E-01, 2.2333E+00, 0.0000E+00,
16:38:52.08197929, 2.2667E-01, 2.2667E+00, 0.0000E+00,
16:38:52.08197934, 2.1333E-01, 2.2333E+00, 1.3333E-01,
16:38:52.08197939, 2.1333E-01, 2.2333E+00, 0.0000E+00,
16:38:52.08197944, 2.1333E-01, 2.2333E+00, 4.0000E-01,
16:38:52.08197949, 2.2667E-01, 2.3000E+00, 1.3333E-01,
16:38:52.08197954, 2.2667E-01, 2.2667E+00, 2.6667E-01,
16:38:52.08197959, 2.2667E-01, 2.2667E+00, 2.6667E-01,
16:38:52.08197964, 2.2667E-01, 2.2667E+00, 5.3333E-01,
16:38:52.08197969, 1.7333E-01, 2.2333E+00,-2.6667E-01,
16:38:52.08197974, 2.2667E-01, 2.2667E+00, 1.3333E-01,
16:38:52.08197979, 2.1333E-01, 2.2333E+00, 1.3333E-01,
16:38:52.08197984, 2.2667E-01, 2.2000E+00, 5.3333E-01,
16:38:52.08197989, 2.2667E-01, 2.2333E+00, 4.0000E-01,
16:38:52.08197994, 2.0000E-01, 2.2333E+00, 2.6667E-01,
16:38:52.08197999, 2.2667E-01, 2.3000E+00, 4.0000E-01,
16:38:52.08198004, 2.2667E-01, 2.2333E+00, 1.3333E-01,
16:38:52.08198009, 2.1333E-01, 2.2000E+00, 2.6667E-01,
16:38:52.08198014, 2.2667E-01, 2.2667E+00, 1.3333E-01,
16:38:52.08198019, 2.0000E-01, 2.3000E+00, 0.0000E+00,
16:38:52.08198024, 2.1333E-01, 2.2000E+00, 0.0000E+00,
16:38:52.08198029, 1.8667E-01, 2.2333E+00, 2.6667E-01,
16:38:52.08198034, 2.1333E-01, 2.2333E+00, 1.3333E-01,
16:38:52.08198039, 2.2667E-01, 2.2333E+00, 2.6667E-01,
16:38:52.08198044, 2.2667E-01, 2.2667E+00, 0.0000E+00,
16:38:52.08198049, 2.1333E-01, 2.2667E+00, 0.0000E+00,
16:38:52.08198054, 2.0000E-01, 2.2333E+00, 1.3333E-01,
16:38:52.08198059, 2.2667E-01, 2.2667E+00, 2.6667E-01,
16:38:52.08198064, 2.2667E-01, 2.2667E+00, 1.3333E-01,
16:38:52.08198069, 2.1333E-01, 2.2333E+00, 0.0000E+00,
16:38:52.08198074, 2.1333E-01, 2.2333E+00,-1.3333E-01,
16:38:52.08198079, 2.2667E-01, 2.2333E+00, 0.0000E+00,
16:38:52.08198084, 2.2667E-01, 2.2333E+00, 0.0000E+00,
16:38:52.08198089, 2.1333E-01, 2.2333E+00, 0.0000E+00,
16:38:52.08198094, 1.8667E-01, 2.2333E+00,-1.3333E-01,
16:38:52.08198099, 2.0000E-01, 2.2667E+00, 2.6667E-01,
16:38:52.08198104, 2.0000E-01, 2.2333E+00, 4.0000E-01,
16:38:52.08198109, 2.0000E-01, 2.2000E+00, 1.3333E-01,
16:38:52.08198114, 2.0000E-01, 2.2333E+00, 1.3333E-01,
16:38:52.08198119, 2.1333E-01, 2.2333E+00, 0.0000E+00,
16:38:52.08198124, 1.8667E-01, 2.2667E+00, 2.6667E-01,
16:38:52.08198129, 1.7333E-01, 2.2000E+00, 1.3333E-01,
16:38:52.08198134, 2.0000E-01, 2.2333E+00, 2.6667E-01,
16:38:52.08198139, 2.0000E-01, 2.2667E+00,-1.3333E-01,
16:38:52.08198144, 2.0000E-01, 2.2667E+00, 4.0000E-01,
16:38:52.08198149, 2.0000E-01, 2.2333E+00, 1.3333E-01,
16:38:52.08198154, 2.4000E-01, 2.3000E+00, 1.3333E-01,
16:38:52.08198159, 2.2667E-01, 2.2333E+00, 0.0000E+00,
16:38:52.08198164, 2.1333E-01, 2.2333E+00, 4.0000E-01,
16:38:52.08198169, 1.7333E-01, 2.2333E+00, 0.0000E+00,
16:38:52.08198174, 2.1333E-01, 2.2333E+00, 1.3333E-01,
16:38:52.08198179, 2.1333E-01, 2.2667E+00, 1.3333E-01,
16:38:52.08198184, 2.2667E-01, 2.3000E+00, 0.0000E+00,
16:38:52.08198189, 2.0000E-01, 2.3000E+00, 4.0000E-01,
16:38:52.08198194, 2.0000E-01, 2.2333E+00, 4.0000E-01,
16:38:52.08198199, 1.6000E-01, 2.2000E+00, 2.6667E-01,
16:38:52.08198204, 2.1333E-01, 2.2333E+00, 1.3333E-01,
16:38:52.08198209, 1.7333E-01, 2.2000E+00, 1.3333E-01,
16:38:52.08198214, 1.8667E-01, 2.2333E+00, 0.0000E+00,
16:38:52.08198219, 1.7333E-01, 2.2667E+00,-1.3333E-01,
16:38:52.08198224, 1.7333E-01, 2.2667E+00,-1.3333E-01,
16:38:52.08198229, 1.7333E-01, 2.2667E+00, 0.0000E+00,
16:38:52.08198234, 2.0000E-01, 2.2667E+00, 1.3333E-01,
16:38:52.08198239, 2.2667E-01, 2.2333E+00,-2.6667E-01,
16:38:52.08198244, 2.1333E-01, 2.2333E+00, 4.0000E-01,
16:38:52.08198249, 2.0000E-01, 2.2667E+00, 2.6667E-01,
16:38:52.08198254, 1.8667E-01, 2.3000E+00, 0.0000E+00,
16:38:52.08198259, 1.8667E-01, 2.2667E+00, 1.3333E-01,
16:38:52.08198264, 2.0000E-01, 2.2333E+00, 2.6667E-01,
16:38:52.08198269, 1.7333E-01, 2.2333E+00, 1.3333E-01,
16:38:52.08198274, 1.8667E-01, 2.2333E+00, 0.0000E+00,
16:38:52.08198279, 1.7333E-01, 2.2333E+00, 0.0000E+00,
16:38:52.08198284, 2.1333E-01, 2.2333E+00, 0.0000E+00,
16:38:52.08198289, 1.7333E-01, 2.2333E+00, 2.6667E-01,
16:38:52.08198294, 2.2667E-01, 2.2333E+00, 2.6667E-01,
16:38:52.08198299, 2.1333E-01, 2.2333E+00, 0.0000E+00,
16:38:52.08198304, 1.8667E-01, 2.2667E+00, 0.0000E+00,
16:38:52.08198309, 1.7333E-01, 2.2333E+00, 2.6667E-01,
16:38:52.08198314, 1.8667E-01, 2.2333E+00, 0.0000E+00,
16:38:52.08198319, 1.7333E-01, 2.2333E+00,-2.6667E-01,
16:38:52.08198324, 1.7333E-01, 2.2333E+00, 0.0000E+00,
16:38:52.08198329, 1.8667E-01, 2.2333E+00, 0.0000E+00,
16:38:52.08198334, 2.0000E-01, 2.2333E+00, 1.3333E-01,
16:38:52.08198339, 2.1333E-01, 2.2333E+00, 1.3333E-01,
16:38:52.08198344, 1.7333E-01, 2.3333E+00, 0.0000E+00,
16:38:52.08198349, 2.0000E-01, 2.2333E+00, 0.0000E+00,
16:38:52.08198354, 1.7333E-01, 2.2333E+00, 0.0000E+00,
16:38:52.08198359, 1.8667E-01, 2.2333E+00, 2.6667E-01,
16:38:52.08198364, 1.7333E-01, 2.3000E+00, 2.6667E-01,
16:38:52.08198369, 1.6000E-01, 2.2333E+00, 1.3333E-01,
16:38:52.08198374, 1.6000E-01, 2.2333E+00, 0.0000E+00,
16:38:52.08198379, 1.8667E-01, 2.3000E+00, 2.6667E-01,
16:38:52.08198384, 2.0000E-01, 2.2333E+00, 0.0000E+00,
16:38:52.08198389, 1.8667E-01, 2.2667E+00, 2.6667E-01,
16:38:52.08198394, 1.6000E-01, 2.2333E+00, 1.3333E-01,
16:38:52.08198399, 2.0000E-01, 2.2667E+00, 1.3333E-01,
16:38:52.08198404, 1.6000E-01, 2.2333E+00, 0.0000E+00,
16:38:52.08198409, 2.0000E-01, 2.2667E+00, 0.0000E+00,
16:38:52.08198414, 1.6000E-01, 2.2333E+00, 2.6667E-01,
16:38:52.08198419, 2.0000E-01, 2.2333E+00, 4.0000E-01,
16:38:52.08198424, 2.0000E-01, 2.2333E+00, 0.0000E+00,
16:38:52.08198429, 1.6000E-01, 2.2333E+00, 0.0000E+00,
16:38:52.08198434, 1.8667E-01, 2.2333E+00, 2.6667E-01,
16:38:52.08198439, 1.7333E-01, 2.2333E+00,-2.6667E-01,
16:38:52.08198444, 1.6000E-01, 2.2000E+00, 0.0000E+00,
16:38:52.08198449, 2.0000E-01, 2.2333E+00, 4.0000E-01,
16:38:52.08198454, 1.7333E-01, 2.2333E+00, 2.6667E-01,
16:38:52.08198459, 1.7333E-01, 2.2333E+00,-4.0000E-01,
16:38:52.08198464, 1.2000E-01, 2.2333E+00, 1.3333E-01,
16:38:52.08198469, 1.8667E-01, 2.2333E+00,-1.3333E-01,
16:38:52.08198474, 1.8667E-01, 2.2000E+00, 1.3333E-01,
16:38:52.08198479, 2.0000E-01, 2.2333E+00, 2.6667E-01,
16:38:52.08198484, 1.8667E-01, 2.2333E+00, 1.3333E-01,
16:38:52.08198489, 1.7333E-01, 2.2333E+00, 0.0000E+00,
16:38:52.08198494, 1.7333E-01, 2.2333E+00, 1.3333E-01,
16:38:52.08198499, 1.6000E-01, 2.2000E+00, 0.0000E+00,
16:38:52.08198504, 1.6000E-01, 2.1667E+00, 2.6667E-01,
16:38:52.08198509, 1.7333E-01, 2.2333E+00, 0.0000E+00,
16:38:52.08198514, 1.7333E-01, 2.2333E+00,-1.3333E-01,
16:38:52.08198519, 1.6000E-01, 2.2667E+00,-1.3333E-01,
16:38:52.08198524, 1.7333E-01, 2.2333E+00, 2.6667E-01,
16:38:52.08198529, 2.0000E-01, 2.2333E+00, 4.0000E-01,
16:38:52.08198534, 1.6000E-01, 2.2667E+00, 5.3333E-01,
16:38:52.08198539, 2.0000E-01, 2.2333E+00, 0.0000E+00,
16:38:52.08198544, 1.8667E-01, 2.2000E+00, 5.3333E-01,
16:38:52.08198549, 1.7333E-01, 2.2667E+00, 1.3333E-01,
16:38:52.08198554, 1.6000E-01, 2.2000E+00, 0.0000E+00,
16:38:52.08198559, 1.3333E-01, 2.2333E+00,-1.3333E-01,
16:38:52.08198564, 1.4667E-01, 2.2000E+00, 2.6667E-01,
16:38:52.08198569, 1.8667E-01, 2.2333E+00, 1.3333E-01,
16:38:52.08198574, 1.8667E-01, 2.2667E+00, 2.6667E-01,
16:38:52.08198579, 2.0000E-01, 2.2000E+00, 2.6667E-01,
16:38:52.08198584, 1.8667E-01, 2.3333E+00, 2.6667E-01,
16:38:52.08198589, 1.7333E-01, 2.2333E+00, 6.6667E-01,
16:38:52.08198594, 1.7333E-01, 2.2333E+00, 0.0000E+00,
16:38:52.08198599, 1.8667E-01, 2.2333E+00, 1.3333E-01,
16:38:52.08198604, 1.7333E-01, 2.2333E+00, 1.3333E-01,
16:38:52.08198609, 1.6000E-01, 2.3333E+00, 4.0000E-01,
16:38:52.08198614, 1.6000E-01, 2.3000E+00, 2.6667E-01,
16:38:52.08198619, 2.0000E-01, 2.2333E+00, 1.3333E-01,
16:38:52.08198624, 1.6000E-01, 2.2333E+00, 4.0000E-01,
16:38:52.08198629, 1.7333E-01, 2.2667E+00, 0.0000E+00,
16:38:52.08198634, 2.0000E-01, 2.3000E+00, 4.0000E-01,
16:38:52.08198639, 1.6000E-01, 2.2333E+00, 2.6667E-01,
16:38:52.08198644, 1.4667E-01, 2.2000E+00, 1.3333E-01,
16:38:52.08198649, 1.6000E-01, 2.2000E+00, 4.0000E-01,
16:38:52.08198654, 1.2000E-01, 2.2333E+00, 0.0000E+00,
16:38:52.08198659, 1.8667E-01, 2.2667E+00, 2.6667E-01,
16:38:52.08198664, 1.4667E-01, 2.2333E+00, 2.6667E-01,
16:38:52.08198669, 1.6000E-01, 2.2333E+00, 0.0000E+00,
16:38:52.08198674, 1.7333E-01, 2.2333E+00, 2.6667E-01,
16:38:52.08198679, 1.8667E-01, 2.2333E+00, 2.6667E-01,
16:38:52.08198684, 1.7333E-01, 2.2333E+00, 0.0000E+00,
16:38:52.08198689, 1.2000E-01, 2.2333E+00, 1.3333E-01,
16:38:52.08198694, 1.4667E-01, 2.2000E+00, 2.6667E-01,
16:38:52.08198699, 1.6000E-01, 2.2333E+00, 0.0000E+00,
16:38:52.08198704, 1.4667E-01, 2.2333E+00, 1.3333E-01,
16:38:52.08198709, 2.0000E-01, 2.2333E+00, 0.0000E+00,
16:38:52.08198714, 1.7333E-01, 2.2000E+00, 0.0000E+00,
16:38:52.08198719, 1.7333E-01, 2.2667E+00, 2.6667E-01,
16:38:52.08198724, 1.8667E-01, 2.2333E+00, 0.0000E+00,
16:38:52.08198729, 1.4667E-01, 2.2333E+00, 4.0000E-01,
16:38:52.08198734, 1.6000E-01, 2.2333E+00, 1.3333E-01,
16:38:52.08198739, 1.8667E-01, 2.2333E+00, 4.0000E-01,
16:38:52.08198744, 1.6000E-01, 2.2333E+00,-1.3333E-01,
16:38:52.08198749, 1.3333E-01, 2.2333E+00, 1.3333E-01,
16:38:52.08198754, 1.7333E-01, 2.2333E+00, 2.6667E-01,
16:38:52.08198759, 1.8667E-01, 2.2000E+00, 1.3333E-01,
16:38:52.08198764, 1.6000E-01, 2.2667E+00, 0.0000E+00,
16:38:52.08198769, 1.7333E-01, 2.3000E+00, 0.0000E+00,
16:38:52.08198774, 1.8667E-01, 2.2667E+00, 4.0000E-01,
16:38:52.08198779, 1.4667E-01, 2.2333E+00, 4.0000E-01,
16:38:52.08198784, 2.0000E-01, 2.2333E+00, 2.6667E-01,
16:38:52.08198789, 1.6000E-01, 2.2333E+00, 5.3333E-01,
16:38:52.08198794, 1.8667E-01, 2.2667E+00, 1.3333E-01,
16:38:52.08198799, 1.6000E-01, 2.2333E+00, 0.0000E+00,
16:38:52.08198804, 1.7333E-01, 2.2333E+00, 0.0000E+00,
16:38:52.08198809, 1.6000E-01, 2.2667E+00, 0.0000E+00,
16:38:52.08198814, 1.7333E-01, 2.2667E+00,-1.3333E-01,
16:38:52.08198819, 1.7333E-01, 2.2333E+00, 0.0000E+00,
16:38:52.08198824, 1.6000E-01, 2.2333E+00, 0.0000E+00,
16:38:52.08198829, 1.4667E-01, 2.2333E+00, 2.6667E-01,
16:38:52.08198834, 1.7333E-01, 2.3000E+00, 5.3333E-01,
16:38:52.08198839, 1.3333E-01, 2.2333E+00, 1.3333E-01,
16:38:52.08198844, 1.6000E-01, 2.2333E+00,-1.3333E-01,
16:38:52.08198849, 1.2000E-01, 2.2333E+00, 1.3333E-01,
16:38:52.08198854, 1.3333E-01, 2.2333E+00,-1.3333E-01,
16:38:52.08198859, 1.4667E-01, 2.2000E+00,-2.6667E-01,
16:38:52.08198864, 2.0000E-01, 2.2333E+00, 4.0000E-01,
16:38:52.08198869, 1.4667E-01, 2.2000E+00, 0.0000E+00,
16:38:52.08198874, 1.7333E-01, 2.2333E+00, 0.0000E+00,
16:38:52.08198879, 1.4667E-01, 2.2333E+00,-4.0000E-01,
16:38:52.08198884, 1.6000E-01, 2.2333E+00, 0.0000E+00,
16:38:52.08198889, 1.7333E-01, 2.2333E+00, 4.0000E-01,
16:38:52.08198894, 1.3333E-01, 2.2000E+00,-2.6667E-01,
16:38:52.08198899, 1.2000E-01, 2.2333E+00, 1.3333E-01,
16:38:52.08198904, 1.6000E-01, 2.2333E+00, 2.6667E-01,
16:38:52.08198909, 1.7333E-01, 2.2667E+00, 1.3333E-01,
16:38:52.08198914, 1.6000E-01, 2.3000E+00, 4.0000E-01,
16:38:52.08198919, 1.3333E-01, 2.2333E+00, 2.6667E-01,
16:38:52.08198924, 1.6000E-01, 2.2000E+00, 1.3333E-01,
16:38:52.08198929, 1.4667E-01, 2.2667E+00, 1.3333E-01,
16:38:52.08198934, 1.3333E-01, 2.2000E+00, 1.3333E-01,
16:38:52.08198939, 1.4667E-01, 2.2000E+00, 1.3333E-01,
16:38:52.08198944, 1.4667E-01, 2.2333E+00,-2.6667E-01,
16:38:52.08198949, 1.4667E-01, 2.2333E+00, 1.3333E-01,
16:38:52.08198954, 1.4667E-01, 2.3000E+00, 1.3333E-01,
16:38:52.08198959, 1.3333E-01, 2.2333E+00, 2.6667E-01,
16:38:52.08198964, 1.6000E-01, 2.2000E+00, 0.0000E+00,
16:38:52.08198969, 1.2000E-01, 2.2000E+00, 2.6667E-01,
16:38:52.08198974, 1.3333E-01, 2.2000E+00, 4.0000E-01,
16:38:52.08198979, 8.0000E-02, 2.2333E+00, 4.0000E-01,
16:38:52.08198984, 1.0667E-01, 2.2667E+00, 0.0000E+00,
16:38:52.08198989, 1.4667E-01, 2.2333E+00, 1.3333E-01,
16:38:52.08198994, 1.4667E-01, 2.2667E+00, 0.0000E+00,
16:38:52.08198999, 1.4667E-01, 2.2667E+00, 1.3333E-01,
16:38:52.08199004, 1.4667E-01, 2.2333E+00, 1.3333E-01,
16:38:52.08199009, 1.4667E-01, 2.3000E+00,-1.3333E-01,
16:38:52.08199014, 1.2000E-01, 2.2667E+00, 1.3333E-01,
16:38:52.08199019, 1.6000E-01, 2.2333E+00, 2.6667E-01,
16:38:52.08199024, 1.4667E-01, 2.3000E+00, 2.6667E-01,
16:38:52.08199029, 1.4667E-01, 2.2333E+00, 1.3333E-01,
16:38:52.08199034, 1.3333E-01, 2.2667E+00, 2.6667E-01,
16:38:52.08199039, 1.3333E-01, 2.2667E+00, 1.3333E-01,
16:38:52.08199044, 1.0667E-01, 2.2667E+00, 2.6667E-01,
16:38:52.08199049, 1.4667E-01, 2.2333E+00, 0.0000E+00,
16:38:52.08199054, 1.4667E-01, 2.2667E+00,-1.3333E-01,
16:38:52.08199059, 1.6000E-01, 2.2667E+00,-1.3333E-01,
16:38:52.08199064, 1.4667E-01, 2.2333E+00, 0.0000E+00,
16:38:52.08199069, 1.3333E-01, 2.3000E+00, 1.3333E-01,
16:38:52.08199074, 1.4667E-01, 2.2667E+00, 4.0000E-01,
16:38:52.08199079, 1.2000E-01, 2.2667E+00, 2.6667E-01,
16:38:52.08199084, 1.4667E-01, 2.2333E+00, 4.0000E-01,
16:38:52.08199089, 1.6000E-01, 2.3000E+00,-2.6667E-01,
16:38:52.08199094, 1.6000E-01, 2.2667E+00, 0.0000E+00,
16:38:52.08199099, 1.4667E-01, 2.2333E+00, 0.0000E+00,
16:38:52.08199104, 1.3333E-01, 2.3000E+00,-1.3333E-01,
16:38:52.08199109, 1.6000E-01, 2.2333E+00, 1.3333E-01,
16:38:52.08199114, 1.4667E-01, 2.2667E+00, 0.0000E+00,
16:38:52.08199119, 1.2000E-01, 2.2333E+00, 4.0000E-01,
16:38:52.08199124, 1.3333E-01, 2.3333E+00,-1.3333E-01,
16:38:52.08199129, 1.2000E-01, 2.2333E+00, 4.0000E-01,
16:38:52.08199134, 1.6000E-01, 2.2667E+00, 1.3333E-01,
16:38:52.08199139, 1.4667E-01, 2.2000E+00,-1.3333E-01,
16:38:52.08199144, 1.4667E-01, 2.2333E+00, 2.6667E-01,
16:38:52.08199149, 1.3333E-01, 2.2333E+00, 1.3333E-01,
16:38:52.08199154, 1.8667E-01, 2.2333E+00,-1.3333E-01,
16:38:52.08199159, 1.6000E-01, 2.2333E+00, 1.3333E-01,
16:38:52.08199164, 1.7333E-01, 2.2000E+00, 0.0000E+00,
16:38:52.08199169, 1.4667E-01, 2.2333E+00, 2.6667E-01,
16:38:52.08199174, 9.3333E-02, 2.2333E+00, 2.6667E-01,
16:38:52.08199179, 1.2000E-01, 2.2667E+00, 1.3333E-01,
16:38:52.08199184, 1.2000E-01, 2.2333E+00, 1.3333E-01,
16:38:52.08199189, 1.3333E-01, 2.2333E+00, 0.0000E+00,
16:38:52.08199194, 1.2000E-01, 2.3000E+00, 1.3333E-01,
16:38:52.08199199, 1.3333E-01, 2.2333E+00, 0.0000E+00,
16:38:52.08199204, 1.6000E-01, 2.2333E+00,-1.3333E-01,
16:38:52.08199209, 1.3333E-01, 2.2333E+00, 2.6667E-01,
16:38:52.08199214, 1.4667E-01, 2.2667E+00, 1.3333E-01,
16:38:52.08199219, 1.3333E-01, 2.2333E+00, 2.6667E-01,
16:38:52.08199224, 1.2000E-01, 2.2333E+00, 1.3333E-01,
16:38:52.08199229, 1.3333E-01, 2.2000E+00, 0.0000E+00,
16:38:52.08199234, 1.3333E-01, 2.2333E+00, 2.6667E-01,
16:38:52.08199239, 1.4667E-01, 2.2333E+00, 1.3333E-01,
16:38:52.08199244, 1.3333E-01, 2.2333E+00, 0.0000E+00,
16:38:52.08199249, 1.6000E-01, 2.2333E+00,-2.6667E-01,
16:38:52.08199254, 1.6000E-01, 2.2333E+00, 0.0000E+00,
16:38:52.08199259, 1.0667E-01, 2.1667E+00, 1.3333E-01,
16:38:52.08199264, 1.0667E-01, 2.2333E+00, 2.6667E-01,
16:38:52.08199269, 1.2000E-01, 2.2000E+00, 2.6667E-01,
16:38:52.08199274, 1.2000E-01, 2.3000E+00,-4.0000E-01,
16:38:52.08199279, 1.0667E-01, 2.3000E+00,-2.6667E-01,
16:38:52.08199284, 1.7333E-01, 2.3000E+00, 0.0000E+00,
16:38:52.08199289, 1.4667E-01, 2.2667E+00,-2.6667E-01,
16:38:52.08199294, 1.3333E-01, 2.2333E+00,-1.3333E-01,
16:38:52.08199299, 1.4667E-01, 2.2333E+00, 0.0000E+00,
16:38:52.08199304, 1.4667E-01, 2.2000E+00, 0.0000E+00,
16:38:52.08199309, 1.2000E-01, 2.2333E+00, 1.3333E-01,
16:38:52.08199314, 1.3333E-01, 2.2667E+00, 1.3333E-01,
16:38:52.08199319, 1.3333E-01, 2.2333E+00, 0.0000E+00,
16:38:52.08199324, 1.2000E-01, 2.3000E+00,-2.6667E-01,
16:38:52.08199329, 9.3333E-02, 2.2333E+00, 1.3333E-01,
16:38:52.08199334, 1.3333E-01, 2.2333E+00, 0.0000E+00,
16:38:52.08199339, 1.4667E-01, 2.2333E+00, 0.0000E+00,
16:38:52.08199344, 1.3333E-01, 2.2333E+00, 1.3333E-01,
16:38:52.08199349, 1.3333E-01, 2.2667E+00, 1.3333E-01,
16:38:52.08199354, 1.3333E-01, 2.2000E+00, 0.0000E+00,
16:38:52.08199359, 1.3333E-01, 2.2333E+00, 1.3333E-01,
16:38:52.08199364, 9.3333E-02, 2.2333E+00, 5.3333E-01,
16:38:52.08199369, 1.0667E-01, 2.2667E+00, 5.3333E-01,
16:38:52.08199374, 1.3333E-01, 2.2000E+00, 1.3333E-01,
16:38:52.08199379, 1.2000E-01, 2.2333E+00, 1.3333E-01,
16:38:52.08199384, 1.2000E-01, 2.2667E+00, 0.0000E+00,
16:38:52.08199389, 1.2000E-01, 2.3000E+00, 2.6667E-01,
16:38:52.08199394, 1.3333E-01, 2.2333E+00, 4.0000E-01,
16:38:52.08199399, 1.2000E-01, 2.2333E+00, 1.3333E-01,
16:38:52.08199404, 1.2000E-01, 2.3000E+00, 2.6667E-01,
16:38:52.08199409, 1.2000E-01, 2.2333E+00, 2.6667E-01,
16:38:52.08199414, 1.2000E-01, 2.2333E+00, 0.0000E+00,
16:38:52.08199419, 8.0000E-02, 2.2667E+00, 1.3333E-01,
16:38:52.08199424, 1.2000E-01, 2.2333E+00, 1.3333E-01,
16:38:52.08199429, 1.2000E-01, 2.2333E+00, 2.6667E-01,
16:38:52.08199434, 1.6000E-01, 2.2333E+00,-1.3333E-01,
16:38:52.08199439, 1.2000E-01, 2.2333E+00, 0.0000E+00,
16:38:52.08199444, 1.2000E-01, 2.2333E+00,-1.3333E-01,
16:38:52.08199449, 1.3333E-01, 2.2333E+00, 2.6667E-01,
16:38:52.08199454, 1.3333E-01, 2.2333E+00, 1.3333E-01,
16:38:52.08199459, 1.2000E-01, 2.2667E+00, 1.3333E-01,
16:38:52.08199464, 1.2000E-01, 2.2333E+00, 1.3333E-01,
16:38:52.08199469, 1.3333E-01, 2.2333E+00, 0.0000E+00,
16:38:52.08199474, 1.3333E-01, 2.2333E+00, 0.0000E+00,
16:38:52.08199479, 1.4667E-01, 2.2667E+00, 0.0000E+00,
16:38:52.08199484, 1.2000E-01, 2.2333E+00, 1.3333E-01,
16:38:52.08199489, 1.3333E-01, 2.2333E+00, 1.3333E-01,
16:38:52.08199494, 1.3333E-01, 2.2667E+00, 5.3333E-01,
16:38:52.08199499, 1.0667E-01, 2.2333E+00,-1.3333E-01,
16:38:52.08199504, 1.4667E-01, 2.2667E+00, 2.6667E-01,
16:38:52.08199509, 9.3333E-02, 2.2333E+00, 2.6667E-01,
16:38:52.08199514, 8.0000E-02, 2.2333E+00, 2.6667E-01,
16:38:52.08199519, 1.0667E-01, 2.2667E+00, 2.6667E-01,
16:38:52.08199524, 9.3333E-02, 2.2667E+00, 1.3333E-01,
16:38:52.08199529, 1.4667E-01, 2.2333E+00,-1.3333E-01,
16:38:52.08199534, 1.4667E-01, 2.2333E+00,-4.0000E-01,
16:38:52.08199539, 1.3333E-01, 2.2000E+00, 0.0000E+00,
16:38:52.08199544, 1.2000E-01, 2.2333E+00, 0.0000E+00,
16:38:52.08199549, 1.3333E-01, 2.2333E+00, 5.3333E-01,
16:38:52.08199554, 1.2000E-01, 2.1667E+00, 2.6667E-01,
16:38:52.08199559, 1.2000E-01, 2.2333E+00, 2.6667E-01,
16:38:52.08199564, 1.0667E-01, 2.2667E+00, 1.3333E-01,
16:38:52.08199569, 8.0000E-02, 2.2000E+00,-1.3333E-01,
16:38:52.08199574, 1.3333E-01, 2.2333E+00, 2.6667E-01,
16:38:52.08199579, 1.3333E-01, 2.2333E+00, 0.0000E+00,
16:38:52.08199584, 1.3333E-01, 2.2333E+00, 0.0000E+00,
16:38:52.08199589, 1.0667E-01, 2.2000E+00, 1.3333E-01,
16:38:52.08199594, 1.7333E-01, 2.2000E+00, 1.3333E-01,
16:38:52.08199599, 1.0667E-01, 2.2333E+00,-1.3333E-01,
16:38:52.08199604, 8.0000E-02, 2.2333E+00, 0.0000E+00,
16:38:52.08199609, 1.2000E-01, 2.2333E+00, 1.3333E-01,
16:38:52.08199614, 1.2000E-01, 2.3000E+00, 0.0000E+00,
16:38:52.08199619, 1.0667E-01, 2.2333E+00, 1.3333E-01,
16:38:52.08199624, 1.3333E-01, 2.1667E+00, 1.3333E-01,
16:38:52.08199629, 1.2000E-01, 2.2333E+00, 1.3333E-01,
16:38:52.08199634, 1.2000E-01, 2.2667E+00, 0.0000E+00,
16:38:52.08199639, 1.4667E-01, 2.2333E+00, 2.6667E-01,
16:38:52.08199644, 1.0667E-01, 2.1667E+00, 5.3333E-01,
16:38:52.08199649, 1.4667E-01, 2.2333E+00, 5.3333E-01,
16:38:52.08199654, 9.3333E-02, 2.2333E+00, 4.0000E-01,
16:38:52.08199659, 1.2000E-01, 2.2333E+00, 2.6667E-01,
16:38:52.08199664, 1.0667E-01, 2.1667E+00, 4.0000E-01,
16:38:52.08199669, 9.3333E-02, 2.2333E+00, 1.3333E-01,
16:38:52.08199674, 1.3333E-01, 2.2333E+00, 1.3333E-01,
16:38:52.08199679, 1.4667E-01, 2.2333E+00, 2.6667E-01,
16:38:52.08199684, 1.0667E-01, 2.2333E+00, 0.0000E+00,
16:38:52.08199689, 1.2000E-01, 2.3000E+00, 1.3333E-01,
16:38:52.08199694, 1.2000E-01, 2.2333E+00, 2.6667E-01,
16:38:52.08199699, 1.2000E-01, 2.2333E+00, 1.3333E-01,
16:38:52.08199704, 1.2000E-01, 2.2333E+00, 1.3333E-01,
16:38:52.08199709, 1.0667E-01, 2.3000E+00, 2.6667E-01,
16:38:52.08199714, 1.2000E-01, 2.2333E+00, 1.3333E-01,
16:38:52.08199719, 9.3333E-02, 2.1667E+00, 0.0000E+00,
16:38:52.08199724, 1.2000E-01, 2.2333E+00, 0.0000E+00,
16:38:52.08199729, 1.3333E-01, 2.2000E+00, 1.3333E-01,
16:38:52.08199734, 1.2000E-01, 2.2333E+00, 1.3333E-01,
16:38:52.08199739, 1.2000E-01, 2.2667E+00, 1.3333E-01,
16:38:52.08199744, 9.3333E-02, 2.3000E+00,-1.3333E-01,
16:38:52.08199749, 1.0667E-01, 2.2333E+00, 1.3333E-01,
16:38:52.08199754, 8.0000E-02, 2.3000E+00, 2.6667E-01,
16:38:52.08199759, 1.2000E-01, 2.2333E+00, 1.3333E-01,
16:38:52.08199764, 8.0000E-02, 2.2000E+00, 1.3333E-01,
16:38:52.08199769, 1.0667E-01, 2.2333E+00, 1.3333E-01,
16:38:52.08199774, 8.0000E-02, 2.2333E+00, 1.3333E-01,
16:38:52.08199779, 1.3333E-01, 2.2333E+00, 0.0000E+00,
16:38:52.08199784, 1.2000E-01, 2.2667E+00, 1.3333E-01,
16:38:52.08199789, 1.0667E-01, 2.2333E+00, 2.6667E-01,
16:38:52.08199794, 1.2000E-01, 2.2333E+00, 2.6667E-01,
16:38:52.08199799, 9.3333E-02, 2.2000E+00, 4.0000E-01,
16:38:52.08199804, 6.6667E-02, 2.2667E+00, 0.0000E+00,
16:38:52.08199809, 9.3333E-02, 2.3333E+00, 2.6667E-01,
16:38:52.08199814, 1.2000E-01, 2.2333E+00, 1.3333E-01,
16:38:52.08199819, 1.4667E-01, 2.2000E+00, 0.0000E+00,
16:38:52.08199824, 9.3333E-02, 2.2333E+00, 1.3333E-01,
16:38:52.08199829, 1.3333E-01, 2.2000E+00, 1.3333E-01,
16:38:52.08199834, 9.3333E-02, 2.2333E+00, 1.3333E-01,
16:38:52.08199839, 1.0667E-01, 2.2667E+00, 1.3333E-01,
16:38:52.08199844, 1.2000E-01, 2.2333E+00, 2.6667E-01,
16:38:52.08199849, 1.0667E-01, 2.2333E+00, 0.0000E+00,
16:38:52.08199854, 8.0000E-02, 2.2333E+00, 4.0000E-01,
16:38:52.08199859, 1.0667E-01, 2.2333E+00, 1.3333E-01,
16:38:52.08199864, 1.0667E-01, 2.2333E+00, 2.6667E-01,
16:38:52.08199869, 9.3333E-02, 2.2667E+00, 0.0000E+00,
16:38:52.08199874, 1.3333E-01, 2.2667E+00, 1.3333E-01,
16:38:52.08199879, 8.0000E-02, 2.2333E+00, 0.0000E+00,
16:38:52.08199884, 1.0667E-01, 2.2333E+00, 1.3333E-01,
16:38:52.08199889, 9.3333E-02, 2.2667E+00, 1.3333E-01,
16:38:52.08199894, 8.0000E-02, 2.2333E+00, 1.3333E-01,
16:38:52.08199899, 8.0000E-02, 2.2333E+00, 0.0000E+00,
16:38:52.08199904, 1.6000E-01, 2.3000E+00, 4.0000E-01,
16:38:52.08199909, 1.3333E-01, 2.2667E+00, 0.0000E+00,
16:38:52.08199914, 8.0000E-02, 2.2333E+00, 1.3333E-01,
16:38:52.08199919, 1.3333E-01, 2.2333E+00, 0.0000E+00,
16:38:52.08199924, 1.2000E-01, 2.2333E+00, 0.0000E+00,
16:38:52.08199929, 1.2000E-01, 2.2000E+00,-2.6667E-01,
16:38:52.08199934, 1.0667E-01, 2.2667E+00, 1.3333E-01,
16:38:52.08199939, 9.3333E-02, 2.2667E+00, 0.0000E+00,
16:38:52.08199944, 9.3333E-02, 2.2333E+00, 4.0000E-01,
16:38:52.08199949, 1.0667E-01, 2.3000E+00, 5.3333E-01,
16:38:52.08199954, 1.0667E-01, 2.2333E+00, 4.0000E-01,
16:38:52.08199959, 8.0000E-02, 2.2333E+00, 2.6667E-01,
16:38:52.08199964, 1.0667E-01, 2.2333E+00,-4.0000E-01,
16:38:52.08199969, 9.3333E-02, 2.2333E+00, 2.6667E-01,
16:38:52.08199974, 1.0667E-01, 2.2333E+00, 0.0000E+00,
16:38:52.08199979, 9.3333E-02, 2.2000E+00,-2.6667E-01,
16:38:52.08199984, 1.2000E-01, 2.2333E+00, 0.0000E+00,
16:38:52.08199989, 8.0000E-02, 2.2333E+00,-1.3333E-01,
16:38:52.08199994, 1.0667E-01, 2.2333E+00,-1.3333E-01,
16:38:52.08199999, 8.0000E-02, 2.2333E+00, 0.0000E+00,
16:38:52.08200004, 9.3333E-02, 2.2333E+00, 0.0000E+00,
16:38:52.08200009, 9.3333E-02, 2.2333E+00, 0.0000E+00,
16:38:52.08200014, 8.0000E-02, 2.2333E+00,-2.6667E-01,
16:38:52.08200019, 1.0667E-01, 2.2333E+00,-1.3333E-01,
16:38:52.08200024, 9.3333E-02, 2.2333E+00,-2.6667E-01,
16:38:52.08200029, 8.0000E-02, 2.2333E+00, 0.0000E+00,
16:38:52.08200034, 8.0000E-02, 2.3000E+00, 1.3333E-01,
16:38:52.08200039, 8.0000E-02, 2.2333E+00, 0.0000E+00,
16:38:52.08200044, 8.0000E-02, 2.2667E+00, 0.0000E+00,
16:38:52.08200049, 9.3333E-02, 2.2333E+00, 2.6667E-01,
16:38:52.08200054, 9.3333E-02, 2.2333E+00, 2.6667E-01,
16:38:52.08200059, 1.2000E-01, 2.2333E+00, 2.6667E-01,
16:38:52.08200064, 1.2000E-01, 2.2000E+00, 2.6667E-01,
16:38:52.08200069, 1.0667E-01, 2.2000E+00, 1.3333E-01,
16:38:52.08200074, 8.0000E-02, 2.2333E+00, 1.3333E-01,
16:38:52.08200079, 6.6667E-02, 2.2333E+00, 0.0000E+00,
16:38:52.08200084, 9.3333E-02, 2.2333E+00, 1.3333E-01,
16:38:52.08200089, 8.0000E-02, 2.2667E+00,-1.3333E-01,
16:38:52.08200094, 9.3333E-02, 2.2667E+00, 1.3333E-01,
16:38:52.08200099, 8.0000E-02, 2.3000E+00, 1.3333E-01,
16:38:52.08200104, 8.0000E-02, 2.2000E+00, 4.0000E-01,
16:38:52.08200109, 1.0667E-01, 2.2333E+00, 1.3333E-01,
16:38:52.08200114, 9.3333E-02, 2.2333E+00, 0.0000E+00,
16:38:52.08200119, 8.0000E-02, 2.2333E+00, 0.0000E+00,
16:38:52.08200124, 6.6667E-02, 2.2333E+00,-1.3333E-01,
16:38:52.08200129, 8.0000E-02, 2.2333E+00, 0.0000E+00,
16:38:52.08200134, 8.0000E-02, 2.2667E+00, 1.3333E-01,
16:38:52.08200139, 1.2000E-01, 2.2667E+00,-1.3333E-01,
16:38:52.08200144, 8.0000E-02, 2.2333E+00, 0.0000E+00,
16:38:52.08200149, 8.0000E-02, 2.3000E+00, 2.6667E-01,
16:38:52.08200154, 6.6667E-02, 2.2333E+00, 1.3333E-01,
16:38:52.08200159, 1.2000E-01, 2.2333E+00, 1.3333E-01,
16:38:52.08200164, 1.0667E-01, 2.2333E+00, 1.3333E-01,
16:38:52.08200169, 8.0000E-02, 2.3000E+00, 5.3333E-01,
16:38:52.08200174, 9.3333E-02, 2.2000E+00,-1.3333E-01,
16:38:52.08200179, 8.0000E-02, 2.2333E+00, 2.6667E-01,
16:38:52.08200184, 8.0000E-02, 2.2667E+00, 5.3333E-01,
16:38:52.08200189, 8.0000E-02, 2.2333E+00, 4.0000E-01,
16:38:52.08200194, 8.0000E-02, 2.2333E+00, 4.0000E-01,
16:38:52.08200199, 9.3333E-02, 2.2333E+00,-1.3333E-01,
16:38:52.08200204, 9.3333E-02, 2.3000E+00, 0.0000E+00,
16:38:52.08200209, 1.0667E-01, 2.2667E+00, 0.0000E+00,
16:38:52.08200214, 8.0000E-02, 2.2333E+00, 1.3333E-01,
16:38:52.08200219, 8.0000E-02, 2.2333E+00, 1.3333E-01,
16:38:52.08200224, 8.0000E-02, 2.2667E+00, 0.0000E+00,
16:38:52.08200229, 9.3333E-02, 2.3000E+00, 2.6667E-01,
16:38:52.08200234, 9.3333E-02, 2.2333E+00, 1.3333E-01,
16:38:52.08200239, 6.6667E-02, 2.2000E+00, 2.6667E-01,
16:38:52.08200244, 9.3333E-02, 2.2333E+00, 1.3333E-01,
16:38:52.08200249, 1.0667E-01, 2.2000E+00, 4.0000E-01,
16:38:52.08200254, 8.0000E-02, 2.1667E+00, 1.3333E-01,
16:38:52.08200259, 9.3333E-02, 2.2333E+00, 4.0000E-01,
16:38:52.08200264, 1.3333E-01, 2.2333E+00, 1.3333E-01,
16:38:52.08200269, 9.3333E-02, 2.2000E+00, 1.3333E-01,
16:38:52.08200274, 8.0000E-02, 2.2333E+00, 1.3333E-01,
16:38:52.08200279, 8.0000E-02, 2.2333E+00, 2.6667E-01,
16:38:52.08200284, 8.0000E-02, 2.2000E+00, 1.3333E-01,
16:38:52.08200289, 9.3333E-02, 2.2667E+00, 0.0000E+00,
16:38:52.08200294, 8.0000E-02, 2.2333E+00, 2.6667E-01,
16:38:52.08200299, 8.0000E-02, 2.2000E+00, 2.6667E-01,
16:38:52.08200304, 1.3333E-01, 2.2333E+00,-1.3333E-01,
16:38:52.08200309, 8.0000E-02, 2.2333E+00, 4.0000E-01,
16:38:52.08200314, 8.0000E-02, 2.2667E+00, 0.0000E+00,
16:38:52.08200319, 8.0000E-02, 2.2667E+00, 0.0000E+00,
16:38:52.08200324, 9.3333E-02, 2.2000E+00,-2.6667E-01,
16:38:52.08200329, 8.0000E-02, 2.2333E+00, 2.6667E-01,
16:38:52.08200334, 8.0000E-02, 2.2667E+00, 2.6667E-01,
16:38:52.08200339, 8.0000E-02, 2.2333E+00, 2.6667E-01,
16:38:52.08200344, 8.0000E-02, 2.2667E+00, 2.6667E-01,
16:38:52.08200349, 8.0000E-02, 2.2333E+00, 2.6667E-01,
16:38:52.08200354, 8.0000E-02, 2.2000E+00,-2.6667E-01,
16:38:52.08200359, 8.0000E-02, 2.2333E+00, 0.0000E+00,
16:38:52.08200364, 8.0000E-02, 2.3333E+00, 0.0000E+00,
16:38:52.08200369, 1.0667E-01, 2.2667E+00, 1.3333E-01,
16:38:52.08200374, 9.3333E-02, 2.2667E+00, 0.0000E+00,
16:38:52.08200379, 8.0000E-02, 2.2333E+00, 0.0000E+00,
16:38:52.08200384, 8.0000E-02, 2.2667E+00, 4.0000E-01,
16:38:52.08200389, 1.0667E-01, 2.2333E+00, 1.3333E-01,
16:38:52.08200394, 8.0000E-02, 2.2667E+00, 2.6667E-01,
16:38:52.08200399, 9.3333E-02, 2.2333E+00, 1.3333E-01,
16:38:52.08200404, 8.0000E-02, 2.2667E+00, 2.6667E-01,
16:38:52.08200409, 1.0667E-01, 2.2333E+00, 1.3333E-01,
16:38:52.08200414, 9.3333E-02, 2.2333E+00, 0.0000E+00,
16:38:52.08200419, 6.6667E-02, 2.2667E+00,-1.3333E-01,
16:38:52.08200424, 8.0000E-02, 2.2667E+00, 4.0000E-01,
16:38:52.08200429, 6.6667E-02, 2.2333E+00, 1.3333E-01,
16:38:52.08200434, 8.0000E-02, 2.1667E+00, 4.0000E-01,
16:38:52.08200439, 8.0000E-02, 2.2000E+00, 0.0000E+00,
16:38:52.08200444, 8.0000E-02, 2.2333E+00, 0.0000E+00,
16:38:52.08200449, 9.3333E-02, 2.1667E+00, 1.3333E-01,
16:38:52.08200454, 1.0667E-01, 2.2333E+00, 1.3333E-01,
16:38:52.08200459, 8.0000E-02, 2.2333E+00, 1.3333E-01,
16:38:52.08200464, 8.0000E-02, 2.2333E+00,-2.6667E-01,
16:38:52.08200469, 8.0000E-02, 2.2667E+00, 0.0000E+00,
16:38:52.08200474, 1.0667E-01, 2.2667E+00, 0.0000E+00,
16:38:52.08200479, 8.0000E-02, 2.2667E+00, 1.3333E-01,
16:38:52.08200484, 8.0000E-02, 2.2333E+00, 4.0000E-01,
16:38:52.08200489, 8.0000E-02, 2.2000E+00, 2.6667E-01,
16:38:52.08200494, 1.0667E-01, 2.2333E+00, 1.3333E-01,
16:38:52.08200499, 8.0000E-02, 2.2667E+00, 0.0000E+00,
16:38:52.08200504, 8.0000E-02, 2.2333E+00, 1.3333E-01,
16:38:52.08200509, 8.0000E-02, 2.2333E+00, 0.0000E+00,
16:38:52.08200514, 8.0000E-02, 2.2667E+00, 1.3333E-01,
16:38:52.08200519, 4.0000E-02, 2.2333E+00, 4.0000E-01,
16:38:52.08200524, 8.0000E-02, 2.2333E+00, 0.0000E+00,
16:38:52.08200529, 8.0000E-02, 2.2333E+00, 1.3333E-01,
16:38:52.08200534, 8.0000E-02, 2.2333E+00, 4.0000E-01,
16:38:52.08200539, 8.0000E-02, 2.3333E+00, 0.0000E+00,
16:38:52.08200544, 1.2000E-01, 2.2333E+00, 2.6667E-01,
16:38:52.08200549, 8.0000E-02, 2.2333E+00, 0.0000E+00,
16:38:52.08200554, 8.0000E-02, 2.2667E+00, 0.0000E+00,
16:38:52.08200559, 8.0000E-02, 2.2333E+00,-2.6667E-01,
16:38:52.08200564, 9.3333E-02, 2.2333E+00, 0.0000E+00,
16:38:52.08200569, 6.6667E-02, 2.2333E+00, 2.6667E-01,
16:38:52.08200574, 8.0000E-02, 2.2333E+00, 5.3333E-01,
16:38:52.08200579, 8.0000E-02, 2.2667E+00, 2.6667E-01,
16:38:52.08200584, 8.0000E-02, 2.2333E+00, 2.6667E-01,
16:38:52.08200589, 8.0000E-02, 2.3000E+00,-2.6667E-01,
16:38:52.08200594, 9.3333E-02, 2.2000E+00, 2.6667E-01,
16:38:52.08200599, 9.3333E-02, 2.3333E+00, 0.0000E+00,
16:38:52.08200604, 8.0000E-02, 2.2333E+00, 2.6667E-01,
16:38:52.08200609, 1.0667E-01, 2.2333E+00, 1.3333E-01,
16:38:52.08200614, 8.0000E-02, 2.2333E+00, 4.0000E-01,
16:38:52.08200619, 1.0667E-01, 2.2333E+00, 4.0000E-01,
16:38:52.08200624, 6.6667E-02, 2.3000E+00, 1.3333E-01,
16:38:52.08200629, 9.3333E-02, 2.1667E+00, 0.0000E+00,
16:38:52.08200634, 8.0000E-02, 2.2333E+00, 5.3333E-01,
16:38:52.08200639, 6.6667E-02, 2.2667E+00, 1.3333E-01,
16:38:52.08200644, 9.3333E-02, 2.2333E+00, 1.3333E-01,
16:38:52.08200649, 8.0000E-02, 2.2667E+00, 1.3333E-01,
16:38:52.08200654, 9.3333E-02, 2.2333E+00, 1.3333E-01,
16:38:52.08200659, 6.6667E-02, 2.2333E+00, 1.3333E-01,
16:38:52.08200664, 6.6667E-02, 2.2333E+00, 1.3333E-01,
16:38:52.08200669, 8.0000E-02, 2.2333E+00, 2.6667E-01,
16:38:52.08200674, 1.0667E-01, 2.2333E+00, 0.0000E+00,
16:38:52.08200679, 9.3333E-02, 2.3000E+00, 2.6667E-01,
16:38:52.08200684, 8.0000E-02, 2.2667E+00, 1.3333E-01,
16:38:52.08200689, 9.3333E-02, 2.2333E+00,-1.3333E-01,
16:38:52.08200694, 9.3333E-02, 2.2333E+00,-1.3333E-01,
16:38:52.08200699, 9.3333E-02, 2.2333E+00, 2.6667E-01,
16:38:52.08200704, 8.0000E-02, 2.2667E+00, 4.0000E-01,
16:38:52.08200709, 8.0000E-02, 2.2000E+00, 2.6667E-01,
16:38:52.08200714, 6.6667E-02, 2.2000E+00, 0.0000E+00,
16:38:52.08200719, 1.0667E-01, 2.2333E+00, 1.3333E-01,
16:38:52.08200724, 8.0000E-02, 2.2667E+00, 2.6667E-01,
16:38:52.08200729, 1.0667E-01, 2.2333E+00, 1.3333E-01,
16:38:52.08200734, 9.3333E-02, 2.2667E+00, 1.3333E-01,
16:38:52.08200739, 9.3333E-02, 2.2333E+00, 2.6667E-01,
16:38:52.08200744, 5.3333E-02, 2.2333E+00, 1.3333E-01,
16:38:52.08200749, 8.0000E-02, 2.2333E+00, 0.0000E+00,
16:38:52.08200754, 5.3333E-02, 2.2333E+00, 0.0000E+00,
16:38:52.08200759, 8.0000E-02, 2.2667E+00, 0.0000E+00,
16:38:52.08200764, 8.0000E-02, 2.2333E+00, 2.6667E-01,
16:38:52.08200769, 6.6667E-02, 2.2333E+00, 2.6667E-01,
16:38:52.08200774, 1.0667E-01, 2.2333E+00,-1.3333E-01,
16:38:52.08200779, 8.0000E-02, 2.2333E+00, 0.0000E+00,
16:38:52.08200784, 8.0000E-02, 2.2333E+00, 1.3333E-01,
16:38:52.08200789, 9.3333E-02, 2.2333E+00, 1.3333E-01,
16:38:52.08200794, 8.0000E-02, 2.2333E+00,-1.3333E-01,
16:38:52.08200799, 8.0000E-02, 2.2333E+00,-1.3333E-01,
16:38:52.08200804, 8.0000E-02, 2.2333E+00, 2.6667E-01,
16:38:52.08200809, 5.3333E-02, 2.2667E+00, 1.3333E-01,
16:38:52.08200814, 8.0000E-02, 2.2000E+00, 0.0000E+00,
16:38:52.08200819, 6.6667E-02, 2.2667E+00, 0.0000E+00,
16:38:52.08200824, 8.0000E-02, 2.2333E+00, 4.0000E-01,
16:38:52.08200829, 8.0000E-02, 2.2667E+00, 2.6667E-01,
16:38:52.08200834, 9.3333E-02, 2.2333E+00, 2.6667E-01,
16:38:52.08200839, 9.3333E-02, 2.2667E+00, 4.0000E-01,
16:38:52.08200844, 9.3333E-02, 2.2333E+00, 1.3333E-01,
16:38:52.08200849, 8.0000E-02, 2.2333E+00, 1.3333E-01,
16:38:52.08200854, 8.0000E-02, 2.2333E+00, 1.3333E-01,
16:38:52.08200859, 6.6667E-02, 2.2333E+00, 0.0000E+00,
16:38:52.08200864, 8.0000E-02, 2.2333E+00, 0.0000E+00,
16:38:52.08200869, 8.0000E-02, 2.2333E+00, 1.3333E-01,
16:38:52.08200874, 6.6667E-02, 2.3000E+00, 2.6667E-01,
16:38:52.08200879, 9.3333E-02, 2.2667E+00, 4.0000E-01,
16:38:52.08200884, 8.0000E-02, 2.2333E+00,-1.3333E-01,
16:38:52.08200889, 9.3333E-02, 2.3000E+00, 0.0000E+00,
16:38:52.08200894, 8.0000E-02, 2.2667E+00, 0.0000E+00,
16:38:52.08200899, 6.6667E-02, 2.2333E+00, 0.0000E+00,
16:38:52.08200904, 8.0000E-02, 2.2333E+00, 1.3333E-01,
16:38:52.08200909, 8.0000E-02, 2.2667E+00, 2.6667E-01,
16:38:52.08200914, 8.0000E-02, 2.2333E+00, 2.6667E-01,
16:38:52.08200919, 6.6667E-02, 2.2333E+00, 4.0000E-01,
16:38:52.08200924, 8.0000E-02, 2.2000E+00, 0.0000E+00,
16:38:52.08200929, 8.0000E-02, 2.2000E+00, 1.3333E-01,
16:38:52.08200934, 9.3333E-02, 2.2333E+00, 2.6667E-01,
16:38:52.08200939, 9.3333E-02, 2.2333E+00,-2.6667E-01,
16:38:52.08200944, 2.6667E-02, 2.2667E+00, 0.0000E+00,
16:38:52.08200949, 6.6667E-02, 2.2333E+00, 4.0000E-01,
16:38:52.08200954, 5.3333E-02, 2.2333E+00, 4.0000E-01,
16:38:52.08200959, 2.6667E-02, 2.2333E+00, 1.3333E-01,
16:38:52.08200964, 6.6667E-02, 2.2000E+00, 1.3333E-01,
16:38:52.08200969, 5.3333E-02, 2.2333E+00, 1.3333E-01,
16:38:52.08200974, 8.0000E-02, 2.2333E+00, 0.0000E+00,
16:38:52.08200979, 5.3333E-02, 2.2667E+00, 4.0000E-01,
16:38:52.08200984, 1.0667E-01, 2.2333E+00, 4.0000E-01,
16:38:52.08200989, 9.3333E-02, 2.2667E+00, 2.6667E-01,
16:38:52.08200994, 5.3333E-02, 2.2333E+00, 0.0000E+00,
16:38:52.08200999, 5.3333E-02, 2.2333E+00,-2.6667E-01,
16:38:52.08201004, 5.3333E-02, 2.2333E+00, 0.0000E+00,
16:38:52.08201009, 5.3333E-02, 2.2667E+00, 4.0000E-01,
16:38:52.08201014, 8.0000E-02, 2.2667E+00, 0.0000E+00,
16:38:52.08201019, 9.3333E-02, 2.2333E+00, 4.0000E-01,
16:38:52.08201024, 9.3333E-02, 2.2333E+00,-2.6667E-01,
16:38:52.08201029, 1.0667E-01, 2.2333E+00, 0.0000E+00,
16:38:52.08201034, 6.6667E-02, 2.2333E+00, 0.0000E+00,
16:38:52.08201039, 6.6667E-02, 2.2333E+00, 2.6667E-01,
16:38:52.08201044, 8.0000E-02, 2.2000E+00,-1.3333E-01,
16:38:52.08201049, 8.0000E-02, 2.2333E+00, 1.3333E-01,
16:38:52.08201054, 6.6667E-02, 2.2333E+00, 2.6667E-01,
16:38:52.08201059, 6.6667E-02, 2.2667E+00, 2.6667E-01,
16:38:52.08201064, 9.3333E-02, 2.2000E+00, 0.0000E+00,
16:38:52.08201069, 8.0000E-02, 2.3000E+00, 2.6667E-01,
16:38:52.08201074, 4.0000E-02, 2.2333E+00,-2.6667E-01,
16:38:52.08201079, 6.6667E-02, 2.2667E+00, 0.0000E+00,
16:38:52.08201084, 8.0000E-02, 2.2333E+00, 1.3333E-01,
16:38:52.08201089, 5.3333E-02, 2.2000E+00,-1.3333E-01,
16:38:52.08201094, 6.6667E-02, 2.2333E+00, 1.3333E-01,
16:38:52.08201099, 6.6667E-02, 2.3000E+00, 0.0000E+00,
16:38:52.08201104, 8.0000E-02, 2.2667E+00, 0.0000E+00,
16:38:52.08201109, 8.0000E-02, 2.3333E+00, 2.6667E-01,
16:38:52.08201114, 8.0000E-02, 2.2333E+00, 0.0000E+00,
16:38:52.08201119, 1.0667E-01, 2.2333E+00, 1.3333E-01,
16:38:52.08201124, 8.0000E-02, 2.2333E+00, 1.3333E-01,
16:38:52.08201129, 6.6667E-02, 2.2667E+00,-1.3333E-01,
16:38:52.08201134, 8.0000E-02, 2.2333E+00, 1.3333E-01,
16:38:52.08201139, 5.3333E-02, 2.2333E+00, 1.3333E-01,
16:38:52.08201144, 5.3333E-02, 2.2333E+00, 0.0000E+00,
16:38:52.08201149, 6.6667E-02, 2.2333E+00, 1.3333E-01,
16:38:52.08201154, 9.3333E-02, 2.2000E+00, 1.3333E-01,
16:38:52.08201159, 8.0000E-02, 2.2333E+00, 2.6667E-01,
16:38:52.08201164, 9.3333E-02, 2.2333E+00, 2.6667E-01,
16:38:52.08201169, 8.0000E-02, 2.2333E+00, 1.3333E-01,
16:38:52.08201174, 8.0000E-02, 2.2333E+00, 1.3333E-01,
16:38:52.08201179, 6.6667E-02, 2.2667E+00, 1.3333E-01,
16:38:52.08201184, 8.0000E-02, 2.2333E+00, 0.0000E+00,
16:38:52.08201189, 6.6667E-02, 2.2667E+00, 2.6667E-01,
16:38:52.08201194, 2.6667E-02, 2.2333E+00, 1.3333E-01,
16:38:52.08201199, 8.0000E-02, 2.2667E+00, 0.0000E+00,
16:38:52.08201204, 8.0000E-02, 2.3333E+00, 1.3333E-01,
16:38:52.08201209, 5.3333E-02, 2.2333E+00,-1.3333E-01,
16:38:52.08201214, 9.3333E-02, 2.2333E+00, 1.3333E-01,
16:38:52.08201219, 8.0000E-02, 2.2333E+00, 2.6667E-01,
16:38:52.08201224, 6.6667E-02, 2.2667E+00, 2.6667E-01,
16:38:52.08201229, 4.0000E-02, 2.2333E+00,-1.3333E-01,
16:38:52.08201234, 8.0000E-02, 2.2333E+00, 1.3333E-01,
16:38:52.08201239, 8.0000E-02, 2.2333E+00,-2.6667E-01,
16:38:52.08201244, 8.0000E-02, 2.2000E+00,-1.3333E-01,
16:38:52.08201249, 6.6667E-02, 2.2333E+00, 0.0000E+00,
16:38:52.08201254, 8.0000E-02, 2.2333E+00, 1.3333E-01,
16:38:52.08201259, 8.0000E-02, 2.2333E+00,-1.3333E-01,
16:38:52.08201264, 5.3333E-02, 2.2667E+00, 1.3333E-01,
16:38:52.08201269, 8.0000E-02, 2.2667E+00, 0.0000E+00,
16:38:52.08201274, 6.6667E-02, 2.2333E+00, 5.3333E-01,
16:38:52.08201279, 5.3333E-02, 2.2667E+00, 1.3333E-01,
16:38:52.08201284, 5.3333E-02, 2.2667E+00, 1.3333E-01,
16:38:52.08201289, 6.6667E-02, 2.2333E+00,-2.6667E-01,
16:38:52.08201294, 5.3333E-02, 2.2667E+00, 1.3333E-01,
16:38:52.08201299, 5.3333E-02, 2.2667E+00, 4.0000E-01,
16:38:52.08201304, 8.0000E-02, 2.2333E+00, 2.6667E-01,
16:38:52.08201309, 6.6667E-02, 2.2333E+00, 2.6667E-01,
16:38:52.08201314, 6.6667E-02, 2.2333E+00, 0.0000E+00,
16:38:52.08201319, 6.6667E-02, 2.3000E+00, 4.0000E-01,
16:38:52.08201324, 4.0000E-02, 2.2667E+00, 1.3333E-01,
16:38:52.08201329, 6.6667E-02, 2.2667E+00,-1.3333E-01,
16:38:52.08201334, 6.6667E-02, 2.2333E+00,-2.6667E-01,
16:38:52.08201339, 6.6667E-02, 2.2333E+00, 2.6667E-01,
16:38:52.08201344, 6.6667E-02, 2.2000E+00, 4.0000E-01,
16:38:52.08201349, 8.0000E-02, 2.2667E+00, 2.6667E-01,
16:38:52.08201354, 6.6667E-02, 2.2333E+00, 1.3333E-01,
16:38:52.08201359, 6.6667E-02, 2.2667E+00, 0.0000E+00,
16:38:52.08201364, 6.6667E-02, 2.2333E+00, 4.0000E-01,
16:38:52.08201369, 8.0000E-02, 2.2333E+00, 0.0000E+00,
16:38:52.08201374, 5.3333E-02, 2.2333E+00, 2.6667E-01,
16:38:52.08201379, 5.3333E-02, 2.2333E+00, 1.3333E-01,
16:38:52.08201384, 8.0000E-02, 2.3000E+00, 0.0000E+00,
16:38:52.08201389, 6.6667E-02, 2.1333E+00, 2.6667E-01,
16:38:52.08201394, 5.3333E-02, 2.2333E+00, 1.3333E-01,
16:38:52.08201399, 6.6667E-02, 2.2333E+00, 1.3333E-01,
16:38:52.08201404, 8.0000E-02, 2.2333E+00, 2.6667E-01,
16:38:52.08201409, 8.0000E-02, 2.2333E+00, 2.6667E-01,
16:38:52.08201414, 8.0000E-02, 2.2333E+00, 1.3333E-01,
16:38:52.08201419, 5.3333E-02, 2.2667E+00, 1.3333E-01,
16:38:52.08201424, 6.6667E-02, 2.2000E+00,-1.3333E-01,
16:38:52.08201429, 5.3333E-02, 2.2333E+00,-4.0000E-01,
16:38:52.08201434, 6.6667E-02, 2.2667E+00,-2.6667E-01,
16:38:52.08201439, 8.0000E-02, 2.2000E+00, 2.6667E-01,
16:38:52.08201444, 8.0000E-02, 2.2667E+00, 0.0000E+00,
16:38:52.08201449, 6.6667E-02, 2.2333E+00, 1.3333E-01,
16:38:52.08201454, 8.0000E-02, 2.2333E+00, 0.0000E+00,
16:38:52.08201459, 8.0000E-02, 2.2333E+00, 0.0000E+00,
16:38:52.08201464, 5.3333E-02, 2.2333E+00, 2.6667E-01,
16:38:52.08201469, 6.6667E-02, 2.2667E+00, 4.0000E-01,
16:38:52.08201474, 8.0000E-02, 2.2333E+00, 1.3333E-01,
16:38:52.08201479, 4.0000E-02, 2.2333E+00,-1.3333E-01,
16:38:52.08201484, 5.3333E-02, 2.2667E+00, 0.0000E+00,
16:38:52.08201489, 6.6667E-02, 2.2333E+00, 2.6667E-01,
16:38:52.08201494, 2.6667E-02, 2.2333E+00, 1.3333E-01,
16:38:52.08201499, 6.6667E-02, 2.2667E+00, 0.0000E+00,
16:38:52.08201504, 6.6667E-02, 2.2333E+00, 1.3333E-01,
16:38:52.08201509, 5.3333E-02, 2.2333E+00, 1.3333E-01,
16:38:52.08201514, 4.0000E-02, 2.2333E+00, 2.6667E-01,
16:38:52.08201519, 4.0000E-02, 2.1667E+00, 1.3333E-01,
16:38:52.08201524, 4.0000E-02, 2.2333E+00, 1.3333E-01,
16:38:52.08201529, 4.0000E-02, 2.2667E+00, 1.3333E-01,
16:38:52.08201534, 6.6667E-02, 2.2333E+00,-1.3333E-01,
16:38:52.08201539, 2.6667E-02, 2.2333E+00,-2.6667E-01,
16:38:52.08201544, 8.0000E-02, 2.2333E+00, 1.3333E-01,
16:38:52.08201549, 8.0000E-02, 2.2667E+00, 0.0000E+00,
16:38:52.08201554, 8.0000E-02, 2.2667E+00, 1.3333E-01,
16:38:52.08201559, 8.0000E-02, 2.2667E+00, 1.3333E-01,
16:38:52.08201564, 8.0000E-02, 2.2333E+00, 0.0000E+00,
16:38:52.08201569, 6.6667E-02, 2.2333E+00, 2.6667E-01,
16:38:52.08201574, 5.3333E-02, 2.2333E+00, 2.6667E-01,
16:38:52.08201579, 6.6667E-02, 2.2000E+00,-2.6667E-01,
16:38:52.08201584, 4.0000E-02, 2.2333E+00,-1.3333E-01,
16:38:52.08201589, 5.3333E-02, 2.2333E+00, 2.6667E-01,
16:38:52.08201594, 5.3333E-02, 2.2333E+00,-1.3333E-01,
16:38:52.08201599, 8.0000E-02, 2.2667E+00, 0.0000E+00,
16:38:52.08201604, 6.6667E-02, 2.2333E+00, 1.3333E-01,
16:38:52.08201609, 4.0000E-02, 2.2333E+00, 2.6667E-01,
16:38:52.08201614, 5.3333E-02, 2.2667E+00, 2.6667E-01,
16:38:52.08201619, 5.3333E-02, 2.2000E+00, 4.0000E-01,
16:38:52.08201624, 4.0000E-02, 2.2333E+00, 0.0000E+00,
16:38:52.08201629, 6.6667E-02, 2.2667E+00,-1.3333E-01,
16:38:52.08201634, 5.3333E-02, 2.3000E+00, 0.0000E+00,
16:38:52.08201639, 5.3333E-02, 2.2667E+00, 2.6667E-01,
16:38:52.08201644, 8.0000E-02, 2.2333E+00, 0.0000E+00,
16:38:52.08201649, 6.6667E-02, 2.2667E+00, 4.0000E-01,
16:38:52.08201654, 2.6667E-02, 2.2333E+00, 0.0000E+00,
16:38:52.08201659, 6.6667E-02, 2.2333E+00, 1.3333E-01,
16:38:52.08201664, 4.0000E-02, 2.2333E+00, 0.0000E+00,
16:38:52.08201669, 2.6667E-02, 2.2333E+00,-2.6667E-01,
16:38:52.08201674, 4.0000E-02, 2.2333E+00, 1.3333E-01,
16:38:52.08201679, 6.6667E-02, 2.2667E+00, 1.3333E-01,
16:38:52.08201684, 4.0000E-02, 2.2333E+00,-1.3333E-01,
16:38:52.08201689, 8.0000E-02, 2.2333E+00, 1.3333E-01,
16:38:52.08201694, 8.0000E-02, 2.2333E+00, 4.0000E-01,
16:38:52.08201699, 6.6667E-02, 2.2333E+00, 2.6667E-01,
16:38:52.08201704, 5.3333E-02, 2.2333E+00, 0.0000E+00,
16:38:52.08201709, 5.3333E-02, 2.2333E+00, 0.0000E+00,
16:38:52.08201714, 6.6667E-02, 2.2333E+00, 2.6667E-01,
16:38:52.08201719, 6.6667E-02, 2.2667E+00, 0.0000E+00,
16:38:52.08201724, 6.6667E-02, 2.2667E+00, 2.6667E-01,
16:38:52.08201729, 5.3333E-02, 2.2000E+00, 0.0000E+00,
16:38:52.08201734, 8.0000E-02, 2.2667E+00, 1.3333E-01,
16:38:52.08201739, 6.6667E-02, 2.2333E+00, 1.3333E-01,
16:38:52.08201744, 5.3333E-02, 2.2333E+00, 0.0000E+00,
16:38:52.08201749, 6.6667E-02, 2.2333E+00, 1.3333E-01,
16:38:52.08201754, 5.3333E-02, 2.3000E+00, 1.3333E-01,
16:38:52.08201759, 2.6667E-02, 2.2333E+00, 2.6667E-01,
16:38:52.08201764, 8.0000E-02, 2.2667E+00,-2.6667E-01,
16:38:52.08201769, 5.3333E-02, 2.3000E+00, 0.0000E+00,
16:38:52.08201774, 8.0000E-02, 2.2333E+00, 1.3333E-01,
16:38:52.08201779, 5.3333E-02, 2.2667E+00,-1.3333E-01,
16:38:52.08201784, 5.3333E-02, 2.2333E+00, 0.0000E+00,
16:38:52.08201789, 6.6667E-02, 2.2333E+00, 1.3333E-01,
16:38:52.08201794, 9.3333E-02, 2.2333E+00, 2.6667E-01,
16:38:52.08201799, 8.0000E-02, 2.2667E+00, 2.6667E-01,
16:38:52.08201804, 8.0000E-02, 2.1667E+00, 5.3333E-01,
16:38:52.08201809, 4.0000E-02, 2.2333E+00, 2.6667E-01,
16:38:52.08201814, 6.6667E-02, 2.2333E+00, 0.0000E+00,
16:38:52.08201819, 6.6667E-02, 2.2333E+00, 0.0000E+00,
16:38:52.08201824, 2.6667E-02, 2.2667E+00,-1.3333E-01,
16:38:52.08201829, 8.0000E-02, 2.2333E+00, 0.0000E+00,
16:38:52.08201834, 6.6667E-02, 2.2333E+00, 0.0000E+00,
16:38:52.08201839, 8.0000E-02, 2.2333E+00, 1.3333E-01,
16:38:52.08201844, 6.6667E-02, 2.2333E+00,-2.6667E-01,
16:38:52.08201849, 5.3333E-02, 2.2333E+00, 1.3333E-01,
16:38:52.08201854, 5.3333E-02, 2.2000E+00, 2.6667E-01,
16:38:52.08201859, 6.6667E-02, 2.2333E+00, 1.3333E-01,
16:38:52.08201864, 6.6667E-02, 2.2333E+00,-1.3333E-01,
16:38:52.08201869, 2.6667E-02, 2.2000E+00, 2.6667E-01,
16:38:52.08201874, 8.0000E-02, 2.2333E+00, 1.3333E-01,
16:38:52.08201879, 6.6667E-02, 2.2333E+00, 1.3333E-01,
16:38:52.08201884, 6.6667E-02, 2.2000E+00,-1.3333E-01,
16:38:52.08201889, 8.0000E-02, 2.2333E+00, 2.6667E-01,
16:38:52.08201894, 5.3333E-02, 2.2000E+00, 0.0000E+00,
16:38:52.08201899, 6.6667E-02, 2.2333E+00, 0.0000E+00,
16:38:52.08201904, 2.6667E-02, 2.2667E+00, 1.3333E-01,
16:38:52.08201909, 4.0000E-02, 2.2333E+00,-1.3333E-01,
16:38:52.08201914, 4.0000E-02, 2.2000E+00,-1.3333E-01,
16:38:52.08201919, 6.6667E-02, 2.2000E+00, 1.3333E-01,
16:38:52.08201924, 2.6667E-02, 2.2333E+00, 1.3333E-01,
16:38:52.08201929, 6.6667E-02, 2.2333E+00, 2.6667E-01,
16:38:52.08201934, 8.0000E-02, 2.2333E+00, 5.3333E-01,
16:38:52.08201939, 5.3333E-02, 2.2667E+00, 2.6667E-01,
16:38:52.08201944, 4.0000E-02, 2.1667E+00, 1.3333E-01,
16:38:52.08201949, 5.3333E-02, 2.2667E+00, 2.6667E-01,
16:38:52.08201954, 6.6667E-02, 2.2000E+00, 2.6667E-01,
16:38:52.08201959, 5.3333E-02, 2.2333E+00, 0.0000E+00,
16:38:52.08201964, 6.6667E-02, 2.2333E+00, 5.3333E-01,
16:38:52.08201969, 4.0000E-02, 2.3667E+00, 0.0000E+00,
16:38:52.08201974, 6.6667E-02, 2.2333E+00, 0.0000E+00,
16:38:52.08201979, 6.6667E-02, 2.2333E+00, 0.0000E+00,
16:38:52.08201984, 4.0000E-02, 2.1667E+00, 4.0000E-01,
16:38:52.08201989, 5.3333E-02, 2.2333E+00, 5.3333E-01,
16:38:52.08201994, 4.0000E-02, 2.2333E+00, 5.3333E-01,
16:38:52.08201999, 4.0000E-02, 2.2333E+00, 4.0000E-01,
16:38:52.08202004, 4.0000E-02, 2.2333E+00, 2.6667E-01,
16:38:52.08202009, 5.3333E-02, 2.2000E+00, 0.0000E+00,
16:38:52.08202014, 4.0000E-02, 2.2333E+00,-2.6667E-01,
16:38:52.08202019, 5.3333E-02, 2.2000E+00, 2.6667E-01,
16:38:52.08202024, 6.6667E-02, 2.2333E+00, 1.3333E-01,
16:38:52.08202029, 8.0000E-02, 2.2333E+00,-1.3333E-01,
16:38:52.08202034, 6.6667E-02, 2.2667E+00, 2.6667E-01,
16:38:52.08202039, 5.3333E-02, 2.2333E+00,-1.3333E-01,
16:38:52.08202044, 5.3333E-02, 2.2333E+00, 4.0000E-01,
16:38:52.08202049, 4.0000E-02, 2.1667E+00, 0.0000E+00,
16:38:52.08202054, 6.6667E-02, 2.1667E+00, 1.3333E-01,
16:38:52.08202059, 5.3333E-02, 2.2333E+00, 2.6667E-01,
16:38:52.08202064, 4.0000E-02, 2.2000E+00, 1.3333E-01,
16:38:52.08202069, 4.0000E-02, 2.2000E+00, 1.3333E-01,
16:38:52.08202074, 6.6667E-02, 2.2333E+00,-1.3333E-01,
16:38:52.08202079, 6.6667E-02, 2.2667E+00,-2.6667E-01,
16:38:52.08202084, 8.0000E-02, 2.3333E+00, 0.0000E+00,
16:38:52.08202089, 5.3333E-02, 2.2333E+00, 0.0000E+00,
16:38:52.08202094, 4.0000E-02, 2.2333E+00, 2.6667E-01,
16:38:52.08202099, 2.6667E-02, 2.2333E+00, 1.3333E-01,
16:38:52.08202104, 4.0000E-02, 2.2667E+00, 2.6667E-01,
16:38:52.08202109, 2.6667E-02, 2.3000E+00,-1.3333E-01,
16:38:52.08202114, 8.0000E-02, 2.2333E+00, 1.3333E-01,
16:38:52.08202119, 6.6667E-02, 2.3000E+00,-2.6667E-01,
16:38:52.08202124, 2.6667E-02, 2.2333E+00, 6.6667E-01,
16:38:52.08202129, 6.6667E-02, 2.2333E+00, 4.0000E-01,
16:38:52.08202134, 4.0000E-02, 2.2667E+00, 0.0000E+00,
16:38:52.08202139, 1.3333E-02, 2.2333E+00, 1.3333E-01,
16:38:52.08202144, 2.6667E-02, 2.2333E+00,-1.3333E-01,
16:38:52.08202149, 4.0000E-02, 2.3000E+00, 0.0000E+00,
16:38:52.08202154, 4.0000E-02, 2.2000E+00, 1.3333E-01,
16:38:52.08202159, 6.6667E-02, 2.3667E+00, 2.6667E-01,
16:38:52.08202164, 5.3333E-02, 2.2667E+00, 2.6667E-01,
16:38:52.08202169, 8.0000E-02, 2.2667E+00,-2.6667E-01,
16:38:52.08202174, 4.0000E-02, 2.2333E+00,-2.6667E-01,
16:38:52.08202179, 4.0000E-02, 2.2333E+00, 1.3333E-01,
16:38:52.08202184, 2.6667E-02, 2.2333E+00, 5.3333E-01,
16:38:52.08202189, 6.6667E-02, 2.2333E+00, 1.3333E-01,
16:38:52.08202194, 2.6667E-02, 2.2333E+00, 4.0000E-01,
16:38:52.08202199, 2.6667E-02, 2.2333E+00, 1.3333E-01,
16:38:52.08202204, 4.0000E-02, 2.2000E+00, 2.6667E-01,
16:38:52.08202209, 6.6667E-02, 2.2000E+00, 5.3333E-01,
16:38:52.08202214, 4.0000E-02, 2.2000E+00, 1.3333E-01,
16:38:52.08202219, 6.6667E-02, 2.2333E+00, 2.6667E-01,
16:38:52.08202224, 8.0000E-02, 2.2333E+00, 0.0000E+00,
16:38:52.08202229, 5.3333E-02, 2.2333E+00, 2.6667E-01,
16:38:52.08202234, 6.6667E-02, 2.2333E+00, 1.3333E-01,
16:38:52.08202239, 2.6667E-02, 2.2333E+00, 4.0000E-01,
16:38:52.08202244, 8.0000E-02, 2.2333E+00, 2.6667E-01,
16:38:52.08202249, 5.3333E-02, 2.2333E+00, 2.6667E-01,
16:38:52.08202254, 4.0000E-02, 2.2333E+00, 1.3333E-01,
16:38:52.08202259, 5.3333E-02, 2.2333E+00, 0.0000E+00,
16:38:52.08202264, 6.6667E-02, 2.2333E+00, 1.3333E-01,
16:38:52.08202269, 6.6667E-02, 2.2333E+00, 1.3333E-01,
16:38:52.08202274, 8.0000E-02, 2.3000E+00, 2.6667E-01,
16:38:52.08202279, 5.3333E-02, 2.2333E+00, 1.3333E-01,
16:38:52.08202284, 4.0000E-02, 2.2333E+00, 2.6667E-01,
16:38:52.08202289, 4.0000E-02, 2.2000E+00, 4.0000E-01,
16:38:52.08202294, 5.3333E-02, 2.2333E+00, 2.6667E-01,
16:38:52.08202299, 5.3333E-02, 2.2333E+00, 0.0000E+00,
16:38:52.08202304, 6.6667E-02, 2.2000E+00, 1.3333E-01,
16:38:52.08202309, 5.3333E-02, 2.2333E+00, 0.0000E+00,
16:38:52.08202314, 4.0000E-02, 2.2000E+00, 2.6667E-01,
16:38:52.08202319, 5.3333E-02, 2.2333E+00, 1.3333E-01,
16:38:52.08202324, 5.3333E-02, 2.2667E+00, 0.0000E+00,
16:38:52.08202329, 5.3333E-02, 2.2667E+00, 1.3333E-01,
16:38:52.08202334, 2.6667E-02, 2.3000E+00, 1.3333E-01,
16:38:52.08202339, 2.6667E-02, 2.2333E+00, 1.3333E-01,
16:38:52.08202344, 1.3333E-02, 2.2333E+00, 0.0000E+00,
16:38:52.08202349, 4.0000E-02, 2.2667E+00, 0.0000E+00,
16:38:52.08202354, 5.3333E-02, 2.2667E+00, 2.6667E-01,
16:38:52.08202359, 4.0000E-02, 2.2333E+00,-1.3333E-01,
16:38:52.08202364, 4.0000E-02, 2.2333E+00, 0.0000E+00,
16:38:52.08202369, 4.0000E-02, 2.2333E+00, 1.3333E-01,
16:38:52.08202374, 8.0000E-02, 2.2333E+00, 4.0000E-01,
16:38:52.08202379, 2.6667E-02, 2.3000E+00,-1.3333E-01,
16:38:52.08202384, 4.0000E-02, 2.2667E+00, 0.0000E+00,
16:38:52.08202389, 1.3333E-02, 2.2333E+00, 0.0000E+00,
16:38:52.08202394, 4.0000E-02, 2.2333E+00, 5.3333E-01,
16:38:52.08202399, 4.0000E-02, 2.2333E+00, 4.0000E-01,
16:38:52.08202404, 8.0000E-02, 2.2333E+00, 0.0000E+00,
16:38:52.08202409, 8.0000E-02, 2.2333E+00, 0.0000E+00,
16:38:52.08202414, 4.0000E-02, 2.2000E+00, 4.0000E-01,
16:38:52.08202419, 2.6667E-02, 2.2333E+00, 2.6667E-01,
16:38:52.08202424, 4.0000E-02, 2.2000E+00, 2.6667E-01,
16:38:52.08202429, 5.3333E-02, 2.2333E+00, 1.3333E-01,
16:38:52.08202434, 2.6667E-02, 2.2333E+00, 0.0000E+00,
16:38:52.08202439, 4.0000E-02, 2.2667E+00, 1.3333E-01,
16:38:52.08202444, 5.3333E-02, 2.2667E+00, 1.3333E-01,
16:38:52.08202449, 4.0000E-02, 2.2333E+00,-4.0000E-01,
16:38:52.08202454, 5.3333E-02, 2.2667E+00, 4.0000E-01,
16:38:52.08202459, 4.0000E-02, 2.2667E+00, 1.3333E-01,
16:38:52.08202464, 5.3333E-02, 2.2333E+00, 1.3333E-01,
16:38:52.08202469, 2.6667E-02, 2.2667E+00, 0.0000E+00,
16:38:52.08202474, 5.3333E-02, 2.2667E+00, 2.6667E-01,
16:38:52.08202479, 4.0000E-02, 2.2333E+00, 2.6667E-01,
16:38:52.08202484, 0.0000E+00, 2.2333E+00, 1.3333E-01,
16:38:52.08202489, 4.0000E-02, 2.2333E+00, 5.3333E-01,
16:38:52.08202494, 1.3333E-02, 2.2333E+00, 1.3333E-01,
16:38:52.08202499, 6.6667E-02, 2.2667E+00, 1.3333E-01,
16:38:52.08202504, 4.0000E-02, 2.2333E+00, 1.3333E-01,
16:38:52.08202509, 6.6667E-02, 2.2333E+00, 6.6667E-01,
16:38:52.08202514, 6.6667E-02, 2.2667E+00,-1.3333E-01,
16:38:52.08202519, 4.0000E-02, 2.2333E+00, 1.3333E-01,
16:38:52.08202524, 1.3333E-02, 2.2333E+00, 2.6667E-01,
16:38:52.08202529, 4.0000E-02, 2.2333E+00, 0.0000E+00,
16:38:52.08202534, 5.3333E-02, 2.2333E+00, 1.3333E-01,
16:38:52.08202539, 5.3333E-02, 2.2333E+00, 2.6667E-01,
16:38:52.08202544, 4.0000E-02, 2.2667E+00, 0.0000E+00,
16:38:52.08202549, 4.0000E-02, 2.3333E+00,-1.3333E-01,
16:38:52.08202554, 1.3333E-02, 2.2667E+00, 1.3333E-01,
16:38:52.08202559, 4.0000E-02, 2.2333E+00, 2.6667E-01,
16:38:52.08202564, 5.3333E-02, 2.2333E+00, 2.6667E-01,
16:38:52.08202569, 5.3333E-02, 2.2667E+00, 2.6667E-01,
16:38:52.08202574, 4.0000E-02, 2.2333E+00, 1.3333E-01,
16:38:52.08202579, 4.0000E-02, 2.2667E+00, 1.3333E-01,
16:38:52.08202584, 1.3333E-02, 2.2333E+00, 2.6667E-01,
16:38:52.08202589, 2.6667E-02, 2.2333E+00,-1.3333E-01,
16:38:52.08202594, 2.6667E-02, 2.2667E+00, 1.3333E-01,
16:38:52.08202599, 2.6667E-02, 2.2333E+00, 1.3333E-01,
16:38:52.08202604, 4.0000E-02, 2.2667E+00, 1.3333E-01,
16:38:52.08202609, 4.0000E-02, 2.2333E+00, 1.3333E-01,
16:38:52.08202614, 4.0000E-02, 2.2667E+00, 2.6667E-01,
16:38:52.08202619, 1.3333E-02, 2.2333E+00, 2.6667E-01,
16:38:52.08202624, 4.0000E-02, 2.2333E+00, 0.0000E+00,
16:38:52.08202629, 2.6667E-02, 2.2333E+00, 4.0000E-01,
16:38:52.08202634, 4.0000E-02, 2.2333E+00, 1.3333E-01,
16:38:52.08202639, 4.0000E-02, 2.2000E+00, 1.3333E-01,
16:38:52.08202644, 4.0000E-02, 2.2000E+00, 0.0000E+00,
16:38:52.08202649, 4.0000E-02, 2.2333E+00, 0.0000E+00,
16:38:52.08202654, 8.0000E-02, 2.2333E+00, 2.6667E-01,
16:38:52.08202659, 5.3333E-02, 2.2333E+00, 1.3333E-01,
16:38:52.08202664, 5.3333E-02, 2.2333E+00, 2.6667E-01,
16:38:52.08202669, 4.0000E-02, 2.2667E+00, 1.3333E-01,
16:38:52.08202674, 2.6667E-02, 2.2000E+00, 2.6667E-01,
16:38:52.08202679, 2.6667E-02, 2.2333E+00, 0.0000E+00,
16:38:52.08202684, 4.0000E-02, 2.3000E+00, 1.3333E-01,
16:38:52.08202689, 5.3333E-02, 2.2667E+00, 1.3333E-01,
16:38:52.08202694, 4.0000E-02, 2.2333E+00, 1.3333E-01,
16:38:52.08202699, 4.0000E-02, 2.2000E+00, 1.3333E-01,
16:38:52.08202704, 5.3333E-02, 2.2333E+00, 0.0000E+00,
16:38:52.08202709, 1.3333E-02, 2.2333E+00, 4.0000E-01,
16:38:52.08202714, 1.3333E-02, 2.2333E+00, 1.3333E-01,
16:38:52.08202719, 6.6667E-02, 2.2333E+00, 4.0000E-01,
16:38:52.08202724, 4.0000E-02, 2.2667E+00, 0.0000E+00,
16:38:52.08202729, 2.6667E-02, 2.2667E+00, 2.6667E-01,
16:38:52.08202734, 5.3333E-02, 2.2333E+00,-4.0000E-01,
16:38:52.08202739, 5.3333E-02, 2.2333E+00, 4.0000E-01,
16:38:52.08202744, 4.0000E-02, 2.1667E+00,-1.3333E-01,
16:38:52.08202749, 4.0000E-02, 2.2333E+00, 1.3333E-01,
16:38:52.08202754, 2.6667E-02, 2.2333E+00, 6.6667E-01,
16:38:52.08202759, 1.3333E-02, 2.2667E+00, 0.0000E+00,
16:38:52.08202764, 1.3333E-02, 2.2333E+00, 0.0000E+00,
16:38:52.08202769, 6.6667E-02, 2.2333E+00, 0.0000E+00,
16:38:52.08202774, 2.6667E-02, 2.2667E+00, 1.3333E-01,
16:38:52.08202779, 0.0000E+00, 2.2333E+00, 1.3333E-01,
16:38:52.08202784, 4.0000E-02, 2.2667E+00, 1.3333E-01,
16:38:52.08202789, 6.6667E-02, 2.2333E+00, 0.0000E+00,
16:38:52.08202794, 2.6667E-02, 2.2333E+00,-2.6667E-01,
16:38:52.08202799, 8.0000E-02, 2.2333E+00, 0.0000E+00,
16:38:52.08202804, 2.6667E-02, 2.2667E+00, 2.6667E-01,
16:38:52.08202809, 5.3333E-02, 2.2000E+00, 0.0000E+00,
16:38:52.08202814, 1.3333E-02, 2.3000E+00, 1.3333E-01,
16:38:52.08202819, 6.6667E-02, 2.3000E+00, 0.0000E+00,
16:38:52.08202824, 2.6667E-02, 2.2333E+00, 0.0000E+00,
16:38:52.08202829, 5.3333E-02, 2.2667E+00, 2.6667E-01,
16:38:52.08202834, 1.3333E-02, 2.2333E+00, 1.3333E-01,
16:38:52.08202839, 2.6667E-02, 2.2667E+00, 4.0000E-01,
16:38:52.08202844, 5.3333E-02, 2.2000E+00, 0.0000E+00,
16:38:52.08202849, 6.6667E-02, 2.3000E+00,-1.3333E-01,
16:38:52.08202854, 6.6667E-02, 2.2333E+00, 0.0000E+00,
16:38:52.08202859, 4.0000E-02, 2.2333E+00, 0.0000E+00,
16:38:52.08202864, 1.3333E-02, 2.2667E+00, 5.3333E-01,
16:38:52.08202869, 5.3333E-02, 2.2667E+00, 1.3333E-01,
16:38:52.08202874, 4.0000E-02, 2.2667E+00, 4.0000E-01,
16:38:52.08202879, 4.0000E-02, 2.2333E+00,-1.3333E-01,
16:38:52.08202884, 0.0000E+00, 2.2667E+00, 2.6667E-01,
16:38:52.08202889, 4.0000E-02, 2.2333E+00, 4.0000E-01,
16:38:52.08202894, 5.3333E-02, 2.2333E+00, 0.0000E+00,
16:38:52.08202899, 4.0000E-02, 2.2000E+00, 0.0000E+00,
16:38:52.08202904, 5.3333E-02, 2.3000E+00, 2.6667E-01,
16:38:52.08202909, 5.3333E-02, 2.2333E+00, 2.6667E-01,
16:38:52.08202914, 2.6667E-02, 2.2333E+00, 1.3333E-01,
16:38:52.08202919, 2.6667E-02, 2.2333E+00, 5.3333E-01,
16:38:52.08202924, 2.6667E-02, 2.2667E+00, 0.0000E+00,
16:38:52.08202929, 6.6667E-02, 2.2333E+00, 0.0000E+00,
16:38:52.08202934, 4.0000E-02, 2.2333E+00, 0.0000E+00,
16:38:52.08202939, 2.6667E-02, 2.2333E+00, 2.6667E-01,
16:38:52.08202944, 4.0000E-02, 2.2000E+00,-1.3333E-01,
16:38:52.08202949, 6.6667E-02, 2.2667E+00, 1.3333E-01,
16:38:52.08202954, 5.3333E-02, 2.2000E+00, 2.6667E-01,
16:38:52.08202959, 4.0000E-02, 2.2333E+00, 4.0000E-01,
16:38:52.08202964, 4.0000E-02, 2.3333E+00, 0.0000E+00,
16:38:52.08202969, 5.3333E-02, 2.2333E+00,-1.3333E-01,
16:38:52.08202974, 4.0000E-02, 2.2667E+00, 4.0000E-01,
16:38:52.08202979, 4.0000E-02, 2.2333E+00, 2.6667E-01,
16:38:52.08202984, 5.3333E-02, 2.3333E+00, 2.6667E-01,
16:38:52.08202989, 5.3333E-02, 2.2333E+00, 0.0000E+00,
16:38:52.08202994, 4.0000E-02, 2.2000E+00, 0.0000E+00,
16:38:52.08202999, 5.3333E-02, 2.2667E+00, 4.0000E-01,
16:38:52.08203004, 2.6667E-02, 2.2667E+00, 4.0000E-01,
16:38:52.08203009, 2.6667E-02, 2.2333E+00, 1.3333E-01,
16:38:52.08203014, 4.0000E-02, 2.3000E+00, 6.6667E-01,
16:38:52.08203019, 1.3333E-02, 2.2000E+00,-1.3333E-01,
16:38:52.08203024, 1.3333E-02, 2.2333E+00, 4.0000E-01,
16:38:52.08203029, 4.0000E-02, 2.2333E+00, 1.3333E-01,
16:38:52.08203034, 8.0000E-02, 2.2333E+00, 4.0000E-01,
16:38:52.08203039, 5.3333E-02, 2.2667E+00, 1.3333E-01,
16:38:52.08203044, 5.3333E-02, 2.2333E+00, 0.0000E+00,
16:38:52.08203049, 4.0000E-02, 2.2333E+00, 0.0000E+00,
16:38:52.08203054, 2.6667E-02, 2.2333E+00, 1.3333E-01,
16:38:52.08203059, 1.3333E-02, 2.2667E+00,-1.3333E-01,
16:38:52.08203064, 4.0000E-02, 2.2333E+00, 2.6667E-01,
16:38:52.08203069, 2.6667E-02, 2.2333E+00,-1.3333E-01,
16:38:52.08203074, 5.3333E-02, 2.2333E+00, 4.0000E-01,
16:38:52.08203079, 4.0000E-02, 2.2667E+00,-2.6667E-01,
16:38:52.08203084, 4.0000E-02, 2.2333E+00, 0.0000E+00,
16:38:52.08203089, 2.6667E-02, 2.2333E+00, 0.0000E+00,
16:38:52.08203094, 5.3333E-02, 2.2667E+00, 1.3333E-01,
16:38:52.08203099, 4.0000E-02, 2.2000E+00,-1.3333E-01,
16:38:52.08203104, 1.3333E-02, 2.2000E+00,-1.3333E-01,
16:38:52.08203109, 4.0000E-02, 2.2333E+00, 1.3333E-01,
16:38:52.08203114, 1.3333E-02, 2.2000E+00, 2.6667E-01,
16:38:52.08203119, 5.3333E-02, 2.2333E+00,-1.3333E-01,
16:38:52.08203124, 5.3333E-02, 2.1667E+00, 1.3333E-01,
16:38:52.08203129, 4.0000E-02, 2.2667E+00, 0.0000E+00,
16:38:52.08203134, 6.6667E-02, 2.2333E+00, 2.6667E-01,
16:38:52.08203139, 2.6667E-02, 2.2333E+00, 0.0000E+00,
16:38:52.08203144, 2.6667E-02, 2.2333E+00,-1.3333E-01,
16:38:52.08203149, 4.0000E-02, 2.2333E+00, 4.0000E-01,
16:38:52.08203154, 1.3333E-02, 2.2333E+00,-1.3333E-01,
16:38:52.08203159, 2.6667E-02, 2.2667E+00, 1.3333E-01,
16:38:52.08203164, 4.0000E-02, 2.2333E+00, 1.3333E-01,
16:38:52.08203169, 2.6667E-02, 2.2667E+00, 2.6667E-01,
16:38:52.08203174, 1.3333E-02, 2.2333E+00, 1.3333E-01,
16:38:52.08203179, 8.0000E-02, 2.2333E+00,-2.6667E-01,
16:38:52.08203184, 6.6667E-02, 2.2333E+00, 1.3333E-01,
16:38:52.08203189, 4.0000E-02, 2.2333E+00, 1.3333E-01,
16:38:52.08203194, 2.6667E-02, 2.2667E+00, 2.6667E-01,
16:38:52.08203199, 2.6667E-02, 2.2667E+00,-1.3333E-01,
16:38:52.08203204, 4.0000E-02, 2.2333E+00, 4.0000E-01,
16:38:52.08203209, 1.3333E-02, 2.2333E+00, 0.0000E+00,
16:38:52.08203214, 2.6667E-02, 2.2333E+00, 2.6667E-01,
16:38:52.08203219, 4.0000E-02, 2.2333E+00, 1.3333E-01,
16:38:52.08203224, 4.0000E-02, 2.2000E+00, 1.3333E-01,
16:38:52.08203229, 1.3333E-02, 2.2333E+00, 1.3333E-01,
16:38:52.08203234, 2.6667E-02, 2.2333E+00, 2.6667E-01,
16:38:52.08203239, 4.0000E-02, 2.2333E+00, 0.0000E+00,
16:38:52.08203244, 2.6667E-02, 2.2333E+00, 1.3333E-01,
16:38:52.08203249, 0.0000E+00, 2.2667E+00, 2.6667E-01,
16:38:52.08203254, 4.0000E-02, 2.2333E+00, 4.0000E-01,
16:38:52.08203259, 1.3333E-02, 2.2333E+00, 0.0000E+00,
16:38:52.08203264, 4.0000E-02, 2.2333E+00,-1.3333E-01,
16:38:52.08203269, 0.0000E+00, 2.2333E+00, 0.0000E+00,
16:38:52.08203274, 6.6667E-02, 2.2667E+00, 1.3333E-01,
16:38:52.08203279, 2.6667E-02, 2.3000E+00, 0.0000E+00,
16:38:52.08203284, 4.0000E-02, 2.2333E+00, 4.0000E-01,
16:38:52.08203289, 1.3333E-02, 2.2333E+00, 4.0000E-01,
16:38:52.08203294, 4.0000E-02, 2.2333E+00, 2.6667E-01,
16:38:52.08203299, 2.6667E-02, 2.2667E+00, 5.3333E-01,
16:38:52.08203304, 4.0000E-02, 2.2333E+00, 6.6667E-01,
16:38:52.08203309, 4.0000E-02, 2.2000E+00, 0.0000E+00,
16:38:52.08203314, 4.0000E-02, 2.2667E+00, 0.0000E+00,
16:38:52.08203319, 1.3333E-02, 2.2333E+00, 2.6667E-01,
16:38:52.08203324, 2.6667E-02, 2.2333E+00,-1.3333E-01,
16:38:52.08203329, 6.6667E-02, 2.2333E+00, 4.0000E-01,
16:38:52.08203334, 5.3333E-02, 2.2333E+00, 1.3333E-01,
16:38:52.08203339, 2.6667E-02, 2.2333E+00, 1.3333E-01,
16:38:52.08203344, 2.6667E-02, 2.2667E+00, 1.3333E-01,
16:38:52.08203349, 0.0000E+00, 2.2333E+00, 1.3333E-01,
16:38:52.08203354, 2.6667E-02, 2.2000E+00, 1.3333E-01,
16:38:52.08203359, 4.0000E-02, 2.2000E+00, 0.0000E+00,
16:38:52.08203364, 2.6667E-02, 2.2333E+00,-1.3333E-01,
16:38:52.08203369, 6.6667E-02, 2.2333E+00, 0.0000E+00,
16:38:52.08203374, 4.0000E-02, 2.2667E+00,-1.3333E-01,
16:38:52.08203379, 2.6667E-02, 2.2333E+00, 0.0000E+00,
16:38:52.08203384, 4.0000E-02, 2.2333E+00, 6.6667E-01,
16:38:52.08203389, 1.3333E-02, 2.2333E+00,-1.3333E-01,
16:38:52.08203394, 2.6667E-02, 2.3000E+00, 2.6667E-01,
16:38:52.08203399, 4.0000E-02, 2.2333E+00,-2.6667E-01,
16:38:52.08203404, 5.3333E-02, 2.2667E+00, 2.6667E-01,
16:38:52.08203409, 2.6667E-02, 2.2333E+00, 2.6667E-01,
16:38:52.08203414, 2.6667E-02, 2.2667E+00, 0.0000E+00,
16:38:52.08203419, 1.3333E-02, 2.2333E+00,-1.3333E-01,
16:38:52.08203424, 1.3333E-02, 2.2333E+00, 2.6667E-01,
16:38:52.08203429, 2.6667E-02, 2.3000E+00,-1.3333E-01,
16:38:52.08203434, 2.6667E-02, 2.2333E+00,-1.3333E-01,
16:38:52.08203439, 2.6667E-02, 2.2333E+00, 1.3333E-01,
16:38:52.08203444, 2.6667E-02, 2.2333E+00, 0.0000E+00,
16:38:52.08203449, 5.3333E-02, 2.3000E+00,-1.3333E-01,
16:38:52.08203454, 5.3333E-02, 2.2333E+00, 4.0000E-01,
16:38:52.08203459, 2.6667E-02, 2.2333E+00, 2.6667E-01,
16:38:52.08203464, 5.3333E-02, 2.2667E+00, 0.0000E+00,
16:38:52.08203469, 2.6667E-02, 2.2333E+00,-1.3333E-01,
16:38:52.08203474, 2.6667E-02, 2.2333E+00, 2.6667E-01,
16:38:52.08203479, 6.6667E-02, 2.1667E+00, 1.3333E-01,
16:38:52.08203484, 4.0000E-02, 2.2333E+00, 0.0000E+00,
16:38:52.08203489, 2.6667E-02, 2.2333E+00, 2.6667E-01,
16:38:52.08203494, 4.0000E-02, 2.2333E+00, 4.0000E-01,
16:38:52.08203499, 1.3333E-02, 2.2333E+00, 2.6667E-01,
16:38:52.08203504, 5.3333E-02, 2.2333E+00, 1.3333E-01,
