"Header Size"           ,15              
"Model Name"            ,"DL850EV       "
"Comment"               ,"                         "
"BlockNumber"           ,1               
"TraceName"             ,"Vgate         ","Vds           ","Id            "
"BlockSize"             ,4004            ,4004            ,4004            
"VUnit"                 ,"V             ","V             ","A             "
"SampleRate"            ,20000000.000000 ,20000000.000000 ,20000000.000000 
"HResolution"           ,5.000000e-08    ,5.000000e-08    ,5.000000e-08    
"HOffset"               ,-6.000000e-05   ,-6.000000e-05   ,-6.000000e-05   
"HUnit"                 ,"s             ","s             ","s             "
"DisplayPointNo."       ,1               ,1               ,1               
"PhaseShift"            ,1               ,1               ,1               
"Date"                  ,"2026/05/15    ","2026/05/15    ","2026/05/15    "
"Time"                  ,"14:52:45.07727341","14:52:45.07727341","14:52:45.07727341"

14:52:45.07721341, 6.6667E-02, 5.0000E+00, 1.7333E+00,
14:52:45.07721346, 3.3333E-02, 4.9333E+00, 2.0000E+00,
14:52:45.07721351, 6.6667E-02, 4.9333E+00, 1.4667E+00,
14:52:45.07721356, 3.3333E-02, 4.8000E+00, 1.7333E+00,
14:52:45.07721361, 3.3333E-02, 4.9333E+00, 1.7333E+00,
14:52:45.07721366, 3.3333E-02, 4.8667E+00, 1.7333E+00,
14:52:45.07721371, 0.0000E+00, 4.8000E+00, 1.8667E+00,
14:52:45.07721376, 3.3333E-02, 4.8667E+00, 1.8667E+00,
14:52:45.07721381, 6.6667E-02, 4.8000E+00, 1.8667E+00,
14:52:45.07721386,-3.3333E-02, 4.8667E+00, 1.8667E+00,
14:52:45.07721391,-3.3333E-02, 4.9333E+00, 1.4667E+00,
14:52:45.07721396, 0.0000E+00, 5.0667E+00, 1.8667E+00,
14:52:45.07721401, 3.3333E-02, 4.8000E+00, 1.7333E+00,
14:52:45.07721406, 0.0000E+00, 4.9333E+00, 1.7333E+00,
14:52:45.07721411, 3.3333E-02, 4.9333E+00, 1.4667E+00,
14:52:45.07721416, 3.3333E-02, 4.9333E+00, 1.6000E+00,
14:52:45.07721421, 3.3333E-02, 4.9333E+00, 1.6000E+00,
14:52:45.07721426, 3.3333E-02, 5.0000E+00, 1.4667E+00,
14:52:45.07721431, 0.0000E+00, 4.9333E+00, 1.7333E+00,
14:52:45.07721436, 3.3333E-02, 4.9333E+00, 2.0000E+00,
14:52:45.07721441,-3.3333E-02, 4.7333E+00, 1.7333E+00,
14:52:45.07721446, 6.6667E-02, 5.0000E+00, 2.0000E+00,
14:52:45.07721451, 0.0000E+00, 5.0000E+00, 1.3333E+00,
14:52:45.07721456, 6.6667E-02, 4.9333E+00, 1.7333E+00,
14:52:45.07721461, 0.0000E+00, 4.9333E+00, 1.6000E+00,
14:52:45.07721466, 1.0000E-01, 4.8667E+00, 1.4667E+00,
14:52:45.07721471, 0.0000E+00, 4.8000E+00, 1.8667E+00,
14:52:45.07721476, 0.0000E+00, 4.9333E+00, 1.7333E+00,
14:52:45.07721481, 6.6667E-02, 4.8667E+00, 1.4667E+00,
14:52:45.07721486, 3.3333E-02, 4.8667E+00, 1.7333E+00,
14:52:45.07721491,-3.3333E-02, 4.8667E+00, 1.4667E+00,
14:52:45.07721496,-3.3333E-02, 4.8667E+00, 1.8667E+00,
14:52:45.07721501, 0.0000E+00, 5.0667E+00, 1.3333E+00,
14:52:45.07721506, 0.0000E+00, 4.9333E+00, 1.3333E+00,
14:52:45.07721511, 0.0000E+00, 4.8667E+00, 1.6000E+00,
14:52:45.07721516, 3.3333E-02, 4.9333E+00, 1.7333E+00,
14:52:45.07721521, 0.0000E+00, 4.9333E+00, 1.8667E+00,
14:52:45.07721526, 0.0000E+00, 4.8667E+00, 1.4667E+00,
14:52:45.07721531,-6.6667E-02, 4.8667E+00, 1.7333E+00,
14:52:45.07721536, 0.0000E+00, 4.9333E+00, 1.7333E+00,
14:52:45.07721541, 0.0000E+00, 4.8000E+00, 1.4667E+00,
14:52:45.07721546,-3.3333E-02, 4.8667E+00, 1.6000E+00,
14:52:45.07721551, 1.0000E-01, 4.8667E+00, 1.3333E+00,
14:52:45.07721556, 3.3333E-02, 4.9333E+00, 1.6000E+00,
14:52:45.07721561, 6.6667E-02, 4.9333E+00, 1.4667E+00,
14:52:45.07721566, 6.6667E-02, 5.0000E+00, 1.6000E+00,
14:52:45.07721571, 3.3333E-02, 4.8667E+00, 1.6000E+00,
14:52:45.07721576, 3.3333E-02, 5.0000E+00, 1.7333E+00,
14:52:45.07721581, 3.3333E-02, 4.9333E+00, 1.4667E+00,
14:52:45.07721586,-3.3333E-02, 4.8667E+00, 1.6000E+00,
14:52:45.07721591, 0.0000E+00, 4.9333E+00, 1.6000E+00,
14:52:45.07721596, 0.0000E+00, 4.9333E+00, 1.6000E+00,
14:52:45.07721601, 3.3333E-02, 4.8000E+00, 1.6000E+00,
14:52:45.07721606, 1.0000E-01, 4.8667E+00, 1.2000E+00,
14:52:45.07721611, 6.6667E-02, 5.0667E+00, 1.6000E+00,
14:52:45.07721616,-3.3333E-02, 4.9333E+00, 1.7333E+00,
14:52:45.07721621, 3.3333E-02, 4.9333E+00, 1.8667E+00,
14:52:45.07721626, 3.3333E-02, 5.0000E+00, 1.4667E+00,
14:52:45.07721631, 3.3333E-02, 5.0000E+00, 1.6000E+00,
14:52:45.07721636, 3.3333E-02, 5.0000E+00, 1.7333E+00,
14:52:45.07721641,-6.6667E-02, 4.8000E+00, 1.6000E+00,
14:52:45.07721646, 6.6667E-02, 4.9333E+00, 1.6000E+00,
14:52:45.07721651, 3.3333E-02, 4.8667E+00, 1.8667E+00,
14:52:45.07721656, 6.6667E-02, 4.8000E+00, 1.8667E+00,
14:52:45.07721661, 3.3333E-02, 4.9333E+00, 1.7333E+00,
14:52:45.07721666, 3.3333E-02, 4.9333E+00, 1.8667E+00,
14:52:45.07721671, 3.3333E-02, 4.9333E+00, 1.6000E+00,
14:52:45.07721676, 6.6667E-02, 4.7333E+00, 1.7333E+00,
14:52:45.07721681,-6.6667E-02, 4.9333E+00, 1.7333E+00,
14:52:45.07721686, 0.0000E+00, 4.8000E+00, 1.6000E+00,
14:52:45.07721691, 0.0000E+00, 4.9333E+00, 1.6000E+00,
14:52:45.07721696, 3.3333E-02, 4.8667E+00, 2.0000E+00,
14:52:45.07721701, 0.0000E+00, 4.8667E+00, 1.6000E+00,
14:52:45.07721706,-3.3333E-02, 5.0667E+00, 2.0000E+00,
14:52:45.07721711,-3.3333E-02, 4.9333E+00, 1.4667E+00,
14:52:45.07721716, 3.3333E-02, 4.8667E+00, 1.6000E+00,
14:52:45.07721721, 3.3333E-02, 5.0000E+00, 1.7333E+00,
14:52:45.07721726, 0.0000E+00, 4.8000E+00, 1.7333E+00,
14:52:45.07721731, 3.3333E-02, 4.9333E+00, 1.7333E+00,
14:52:45.07721736, 0.0000E+00, 4.7333E+00, 1.4667E+00,
14:52:45.07721741, 0.0000E+00, 4.9333E+00, 1.6000E+00,
14:52:45.07721746, 3.3333E-02, 4.8000E+00, 1.8667E+00,
14:52:45.07721751, 3.3333E-02, 4.8667E+00, 1.7333E+00,
14:52:45.07721756, 6.6667E-02, 4.8000E+00, 1.6000E+00,
14:52:45.07721761, 0.0000E+00, 4.8667E+00, 1.6000E+00,
14:52:45.07721766,-3.3333E-02, 5.0000E+00, 1.6000E+00,
14:52:45.07721771, 3.3333E-02, 4.9333E+00, 1.8667E+00,
14:52:45.07721776,-3.3333E-02, 5.0000E+00, 1.6000E+00,
14:52:45.07721781, 3.3333E-02, 4.8667E+00, 1.8667E+00,
14:52:45.07721786, 0.0000E+00, 4.8667E+00, 1.3333E+00,
14:52:45.07721791, 6.6667E-02, 4.8667E+00, 1.7333E+00,
14:52:45.07721796,-1.0000E-01, 5.0000E+00, 2.0000E+00,
14:52:45.07721801,-3.3333E-02, 5.0000E+00, 1.4667E+00,
14:52:45.07721806, 6.6667E-02, 4.8667E+00, 1.7333E+00,
14:52:45.07721811,-3.3333E-02, 5.1333E+00, 1.4667E+00,
14:52:45.07721816, 3.3333E-02, 4.8667E+00, 1.6000E+00,
14:52:45.07721821,-3.3333E-02, 4.8667E+00, 1.6000E+00,
14:52:45.07721826, 0.0000E+00, 5.0667E+00, 1.7333E+00,
14:52:45.07721831, 6.6667E-02, 4.9333E+00, 1.6000E+00,
14:52:45.07721836,-3.3333E-02, 4.8667E+00, 1.7333E+00,
14:52:45.07721841, 3.3333E-02, 4.9333E+00, 1.4667E+00,
14:52:45.07721846, 3.3333E-02, 4.8667E+00, 1.7333E+00,
14:52:45.07721851, 1.3333E-01, 4.9333E+00, 1.7333E+00,
14:52:45.07721856, 0.0000E+00, 4.8000E+00, 1.7333E+00,
14:52:45.07721861, 0.0000E+00, 4.9333E+00, 2.0000E+00,
14:52:45.07721866, 3.3333E-02, 4.8667E+00, 2.0000E+00,
14:52:45.07721871,-6.6667E-02, 4.8667E+00, 1.7333E+00,
14:52:45.07721876, 6.6667E-02, 4.9333E+00, 1.7333E+00,
14:52:45.07721881, 3.3333E-02, 4.8667E+00, 1.6000E+00,
14:52:45.07721886, 6.6667E-02, 4.9333E+00, 1.6000E+00,
14:52:45.07721891, 3.3333E-02, 4.8667E+00, 1.7333E+00,
14:52:45.07721896, 0.0000E+00, 4.9333E+00, 1.4667E+00,
14:52:45.07721901, 6.6667E-02, 4.9333E+00, 1.7333E+00,
14:52:45.07721906, 0.0000E+00, 4.8667E+00, 1.8667E+00,
14:52:45.07721911,-3.3333E-02, 4.8667E+00, 1.8667E+00,
14:52:45.07721916, 0.0000E+00, 5.0667E+00, 1.6000E+00,
14:52:45.07721921, 0.0000E+00, 4.9333E+00, 1.6000E+00,
14:52:45.07721926, 3.3333E-02, 4.8000E+00, 1.6000E+00,
14:52:45.07721931, 3.3333E-02, 4.8667E+00, 1.8667E+00,
14:52:45.07721936,-3.3333E-02, 4.8667E+00, 1.6000E+00,
14:52:45.07721941, 6.6667E-02, 4.7333E+00, 1.3333E+00,
14:52:45.07721946, 3.3333E-02, 4.9333E+00, 1.7333E+00,
14:52:45.07721951, 3.3333E-02, 4.8667E+00, 1.6000E+00,
14:52:45.07721956, 3.3333E-02, 4.9333E+00, 1.8667E+00,
14:52:45.07721961, 3.3333E-02, 4.8667E+00, 1.7333E+00,
14:52:45.07721966, 3.3333E-02, 4.9333E+00, 1.7333E+00,
14:52:45.07721971, 0.0000E+00, 5.0000E+00, 1.7333E+00,
14:52:45.07721976,-6.6667E-02, 4.9333E+00, 1.8667E+00,
14:52:45.07721981, 3.3333E-02, 5.0667E+00, 1.6000E+00,
14:52:45.07721986,-3.3333E-02, 4.9333E+00, 1.6000E+00,
14:52:45.07721991, 1.0000E-01, 4.8000E+00, 1.7333E+00,
14:52:45.07721996, 0.0000E+00, 4.8667E+00, 1.4667E+00,
14:52:45.07722001, 3.3333E-02, 4.8667E+00, 1.6000E+00,
14:52:45.07722006,-3.3333E-02, 4.8667E+00, 1.4667E+00,
14:52:45.07722011, 3.3333E-02, 4.8000E+00, 1.7333E+00,
14:52:45.07722016,-6.6667E-02, 4.9333E+00, 1.4667E+00,
14:52:45.07722021, 0.0000E+00, 4.8667E+00, 1.7333E+00,
14:52:45.07722026, 0.0000E+00, 4.9333E+00, 1.6000E+00,
14:52:45.07722031,-3.3333E-02, 4.9333E+00, 1.6000E+00,
14:52:45.07722036, 1.0000E-01, 4.9333E+00, 2.0000E+00,
14:52:45.07722041, 3.3333E-02, 4.8667E+00, 1.6000E+00,
14:52:45.07722046, 0.0000E+00, 4.9333E+00, 1.4667E+00,
14:52:45.07722051, 0.0000E+00, 4.8000E+00, 1.6000E+00,
14:52:45.07722056, 3.3333E-02, 4.8667E+00, 1.4667E+00,
14:52:45.07722061, 3.3333E-02, 4.7333E+00, 1.4667E+00,
14:52:45.07722066,-6.6667E-02, 4.8667E+00, 1.8667E+00,
14:52:45.07722071, 0.0000E+00, 4.8667E+00, 1.7333E+00,
14:52:45.07722076, 0.0000E+00, 4.7333E+00, 1.6000E+00,
14:52:45.07722081, 6.6667E-02, 4.7333E+00, 1.6000E+00,
14:52:45.07722086, 3.3333E-02, 4.9333E+00, 1.6000E+00,
14:52:45.07722091, 0.0000E+00, 5.0000E+00, 1.6000E+00,
14:52:45.07722096, 0.0000E+00, 4.9333E+00, 1.7333E+00,
14:52:45.07722101,-6.6667E-02, 4.9333E+00, 2.0000E+00,
14:52:45.07722106,-6.6667E-02, 4.8667E+00, 1.7333E+00,
14:52:45.07722111,-1.0000E-01, 4.9333E+00, 1.4667E+00,
14:52:45.07722116, 0.0000E+00, 4.8667E+00, 1.6000E+00,
14:52:45.07722121, 3.3333E-02, 5.0000E+00, 1.6000E+00,
14:52:45.07722126, 6.6667E-02, 4.6000E+00, 1.6000E+00,
14:52:45.07722131, 1.3333E-01, 4.8000E+00, 1.6000E+00,
14:52:45.07722136, 0.0000E+00, 4.9333E+00, 1.3333E+00,
14:52:45.07722141, 3.3333E-02, 4.9333E+00, 1.6000E+00,
14:52:45.07722146, 3.3333E-02, 4.9333E+00, 1.6000E+00,
14:52:45.07722151, 3.3333E-02, 5.0000E+00, 1.7333E+00,
14:52:45.07722156, 3.3333E-02, 4.8667E+00, 1.7333E+00,
14:52:45.07722161, 6.6667E-02, 5.0000E+00, 1.6000E+00,
14:52:45.07722166, 0.0000E+00, 4.7333E+00, 1.7333E+00,
14:52:45.07722171, 3.3333E-02, 4.8000E+00, 1.6000E+00,
14:52:45.07722176, 3.3333E-02, 5.0000E+00, 1.4667E+00,
14:52:45.07722181, 0.0000E+00, 4.8000E+00, 1.6000E+00,
14:52:45.07722186, 0.0000E+00, 4.8000E+00, 1.6000E+00,
14:52:45.07722191, 6.6667E-02, 4.9333E+00, 1.7333E+00,
14:52:45.07722196, 6.6667E-02, 4.9333E+00, 1.4667E+00,
14:52:45.07722201, 0.0000E+00, 4.8000E+00, 1.6000E+00,
14:52:45.07722206, 0.0000E+00, 4.8667E+00, 1.8667E+00,
14:52:45.07722211, 6.6667E-02, 4.8000E+00, 1.6000E+00,
14:52:45.07722216, 0.0000E+00, 4.7333E+00, 1.4667E+00,
14:52:45.07722221,-3.3333E-02, 4.8667E+00, 1.6000E+00,
14:52:45.07722226, 0.0000E+00, 4.9333E+00, 1.6000E+00,
14:52:45.07722231, 0.0000E+00, 4.8667E+00, 1.4667E+00,
14:52:45.07722236, 6.6667E-02, 4.8667E+00, 1.6000E+00,
14:52:45.07722241, 0.0000E+00, 4.8667E+00, 1.2000E+00,
14:52:45.07722246, 0.0000E+00, 4.8667E+00, 1.6000E+00,
14:52:45.07722251, 3.3333E-02, 5.0000E+00, 1.6000E+00,
14:52:45.07722256,-3.3333E-02, 5.0000E+00, 1.6000E+00,
14:52:45.07722261, 3.3333E-02, 5.0000E+00, 1.8667E+00,
14:52:45.07722266, 0.0000E+00, 4.8000E+00, 2.1333E+00,
14:52:45.07722271, 0.0000E+00, 4.9333E+00, 1.6000E+00,
14:52:45.07722276, 3.3333E-02, 4.8000E+00, 1.4667E+00,
14:52:45.07722281,-3.3333E-02, 4.9333E+00, 1.8667E+00,
14:52:45.07722286, 0.0000E+00, 5.0000E+00, 1.7333E+00,
14:52:45.07722291, 3.3333E-02, 4.8667E+00, 1.7333E+00,
14:52:45.07722296, 0.0000E+00, 4.9333E+00, 1.7333E+00,
14:52:45.07722301, 0.0000E+00, 4.8667E+00, 1.7333E+00,
14:52:45.07722306,-3.3333E-02, 4.8667E+00, 2.0000E+00,
14:52:45.07722311, 6.6667E-02, 4.9333E+00, 1.6000E+00,
14:52:45.07722316,-3.3333E-02, 4.8667E+00, 1.8667E+00,
14:52:45.07722321, 6.6667E-02, 5.0000E+00, 1.8667E+00,
14:52:45.07722326, 6.6667E-02, 4.8667E+00, 1.6000E+00,
14:52:45.07722331, 3.3333E-02, 4.8667E+00, 1.4667E+00,
14:52:45.07722336, 0.0000E+00, 4.8667E+00, 1.3333E+00,
14:52:45.07722341, 6.6667E-02, 5.0000E+00, 1.3333E+00,
14:52:45.07722346, 1.0000E-01, 5.0667E+00, 1.4667E+00,
14:52:45.07722351, 0.0000E+00, 4.9333E+00, 1.4667E+00,
14:52:45.07722356,-6.6667E-02, 4.9333E+00, 1.7333E+00,
14:52:45.07722361, 6.6667E-02, 4.8667E+00, 2.0000E+00,
14:52:45.07722366,-3.3333E-02, 4.9333E+00, 1.6000E+00,
14:52:45.07722371, 1.6667E-01, 4.8667E+00, 1.6000E+00,
14:52:45.07722376, 0.0000E+00, 5.0000E+00, 1.6000E+00,
14:52:45.07722381, 0.0000E+00, 4.9333E+00, 1.7333E+00,
14:52:45.07722386, 3.3333E-02, 5.0667E+00, 1.6000E+00,
14:52:45.07722391,-3.3333E-02, 4.9333E+00, 1.6000E+00,
14:52:45.07722396,-3.3333E-02, 4.9333E+00, 1.6000E+00,
14:52:45.07722401, 3.3333E-02, 4.8000E+00, 1.8667E+00,
14:52:45.07722406, 3.3333E-02, 5.0000E+00, 1.6000E+00,
14:52:45.07722411, 0.0000E+00, 4.8667E+00, 1.4667E+00,
14:52:45.07722416, 3.3333E-02, 4.9333E+00, 1.8667E+00,
14:52:45.07722421, 0.0000E+00, 4.8667E+00, 1.7333E+00,
14:52:45.07722426, 3.3333E-02, 4.6667E+00, 1.6000E+00,
14:52:45.07722431, 3.3333E-02, 5.0667E+00, 1.4667E+00,
14:52:45.07722436, 3.3333E-02, 4.8000E+00, 1.7333E+00,
14:52:45.07722441, 3.3333E-02, 4.9333E+00, 1.7333E+00,
14:52:45.07722446,-3.3333E-02, 5.0667E+00, 1.4667E+00,
14:52:45.07722451, 6.6667E-02, 5.0000E+00, 1.8667E+00,
14:52:45.07722456, 0.0000E+00, 5.0667E+00, 1.6000E+00,
14:52:45.07722461,-3.3333E-02, 4.8667E+00, 1.6000E+00,
14:52:45.07722466, 3.3333E-02, 4.8667E+00, 1.7333E+00,
14:52:45.07722471,-3.3333E-02, 5.0000E+00, 1.6000E+00,
14:52:45.07722476, 0.0000E+00, 4.9333E+00, 1.6000E+00,
14:52:45.07722481, 3.3333E-02, 4.9333E+00, 1.7333E+00,
14:52:45.07722486, 3.3333E-02, 4.9333E+00, 1.4667E+00,
14:52:45.07722491,-3.3333E-02, 5.0000E+00, 1.3333E+00,
14:52:45.07722496, 0.0000E+00, 4.8667E+00, 1.7333E+00,
14:52:45.07722501, 3.3333E-02, 4.8000E+00, 1.6000E+00,
14:52:45.07722506, 0.0000E+00, 4.8000E+00, 1.4667E+00,
14:52:45.07722511, 3.3333E-02, 4.8667E+00, 1.8667E+00,
14:52:45.07722516,-3.3333E-02, 5.0000E+00, 1.8667E+00,
14:52:45.07722521, 3.3333E-02, 4.8667E+00, 1.6000E+00,
14:52:45.07722526, 0.0000E+00, 4.8667E+00, 1.4667E+00,
14:52:45.07722531, 3.3333E-02, 4.8667E+00, 1.7333E+00,
14:52:45.07722536, 0.0000E+00, 5.0000E+00, 1.2000E+00,
14:52:45.07722541, 0.0000E+00, 4.8667E+00, 1.6000E+00,
14:52:45.07722546,-6.6667E-02, 4.8667E+00, 1.6000E+00,
14:52:45.07722551, 1.3333E-01, 4.9333E+00, 1.3333E+00,
14:52:45.07722556, 1.0000E-01, 4.8667E+00, 1.4667E+00,
14:52:45.07722561, 6.6667E-02, 4.8667E+00, 1.6000E+00,
14:52:45.07722566, 6.6667E-02, 4.9333E+00, 1.7333E+00,
14:52:45.07722571,-3.3333E-02, 4.8000E+00, 1.7333E+00,
14:52:45.07722576, 3.3333E-02, 4.9333E+00, 1.6000E+00,
14:52:45.07722581, 0.0000E+00, 4.8667E+00, 1.7333E+00,
14:52:45.07722586,-3.3333E-02, 4.8667E+00, 1.6000E+00,
14:52:45.07722591, 0.0000E+00, 4.9333E+00, 1.6000E+00,
14:52:45.07722596, 6.6667E-02, 4.9333E+00, 1.7333E+00,
14:52:45.07722601, 1.0000E-01, 4.8667E+00, 1.3333E+00,
14:52:45.07722606,-3.3333E-02, 4.9333E+00, 1.7333E+00,
14:52:45.07722611, 3.3333E-02, 4.8000E+00, 1.8667E+00,
14:52:45.07722616, 6.6667E-02, 4.9333E+00, 1.7333E+00,
14:52:45.07722621,-6.6667E-02, 4.8000E+00, 2.0000E+00,
14:52:45.07722626,-3.3333E-02, 5.1333E+00, 1.7333E+00,
14:52:45.07722631,-3.3333E-02, 4.9333E+00, 1.6000E+00,
14:52:45.07722636, 3.3333E-02, 4.9333E+00, 1.7333E+00,
14:52:45.07722641,-3.3333E-02, 4.9333E+00, 1.4667E+00,
14:52:45.07722646,-6.6667E-02, 4.8667E+00, 2.0000E+00,
14:52:45.07722651,-3.3333E-02, 4.7333E+00, 1.4667E+00,
14:52:45.07722656,-3.3333E-02, 4.8667E+00, 1.8667E+00,
14:52:45.07722661, 3.3333E-02, 4.8667E+00, 1.7333E+00,
14:52:45.07722666, 3.3333E-02, 4.8667E+00, 1.7333E+00,
14:52:45.07722671, 3.3333E-02, 4.9333E+00, 1.6000E+00,
14:52:45.07722676, 0.0000E+00, 4.9333E+00, 1.6000E+00,
14:52:45.07722681, 0.0000E+00, 4.8667E+00, 1.6000E+00,
14:52:45.07722686, 0.0000E+00, 4.8667E+00, 1.6000E+00,
14:52:45.07722691,-3.3333E-02, 4.9333E+00, 1.7333E+00,
14:52:45.07722696, 3.3333E-02, 5.0667E+00, 1.8667E+00,
14:52:45.07722701, 3.3333E-02, 4.9333E+00, 1.8667E+00,
14:52:45.07722706, 3.3333E-02, 4.9333E+00, 1.6000E+00,
14:52:45.07722711, 3.3333E-02, 4.9333E+00, 1.3333E+00,
14:52:45.07722716, 0.0000E+00, 5.0000E+00, 1.7333E+00,
14:52:45.07722721, 3.3333E-02, 4.8667E+00, 1.6000E+00,
14:52:45.07722726,-3.3333E-02, 4.8667E+00, 1.8667E+00,
14:52:45.07722731, 6.6667E-02, 4.8667E+00, 1.6000E+00,
14:52:45.07722736, 0.0000E+00, 4.9333E+00, 1.4667E+00,
14:52:45.07722741, 3.3333E-02, 4.9333E+00, 1.6000E+00,
14:52:45.07722746, 3.3333E-02, 4.9333E+00, 1.8667E+00,
14:52:45.07722751, 6.6667E-02, 4.9333E+00, 1.8667E+00,
14:52:45.07722756, 3.3333E-02, 5.0000E+00, 1.3333E+00,
14:52:45.07722761, 0.0000E+00, 5.0000E+00, 1.7333E+00,
14:52:45.07722766, 0.0000E+00, 4.9333E+00, 1.6000E+00,
14:52:45.07722771, 1.0000E-01, 4.7333E+00, 1.6000E+00,
14:52:45.07722776,-3.3333E-02, 4.9333E+00, 1.6000E+00,
14:52:45.07722781, 0.0000E+00, 4.8000E+00, 1.7333E+00,
14:52:45.07722786, 3.3333E-02, 4.9333E+00, 1.7333E+00,
14:52:45.07722791, 0.0000E+00, 5.0000E+00, 1.6000E+00,
14:52:45.07722796, 3.3333E-02, 4.9333E+00, 1.6000E+00,
14:52:45.07722801, 0.0000E+00, 4.8667E+00, 1.7333E+00,
14:52:45.07722806,-3.3333E-02, 5.0000E+00, 1.7333E+00,
14:52:45.07722811, 3.3333E-02, 5.0000E+00, 1.6000E+00,
14:52:45.07722816, 1.0000E-01, 4.9333E+00, 1.6000E+00,
14:52:45.07722821, 6.6667E-02, 4.8667E+00, 1.7333E+00,
14:52:45.07722826,-3.3333E-02, 4.9333E+00, 1.7333E+00,
14:52:45.07722831, 3.3333E-02, 4.8000E+00, 1.6000E+00,
14:52:45.07722836, 0.0000E+00, 4.9333E+00, 1.4667E+00,
14:52:45.07722841, 0.0000E+00, 4.9333E+00, 2.0000E+00,
14:52:45.07722846, 3.3333E-02, 5.0667E+00, 1.6000E+00,
14:52:45.07722851, 3.3333E-02, 5.0000E+00, 1.8667E+00,
14:52:45.07722856, 3.3333E-02, 4.9333E+00, 2.0000E+00,
14:52:45.07722861, 0.0000E+00, 4.8667E+00, 1.6000E+00,
14:52:45.07722866, 3.3333E-02, 4.6667E+00, 1.6000E+00,
14:52:45.07722871, 6.6667E-02, 4.8000E+00, 1.6000E+00,
14:52:45.07722876,-3.3333E-02, 4.9333E+00, 1.7333E+00,
14:52:45.07722881, 0.0000E+00, 4.9333E+00, 1.8667E+00,
14:52:45.07722886, 3.3333E-02, 4.8667E+00, 1.4667E+00,
14:52:45.07722891, 0.0000E+00, 4.8000E+00, 1.8667E+00,
14:52:45.07722896, 6.6667E-02, 4.9333E+00, 1.6000E+00,
14:52:45.07722901, 6.6667E-02, 4.8000E+00, 1.3333E+00,
14:52:45.07722906, 3.3333E-02, 4.8667E+00, 1.8667E+00,
14:52:45.07722911, 6.6667E-02, 4.9333E+00, 1.4667E+00,
14:52:45.07722916, 6.6667E-02, 4.9333E+00, 2.0000E+00,
14:52:45.07722921, 3.3333E-02, 4.8000E+00, 2.0000E+00,
14:52:45.07722926, 0.0000E+00, 4.9333E+00, 1.6000E+00,
14:52:45.07722931,-3.3333E-02, 4.8000E+00, 1.7333E+00,
14:52:45.07722936, 3.3333E-02, 4.9333E+00, 2.0000E+00,
14:52:45.07722941, 3.3333E-02, 4.8000E+00, 1.4667E+00,
14:52:45.07722946, 0.0000E+00, 4.9333E+00, 1.8667E+00,
14:52:45.07722951,-3.3333E-02, 4.8667E+00, 1.7333E+00,
14:52:45.07722956, 3.3333E-02, 5.0000E+00, 1.8667E+00,
14:52:45.07722961, 0.0000E+00, 4.8000E+00, 1.7333E+00,
14:52:45.07722966, 6.6667E-02, 5.0000E+00, 1.7333E+00,
14:52:45.07722971, 0.0000E+00, 4.9333E+00, 1.4667E+00,
14:52:45.07722976, 0.0000E+00, 4.8000E+00, 1.4667E+00,
14:52:45.07722981, 0.0000E+00, 4.7333E+00, 1.6000E+00,
14:52:45.07722986, 3.3333E-02, 4.8000E+00, 1.7333E+00,
14:52:45.07722991, 3.3333E-02, 4.8667E+00, 1.8667E+00,
14:52:45.07722996, 3.3333E-02, 4.9333E+00, 2.0000E+00,
14:52:45.07723001, 6.6667E-02, 5.0000E+00, 1.7333E+00,
14:52:45.07723006,-3.3333E-02, 4.7333E+00, 1.6000E+00,
14:52:45.07723011, 3.3333E-02, 4.8667E+00, 1.4667E+00,
14:52:45.07723016,-3.3333E-02, 4.8000E+00, 1.7333E+00,
14:52:45.07723021, 0.0000E+00, 4.8667E+00, 1.8667E+00,
14:52:45.07723026, 3.3333E-02, 4.8667E+00, 1.6000E+00,
14:52:45.07723031, 1.0000E-01, 4.8000E+00, 1.4667E+00,
14:52:45.07723036, 1.0000E-01, 4.7333E+00, 1.8667E+00,
14:52:45.07723041, 3.3333E-02, 4.8667E+00, 2.0000E+00,
14:52:45.07723046, 0.0000E+00, 5.0667E+00, 1.7333E+00,
14:52:45.07723051, 3.3333E-02, 4.8667E+00, 2.0000E+00,
14:52:45.07723056,-3.3333E-02, 5.0000E+00, 1.4667E+00,
14:52:45.07723061, 0.0000E+00, 4.9333E+00, 1.6000E+00,
14:52:45.07723066, 6.6667E-02, 4.9333E+00, 1.3333E+00,
14:52:45.07723071, 0.0000E+00, 4.8667E+00, 1.7333E+00,
14:52:45.07723076,-3.3333E-02, 4.8000E+00, 1.7333E+00,
14:52:45.07723081,-6.6667E-02, 4.8667E+00, 1.4667E+00,
14:52:45.07723086, 6.6667E-02, 4.8000E+00, 1.6000E+00,
14:52:45.07723091, 0.0000E+00, 4.9333E+00, 1.6000E+00,
14:52:45.07723096, 3.3333E-02, 4.8667E+00, 1.8667E+00,
14:52:45.07723101, 0.0000E+00, 4.8000E+00, 1.4667E+00,
14:52:45.07723106, 1.0000E-01, 4.8000E+00, 1.7333E+00,
14:52:45.07723111, 0.0000E+00, 4.8667E+00, 1.6000E+00,
14:52:45.07723116, 0.0000E+00, 5.0000E+00, 1.4667E+00,
14:52:45.07723121, 0.0000E+00, 4.8667E+00, 1.7333E+00,
14:52:45.07723126,-3.3333E-02, 4.8667E+00, 1.7333E+00,
14:52:45.07723131, 1.0000E-01, 5.0000E+00, 1.6000E+00,
14:52:45.07723136, 6.6667E-02, 4.9333E+00, 1.6000E+00,
14:52:45.07723141, 6.6667E-02, 4.9333E+00, 1.6000E+00,
14:52:45.07723146,-3.3333E-02, 4.8000E+00, 1.8667E+00,
14:52:45.07723151, 3.3333E-02, 5.0000E+00, 1.6000E+00,
14:52:45.07723156, 3.3333E-02, 5.0000E+00, 1.6000E+00,
14:52:45.07723161, 3.3333E-02, 4.9333E+00, 1.6000E+00,
14:52:45.07723166,-3.3333E-02, 5.0667E+00, 1.6000E+00,
14:52:45.07723171, 3.3333E-02, 4.8000E+00, 1.7333E+00,
14:52:45.07723176, 3.3333E-02, 4.9333E+00, 1.6000E+00,
14:52:45.07723181, 3.3333E-02, 4.8667E+00, 1.8667E+00,
14:52:45.07723186, 3.3333E-02, 5.1333E+00, 1.8667E+00,
14:52:45.07723191, 3.3333E-02, 4.8000E+00, 1.8667E+00,
14:52:45.07723196, 6.6667E-02, 4.8000E+00, 1.8667E+00,
14:52:45.07723201, 0.0000E+00, 4.9333E+00, 1.7333E+00,
14:52:45.07723206, 3.3333E-02, 4.9333E+00, 1.8667E+00,
14:52:45.07723211, 6.6667E-02, 4.7333E+00, 1.6000E+00,
14:52:45.07723216, 3.3333E-02, 4.8667E+00, 1.6000E+00,
14:52:45.07723221, 0.0000E+00, 4.9333E+00, 1.3333E+00,
14:52:45.07723226, 0.0000E+00, 4.9333E+00, 1.6000E+00,
14:52:45.07723231, 3.3333E-02, 4.9333E+00, 2.0000E+00,
14:52:45.07723236, 3.3333E-02, 5.0000E+00, 1.7333E+00,
14:52:45.07723241, 3.3333E-02, 4.8000E+00, 1.6000E+00,
14:52:45.07723246, 3.3333E-02, 4.9333E+00, 2.0000E+00,
14:52:45.07723251, 3.3333E-02, 4.9333E+00, 1.4667E+00,
14:52:45.07723256,-3.3333E-02, 4.9333E+00, 1.6000E+00,
14:52:45.07723261, 6.6667E-02, 4.8667E+00, 1.8667E+00,
14:52:45.07723266,-3.3333E-02, 4.8000E+00, 1.8667E+00,
14:52:45.07723271, 0.0000E+00, 4.8000E+00, 1.7333E+00,
14:52:45.07723276, 0.0000E+00, 4.8000E+00, 1.7333E+00,
14:52:45.07723281, 3.3333E-02, 4.8667E+00, 1.6000E+00,
14:52:45.07723286, 6.6667E-02, 4.9333E+00, 1.7333E+00,
14:52:45.07723291, 3.3333E-02, 5.0000E+00, 2.0000E+00,
14:52:45.07723296, 0.0000E+00, 5.0667E+00, 1.6000E+00,
14:52:45.07723301, 3.3333E-02, 4.9333E+00, 1.6000E+00,
14:52:45.07723306, 3.3333E-02, 4.9333E+00, 1.6000E+00,
14:52:45.07723311, 3.3333E-02, 4.6667E+00, 1.7333E+00,
14:52:45.07723316, 0.0000E+00, 4.8667E+00, 1.7333E+00,
14:52:45.07723321,-3.3333E-02, 4.8667E+00, 1.4667E+00,
14:52:45.07723326, 6.6667E-02, 4.8667E+00, 1.7333E+00,
14:52:45.07723331, 1.0000E-01, 4.8000E+00, 1.4667E+00,
14:52:45.07723336, 3.3333E-02, 5.0667E+00, 1.7333E+00,
14:52:45.07723341, 3.3333E-02, 4.9333E+00, 2.0000E+00,
14:52:45.07723346, 3.3333E-02, 4.8667E+00, 1.7333E+00,
14:52:45.07723351,-3.3333E-02, 4.8667E+00, 1.6000E+00,
14:52:45.07723356,-3.3333E-02, 4.9333E+00, 1.4667E+00,
14:52:45.07723361,-6.6667E-02, 4.8000E+00, 1.8667E+00,
14:52:45.07723366,-3.3333E-02, 4.8667E+00, 1.8667E+00,
14:52:45.07723371, 0.0000E+00, 4.9333E+00, 1.4667E+00,
14:52:45.07723376, 0.0000E+00, 5.0000E+00, 1.8667E+00,
14:52:45.07723381, 1.0000E-01, 5.0000E+00, 1.6000E+00,
14:52:45.07723386, 3.3333E-02, 5.0667E+00, 1.6000E+00,
14:52:45.07723391, 1.0000E-01, 4.9333E+00, 1.4667E+00,
14:52:45.07723396, 0.0000E+00, 4.8667E+00, 1.7333E+00,
14:52:45.07723401, 0.0000E+00, 4.9333E+00, 1.3333E+00,
14:52:45.07723406, 6.6667E-02, 5.0000E+00, 1.7333E+00,
14:52:45.07723411, 1.0000E-01, 5.0000E+00, 2.1333E+00,
14:52:45.07723416, 0.0000E+00, 5.0000E+00, 1.6000E+00,
14:52:45.07723421, 1.0000E-01, 5.0000E+00, 1.8667E+00,
14:52:45.07723426, 3.3333E-02, 4.8000E+00, 1.6000E+00,
14:52:45.07723431, 3.3333E-02, 4.8000E+00, 1.8667E+00,
14:52:45.07723436,-3.3333E-02, 4.8667E+00, 1.8667E+00,
14:52:45.07723441, 3.3333E-02, 4.8000E+00, 1.4667E+00,
14:52:45.07723446, 0.0000E+00, 4.9333E+00, 1.6000E+00,
14:52:45.07723451, 3.3333E-02, 4.9333E+00, 2.0000E+00,
14:52:45.07723456, 0.0000E+00, 4.8000E+00, 1.3333E+00,
14:52:45.07723461, 6.6667E-02, 4.9333E+00, 1.7333E+00,
14:52:45.07723466, 0.0000E+00, 5.0000E+00, 1.6000E+00,
14:52:45.07723471, 0.0000E+00, 4.8000E+00, 1.7333E+00,
14:52:45.07723476,-6.6667E-02, 5.0000E+00, 1.7333E+00,
14:52:45.07723481, 0.0000E+00, 4.8667E+00, 2.0000E+00,
14:52:45.07723486,-3.3333E-02, 4.8667E+00, 1.6000E+00,
14:52:45.07723491, 3.3333E-02, 4.8667E+00, 1.8667E+00,
14:52:45.07723496, 0.0000E+00, 4.8667E+00, 1.6000E+00,
14:52:45.07723501, 3.3333E-02, 5.0667E+00, 1.7333E+00,
14:52:45.07723506, 0.0000E+00, 4.9333E+00, 1.7333E+00,
14:52:45.07723511,-3.3333E-02, 4.9333E+00, 1.6000E+00,
14:52:45.07723516, 0.0000E+00, 4.9333E+00, 2.0000E+00,
14:52:45.07723521, 1.0000E-01, 4.8667E+00, 1.4667E+00,
14:52:45.07723526, 3.3333E-02, 4.8667E+00, 1.6000E+00,
14:52:45.07723531, 6.6667E-02, 4.9333E+00, 1.8667E+00,
14:52:45.07723536, 0.0000E+00, 4.9333E+00, 1.7333E+00,
14:52:45.07723541, 3.3333E-02, 4.9333E+00, 1.7333E+00,
14:52:45.07723546,-3.3333E-02, 4.8667E+00, 1.7333E+00,
14:52:45.07723551,-6.6667E-02, 4.9333E+00, 1.7333E+00,
14:52:45.07723556, 6.6667E-02, 5.0000E+00, 1.6000E+00,
14:52:45.07723561,-3.3333E-02, 4.7333E+00, 1.6000E+00,
14:52:45.07723566,-3.3333E-02, 4.8667E+00, 1.6000E+00,
14:52:45.07723571, 3.3333E-02, 4.8667E+00, 1.8667E+00,
14:52:45.07723576, 0.0000E+00, 4.8000E+00, 1.6000E+00,
14:52:45.07723581, 3.3333E-02, 5.1333E+00, 1.8667E+00,
14:52:45.07723586, 0.0000E+00, 4.9333E+00, 1.7333E+00,
14:52:45.07723591, 0.0000E+00, 4.8000E+00, 1.7333E+00,
14:52:45.07723596,-3.3333E-02, 4.9333E+00, 1.6000E+00,
14:52:45.07723601, 3.3333E-02, 4.9333E+00, 1.7333E+00,
14:52:45.07723606,-3.3333E-02, 4.8667E+00, 1.4667E+00,
14:52:45.07723611,-3.3333E-02, 5.0000E+00, 1.8667E+00,
14:52:45.07723616, 0.0000E+00, 5.0000E+00, 1.4667E+00,
14:52:45.07723621, 0.0000E+00, 4.8667E+00, 1.7333E+00,
14:52:45.07723626, 3.3333E-02, 5.0000E+00, 2.0000E+00,
14:52:45.07723631,-3.3333E-02, 4.8667E+00, 1.4667E+00,
14:52:45.07723636, 0.0000E+00, 4.9333E+00, 1.8667E+00,
14:52:45.07723641, 0.0000E+00, 5.0000E+00, 1.7333E+00,
14:52:45.07723646, 0.0000E+00, 4.9333E+00, 1.6000E+00,
14:52:45.07723651,-3.3333E-02, 4.9333E+00, 2.0000E+00,
14:52:45.07723656, 0.0000E+00, 4.9333E+00, 1.8667E+00,
14:52:45.07723661, 0.0000E+00, 4.8667E+00, 1.7333E+00,
14:52:45.07723666,-3.3333E-02, 4.9333E+00, 1.4667E+00,
14:52:45.07723671, 3.3333E-02, 5.0000E+00, 1.4667E+00,
14:52:45.07723676, 3.3333E-02, 5.0000E+00, 1.7333E+00,
14:52:45.07723681, 6.6667E-02, 5.0667E+00, 1.7333E+00,
14:52:45.07723686,-3.3333E-02, 4.9333E+00, 1.6000E+00,
14:52:45.07723691, 3.3333E-02, 4.8667E+00, 1.7333E+00,
14:52:45.07723696,-3.3333E-02, 4.8667E+00, 1.6000E+00,
14:52:45.07723701,-3.3333E-02, 5.0667E+00, 1.6000E+00,
14:52:45.07723706, 6.6667E-02, 4.8667E+00, 1.6000E+00,
14:52:45.07723711, 0.0000E+00, 4.8000E+00, 1.7333E+00,
14:52:45.07723716, 3.3333E-02, 4.8667E+00, 1.6000E+00,
14:52:45.07723721, 6.6667E-02, 4.8000E+00, 1.6000E+00,
14:52:45.07723726, 3.3333E-02, 4.8667E+00, 1.7333E+00,
14:52:45.07723731, 0.0000E+00, 5.0000E+00, 1.7333E+00,
14:52:45.07723736, 0.0000E+00, 5.0000E+00, 1.3333E+00,
14:52:45.07723741,-3.3333E-02, 4.8667E+00, 1.4667E+00,
14:52:45.07723746, 6.6667E-02, 4.8667E+00, 1.8667E+00,
14:52:45.07723751, 0.0000E+00, 4.8667E+00, 1.7333E+00,
14:52:45.07723756,-3.3333E-02, 4.8667E+00, 1.4667E+00,
14:52:45.07723761, 3.3333E-02, 4.8667E+00, 1.6000E+00,
14:52:45.07723766, 0.0000E+00, 4.9333E+00, 1.8667E+00,
14:52:45.07723771,-3.3333E-02, 4.8667E+00, 1.8667E+00,
14:52:45.07723776, 3.3333E-02, 4.9333E+00, 1.8667E+00,
14:52:45.07723781, 3.3333E-02, 4.9333E+00, 1.7333E+00,
14:52:45.07723786, 0.0000E+00, 4.8667E+00, 1.7333E+00,
14:52:45.07723791,-3.3333E-02, 4.8000E+00, 1.8667E+00,
14:52:45.07723796, 0.0000E+00, 4.9333E+00, 1.4667E+00,
14:52:45.07723801,-3.3333E-02, 5.0000E+00, 1.7333E+00,
14:52:45.07723806, 3.3333E-02, 4.8667E+00, 1.6000E+00,
14:52:45.07723811, 1.0000E-01, 4.8667E+00, 1.7333E+00,
14:52:45.07723816,-3.3333E-02, 4.9333E+00, 1.4667E+00,
14:52:45.07723821,-6.6667E-02, 4.8667E+00, 1.8667E+00,
14:52:45.07723826,-3.3333E-02, 4.9333E+00, 1.7333E+00,
14:52:45.07723831, 3.3333E-02, 4.8667E+00, 1.6000E+00,
14:52:45.07723836,-3.3333E-02, 4.9333E+00, 1.7333E+00,
14:52:45.07723841, 3.3333E-02, 4.8000E+00, 1.4667E+00,
14:52:45.07723846, 3.3333E-02, 4.9333E+00, 1.8667E+00,
14:52:45.07723851, 1.3333E-01, 4.9333E+00, 1.8667E+00,
14:52:45.07723856, 3.3333E-02, 5.0000E+00, 1.7333E+00,
14:52:45.07723861, 1.3333E-01, 4.8667E+00, 1.6000E+00,
14:52:45.07723866, 6.6667E-02, 4.8000E+00, 1.6000E+00,
14:52:45.07723871, 0.0000E+00, 4.7333E+00, 1.7333E+00,
14:52:45.07723876,-3.3333E-02, 5.0000E+00, 1.7333E+00,
14:52:45.07723881, 0.0000E+00, 4.8667E+00, 1.8667E+00,
14:52:45.07723886, 3.3333E-02, 4.9333E+00, 1.6000E+00,
14:52:45.07723891, 6.6667E-02, 5.0000E+00, 1.7333E+00,
14:52:45.07723896, 3.3333E-02, 4.9333E+00, 1.4667E+00,
14:52:45.07723901, 0.0000E+00, 5.0667E+00, 1.7333E+00,
14:52:45.07723906, 0.0000E+00, 4.8667E+00, 1.6000E+00,
14:52:45.07723911, 6.6667E-02, 5.0667E+00, 1.7333E+00,
14:52:45.07723916, 3.3333E-02, 4.9333E+00, 1.6000E+00,
14:52:45.07723921, 0.0000E+00, 4.9333E+00, 1.8667E+00,
14:52:45.07723926,-6.6667E-02, 5.0000E+00, 1.6000E+00,
14:52:45.07723931, 0.0000E+00, 4.8667E+00, 1.6000E+00,
14:52:45.07723936, 3.3333E-02, 4.8667E+00, 1.3333E+00,
14:52:45.07723941, 3.3333E-02, 5.0667E+00, 1.7333E+00,
14:52:45.07723946,-3.3333E-02, 4.8000E+00, 1.7333E+00,
14:52:45.07723951, 0.0000E+00, 4.6667E+00, 2.0000E+00,
14:52:45.07723956,-3.3333E-02, 4.9333E+00, 1.8667E+00,
14:52:45.07723961, 3.3333E-02, 5.0000E+00, 1.7333E+00,
14:52:45.07723966, 0.0000E+00, 4.9333E+00, 1.7333E+00,
14:52:45.07723971,-3.3333E-02, 4.8667E+00, 1.7333E+00,
14:52:45.07723976, 3.3333E-02, 4.9333E+00, 1.7333E+00,
14:52:45.07723981, 0.0000E+00, 4.8667E+00, 2.0000E+00,
14:52:45.07723986, 3.3333E-02, 4.9333E+00, 1.4667E+00,
14:52:45.07723991,-3.3333E-02, 5.0000E+00, 1.7333E+00,
14:52:45.07723996,-6.6667E-02, 5.0000E+00, 1.7333E+00,
14:52:45.07724001, 6.6667E-02, 4.8000E+00, 2.0000E+00,
14:52:45.07724006, 1.0000E-01, 4.9333E+00, 1.7333E+00,
14:52:45.07724011, 6.6667E-02, 4.8000E+00, 1.4667E+00,
14:52:45.07724016, 3.3333E-02, 4.8667E+00, 1.6000E+00,
14:52:45.07724021, 3.3333E-02, 5.0000E+00, 1.7333E+00,
14:52:45.07724026, 3.3333E-02, 4.9333E+00, 1.4667E+00,
14:52:45.07724031, 0.0000E+00, 4.8667E+00, 1.6000E+00,
14:52:45.07724036,-3.3333E-02, 4.9333E+00, 1.6000E+00,
14:52:45.07724041, 3.3333E-02, 5.0000E+00, 1.7333E+00,
14:52:45.07724046, 3.3333E-02, 4.8667E+00, 1.8667E+00,
14:52:45.07724051, 3.3333E-02, 4.8667E+00, 1.6000E+00,
14:52:45.07724056, 3.3333E-02, 5.0000E+00, 1.6000E+00,
14:52:45.07724061, 0.0000E+00, 4.9333E+00, 1.7333E+00,
14:52:45.07724066,-3.3333E-02, 4.6667E+00, 1.6000E+00,
14:52:45.07724071,-3.3333E-02, 4.9333E+00, 1.4667E+00,
14:52:45.07724076, 3.3333E-02, 4.8000E+00, 1.6000E+00,
14:52:45.07724081, 0.0000E+00, 4.8667E+00, 1.8667E+00,
14:52:45.07724086,-1.0000E-01, 4.9333E+00, 1.4667E+00,
14:52:45.07724091, 3.3333E-02, 4.9333E+00, 1.4667E+00,
14:52:45.07724096, 0.0000E+00, 4.8667E+00, 1.6000E+00,
14:52:45.07724101, 0.0000E+00, 4.8667E+00, 1.4667E+00,
14:52:45.07724106,-3.3333E-02, 5.0000E+00, 1.7333E+00,
14:52:45.07724111, 3.3333E-02, 4.9333E+00, 1.6000E+00,
14:52:45.07724116,-6.6667E-02, 4.9333E+00, 1.8667E+00,
14:52:45.07724121,-3.3333E-02, 4.8000E+00, 1.7333E+00,
14:52:45.07724126,-6.6667E-02, 4.8000E+00, 1.7333E+00,
14:52:45.07724131, 0.0000E+00, 4.9333E+00, 1.8667E+00,
14:52:45.07724136,-3.3333E-02, 4.8667E+00, 1.7333E+00,
14:52:45.07724141, 0.0000E+00, 4.8667E+00, 1.4667E+00,
14:52:45.07724146, 3.3333E-02, 4.8667E+00, 1.7333E+00,
14:52:45.07724151, 0.0000E+00, 4.7333E+00, 1.7333E+00,
14:52:45.07724156, 1.3333E-01, 4.9333E+00, 1.7333E+00,
14:52:45.07724161, 1.0000E-01, 4.8667E+00, 1.6000E+00,
14:52:45.07724166,-6.6667E-02, 5.0000E+00, 1.8667E+00,
14:52:45.07724171, 0.0000E+00, 5.0000E+00, 1.6000E+00,
14:52:45.07724176, 3.3333E-02, 4.8000E+00, 1.3333E+00,
14:52:45.07724181, 0.0000E+00, 4.8667E+00, 1.6000E+00,
14:52:45.07724186, 0.0000E+00, 4.8667E+00, 1.8667E+00,
14:52:45.07724191, 1.0000E-01, 4.8667E+00, 1.7333E+00,
14:52:45.07724196, 6.6667E-02, 5.0667E+00, 1.7333E+00,
14:52:45.07724201, 0.0000E+00, 4.8667E+00, 1.6000E+00,
14:52:45.07724206, 3.3333E-02, 4.7333E+00, 1.7333E+00,
14:52:45.07724211, 6.6667E-02, 4.8667E+00, 1.7333E+00,
14:52:45.07724216, 3.3333E-02, 4.8667E+00, 2.0000E+00,
14:52:45.07724221,-3.3333E-02, 4.9333E+00, 1.7333E+00,
14:52:45.07724226,-3.3333E-02, 4.8667E+00, 1.8667E+00,
14:52:45.07724231,-3.3333E-02, 4.9333E+00, 1.6000E+00,
14:52:45.07724236, 1.3333E-01, 4.9333E+00, 1.6000E+00,
14:52:45.07724241, 6.6667E-02, 4.9333E+00, 1.6000E+00,
14:52:45.07724246, 0.0000E+00, 4.9333E+00, 1.6000E+00,
14:52:45.07724251, 6.6667E-02, 4.9333E+00, 2.0000E+00,
14:52:45.07724256, 3.3333E-02, 5.0000E+00, 1.6000E+00,
14:52:45.07724261, 3.3333E-02, 4.9333E+00, 1.7333E+00,
14:52:45.07724266, 0.0000E+00, 4.9333E+00, 1.3333E+00,
14:52:45.07724271,-1.0000E-01, 4.8667E+00, 1.8667E+00,
14:52:45.07724276,-3.3333E-02, 5.0000E+00, 1.3333E+00,
14:52:45.07724281, 0.0000E+00, 4.9333E+00, 1.6000E+00,
14:52:45.07724286, 0.0000E+00, 4.8000E+00, 1.4667E+00,
14:52:45.07724291,-3.3333E-02, 4.8000E+00, 1.4667E+00,
14:52:45.07724296, 0.0000E+00, 4.9333E+00, 1.7333E+00,
14:52:45.07724301, 0.0000E+00, 4.8667E+00, 1.4667E+00,
14:52:45.07724306, 1.0000E-01, 4.7333E+00, 2.0000E+00,
14:52:45.07724311, 0.0000E+00, 4.9333E+00, 2.0000E+00,
14:52:45.07724316, 3.3333E-02, 4.9333E+00, 1.4667E+00,
14:52:45.07724321, 3.3333E-02, 4.8667E+00, 1.8667E+00,
14:52:45.07724326, 0.0000E+00, 4.8667E+00, 1.7333E+00,
14:52:45.07724331, 3.3333E-02, 4.8667E+00, 1.4667E+00,
14:52:45.07724336, 0.0000E+00, 5.0000E+00, 1.6000E+00,
14:52:45.07724341, 6.6667E-02, 4.8000E+00, 1.6000E+00,
14:52:45.07724346, 3.3333E-02, 5.0000E+00, 1.8667E+00,
14:52:45.07724351, 0.0000E+00, 4.8667E+00, 1.7333E+00,
14:52:45.07724356,-1.3333E-01, 4.8667E+00, 1.7333E+00,
14:52:45.07724361, 3.3333E-02, 4.8667E+00, 1.6000E+00,
14:52:45.07724366, 3.3333E-02, 4.9333E+00, 2.0000E+00,
14:52:45.07724371, 3.3333E-02, 4.8667E+00, 1.8667E+00,
14:52:45.07724376, 3.3333E-02, 4.8667E+00, 1.3333E+00,
14:52:45.07724381, 0.0000E+00, 4.8000E+00, 1.6000E+00,
14:52:45.07724386, 6.6667E-02, 5.0000E+00, 1.7333E+00,
14:52:45.07724391, 6.6667E-02, 4.8667E+00, 2.0000E+00,
14:52:45.07724396, 0.0000E+00, 4.9333E+00, 2.0000E+00,
14:52:45.07724401, 3.3333E-02, 5.0000E+00, 1.8667E+00,
14:52:45.07724406, 0.0000E+00, 5.0667E+00, 1.6000E+00,
14:52:45.07724411,-3.3333E-02, 4.9333E+00, 1.7333E+00,
14:52:45.07724416, 0.0000E+00, 4.8667E+00, 1.6000E+00,
14:52:45.07724421, 0.0000E+00, 4.8667E+00, 1.4667E+00,
14:52:45.07724426, 6.6667E-02, 4.8667E+00, 2.0000E+00,
14:52:45.07724431, 6.6667E-02, 4.9333E+00, 1.6000E+00,
14:52:45.07724436, 0.0000E+00, 4.8667E+00, 1.6000E+00,
14:52:45.07724441, 3.3333E-02, 4.8000E+00, 1.4667E+00,
14:52:45.07724446, 3.3333E-02, 4.8667E+00, 1.6000E+00,
14:52:45.07724451, 3.3333E-02, 5.0000E+00, 1.7333E+00,
14:52:45.07724456,-3.3333E-02, 5.0000E+00, 1.8667E+00,
14:52:45.07724461, 3.3333E-02, 4.8667E+00, 1.3333E+00,
14:52:45.07724466, 1.0000E-01, 4.8000E+00, 1.8667E+00,
14:52:45.07724471, 1.0000E-01, 4.7333E+00, 1.6000E+00,
14:52:45.07724476, 6.6667E-02, 4.8667E+00, 1.4667E+00,
14:52:45.07724481, 3.3333E-02, 4.8667E+00, 2.0000E+00,
14:52:45.07724486, 0.0000E+00, 4.9333E+00, 2.0000E+00,
14:52:45.07724491, 0.0000E+00, 4.8000E+00, 2.0000E+00,
14:52:45.07724496,-3.3333E-02, 4.8667E+00, 1.4667E+00,
14:52:45.07724501,-3.3333E-02, 5.0000E+00, 1.8667E+00,
14:52:45.07724506, 3.3333E-02, 4.8667E+00, 1.7333E+00,
14:52:45.07724511,-6.6667E-02, 4.8000E+00, 1.7333E+00,
14:52:45.07724516, 6.6667E-02, 5.0000E+00, 1.4667E+00,
14:52:45.07724521,-3.3333E-02, 4.8667E+00, 1.6000E+00,
14:52:45.07724526, 0.0000E+00, 4.8667E+00, 1.3333E+00,
14:52:45.07724531,-3.3333E-02, 4.8000E+00, 1.7333E+00,
14:52:45.07724536, 6.6667E-02, 4.9333E+00, 1.6000E+00,
14:52:45.07724541, 0.0000E+00, 4.7333E+00, 1.6000E+00,
14:52:45.07724546, 3.3333E-02, 4.9333E+00, 2.0000E+00,
14:52:45.07724551, 3.3333E-02, 4.9333E+00, 1.7333E+00,
14:52:45.07724556, 6.6667E-02, 4.8000E+00, 1.7333E+00,
14:52:45.07724561, 3.3333E-02, 4.8000E+00, 1.8667E+00,
14:52:45.07724566, 3.3333E-02, 4.8000E+00, 1.6000E+00,
14:52:45.07724571, 0.0000E+00, 4.8000E+00, 1.6000E+00,
14:52:45.07724576, 6.6667E-02, 4.8000E+00, 1.7333E+00,
14:52:45.07724581, 6.6667E-02, 4.8667E+00, 1.4667E+00,
14:52:45.07724586,-3.3333E-02, 4.8667E+00, 1.6000E+00,
14:52:45.07724591,-3.3333E-02, 4.8000E+00, 1.6000E+00,
14:52:45.07724596, 3.3333E-02, 5.0000E+00, 1.8667E+00,
14:52:45.07724601, 3.3333E-02, 4.8667E+00, 2.0000E+00,
14:52:45.07724606, 0.0000E+00, 4.8667E+00, 1.7333E+00,
14:52:45.07724611, 6.6667E-02, 4.9333E+00, 1.6000E+00,
14:52:45.07724616,-3.3333E-02, 5.0000E+00, 2.0000E+00,
14:52:45.07724621, 3.3333E-02, 4.8667E+00, 1.6000E+00,
14:52:45.07724626, 3.3333E-02, 5.0667E+00, 1.4667E+00,
14:52:45.07724631,-6.6667E-02, 4.8000E+00, 1.6000E+00,
14:52:45.07724636, 1.0000E-01, 4.8667E+00, 1.6000E+00,
14:52:45.07724641, 6.6667E-02, 4.9333E+00, 1.7333E+00,
14:52:45.07724646, 3.3333E-02, 4.8667E+00, 1.8667E+00,
14:52:45.07724651, 1.0000E-01, 5.0000E+00, 1.6000E+00,
14:52:45.07724656,-3.3333E-02, 4.8667E+00, 1.6000E+00,
14:52:45.07724661, 3.3333E-02, 4.9333E+00, 1.7333E+00,
14:52:45.07724666, 6.6667E-02, 4.8667E+00, 1.2000E+00,
14:52:45.07724671,-3.3333E-02, 4.8000E+00, 1.4667E+00,
14:52:45.07724676, 3.3333E-02, 4.9333E+00, 1.6000E+00,
14:52:45.07724681, 0.0000E+00, 4.8667E+00, 1.8667E+00,
14:52:45.07724686, 0.0000E+00, 5.0000E+00, 1.7333E+00,
14:52:45.07724691, 3.3333E-02, 4.8667E+00, 1.6000E+00,
14:52:45.07724696, 3.3333E-02, 4.8667E+00, 1.8667E+00,
14:52:45.07724701, 6.6667E-02, 4.8667E+00, 1.6000E+00,
14:52:45.07724706, 0.0000E+00, 4.9333E+00, 1.7333E+00,
14:52:45.07724711, 6.6667E-02, 4.8667E+00, 1.7333E+00,
14:52:45.07724716, 6.6667E-02, 5.0000E+00, 1.6000E+00,
14:52:45.07724721,-6.6667E-02, 4.9333E+00, 1.7333E+00,
14:52:45.07724726, 0.0000E+00, 4.8667E+00, 1.8667E+00,
14:52:45.07724731, 0.0000E+00, 4.8000E+00, 1.7333E+00,
14:52:45.07724736, 3.3333E-02, 4.9333E+00, 1.7333E+00,
14:52:45.07724741, 3.3333E-02, 5.0000E+00, 1.6000E+00,
14:52:45.07724746, 0.0000E+00, 4.9333E+00, 1.7333E+00,
14:52:45.07724751,-3.3333E-02, 5.0000E+00, 1.7333E+00,
14:52:45.07724756, 0.0000E+00, 4.8667E+00, 1.8667E+00,
14:52:45.07724761, 3.3333E-02, 4.8667E+00, 1.4667E+00,
14:52:45.07724766, 6.6667E-02, 4.8667E+00, 1.7333E+00,
14:52:45.07724771, 0.0000E+00, 4.9333E+00, 1.6000E+00,
14:52:45.07724776,-3.3333E-02, 5.0000E+00, 1.6000E+00,
14:52:45.07724781, 6.6667E-02, 5.0000E+00, 2.0000E+00,
14:52:45.07724786, 0.0000E+00, 4.8667E+00, 1.8667E+00,
14:52:45.07724791,-3.3333E-02, 5.0000E+00, 1.7333E+00,
14:52:45.07724796, 0.0000E+00, 4.8667E+00, 1.7333E+00,
14:52:45.07724801, 3.3333E-02, 4.8667E+00, 1.8667E+00,
14:52:45.07724806, 3.3333E-02, 4.9333E+00, 1.8667E+00,
14:52:45.07724811,-3.3333E-02, 4.9333E+00, 1.7333E+00,
14:52:45.07724816,-3.3333E-02, 4.7333E+00, 1.4667E+00,
14:52:45.07724821, 3.3333E-02, 4.9333E+00, 1.7333E+00,
14:52:45.07724826, 1.3333E-01, 4.8667E+00, 1.6000E+00,
14:52:45.07724831,-6.6667E-02, 4.8000E+00, 1.6000E+00,
14:52:45.07724836, 0.0000E+00, 4.9333E+00, 1.8667E+00,
14:52:45.07724841, 6.6667E-02, 4.9333E+00, 1.7333E+00,
14:52:45.07724846, 3.3333E-02, 4.9333E+00, 1.6000E+00,
14:52:45.07724851, 0.0000E+00, 4.8667E+00, 1.6000E+00,
14:52:45.07724856, 3.3333E-02, 4.8667E+00, 1.3333E+00,
14:52:45.07724861,-3.3333E-02, 4.9333E+00, 1.4667E+00,
14:52:45.07724866, 0.0000E+00, 5.0000E+00, 1.7333E+00,
14:52:45.07724871, 0.0000E+00, 4.9333E+00, 1.6000E+00,
14:52:45.07724876, 6.6667E-02, 4.9333E+00, 1.4667E+00,
14:52:45.07724881, 0.0000E+00, 4.9333E+00, 1.6000E+00,
14:52:45.07724886, 0.0000E+00, 5.0000E+00, 1.3333E+00,
14:52:45.07724891,-3.3333E-02, 4.7333E+00, 1.8667E+00,
14:52:45.07724896, 3.3333E-02, 4.8000E+00, 1.6000E+00,
14:52:45.07724901, 0.0000E+00, 4.9333E+00, 1.4667E+00,
14:52:45.07724906, 0.0000E+00, 4.7333E+00, 1.4667E+00,
14:52:45.07724911, 6.6667E-02, 4.9333E+00, 1.7333E+00,
14:52:45.07724916,-6.6667E-02, 4.9333E+00, 1.8667E+00,
14:52:45.07724921, 3.3333E-02, 4.9333E+00, 1.6000E+00,
14:52:45.07724926, 3.3333E-02, 4.8000E+00, 1.6000E+00,
14:52:45.07724931, 3.3333E-02, 4.8667E+00, 1.7333E+00,
14:52:45.07724936,-3.3333E-02, 4.8667E+00, 1.6000E+00,
14:52:45.07724941, 3.3333E-02, 4.8000E+00, 1.6000E+00,
14:52:45.07724946, 0.0000E+00, 4.8667E+00, 1.7333E+00,
14:52:45.07724951,-3.3333E-02, 4.9333E+00, 1.6000E+00,
14:52:45.07724956, 1.0000E-01, 4.8667E+00, 1.8667E+00,
14:52:45.07724961, 3.3333E-02, 4.9333E+00, 1.4667E+00,
14:52:45.07724966, 1.3333E-01, 4.9333E+00, 1.4667E+00,
14:52:45.07724971,-3.3333E-02, 5.0000E+00, 1.7333E+00,
14:52:45.07724976,-3.3333E-02, 4.8000E+00, 1.6000E+00,
14:52:45.07724981,-3.3333E-02, 4.8667E+00, 1.7333E+00,
14:52:45.07724986,-3.3333E-02, 4.9333E+00, 1.7333E+00,
14:52:45.07724991, 0.0000E+00, 5.0000E+00, 1.7333E+00,
14:52:45.07724996, 6.6667E-02, 4.8000E+00, 1.7333E+00,
14:52:45.07725001, 6.6667E-02, 4.9333E+00, 1.7333E+00,
14:52:45.07725006, 0.0000E+00, 4.8667E+00, 1.6000E+00,
14:52:45.07725011, 6.6667E-02, 5.0000E+00, 1.7333E+00,
14:52:45.07725016,-3.3333E-02, 4.8667E+00, 1.6000E+00,
14:52:45.07725021, 3.3333E-02, 4.9333E+00, 1.4667E+00,
14:52:45.07725026, 6.6667E-02, 4.9333E+00, 1.7333E+00,
14:52:45.07725031,-3.3333E-02, 5.0000E+00, 1.6000E+00,
14:52:45.07725036, 0.0000E+00, 4.8667E+00, 1.6000E+00,
14:52:45.07725041, 0.0000E+00, 4.8000E+00, 1.6000E+00,
14:52:45.07725046, 0.0000E+00, 4.8667E+00, 1.6000E+00,
14:52:45.07725051, 0.0000E+00, 4.8667E+00, 1.6000E+00,
14:52:45.07725056,-6.6667E-02, 5.0667E+00, 1.6000E+00,
14:52:45.07725061, 1.0000E-01, 4.8667E+00, 1.8667E+00,
14:52:45.07725066, 0.0000E+00, 5.0667E+00, 1.6000E+00,
14:52:45.07725071, 0.0000E+00, 4.9333E+00, 1.3333E+00,
14:52:45.07725076, 3.3333E-02, 4.8667E+00, 1.7333E+00,
14:52:45.07725081, 0.0000E+00, 4.8667E+00, 1.6000E+00,
14:52:45.07725086, 1.3333E-01, 4.8000E+00, 1.4667E+00,
14:52:45.07725091, 6.6667E-02, 4.8000E+00, 1.6000E+00,
14:52:45.07725096, 6.6667E-02, 4.8667E+00, 1.6000E+00,
14:52:45.07725101, 0.0000E+00, 4.9333E+00, 1.4667E+00,
14:52:45.07725106,-3.3333E-02, 5.0000E+00, 1.4667E+00,
14:52:45.07725111, 0.0000E+00, 4.8667E+00, 1.3333E+00,
14:52:45.07725116, 3.3333E-02, 4.9333E+00, 1.4667E+00,
14:52:45.07725121, 3.3333E-02, 5.0000E+00, 1.8667E+00,
14:52:45.07725126, 0.0000E+00, 4.8667E+00, 2.0000E+00,
14:52:45.07725131, 3.3333E-02, 4.9333E+00, 1.6000E+00,
14:52:45.07725136, 3.3333E-02, 4.9333E+00, 1.8667E+00,
14:52:45.07725141, 3.3333E-02, 4.8000E+00, 1.6000E+00,
14:52:45.07725146, 0.0000E+00, 4.8667E+00, 1.3333E+00,
14:52:45.07725151, 6.6667E-02, 4.9333E+00, 1.4667E+00,
14:52:45.07725156, 3.3333E-02, 5.0000E+00, 1.6000E+00,
14:52:45.07725161, 3.3333E-02, 4.7333E+00, 1.3333E+00,
14:52:45.07725166, 3.3333E-02, 4.8000E+00, 1.3333E+00,
14:52:45.07725171, 3.3333E-02, 4.8667E+00, 1.6000E+00,
14:52:45.07725176, 3.3333E-02, 4.8667E+00, 1.6000E+00,
14:52:45.07725181, 3.3333E-02, 4.8667E+00, 2.0000E+00,
14:52:45.07725186, 0.0000E+00, 5.0000E+00, 1.6000E+00,
14:52:45.07725191, 0.0000E+00, 4.7333E+00, 1.7333E+00,
14:52:45.07725196,-3.3333E-02, 4.9333E+00, 2.0000E+00,
14:52:45.07725201, 3.3333E-02, 4.8000E+00, 1.7333E+00,
14:52:45.07725206, 3.3333E-02, 4.8000E+00, 1.6000E+00,
14:52:45.07725211, 0.0000E+00, 4.9333E+00, 1.4667E+00,
14:52:45.07725216, 0.0000E+00, 5.0667E+00, 1.6000E+00,
14:52:45.07725221,-3.3333E-02, 4.8000E+00, 1.3333E+00,
14:52:45.07725226, 6.6667E-02, 4.8667E+00, 1.7333E+00,
14:52:45.07725231, 3.3333E-02, 4.9333E+00, 1.7333E+00,
14:52:45.07725236, 0.0000E+00, 4.9333E+00, 2.0000E+00,
14:52:45.07725241, 0.0000E+00, 4.9333E+00, 1.6000E+00,
14:52:45.07725246, 0.0000E+00, 4.9333E+00, 1.4667E+00,
14:52:45.07725251, 6.6667E-02, 4.8667E+00, 1.7333E+00,
14:52:45.07725256, 3.3333E-02, 4.9333E+00, 1.6000E+00,
14:52:45.07725261, 0.0000E+00, 4.8667E+00, 1.6000E+00,
14:52:45.07725266,-3.3333E-02, 4.8667E+00, 2.0000E+00,
14:52:45.07725271, 6.6667E-02, 4.8667E+00, 1.4667E+00,
14:52:45.07725276, 0.0000E+00, 4.8667E+00, 1.6000E+00,
14:52:45.07725281, 3.3333E-02, 4.8000E+00, 1.7333E+00,
14:52:45.07725286, 0.0000E+00, 4.9333E+00, 1.6000E+00,
14:52:45.07725291, 3.3333E-02, 4.8000E+00, 1.6000E+00,
14:52:45.07725296,-3.3333E-02, 4.9333E+00, 1.8667E+00,
14:52:45.07725301, 3.3333E-02, 4.9333E+00, 1.7333E+00,
14:52:45.07725306, 0.0000E+00, 4.8000E+00, 1.4667E+00,
14:52:45.07725311, 6.6667E-02, 4.8000E+00, 1.4667E+00,
14:52:45.07725316, 0.0000E+00, 5.0000E+00, 1.7333E+00,
14:52:45.07725321, 0.0000E+00, 4.8667E+00, 1.8667E+00,
14:52:45.07725326, 3.3333E-02, 4.8000E+00, 1.7333E+00,
14:52:45.07725331, 0.0000E+00, 4.8000E+00, 1.7333E+00,
14:52:45.07725336, 0.0000E+00, 5.0000E+00, 1.7333E+00,
14:52:45.07725341, 3.3333E-02, 4.9333E+00, 1.7333E+00,
14:52:45.07725346, 0.0000E+00, 4.9333E+00, 1.4667E+00,
14:52:45.07725351, 3.3333E-02, 4.8667E+00, 1.7333E+00,
14:52:45.07725356,-1.0000E-01, 5.0000E+00, 1.8667E+00,
14:52:45.07725361,-3.3333E-02, 4.9333E+00, 1.4667E+00,
14:52:45.07725366,-3.3333E-02, 4.8667E+00, 1.4667E+00,
14:52:45.07725371, 3.3333E-02, 4.8000E+00, 1.4667E+00,
14:52:45.07725376, 1.0000E-01, 4.9333E+00, 1.7333E+00,
14:52:45.07725381,-3.3333E-02, 4.9333E+00, 1.6000E+00,
14:52:45.07725386, 6.6667E-02, 4.8667E+00, 1.7333E+00,
14:52:45.07725391, 3.3333E-02, 4.9333E+00, 1.6000E+00,
14:52:45.07725396, 1.0000E-01, 4.9333E+00, 1.4667E+00,
14:52:45.07725401, 0.0000E+00, 4.9333E+00, 1.4667E+00,
14:52:45.07725406, 0.0000E+00, 4.9333E+00, 1.7333E+00,
14:52:45.07725411, 6.6667E-02, 4.8667E+00, 1.7333E+00,
14:52:45.07725416, 0.0000E+00, 4.8667E+00, 1.8667E+00,
14:52:45.07725421, 3.3333E-02, 4.6667E+00, 1.6000E+00,
14:52:45.07725426,-6.6667E-02, 4.8667E+00, 2.0000E+00,
14:52:45.07725431, 3.3333E-02, 5.0000E+00, 1.7333E+00,
14:52:45.07725436, 3.3333E-02, 4.8667E+00, 1.8667E+00,
14:52:45.07725441, 6.6667E-02, 4.9333E+00, 2.0000E+00,
14:52:45.07725446, 1.0000E-01, 5.0000E+00, 1.6000E+00,
14:52:45.07725451,-3.3333E-02, 4.9333E+00, 1.3333E+00,
14:52:45.07725456,-3.3333E-02, 4.8667E+00, 1.6000E+00,
14:52:45.07725461,-3.3333E-02, 4.8667E+00, 1.6000E+00,
14:52:45.07725466, 6.6667E-02, 4.7333E+00, 1.4667E+00,
14:52:45.07725471, 3.3333E-02, 4.8667E+00, 1.4667E+00,
14:52:45.07725476, 0.0000E+00, 4.7333E+00, 1.8667E+00,
14:52:45.07725481, 3.3333E-02, 5.0000E+00, 2.0000E+00,
14:52:45.07725486, 3.3333E-02, 4.8667E+00, 1.6000E+00,
14:52:45.07725491, 1.0000E-01, 4.9333E+00, 1.8667E+00,
14:52:45.07725496, 3.3333E-02, 4.9333E+00, 1.7333E+00,
14:52:45.07725501, 0.0000E+00, 4.7333E+00, 1.6000E+00,
14:52:45.07725506,-3.3333E-02, 4.8000E+00, 1.7333E+00,
14:52:45.07725511,-3.3333E-02, 4.8667E+00, 1.7333E+00,
14:52:45.07725516, 0.0000E+00, 4.7333E+00, 1.7333E+00,
14:52:45.07725521, 3.3333E-02, 4.8667E+00, 1.6000E+00,
14:52:45.07725526, 6.6667E-02, 4.7333E+00, 1.7333E+00,
14:52:45.07725531, 3.3333E-02, 4.9333E+00, 1.7333E+00,
14:52:45.07725536, 3.3333E-02, 4.7333E+00, 2.0000E+00,
14:52:45.07725541,-3.3333E-02, 4.8667E+00, 1.6000E+00,
14:52:45.07725546, 3.3333E-02, 5.0000E+00, 1.6000E+00,
14:52:45.07725551, 3.3333E-02, 4.8667E+00, 1.3333E+00,
14:52:45.07725556, 0.0000E+00, 4.8667E+00, 1.3333E+00,
14:52:45.07725561, 6.6667E-02, 4.8667E+00, 1.6000E+00,
14:52:45.07725566,-6.6667E-02, 4.8000E+00, 1.3333E+00,
14:52:45.07725571,-3.3333E-02, 4.8667E+00, 1.3333E+00,
14:52:45.07725576, 6.6667E-02, 4.8667E+00, 2.0000E+00,
14:52:45.07725581, 3.3333E-02, 4.8667E+00, 1.7333E+00,
14:52:45.07725586, 6.6667E-02, 4.8667E+00, 1.7333E+00,
14:52:45.07725591, 1.0000E-01, 4.9333E+00, 1.4667E+00,
14:52:45.07725596, 6.6667E-02, 4.8667E+00, 1.6000E+00,
14:52:45.07725601,-3.3333E-02, 4.9333E+00, 1.8667E+00,
14:52:45.07725606, 0.0000E+00, 4.8667E+00, 1.6000E+00,
14:52:45.07725611, 3.3333E-02, 4.8667E+00, 1.8667E+00,
14:52:45.07725616, 0.0000E+00, 4.8667E+00, 2.0000E+00,
14:52:45.07725621, 0.0000E+00, 4.8667E+00, 1.8667E+00,
14:52:45.07725626, 6.6667E-02, 4.8000E+00, 2.0000E+00,
14:52:45.07725631,-6.6667E-02, 4.8000E+00, 1.6000E+00,
14:52:45.07725636, 3.3333E-02, 4.9333E+00, 1.8667E+00,
14:52:45.07725641, 3.3333E-02, 4.9333E+00, 1.4667E+00,
14:52:45.07725646,-3.3333E-02, 4.9333E+00, 1.3333E+00,
14:52:45.07725651, 0.0000E+00, 4.9333E+00, 1.8667E+00,
14:52:45.07725656, 3.3333E-02, 4.8667E+00, 1.7333E+00,
14:52:45.07725661, 3.3333E-02, 4.8667E+00, 1.7333E+00,
14:52:45.07725666, 0.0000E+00, 4.8667E+00, 1.7333E+00,
14:52:45.07725671,-3.3333E-02, 4.9333E+00, 2.0000E+00,
14:52:45.07725676, 0.0000E+00, 5.0000E+00, 1.6000E+00,
14:52:45.07725681, 6.6667E-02, 4.8667E+00, 1.7333E+00,
14:52:45.07725686, 0.0000E+00, 4.8667E+00, 1.7333E+00,
14:52:45.07725691, 3.3333E-02, 4.9333E+00, 1.3333E+00,
14:52:45.07725696, 0.0000E+00, 4.9333E+00, 1.2000E+00,
14:52:45.07725701, 1.0000E-01, 4.8667E+00, 1.4667E+00,
14:52:45.07725706, 0.0000E+00, 4.8667E+00, 1.4667E+00,
14:52:45.07725711, 3.3333E-02, 4.8667E+00, 1.8667E+00,
14:52:45.07725716, 3.3333E-02, 4.9333E+00, 1.4667E+00,
14:52:45.07725721, 3.3333E-02, 4.9333E+00, 1.8667E+00,
14:52:45.07725726, 0.0000E+00, 5.0000E+00, 1.8667E+00,
14:52:45.07725731,-3.3333E-02, 5.0000E+00, 1.7333E+00,
14:52:45.07725736, 3.3333E-02, 4.7333E+00, 1.6000E+00,
14:52:45.07725741,-6.6667E-02, 4.8667E+00, 1.6000E+00,
14:52:45.07725746, 3.3333E-02, 4.9333E+00, 1.6000E+00,
14:52:45.07725751, 0.0000E+00, 4.8667E+00, 1.8667E+00,
14:52:45.07725756, 0.0000E+00, 4.9333E+00, 1.7333E+00,
14:52:45.07725761, 0.0000E+00, 4.7333E+00, 1.8667E+00,
14:52:45.07725766,-3.3333E-02, 4.8667E+00, 1.6000E+00,
14:52:45.07725771, 6.6667E-02, 4.8667E+00, 1.7333E+00,
14:52:45.07725776, 3.3333E-02, 4.6667E+00, 1.6000E+00,
14:52:45.07725781, 6.6667E-02, 4.8667E+00, 1.8667E+00,
14:52:45.07725786, 6.6667E-02, 4.8000E+00, 1.6000E+00,
14:52:45.07725791, 3.3333E-02, 4.7333E+00, 1.6000E+00,
14:52:45.07725796, 3.3333E-02, 4.8667E+00, 1.7333E+00,
14:52:45.07725801, 0.0000E+00, 5.0000E+00, 1.6000E+00,
14:52:45.07725806, 0.0000E+00, 5.0000E+00, 2.0000E+00,
14:52:45.07725811, 6.6667E-02, 4.9333E+00, 1.6000E+00,
14:52:45.07725816, 6.6667E-02, 5.0000E+00, 1.7333E+00,
14:52:45.07725821, 0.0000E+00, 4.8667E+00, 1.4667E+00,
14:52:45.07725826, 6.6667E-02, 4.9333E+00, 1.6000E+00,
14:52:45.07725831, 0.0000E+00, 4.9333E+00, 1.8667E+00,
14:52:45.07725836, 0.0000E+00, 4.8667E+00, 1.6000E+00,
14:52:45.07725841,-3.3333E-02, 4.8667E+00, 1.6000E+00,
14:52:45.07725846, 0.0000E+00, 5.0667E+00, 1.6000E+00,
14:52:45.07725851, 3.3333E-02, 4.9333E+00, 1.4667E+00,
14:52:45.07725856, 0.0000E+00, 4.8667E+00, 1.7333E+00,
14:52:45.07725861, 0.0000E+00, 4.8000E+00, 1.7333E+00,
14:52:45.07725866, 3.3333E-02, 4.8667E+00, 1.6000E+00,
14:52:45.07725871, 1.3333E-01, 4.9333E+00, 1.6000E+00,
14:52:45.07725876, 3.3333E-02, 4.8667E+00, 1.7333E+00,
14:52:45.07725881, 0.0000E+00, 4.8000E+00, 1.7333E+00,
14:52:45.07725886, 3.3333E-02, 4.8667E+00, 1.7333E+00,
14:52:45.07725891,-6.6667E-02, 4.8667E+00, 1.6000E+00,
14:52:45.07725896, 3.3333E-02, 4.9333E+00, 1.8667E+00,
14:52:45.07725901, 3.3333E-02, 4.9333E+00, 1.7333E+00,
14:52:45.07725906, 0.0000E+00, 4.8000E+00, 1.7333E+00,
14:52:45.07725911, 3.3333E-02, 4.9333E+00, 1.8667E+00,
14:52:45.07725916, 3.3333E-02, 4.9333E+00, 1.6000E+00,
14:52:45.07725921, 0.0000E+00, 4.8000E+00, 1.4667E+00,
14:52:45.07725926, 3.3333E-02, 4.8667E+00, 1.7333E+00,
14:52:45.07725931,-3.3333E-02, 4.8000E+00, 1.7333E+00,
14:52:45.07725936, 3.3333E-02, 5.0000E+00, 1.7333E+00,
14:52:45.07725941, 0.0000E+00, 4.9333E+00, 1.4667E+00,
14:52:45.07725946, 3.3333E-02, 4.9333E+00, 1.7333E+00,
14:52:45.07725951, 6.6667E-02, 4.8667E+00, 2.0000E+00,
14:52:45.07725956, 3.3333E-02, 4.9333E+00, 1.7333E+00,
14:52:45.07725961, 0.0000E+00, 4.8000E+00, 1.6000E+00,
14:52:45.07725966,-6.6667E-02, 4.8667E+00, 1.8667E+00,
14:52:45.07725971, 0.0000E+00, 4.6667E+00, 1.6000E+00,
14:52:45.07725976,-3.3333E-02, 4.9333E+00, 1.7333E+00,
14:52:45.07725981, 3.3333E-02, 5.0000E+00, 1.8667E+00,
14:52:45.07725986, 6.6667E-02, 4.9333E+00, 1.7333E+00,
14:52:45.07725991, 0.0000E+00, 4.8667E+00, 1.6000E+00,
14:52:45.07725996, 0.0000E+00, 4.8667E+00, 1.7333E+00,
14:52:45.07726001, 0.0000E+00, 4.9333E+00, 1.7333E+00,
14:52:45.07726006, 6.6667E-02, 4.8667E+00, 2.0000E+00,
14:52:45.07726011, 3.3333E-02, 5.0000E+00, 1.7333E+00,
14:52:45.07726016, 3.3333E-02, 5.0000E+00, 1.8667E+00,
14:52:45.07726021, 3.3333E-02, 4.9333E+00, 1.6000E+00,
14:52:45.07726026, 3.3333E-02, 4.8667E+00, 1.6000E+00,
14:52:45.07726031, 0.0000E+00, 4.9333E+00, 1.7333E+00,
14:52:45.07726036, 0.0000E+00, 4.9333E+00, 1.8667E+00,
14:52:45.07726041, 3.3333E-02, 4.9333E+00, 1.4667E+00,
14:52:45.07726046, 6.6667E-02, 4.9333E+00, 1.7333E+00,
14:52:45.07726051,-3.3333E-02, 4.8667E+00, 1.7333E+00,
14:52:45.07726056, 1.0000E-01, 5.0000E+00, 1.7333E+00,
14:52:45.07726061, 0.0000E+00, 4.9333E+00, 1.4667E+00,
14:52:45.07726066, 0.0000E+00, 4.8667E+00, 1.7333E+00,
14:52:45.07726071,-3.3333E-02, 4.8000E+00, 1.8667E+00,
14:52:45.07726076, 0.0000E+00, 4.9333E+00, 1.7333E+00,
14:52:45.07726081,-3.3333E-02, 4.9333E+00, 1.8667E+00,
14:52:45.07726086, 3.3333E-02, 4.9333E+00, 1.8667E+00,
14:52:45.07726091, 0.0000E+00, 5.0000E+00, 1.7333E+00,
14:52:45.07726096, 0.0000E+00, 4.8667E+00, 1.7333E+00,
14:52:45.07726101, 0.0000E+00, 4.9333E+00, 1.8667E+00,
14:52:45.07726106, 1.0000E-01, 4.9333E+00, 1.3333E+00,
14:52:45.07726111, 3.3333E-02, 4.8667E+00, 1.6000E+00,
14:52:45.07726116,-3.3333E-02, 5.0000E+00, 1.6000E+00,
14:52:45.07726121, 6.6667E-02, 4.8000E+00, 2.0000E+00,
14:52:45.07726126, 3.3333E-02, 4.8667E+00, 1.6000E+00,
14:52:45.07726131,-3.3333E-02, 4.8667E+00, 1.6000E+00,
14:52:45.07726136, 0.0000E+00, 4.9333E+00, 1.7333E+00,
14:52:45.07726141, 3.3333E-02, 4.8000E+00, 1.6000E+00,
14:52:45.07726146, 0.0000E+00, 4.8667E+00, 1.7333E+00,
14:52:45.07726151, 3.3333E-02, 4.9333E+00, 1.4667E+00,
14:52:45.07726156, 3.3333E-02, 5.0000E+00, 1.7333E+00,
14:52:45.07726161, 3.3333E-02, 4.7333E+00, 1.7333E+00,
14:52:45.07726166, 6.6667E-02, 4.8000E+00, 1.4667E+00,
14:52:45.07726171,-3.3333E-02, 4.8000E+00, 1.8667E+00,
14:52:45.07726176, 3.3333E-02, 4.7333E+00, 1.7333E+00,
14:52:45.07726181,-3.3333E-02, 4.9333E+00, 1.4667E+00,
14:52:45.07726186, 3.3333E-02, 4.9333E+00, 1.4667E+00,
14:52:45.07726191, 6.6667E-02, 4.9333E+00, 2.0000E+00,
14:52:45.07726196, 0.0000E+00, 4.9333E+00, 1.7333E+00,
14:52:45.07726201, 0.0000E+00, 5.0000E+00, 1.8667E+00,
14:52:45.07726206, 3.3333E-02, 4.8667E+00, 1.6000E+00,
14:52:45.07726211, 3.3333E-02, 4.8667E+00, 1.8667E+00,
14:52:45.07726216,-3.3333E-02, 4.9333E+00, 1.8667E+00,
14:52:45.07726221, 3.3333E-02, 4.7333E+00, 1.3333E+00,
14:52:45.07726226, 3.3333E-02, 4.9333E+00, 1.6000E+00,
14:52:45.07726231, 0.0000E+00, 4.9333E+00, 1.6000E+00,
14:52:45.07726236, 0.0000E+00, 4.7333E+00, 1.8667E+00,
14:52:45.07726241,-3.3333E-02, 4.8667E+00, 1.7333E+00,
14:52:45.07726246,-3.3333E-02, 5.0000E+00, 1.8667E+00,
14:52:45.07726251, 3.3333E-02, 5.0667E+00, 1.6000E+00,
14:52:45.07726256, 1.3333E-01, 5.0667E+00, 2.0000E+00,
14:52:45.07726261, 3.3333E-02, 4.7333E+00, 1.7333E+00,
14:52:45.07726266, 0.0000E+00, 4.9333E+00, 1.4667E+00,
14:52:45.07726271, 0.0000E+00, 4.8667E+00, 1.6000E+00,
14:52:45.07726276,-1.0000E-01, 4.8000E+00, 1.6000E+00,
14:52:45.07726281, 3.3333E-02, 4.9333E+00, 1.7333E+00,
14:52:45.07726286, 1.0000E-01, 4.9333E+00, 1.4667E+00,
14:52:45.07726291, 3.3333E-02, 4.9333E+00, 1.3333E+00,
14:52:45.07726296, 3.3333E-02, 4.8667E+00, 1.4667E+00,
14:52:45.07726301, 0.0000E+00, 4.9333E+00, 1.3333E+00,
14:52:45.07726306, 3.3333E-02, 4.8667E+00, 1.6000E+00,
14:52:45.07726311, 3.3333E-02, 4.8000E+00, 1.4667E+00,
14:52:45.07726316, 3.3333E-02, 4.8000E+00, 1.7333E+00,
14:52:45.07726321, 3.3333E-02, 4.9333E+00, 1.6000E+00,
14:52:45.07726326, 1.3333E-01, 5.0000E+00, 1.7333E+00,
14:52:45.07726331, 6.6667E-02, 4.7333E+00, 1.8667E+00,
14:52:45.07726336, 0.0000E+00, 4.8667E+00, 1.6000E+00,
14:52:45.07726341, 0.0000E+00, 4.9333E+00, 1.7333E+00,
14:52:45.07726346,-3.3333E-02, 4.8667E+00, 1.8667E+00,
14:52:45.07726351, 6.6667E-02, 4.8667E+00, 2.0000E+00,
14:52:45.07726356, 1.0000E-01, 4.9333E+00, 1.7333E+00,
14:52:45.07726361, 6.6667E-02, 4.8667E+00, 1.7333E+00,
14:52:45.07726366, 3.3333E-02, 4.8000E+00, 1.7333E+00,
14:52:45.07726371,-3.3333E-02, 5.0000E+00, 1.7333E+00,
14:52:45.07726376, 3.3333E-02, 4.9333E+00, 1.6000E+00,
14:52:45.07726381, 0.0000E+00, 4.8000E+00, 1.4667E+00,
14:52:45.07726386, 0.0000E+00, 5.0667E+00, 1.4667E+00,
14:52:45.07726391, 0.0000E+00, 4.9333E+00, 2.0000E+00,
14:52:45.07726396,-3.3333E-02, 4.9333E+00, 1.7333E+00,
14:52:45.07726401, 6.6667E-02, 4.8667E+00, 1.8667E+00,
14:52:45.07726406, 0.0000E+00, 4.8667E+00, 1.7333E+00,
14:52:45.07726411, 0.0000E+00, 4.9333E+00, 2.0000E+00,
14:52:45.07726416, 3.3333E-02, 5.0000E+00, 1.8667E+00,
14:52:45.07726421, 0.0000E+00, 4.9333E+00, 1.8667E+00,
14:52:45.07726426, 0.0000E+00, 4.8000E+00, 1.0667E+00,
14:52:45.07726431, 6.6667E-02, 4.8667E+00, 1.3333E+00,
14:52:45.07726436, 3.3333E-02, 4.9333E+00, 1.3333E+00,
14:52:45.07726441, 1.0000E-01, 4.9333E+00, 1.4667E+00,
14:52:45.07726446, 6.6667E-02, 5.0000E+00, 1.8667E+00,
14:52:45.07726451, 0.0000E+00, 4.8667E+00, 1.7333E+00,
14:52:45.07726456, 3.3333E-02, 5.0000E+00, 1.6000E+00,
14:52:45.07726461, 0.0000E+00, 4.9333E+00, 1.8667E+00,
14:52:45.07726466, 0.0000E+00, 4.8667E+00, 1.4667E+00,
14:52:45.07726471,-3.3333E-02, 4.9333E+00, 1.7333E+00,
14:52:45.07726476, 3.3333E-02, 4.9333E+00, 1.3333E+00,
14:52:45.07726481, 0.0000E+00, 4.9333E+00, 1.6000E+00,
14:52:45.07726486,-3.3333E-02, 4.9333E+00, 1.7333E+00,
14:52:45.07726491, 1.3333E-01, 5.0000E+00, 1.4667E+00,
14:52:45.07726496, 3.3333E-02, 4.8667E+00, 1.6000E+00,
14:52:45.07726501, 6.6667E-02, 4.8667E+00, 1.7333E+00,
14:52:45.07726506,-3.3333E-02, 4.9333E+00, 1.8667E+00,
14:52:45.07726511, 6.6667E-02, 5.0000E+00, 1.6000E+00,
14:52:45.07726516,-3.3333E-02, 4.8000E+00, 2.0000E+00,
14:52:45.07726521, 6.6667E-02, 4.8667E+00, 1.6000E+00,
14:52:45.07726526, 6.6667E-02, 4.8667E+00, 1.6000E+00,
14:52:45.07726531, 0.0000E+00, 4.8000E+00, 1.6000E+00,
14:52:45.07726536, 0.0000E+00, 4.8667E+00, 1.6000E+00,
14:52:45.07726541, 6.6667E-02, 5.0000E+00, 1.6000E+00,
14:52:45.07726546, 1.0000E-01, 5.0667E+00, 1.6000E+00,
14:52:45.07726551, 3.3333E-02, 4.9333E+00, 1.4667E+00,
14:52:45.07726556, 3.3333E-02, 4.8667E+00, 1.7333E+00,
14:52:45.07726561, 6.6667E-02, 4.8000E+00, 1.8667E+00,
14:52:45.07726566, 6.6667E-02, 5.0000E+00, 2.0000E+00,
14:52:45.07726571, 3.3333E-02, 5.0000E+00, 1.6000E+00,
14:52:45.07726576, 0.0000E+00, 4.9333E+00, 1.3333E+00,
14:52:45.07726581, 3.3333E-02, 4.8000E+00, 1.8667E+00,
14:52:45.07726586, 6.6667E-02, 4.8000E+00, 1.4667E+00,
14:52:45.07726591, 0.0000E+00, 5.0000E+00, 1.6000E+00,
14:52:45.07726596, 3.3333E-02, 4.8000E+00, 1.6000E+00,
14:52:45.07726601, 3.3333E-02, 4.9333E+00, 2.0000E+00,
14:52:45.07726606, 3.3333E-02, 4.8000E+00, 1.4667E+00,
14:52:45.07726611, 0.0000E+00, 4.8667E+00, 1.7333E+00,
14:52:45.07726616, 3.3333E-02, 5.0000E+00, 1.6000E+00,
14:52:45.07726621, 3.3333E-02, 5.0000E+00, 1.4667E+00,
14:52:45.07726626, 0.0000E+00, 4.9333E+00, 1.6000E+00,
14:52:45.07726631,-6.6667E-02, 4.8667E+00, 1.6000E+00,
14:52:45.07726636,-3.3333E-02, 4.9333E+00, 1.7333E+00,
14:52:45.07726641, 3.3333E-02, 4.9333E+00, 1.3333E+00,
14:52:45.07726646, 0.0000E+00, 5.0000E+00, 1.6000E+00,
14:52:45.07726651, 0.0000E+00, 4.8000E+00, 1.6000E+00,
14:52:45.07726656,-3.3333E-02, 4.8000E+00, 2.0000E+00,
14:52:45.07726661, 3.3333E-02, 4.9333E+00, 1.3333E+00,
14:52:45.07726666,-3.3333E-02, 5.0000E+00, 1.7333E+00,
14:52:45.07726671, 0.0000E+00, 4.8667E+00, 1.6000E+00,
14:52:45.07726676, 3.3333E-02, 4.8667E+00, 1.6000E+00,
14:52:45.07726681, 3.3333E-02, 4.8667E+00, 1.6000E+00,
14:52:45.07726686,-3.3333E-02, 4.9333E+00, 1.7333E+00,
14:52:45.07726691, 0.0000E+00, 4.8667E+00, 1.7333E+00,
14:52:45.07726696,-3.3333E-02, 4.9333E+00, 2.0000E+00,
14:52:45.07726701, 6.6667E-02, 4.8667E+00, 1.4667E+00,
14:52:45.07726706, 0.0000E+00, 5.0667E+00, 1.3333E+00,
14:52:45.07726711,-3.3333E-02, 4.9333E+00, 1.8667E+00,
14:52:45.07726716, 3.3333E-02, 4.8667E+00, 1.6000E+00,
14:52:45.07726721, 6.6667E-02, 4.8667E+00, 1.4667E+00,
14:52:45.07726726, 0.0000E+00, 4.9333E+00, 1.3333E+00,
14:52:45.07726731, 3.3333E-02, 4.8667E+00, 1.4667E+00,
14:52:45.07726736, 6.6667E-02, 4.9333E+00, 1.6000E+00,
14:52:45.07726741, 3.3333E-02, 4.8667E+00, 1.6000E+00,
14:52:45.07726746, 0.0000E+00, 5.0000E+00, 1.4667E+00,
14:52:45.07726751,-3.3333E-02, 4.8667E+00, 1.6000E+00,
14:52:45.07726756, 0.0000E+00, 4.8667E+00, 1.4667E+00,
14:52:45.07726761,-3.3333E-02, 4.8000E+00, 1.6000E+00,
14:52:45.07726766, 3.3333E-02, 4.8667E+00, 1.6000E+00,
14:52:45.07726771, 6.6667E-02, 4.9333E+00, 1.6000E+00,
14:52:45.07726776, 0.0000E+00, 4.8000E+00, 1.4667E+00,
14:52:45.07726781, 3.3333E-02, 4.9333E+00, 2.0000E+00,
14:52:45.07726786,-3.3333E-02, 4.9333E+00, 2.0000E+00,
14:52:45.07726791,-3.3333E-02, 4.9333E+00, 1.7333E+00,
14:52:45.07726796, 3.3333E-02, 4.8667E+00, 1.6000E+00,
14:52:45.07726801, 0.0000E+00, 4.9333E+00, 1.8667E+00,
14:52:45.07726806, 6.6667E-02, 4.8667E+00, 1.4667E+00,
14:52:45.07726811, 6.6667E-02, 4.8000E+00, 1.6000E+00,
14:52:45.07726816, 3.3333E-02, 4.9333E+00, 1.4667E+00,
14:52:45.07726821, 1.0000E-01, 4.7333E+00, 1.6000E+00,
14:52:45.07726826, 3.3333E-02, 4.9333E+00, 1.8667E+00,
14:52:45.07726831, 6.6667E-02, 4.9333E+00, 1.4667E+00,
14:52:45.07726836,-3.3333E-02, 5.0000E+00, 1.8667E+00,
14:52:45.07726841, 3.3333E-02, 4.9333E+00, 1.6000E+00,
14:52:45.07726846, 0.0000E+00, 4.8667E+00, 1.6000E+00,
14:52:45.07726851, 0.0000E+00, 4.8667E+00, 1.6000E+00,
14:52:45.07726856, 3.3333E-02, 4.8000E+00, 1.4667E+00,
14:52:45.07726861, 6.6667E-02, 5.0000E+00, 1.6000E+00,
14:52:45.07726866,-3.3333E-02, 5.0667E+00, 1.6000E+00,
14:52:45.07726871, 1.0000E-01, 4.8000E+00, 1.7333E+00,
14:52:45.07726876, 3.3333E-02, 5.0000E+00, 2.0000E+00,
14:52:45.07726881,-3.3333E-02, 4.8000E+00, 1.8667E+00,
14:52:45.07726886,-6.6667E-02, 5.0667E+00, 1.8667E+00,
14:52:45.07726891, 0.0000E+00, 4.9333E+00, 1.8667E+00,
14:52:45.07726896, 3.3333E-02, 5.0000E+00, 1.8667E+00,
14:52:45.07726901, 0.0000E+00, 4.9333E+00, 1.6000E+00,
14:52:45.07726906, 1.0000E-01, 5.0000E+00, 1.8667E+00,
14:52:45.07726911, 3.3333E-02, 4.8667E+00, 1.3333E+00,
14:52:45.07726916, 3.3333E-02, 4.8667E+00, 1.6000E+00,
14:52:45.07726921, 0.0000E+00, 4.8000E+00, 1.4667E+00,
14:52:45.07726926, 1.3333E-01, 4.9333E+00, 1.4667E+00,
14:52:45.07726931,-3.3333E-02, 4.8667E+00, 1.3333E+00,
14:52:45.07726936, 6.6667E-02, 4.8667E+00, 1.6000E+00,
14:52:45.07726941,-3.3333E-02, 4.8667E+00, 1.8667E+00,
14:52:45.07726946,-3.3333E-02, 5.0000E+00, 1.7333E+00,
14:52:45.07726951, 0.0000E+00, 5.0000E+00, 1.6000E+00,
14:52:45.07726956, 0.0000E+00, 4.8667E+00, 1.6000E+00,
14:52:45.07726961, 1.0000E-01, 4.9333E+00, 1.6000E+00,
14:52:45.07726966, 3.3333E-02, 4.9333E+00, 1.4667E+00,
14:52:45.07726971, 3.3333E-02, 5.0000E+00, 1.4667E+00,
14:52:45.07726976, 3.3333E-02, 4.8667E+00, 1.6000E+00,
14:52:45.07726981, 0.0000E+00, 5.0667E+00, 1.7333E+00,
14:52:45.07726986,-3.3333E-02, 4.9333E+00, 1.7333E+00,
14:52:45.07726991,-3.3333E-02, 4.8667E+00, 1.8667E+00,
14:52:45.07726996, 0.0000E+00, 4.8000E+00, 1.3333E+00,
14:52:45.07727001, 3.3333E-02, 4.9333E+00, 1.3333E+00,
14:52:45.07727006, 3.3333E-02, 4.9333E+00, 1.7333E+00,
14:52:45.07727011, 0.0000E+00, 4.8667E+00, 1.4667E+00,
14:52:45.07727016, 3.3333E-02, 4.8667E+00, 2.0000E+00,
14:52:45.07727021, 3.3333E-02, 4.8667E+00, 1.6000E+00,
14:52:45.07727026, 3.3333E-02, 4.7333E+00, 1.3333E+00,
14:52:45.07727031, 3.3333E-02, 5.0000E+00, 1.6000E+00,
14:52:45.07727036, 3.3333E-02, 4.9333E+00, 1.4667E+00,
14:52:45.07727041, 3.3333E-02, 5.0667E+00, 1.7333E+00,
14:52:45.07727046, 3.3333E-02, 4.8000E+00, 1.6000E+00,
14:52:45.07727051, 0.0000E+00, 4.8667E+00, 1.7333E+00,
14:52:45.07727056, 3.3333E-02, 4.8667E+00, 1.4667E+00,
14:52:45.07727061, 6.6667E-02, 4.8000E+00, 1.8667E+00,
14:52:45.07727066, 0.0000E+00, 4.8000E+00, 1.7333E+00,
14:52:45.07727071, 0.0000E+00, 5.0000E+00, 1.7333E+00,
14:52:45.07727076, 3.3333E-02, 4.8000E+00, 1.8667E+00,
14:52:45.07727081, 0.0000E+00, 4.9333E+00, 1.6000E+00,
14:52:45.07727086, 3.3333E-02, 4.8667E+00, 1.6000E+00,
14:52:45.07727091, 3.3333E-02, 4.9333E+00, 1.7333E+00,
14:52:45.07727096, 0.0000E+00, 4.9333E+00, 1.6000E+00,
14:52:45.07727101, 3.3333E-02, 4.9333E+00, 1.7333E+00,
14:52:45.07727106, 3.3333E-02, 4.9333E+00, 1.7333E+00,
14:52:45.07727111, 1.0000E-01, 4.8667E+00, 1.4667E+00,
14:52:45.07727116,-3.3333E-02, 4.8667E+00, 1.6000E+00,
14:52:45.07727121,-3.3333E-02, 4.8000E+00, 1.7333E+00,
14:52:45.07727126, 0.0000E+00, 5.1333E+00, 1.8667E+00,
14:52:45.07727131, 3.3333E-02, 4.8667E+00, 1.4667E+00,
14:52:45.07727136, 3.3333E-02, 5.0000E+00, 1.7333E+00,
14:52:45.07727141, 3.3333E-02, 5.0667E+00, 1.6000E+00,
14:52:45.07727146,-3.3333E-02, 4.7333E+00, 1.7333E+00,
14:52:45.07727151, 3.3333E-02, 4.8667E+00, 1.8667E+00,
14:52:45.07727156,-6.6667E-02, 4.9333E+00, 1.4667E+00,
14:52:45.07727161, 6.6667E-02, 4.9333E+00, 1.6000E+00,
14:52:45.07727166, 0.0000E+00, 4.8667E+00, 1.6000E+00,
14:52:45.07727171, 3.3333E-02, 4.8667E+00, 1.7333E+00,
14:52:45.07727176, 3.3333E-02, 4.8667E+00, 1.6000E+00,
14:52:45.07727181,-3.3333E-02, 5.0667E+00, 1.6000E+00,
14:52:45.07727186,-3.3333E-02, 5.0000E+00, 1.6000E+00,
14:52:45.07727191, 0.0000E+00, 5.0000E+00, 1.4667E+00,
14:52:45.07727196,-3.3333E-02, 4.8667E+00, 1.7333E+00,
14:52:45.07727201, 0.0000E+00, 4.8667E+00, 1.7333E+00,
14:52:45.07727206,-6.6667E-02, 4.8667E+00, 1.3333E+00,
14:52:45.07727211, 0.0000E+00, 4.8000E+00, 1.7333E+00,
14:52:45.07727216, 3.3333E-02, 4.8000E+00, 1.4667E+00,
14:52:45.07727221, 0.0000E+00, 4.8000E+00, 1.3333E+00,
14:52:45.07727226, 3.3333E-02, 4.9333E+00, 1.6000E+00,
14:52:45.07727231, 3.3333E-02, 4.8000E+00, 1.7333E+00,
14:52:45.07727236, 0.0000E+00, 4.9333E+00, 1.6000E+00,
14:52:45.07727241, 0.0000E+00, 4.8667E+00, 1.6000E+00,
14:52:45.07727246, 3.3333E-02, 4.8000E+00, 1.6000E+00,
14:52:45.07727251, 0.0000E+00, 4.8667E+00, 1.6000E+00,
14:52:45.07727256, 0.0000E+00, 4.8667E+00, 1.4667E+00,
14:52:45.07727261, 3.3333E-02, 4.8667E+00, 1.2000E+00,
14:52:45.07727266,-3.3333E-02, 4.7333E+00, 1.6000E+00,
14:52:45.07727271, 0.0000E+00, 4.8667E+00, 1.8667E+00,
14:52:45.07727276,-3.3333E-02, 4.8667E+00, 2.0000E+00,
14:52:45.07727281, 0.0000E+00, 4.9333E+00, 2.0000E+00,
14:52:45.07727286, 0.0000E+00, 5.0000E+00, 1.7333E+00,
14:52:45.07727291, 6.6667E-02, 4.9333E+00, 1.3333E+00,
14:52:45.07727296,-6.6667E-02, 4.8667E+00, 1.4667E+00,
14:52:45.07727301,-1.0000E-01, 5.0667E+00, 1.7333E+00,
14:52:45.07727306, 6.6667E-02, 5.0667E+00, 1.6000E+00,
14:52:45.07727311, 3.3333E-02, 4.8667E+00, 1.8667E+00,
14:52:45.07727316, 0.0000E+00, 5.0667E+00, 1.7333E+00,
14:52:45.07727321, 0.0000E+00, 4.9333E+00, 1.4667E+00,
14:52:45.07727326, 3.3333E-02, 4.9333E+00, 1.4667E+00,
14:52:45.07727331,-3.3333E-02, 5.0667E+00, 1.6000E+00,
14:52:45.07727336, 1.0000E-01, 4.8667E+00, 1.8667E+00,
14:52:45.07727341, 1.4667E+00, 5.0000E+00, 1.8667E+00,
14:52:45.07727346, 4.3000E+00, 4.7333E+00, 1.6000E+00,
14:52:45.07727351, 5.8000E+00, 3.1333E+00, 1.7333E+00,
14:52:45.07727356, 6.5667E+00, 3.3333E+00, 1.7333E+00,
14:52:45.07727361, 7.4333E+00, 3.7333E+00, 1.6000E+00,
14:52:45.07727366, 7.9000E+00, 3.7333E+00, 1.6000E+00,
14:52:45.07727371, 8.2000E+00, 3.7333E+00, 2.1333E+00,
14:52:45.07727376, 8.2000E+00, 3.9333E+00, 2.1333E+00,
14:52:45.07727381, 8.1667E+00, 4.0000E+00, 2.2667E+00,
14:52:45.07727386, 8.1667E+00, 3.8000E+00, 2.8000E+00,
14:52:45.07727391, 8.2333E+00, 3.8667E+00, 2.9333E+00,
14:52:45.07727396, 8.1667E+00, 3.9333E+00, 3.0667E+00,
14:52:45.07727401, 8.2000E+00, 3.9333E+00, 3.4667E+00,
14:52:45.07727406, 8.1333E+00, 3.8667E+00, 4.0000E+00,
14:52:45.07727411, 8.1333E+00, 3.9333E+00, 4.0000E+00,
14:52:45.07727416, 8.1333E+00, 4.0000E+00, 4.5333E+00,
14:52:45.07727421, 8.2333E+00, 4.0000E+00, 4.6667E+00,
14:52:45.07727426, 8.0667E+00, 3.9333E+00, 5.0667E+00,
14:52:45.07727431, 8.0667E+00, 3.8667E+00, 5.2000E+00,
14:52:45.07727436, 8.0667E+00, 3.8667E+00, 5.3333E+00,
14:52:45.07727441, 8.1333E+00, 3.8667E+00, 6.0000E+00,
14:52:45.07727446, 8.1667E+00, 4.0667E+00, 6.1333E+00,
14:52:45.07727451, 8.1333E+00, 3.8000E+00, 6.0000E+00,
14:52:45.07727456, 8.0333E+00, 4.1333E+00, 6.9333E+00,
14:52:45.07727461, 8.0333E+00, 3.9333E+00, 6.9333E+00,
14:52:45.07727466, 8.0000E+00, 3.8667E+00, 7.3333E+00,
14:52:45.07727471, 8.0000E+00, 4.0667E+00, 7.3333E+00,
14:52:45.07727476, 7.9667E+00, 4.0667E+00, 7.4667E+00,
14:52:45.07727481, 7.9667E+00, 3.8667E+00, 8.0000E+00,
14:52:45.07727486, 8.0333E+00, 3.9333E+00, 8.0000E+00,
14:52:45.07727491, 7.9333E+00, 3.9333E+00, 8.5333E+00,
14:52:45.07727496, 8.0000E+00, 4.0667E+00, 8.6667E+00,
14:52:45.07727501, 7.9667E+00, 3.9333E+00, 8.8000E+00,
14:52:45.07727506, 8.0000E+00, 4.0667E+00, 8.9333E+00,
14:52:45.07727511, 7.9667E+00, 4.1333E+00, 9.3333E+00,
14:52:45.07727516, 7.9333E+00, 4.0000E+00, 9.2000E+00,
14:52:45.07727521, 7.9333E+00, 4.0667E+00, 9.6000E+00,
14:52:45.07727526, 7.9333E+00, 3.9333E+00, 1.0267E+01,
14:52:45.07727531, 8.0333E+00, 4.0000E+00, 1.0267E+01,
14:52:45.07727536, 7.9333E+00, 3.9333E+00, 1.0533E+01,
14:52:45.07727541, 7.9000E+00, 4.0000E+00, 1.0667E+01,
14:52:45.07727546, 7.9333E+00, 4.0000E+00, 1.0800E+01,
14:52:45.07727551, 7.9000E+00, 4.0667E+00, 1.1333E+01,
14:52:45.07727556, 7.9333E+00, 4.0667E+00, 1.1200E+01,
14:52:45.07727561, 7.8667E+00, 4.1333E+00, 1.1733E+01,
14:52:45.07727566, 7.8333E+00, 3.9333E+00, 1.1867E+01,
14:52:45.07727571, 7.8333E+00, 4.0667E+00, 1.2133E+01,
14:52:45.07727576, 7.9333E+00, 3.9333E+00, 1.2533E+01,
14:52:45.07727581, 7.8667E+00, 4.0000E+00, 1.2533E+01,
14:52:45.07727586, 7.9333E+00, 4.1333E+00, 1.2533E+01,
14:52:45.07727591, 7.9000E+00, 3.9333E+00, 1.3067E+01,
14:52:45.07727596, 7.9000E+00, 4.1333E+00, 1.3467E+01,
14:52:45.07727601, 7.8667E+00, 4.0667E+00, 1.3333E+01,
14:52:45.07727606, 7.9000E+00, 4.0667E+00, 1.3600E+01,
14:52:45.07727611, 7.8333E+00, 4.0000E+00, 1.4000E+01,
14:52:45.07727616, 7.9000E+00, 4.2000E+00, 1.4133E+01,
14:52:45.07727621, 7.9000E+00, 4.0000E+00, 1.4400E+01,
14:52:45.07727626, 7.8667E+00, 3.9333E+00, 1.4667E+01,
14:52:45.07727631, 7.8333E+00, 4.0000E+00, 1.4667E+01,
14:52:45.07727636, 7.8667E+00, 4.0667E+00, 1.5200E+01,
14:52:45.07727641, 7.9000E+00, 4.0667E+00, 1.5200E+01,
14:52:45.07727646, 7.8000E+00, 4.0000E+00, 1.5067E+01,
14:52:45.07727651, 7.9000E+00, 4.1333E+00, 1.5600E+01,
14:52:45.07727656, 7.8667E+00, 4.0667E+00, 1.6133E+01,
14:52:45.07727661, 7.8333E+00, 4.0000E+00, 1.6000E+01,
14:52:45.07727666, 7.8667E+00, 4.1333E+00, 1.6267E+01,
14:52:45.07727671, 7.8000E+00, 4.0000E+00, 1.6533E+01,
14:52:45.07727676, 7.9000E+00, 4.0667E+00, 1.6667E+01,
14:52:45.07727681, 7.9000E+00, 4.0000E+00, 1.6800E+01,
14:52:45.07727686, 7.9000E+00, 4.0000E+00, 1.7467E+01,
14:52:45.07727691, 7.8333E+00, 4.0667E+00, 1.7600E+01,
14:52:45.07727696, 7.9000E+00, 4.0000E+00, 1.7067E+01,
14:52:45.07727701, 7.9333E+00, 4.0667E+00, 1.7733E+01,
14:52:45.07727706, 7.9333E+00, 4.2000E+00, 1.7867E+01,
14:52:45.07727711, 7.9333E+00, 4.0667E+00, 1.7867E+01,
14:52:45.07727716, 7.9000E+00, 4.0667E+00, 1.8267E+01,
14:52:45.07727721, 7.9333E+00, 4.0667E+00, 1.8533E+01,
14:52:45.07727726, 7.9333E+00, 4.0000E+00, 1.8800E+01,
14:52:45.07727731, 7.9333E+00, 4.0667E+00, 1.8800E+01,
14:52:45.07727736, 7.9333E+00, 4.2000E+00, 1.9067E+01,
14:52:45.07727741, 7.9333E+00, 4.0667E+00, 1.9333E+01,
14:52:45.07727746, 7.9333E+00, 4.0667E+00, 1.9467E+01,
14:52:45.07727751, 7.9333E+00, 4.1333E+00, 1.9467E+01,
14:52:45.07727756, 7.9333E+00, 4.0667E+00, 1.9867E+01,
14:52:45.07727761, 7.9000E+00, 4.1333E+00, 2.0133E+01,
14:52:45.07727766, 7.9333E+00, 4.0000E+00, 2.0000E+01,
14:52:45.07727771, 7.9667E+00, 3.9333E+00, 2.0267E+01,
14:52:45.07727776, 7.9333E+00, 4.2000E+00, 2.0800E+01,
14:52:45.07727781, 7.9000E+00, 4.1333E+00, 2.0400E+01,
14:52:45.07727786, 7.9000E+00, 4.2000E+00, 2.0533E+01,
14:52:45.07727791, 7.9333E+00, 4.0667E+00, 2.1067E+01,
14:52:45.07727796, 7.9333E+00, 4.1333E+00, 2.1333E+01,
14:52:45.07727801, 7.9333E+00, 4.2667E+00, 2.1467E+01,
14:52:45.07727806, 7.9000E+00, 4.1333E+00, 2.1600E+01,
14:52:45.07727811, 7.9000E+00, 4.1333E+00, 2.1867E+01,
14:52:45.07727816, 7.9000E+00, 4.2667E+00, 2.2000E+01,
14:52:45.07727821, 7.9333E+00, 4.1333E+00, 2.2000E+01,
14:52:45.07727826, 7.9000E+00, 4.2667E+00, 2.2133E+01,
14:52:45.07727831, 7.9333E+00, 4.2000E+00, 2.2267E+01,
14:52:45.07727836, 7.9000E+00, 4.0667E+00, 2.2267E+01,
14:52:45.07727841, 7.9667E+00, 4.2000E+00, 2.2533E+01,
14:52:45.07727846, 7.9333E+00, 4.2000E+00, 2.2933E+01,
14:52:45.07727851, 7.9333E+00, 4.2000E+00, 2.2800E+01,
14:52:45.07727856, 7.8667E+00, 4.2000E+00, 2.2933E+01,
14:52:45.07727861, 7.9667E+00, 4.2000E+00, 2.3333E+01,
14:52:45.07727866, 7.9333E+00, 4.2000E+00, 2.3467E+01,
14:52:45.07727871, 7.9333E+00, 4.2000E+00, 2.3867E+01,
14:52:45.07727876, 7.9333E+00, 4.2667E+00, 2.4000E+01,
14:52:45.07727881, 7.9333E+00, 4.1333E+00, 2.4267E+01,
14:52:45.07727886, 7.9333E+00, 4.3333E+00, 2.4000E+01,
14:52:45.07727891, 7.9333E+00, 4.2000E+00, 2.4400E+01,
14:52:45.07727896, 7.9333E+00, 4.3333E+00, 2.4400E+01,
14:52:45.07727901, 7.9333E+00, 4.4000E+00, 2.4400E+01,
14:52:45.07727906, 7.9000E+00, 4.2667E+00, 2.4800E+01,
14:52:45.07727911, 7.9333E+00, 4.0667E+00, 2.5200E+01,
14:52:45.07727916, 7.9667E+00, 4.2000E+00, 2.4933E+01,
14:52:45.07727921, 7.9333E+00, 4.3333E+00, 2.5200E+01,
14:52:45.07727926, 7.9333E+00, 4.2667E+00, 2.5333E+01,
14:52:45.07727931, 7.9667E+00, 4.1333E+00, 2.5733E+01,
14:52:45.07727936, 7.9333E+00, 4.2000E+00, 2.5733E+01,
14:52:45.07727941, 7.9667E+00, 4.1333E+00, 2.5600E+01,
14:52:45.07727946, 7.9667E+00, 4.2000E+00, 2.6133E+01,
14:52:45.07727951, 7.9667E+00, 4.2000E+00, 2.6000E+01,
14:52:45.07727956, 7.9667E+00, 4.3333E+00, 2.6133E+01,
14:52:45.07727961, 7.9333E+00, 4.4000E+00, 2.6400E+01,
14:52:45.07727966, 7.9333E+00, 4.2667E+00, 2.6667E+01,
14:52:45.07727971, 8.0000E+00, 4.4000E+00, 2.6667E+01,
14:52:45.07727976, 8.0000E+00, 4.3333E+00, 2.6667E+01,
14:52:45.07727981, 7.9667E+00, 4.2667E+00, 2.6667E+01,
14:52:45.07727986, 8.0000E+00, 4.3333E+00, 2.6800E+01,
14:52:45.07727991, 7.9667E+00, 4.4000E+00, 2.7333E+01,
14:52:45.07727996, 8.0000E+00, 4.3333E+00, 2.7067E+01,
14:52:45.07728001, 7.9333E+00, 4.2667E+00, 2.7467E+01,
14:52:45.07728006, 7.9333E+00, 4.3333E+00, 2.7467E+01,
14:52:45.07728011, 7.9333E+00, 4.3333E+00, 2.7733E+01,
14:52:45.07728016, 7.9667E+00, 4.3333E+00, 2.8000E+01,
14:52:45.07728021, 8.0000E+00, 4.2000E+00, 2.8000E+01,
14:52:45.07728026, 8.0667E+00, 4.3333E+00, 2.8000E+01,
14:52:45.07728031, 7.9333E+00, 4.4000E+00, 2.8267E+01,
14:52:45.07728036, 8.0000E+00, 4.2667E+00, 2.8133E+01,
14:52:45.07728041, 7.9667E+00, 4.2000E+00, 2.8000E+01,
14:52:45.07728046, 8.0333E+00, 4.4000E+00, 2.8400E+01,
14:52:45.07728051, 7.9333E+00, 4.4667E+00, 2.8667E+01,
14:52:45.07728056, 8.0000E+00, 4.3333E+00, 2.8667E+01,
14:52:45.07728061, 8.0000E+00, 4.4667E+00, 2.9067E+01,
14:52:45.07728066, 8.0000E+00, 4.6000E+00, 2.9067E+01,
14:52:45.07728071, 8.0667E+00, 4.4000E+00, 2.8667E+01,
14:52:45.07728076, 7.9667E+00, 4.4000E+00, 2.9067E+01,
14:52:45.07728081, 8.0333E+00, 4.4667E+00, 2.9333E+01,
14:52:45.07728086, 7.9667E+00, 4.2667E+00, 2.9067E+01,
14:52:45.07728091, 8.0333E+00, 4.4000E+00, 2.9333E+01,
14:52:45.07728096, 8.0000E+00, 4.4667E+00, 2.9467E+01,
14:52:45.07728101, 7.9667E+00, 4.4667E+00, 2.9467E+01,
14:52:45.07728106, 8.0333E+00, 4.4000E+00, 2.9600E+01,
14:52:45.07728111, 8.0333E+00, 4.3333E+00, 2.9600E+01,
14:52:45.07728116, 7.9667E+00, 4.5333E+00, 2.9467E+01,
14:52:45.07728121, 8.0333E+00, 4.4667E+00, 3.0000E+01,
14:52:45.07728126, 8.0000E+00, 4.4667E+00, 3.0133E+01,
14:52:45.07728131, 7.9667E+00, 4.4667E+00, 3.0133E+01,
14:52:45.07728136, 7.9667E+00, 4.4667E+00, 3.0000E+01,
14:52:45.07728141, 8.0333E+00, 4.4000E+00, 3.0267E+01,
14:52:45.07728146, 8.0333E+00, 4.2667E+00, 3.0667E+01,
14:52:45.07728151, 8.0333E+00, 4.4667E+00, 3.0267E+01,
14:52:45.07728156, 8.0333E+00, 4.4000E+00, 3.0533E+01,
14:52:45.07728161, 8.0000E+00, 4.4667E+00, 3.0667E+01,
14:52:45.07728166, 7.9333E+00, 4.3333E+00, 3.0667E+01,
14:52:45.07728171, 7.9333E+00, 4.4667E+00, 3.0800E+01,
14:52:45.07728176, 8.0000E+00, 4.4667E+00, 3.0800E+01,
14:52:45.07728181, 7.9333E+00, 4.4667E+00, 3.0800E+01,
14:52:45.07728186, 8.0333E+00, 4.4667E+00, 3.1067E+01,
14:52:45.07728191, 8.0000E+00, 4.4667E+00, 3.1333E+01,
14:52:45.07728196, 7.9333E+00, 4.4667E+00, 3.0933E+01,
14:52:45.07728201, 8.1000E+00, 4.4667E+00, 3.0933E+01,
14:52:45.07728206, 8.0000E+00, 4.4000E+00, 3.1333E+01,
14:52:45.07728211, 7.9333E+00, 4.4667E+00, 3.1600E+01,
14:52:45.07728216, 8.0000E+00, 4.6000E+00, 3.1733E+01,
14:52:45.07728221, 8.1000E+00, 4.4667E+00, 3.1200E+01,
14:52:45.07728226, 8.0000E+00, 4.4000E+00, 3.1733E+01,
14:52:45.07728231, 8.0333E+00, 4.4667E+00, 3.1733E+01,
14:52:45.07728236, 7.9333E+00, 4.4667E+00, 3.2000E+01,
14:52:45.07728241, 7.9667E+00, 4.5333E+00, 3.1867E+01,
14:52:45.07728246, 8.0000E+00, 4.6000E+00, 3.2133E+01,
14:52:45.07728251, 8.0000E+00, 4.4000E+00, 3.1867E+01,
14:52:45.07728256, 8.0667E+00, 4.6000E+00, 3.2133E+01,
14:52:45.07728261, 7.9667E+00, 4.4667E+00, 3.2133E+01,
14:52:45.07728266, 8.0667E+00, 4.5333E+00, 3.2133E+01,
14:52:45.07728271, 8.0667E+00, 4.4667E+00, 3.2133E+01,
14:52:45.07728276, 8.0667E+00, 4.6667E+00, 3.2133E+01,
14:52:45.07728281, 8.0000E+00, 4.4667E+00, 3.2533E+01,
14:52:45.07728286, 8.0667E+00, 4.4667E+00, 3.2533E+01,
14:52:45.07728291, 8.0000E+00, 4.5333E+00, 3.2400E+01,
14:52:45.07728296, 7.9667E+00, 4.4667E+00, 3.2267E+01,
14:52:45.07728301, 8.0000E+00, 4.5333E+00, 3.2133E+01,
14:52:45.07728306, 8.0000E+00, 4.6000E+00, 3.2933E+01,
14:52:45.07728311, 8.0667E+00, 4.5333E+00, 3.2800E+01,
14:52:45.07728316, 8.0667E+00, 4.4667E+00, 3.2400E+01,
14:52:45.07728321, 8.0333E+00, 4.6000E+00, 3.2533E+01,
14:52:45.07728326, 7.9667E+00, 4.5333E+00, 3.2533E+01,
14:52:45.07728331, 8.0333E+00, 4.4667E+00, 3.2933E+01,
14:52:45.07728336, 8.0667E+00, 4.5333E+00, 3.2800E+01,
14:52:45.07728341, 8.0333E+00, 4.5333E+00, 3.2933E+01,
14:52:45.07728346, 8.0000E+00, 4.7333E+00, 3.2933E+01,
14:52:45.07728351, 8.0333E+00, 4.6000E+00, 3.2933E+01,
14:52:45.07728356, 8.0333E+00, 4.4667E+00, 3.3067E+01,
14:52:45.07728361, 8.0667E+00, 4.6667E+00, 3.3467E+01,
14:52:45.07728366, 8.0333E+00, 4.6667E+00, 3.2933E+01,
14:52:45.07728371, 8.0333E+00, 4.6000E+00, 3.3200E+01,
14:52:45.07728376, 8.0333E+00, 4.5333E+00, 3.3333E+01,
14:52:45.07728381, 7.9667E+00, 4.5333E+00, 3.3333E+01,
14:52:45.07728386, 7.9667E+00, 4.5333E+00, 3.3600E+01,
14:52:45.07728391, 8.0000E+00, 4.6000E+00, 3.3600E+01,
14:52:45.07728396, 8.0667E+00, 4.6667E+00, 3.3200E+01,
14:52:45.07728401, 8.0000E+00, 4.5333E+00, 3.3733E+01,
14:52:45.07728406, 8.0333E+00, 4.6667E+00, 3.3067E+01,
14:52:45.07728411, 8.0667E+00, 4.5333E+00, 3.3467E+01,
14:52:45.07728416, 8.0333E+00, 4.6000E+00, 3.3467E+01,
14:52:45.07728421, 8.0667E+00, 4.7333E+00, 3.3333E+01,
14:52:45.07728426, 8.0000E+00, 4.6000E+00, 3.3333E+01,
14:52:45.07728431, 8.0000E+00, 4.5333E+00, 3.3200E+01,
14:52:45.07728436, 8.0333E+00, 4.4667E+00, 3.3600E+01,
14:52:45.07728441, 8.0667E+00, 4.6667E+00, 3.3867E+01,
14:52:45.07728446, 8.0667E+00, 4.4667E+00, 3.3733E+01,
14:52:45.07728451, 8.0333E+00, 4.7333E+00, 3.3600E+01,
14:52:45.07728456, 8.0333E+00, 4.6000E+00, 3.3867E+01,
14:52:45.07728461, 8.0000E+00, 4.7333E+00, 3.3467E+01,
14:52:45.07728466, 8.0000E+00, 4.6667E+00, 3.3867E+01,
14:52:45.07728471, 8.0000E+00, 4.6667E+00, 3.3733E+01,
14:52:45.07728476, 8.0000E+00, 4.4667E+00, 3.3733E+01,
14:52:45.07728481, 7.9667E+00, 4.6000E+00, 3.3867E+01,
14:52:45.07728486, 8.0000E+00, 4.6000E+00, 3.3600E+01,
14:52:45.07728491, 8.0333E+00, 4.6000E+00, 3.3600E+01,
14:52:45.07728496, 8.1000E+00, 4.6000E+00, 3.3600E+01,
14:52:45.07728501, 8.1000E+00, 4.7333E+00, 3.4000E+01,
14:52:45.07728506, 8.0000E+00, 4.6667E+00, 3.3733E+01,
14:52:45.07728511, 8.0667E+00, 4.6667E+00, 3.3733E+01,
14:52:45.07728516, 8.0000E+00, 4.7333E+00, 3.3600E+01,
14:52:45.07728521, 8.0667E+00, 4.7333E+00, 3.4000E+01,
14:52:45.07728526, 8.0667E+00, 4.7333E+00, 3.3867E+01,
14:52:45.07728531, 7.9667E+00, 4.8000E+00, 3.4133E+01,
14:52:45.07728536, 8.0333E+00, 4.6667E+00, 3.4133E+01,
14:52:45.07728541, 8.0000E+00, 4.8000E+00, 3.4000E+01,
14:52:45.07728546, 8.0000E+00, 4.7333E+00, 3.3867E+01,
14:52:45.07728551, 7.9667E+00, 4.7333E+00, 3.4000E+01,
14:52:45.07728556, 8.0000E+00, 4.6000E+00, 3.3867E+01,
14:52:45.07728561, 8.1000E+00, 4.5333E+00, 3.4267E+01,
14:52:45.07728566, 8.0000E+00, 4.6667E+00, 3.3867E+01,
14:52:45.07728571, 8.0333E+00, 4.7333E+00, 3.3867E+01,
14:52:45.07728576, 8.0000E+00, 4.7333E+00, 3.4133E+01,
14:52:45.07728581, 8.0333E+00, 4.6667E+00, 3.3867E+01,
14:52:45.07728586, 7.9667E+00, 4.8000E+00, 3.3867E+01,
14:52:45.07728591, 7.9333E+00, 4.4667E+00, 3.3867E+01,
14:52:45.07728596, 8.0667E+00, 4.8000E+00, 3.4133E+01,
14:52:45.07728601, 8.0333E+00, 4.6000E+00, 3.4267E+01,
14:52:45.07728606, 8.0667E+00, 4.6000E+00, 3.3867E+01,
14:52:45.07728611, 8.0667E+00, 4.5333E+00, 3.3867E+01,
14:52:45.07728616, 8.0333E+00, 4.7333E+00, 3.3867E+01,
14:52:45.07728621, 8.0333E+00, 4.7333E+00, 3.4000E+01,
14:52:45.07728626, 8.0000E+00, 4.6667E+00, 3.4267E+01,
14:52:45.07728631, 8.0667E+00, 4.6667E+00, 3.4133E+01,
14:52:45.07728636, 8.0667E+00, 4.6667E+00, 3.4000E+01,
14:52:45.07728641, 8.0000E+00, 4.8000E+00, 3.3867E+01,
14:52:45.07728646, 8.0667E+00, 4.6667E+00, 3.4133E+01,
14:52:45.07728651, 7.9667E+00, 4.6667E+00, 3.4133E+01,
14:52:45.07728656, 8.0667E+00, 4.6000E+00, 3.4000E+01,
14:52:45.07728661, 8.1000E+00, 4.8000E+00, 3.4267E+01,
14:52:45.07728666, 8.0000E+00, 4.7333E+00, 3.4000E+01,
14:52:45.07728671, 8.0000E+00, 4.6667E+00, 3.4267E+01,
14:52:45.07728676, 8.0000E+00, 4.8000E+00, 3.4133E+01,
14:52:45.07728681, 8.0000E+00, 4.6667E+00, 3.4000E+01,
14:52:45.07728686, 8.0000E+00, 4.8000E+00, 3.3867E+01,
14:52:45.07728691, 8.0667E+00, 4.7333E+00, 3.4267E+01,
14:52:45.07728696, 8.1000E+00, 4.6667E+00, 3.4133E+01,
14:52:45.07728701, 8.0667E+00, 4.6667E+00, 3.4000E+01,
14:52:45.07728706, 8.0333E+00, 4.9333E+00, 3.3867E+01,
14:52:45.07728711, 8.0667E+00, 4.6000E+00, 3.3600E+01,
14:52:45.07728716, 7.9333E+00, 4.6667E+00, 3.4133E+01,
14:52:45.07728721, 7.9667E+00, 4.8000E+00, 3.3867E+01,
14:52:45.07728726, 8.0667E+00, 4.8000E+00, 3.3733E+01,
14:52:45.07728731, 8.0000E+00, 4.7333E+00, 3.3867E+01,
14:52:45.07728736, 8.0000E+00, 4.8000E+00, 3.4000E+01,
14:52:45.07728741, 7.9333E+00, 4.8000E+00, 3.4133E+01,
14:52:45.07728746, 8.0667E+00, 4.8000E+00, 3.4000E+01,
14:52:45.07728751, 8.0333E+00, 4.6667E+00, 3.4000E+01,
14:52:45.07728756, 8.0333E+00, 4.7333E+00, 3.3600E+01,
14:52:45.07728761, 7.9667E+00, 4.7333E+00, 3.3867E+01,
14:52:45.07728766, 8.0333E+00, 4.7333E+00, 3.3733E+01,
14:52:45.07728771, 8.0333E+00, 4.8667E+00, 3.4133E+01,
14:52:45.07728776, 8.0000E+00, 4.8667E+00, 3.3733E+01,
14:52:45.07728781, 8.0000E+00, 4.8667E+00, 3.3733E+01,
14:52:45.07728786, 8.0000E+00, 4.7333E+00, 3.4000E+01,
14:52:45.07728791, 8.0333E+00, 4.8667E+00, 3.4000E+01,
14:52:45.07728796, 8.1000E+00, 4.8000E+00, 3.3867E+01,
14:52:45.07728801, 7.9667E+00, 4.9333E+00, 3.3733E+01,
14:52:45.07728806, 8.0333E+00, 4.8000E+00, 3.3467E+01,
14:52:45.07728811, 8.0000E+00, 4.6667E+00, 3.3867E+01,
14:52:45.07728816, 8.0000E+00, 4.8667E+00, 3.4000E+01,
14:52:45.07728821, 8.0333E+00, 4.8000E+00, 3.3600E+01,
14:52:45.07728826, 7.9667E+00, 4.8667E+00, 3.3600E+01,
14:52:45.07728831, 8.0667E+00, 4.7333E+00, 3.4133E+01,
14:52:45.07728836, 8.0000E+00, 4.9333E+00, 3.3733E+01,
14:52:45.07728841, 8.0333E+00, 4.6667E+00, 3.3733E+01,
14:52:45.07728846, 8.0667E+00, 4.8000E+00, 3.3733E+01,
14:52:45.07728851, 7.9667E+00, 5.0000E+00, 3.3600E+01,
14:52:45.07728856, 8.0333E+00, 4.7333E+00, 3.3600E+01,
14:52:45.07728861, 8.0000E+00, 4.7333E+00, 3.3600E+01,
14:52:45.07728866, 8.0333E+00, 4.7333E+00, 3.3467E+01,
14:52:45.07728871, 8.0667E+00, 4.8667E+00, 3.3200E+01,
14:52:45.07728876, 7.9667E+00, 4.8667E+00, 3.3600E+01,
14:52:45.07728881, 8.0000E+00, 4.7333E+00, 3.3600E+01,
14:52:45.07728886, 8.0667E+00, 4.8000E+00, 3.3600E+01,
14:52:45.07728891, 7.9667E+00, 4.7333E+00, 3.3467E+01,
14:52:45.07728896, 8.0000E+00, 4.8000E+00, 3.3467E+01,
14:52:45.07728901, 8.0333E+00, 4.8667E+00, 3.3467E+01,
14:52:45.07728906, 7.9667E+00, 4.8000E+00, 3.3467E+01,
14:52:45.07728911, 8.0667E+00, 4.9333E+00, 3.3067E+01,
14:52:45.07728916, 8.0000E+00, 4.6667E+00, 3.3333E+01,
14:52:45.07728921, 8.0333E+00, 4.7333E+00, 3.3600E+01,
14:52:45.07728926, 7.9667E+00, 4.8667E+00, 3.3467E+01,
14:52:45.07728931, 8.0333E+00, 4.8667E+00, 3.3333E+01,
14:52:45.07728936, 7.9667E+00, 4.8000E+00, 3.3333E+01,
14:52:45.07728941, 8.0000E+00, 4.6667E+00, 3.3200E+01,
14:52:45.07728946, 8.0333E+00, 4.8667E+00, 3.3200E+01,
14:52:45.07728951, 8.1000E+00, 4.8000E+00, 3.2800E+01,
14:52:45.07728956, 8.0333E+00, 4.7333E+00, 3.3067E+01,
14:52:45.07728961, 8.0667E+00, 4.9333E+00, 3.3067E+01,
14:52:45.07728966, 8.0000E+00, 4.7333E+00, 3.2933E+01,
14:52:45.07728971, 7.9333E+00, 4.7333E+00, 3.3200E+01,
14:52:45.07728976, 8.0333E+00, 4.7333E+00, 3.2933E+01,
14:52:45.07728981, 8.0667E+00, 4.8000E+00, 3.3200E+01,
14:52:45.07728986, 8.0667E+00, 4.7333E+00, 3.3067E+01,
14:52:45.07728991, 7.9667E+00, 4.6667E+00, 3.2933E+01,
14:52:45.07728996, 8.0000E+00, 4.8000E+00, 3.2800E+01,
14:52:45.07729001, 7.9667E+00, 4.9333E+00, 3.2533E+01,
14:52:45.07729006, 8.0000E+00, 4.8000E+00, 3.2800E+01,
14:52:45.07729011, 8.0333E+00, 4.9333E+00, 3.2667E+01,
14:52:45.07729016, 8.0333E+00, 4.9333E+00, 3.2800E+01,
14:52:45.07729021, 8.0333E+00, 4.8667E+00, 3.2800E+01,
14:52:45.07729026, 7.9333E+00, 4.8000E+00, 3.2667E+01,
14:52:45.07729031, 8.0000E+00, 4.8000E+00, 3.2933E+01,
14:52:45.07729036, 8.0333E+00, 4.8667E+00, 3.3067E+01,
14:52:45.07729041, 8.0000E+00, 4.9333E+00, 3.2667E+01,
14:52:45.07729046, 8.0000E+00, 4.8000E+00, 3.2667E+01,
14:52:45.07729051, 7.9667E+00, 4.8000E+00, 3.2400E+01,
14:52:45.07729056, 7.9667E+00, 4.8667E+00, 3.2533E+01,
14:52:45.07729061, 8.0000E+00, 4.8667E+00, 3.2800E+01,
14:52:45.07729066, 7.9333E+00, 4.7333E+00, 3.2667E+01,
14:52:45.07729071, 8.0667E+00, 4.8000E+00, 3.2400E+01,
14:52:45.07729076, 8.0333E+00, 4.8000E+00, 3.2400E+01,
14:52:45.07729081, 8.0000E+00, 4.8000E+00, 3.2533E+01,
14:52:45.07729086, 7.9667E+00, 4.8000E+00, 3.2667E+01,
14:52:45.07729091, 8.0000E+00, 4.7333E+00, 3.2533E+01,
14:52:45.07729096, 7.9667E+00, 4.6667E+00, 3.2267E+01,
14:52:45.07729101, 7.9667E+00, 4.7333E+00, 3.2533E+01,
14:52:45.07729106, 7.9667E+00, 4.7333E+00, 3.2267E+01,
14:52:45.07729111, 7.9333E+00, 4.6667E+00, 3.2267E+01,
14:52:45.07729116, 7.9667E+00, 4.8667E+00, 3.2533E+01,
14:52:45.07729121, 8.0667E+00, 4.8000E+00, 3.2400E+01,
14:52:45.07729126, 7.9667E+00, 4.8000E+00, 3.2133E+01,
14:52:45.07729131, 7.9667E+00, 4.6667E+00, 3.2133E+01,
14:52:45.07729136, 7.9667E+00, 4.8667E+00, 3.2133E+01,
14:52:45.07729141, 7.9667E+00, 4.7333E+00, 3.2267E+01,
14:52:45.07729146, 7.9333E+00, 4.7333E+00, 3.2133E+01,
14:52:45.07729151, 8.0333E+00, 5.0000E+00, 3.2000E+01,
14:52:45.07729156, 8.0333E+00, 4.8667E+00, 3.2000E+01,
14:52:45.07729161, 8.0000E+00, 4.8000E+00, 3.2000E+01,
14:52:45.07729166, 8.0000E+00, 4.9333E+00, 3.2000E+01,
14:52:45.07729171, 8.0000E+00, 4.8000E+00, 3.2133E+01,
14:52:45.07729176, 7.9667E+00, 4.6667E+00, 3.2000E+01,
14:52:45.07729181, 8.0667E+00, 4.8000E+00, 3.2000E+01,
14:52:45.07729186, 7.9333E+00, 4.8000E+00, 3.1867E+01,
14:52:45.07729191, 8.0333E+00, 4.8000E+00, 3.1867E+01,
14:52:45.07729196, 7.9667E+00, 4.8000E+00, 3.1867E+01,
14:52:45.07729201, 7.9667E+00, 4.8000E+00, 3.1867E+01,
14:52:45.07729206, 7.9333E+00, 4.8667E+00, 3.1867E+01,
14:52:45.07729211, 7.9667E+00, 4.7333E+00, 3.1467E+01,
14:52:45.07729216, 8.0000E+00, 4.8000E+00, 3.1867E+01,
14:52:45.07729221, 7.9333E+00, 4.7333E+00, 3.2133E+01,
14:52:45.07729226, 8.0667E+00, 4.9333E+00, 3.1600E+01,
14:52:45.07729231, 7.9333E+00, 4.8000E+00, 3.1733E+01,
14:52:45.07729236, 8.0000E+00, 4.7333E+00, 3.1867E+01,
14:52:45.07729241, 7.9667E+00, 4.8000E+00, 3.1467E+01,
14:52:45.07729246, 7.9333E+00, 4.8667E+00, 3.1867E+01,
14:52:45.07729251, 7.9333E+00, 4.9333E+00, 3.1333E+01,
14:52:45.07729256, 7.9667E+00, 4.8000E+00, 3.1200E+01,
14:52:45.07729261, 8.0667E+00, 4.7333E+00, 3.1333E+01,
14:52:45.07729266, 7.9333E+00, 4.9333E+00, 3.1333E+01,
14:52:45.07729271, 7.9667E+00, 4.8667E+00, 3.1467E+01,
14:52:45.07729276, 7.9333E+00, 4.8667E+00, 3.1467E+01,
14:52:45.07729281, 7.9667E+00, 4.8000E+00, 3.1467E+01,
14:52:45.07729286, 7.9667E+00, 4.8667E+00, 3.1467E+01,
14:52:45.07729291, 7.9667E+00, 4.8000E+00, 3.1067E+01,
14:52:45.07729296, 8.0000E+00, 4.7333E+00, 3.1333E+01,
14:52:45.07729301, 7.9667E+00, 4.9333E+00, 3.1467E+01,
14:52:45.07729306, 8.0333E+00, 4.8000E+00, 3.1333E+01,
14:52:45.07729311, 7.9667E+00, 4.8000E+00, 3.1333E+01,
14:52:45.07729316, 7.9667E+00, 4.8000E+00, 3.1200E+01,
14:52:45.07729321, 7.9667E+00, 4.9333E+00, 3.1067E+01,
14:52:45.07729326, 8.0000E+00, 4.8667E+00, 3.1200E+01,
14:52:45.07729331, 7.9333E+00, 4.8000E+00, 3.1067E+01,
14:52:45.07729336, 7.9667E+00, 4.7333E+00, 3.1067E+01,
14:52:45.07729341, 7.9667E+00, 4.9333E+00, 3.0800E+01,
14:52:45.07729346, 7.9333E+00, 4.8667E+00, 3.1067E+01,
14:52:45.07729351, 7.9667E+00, 4.9333E+00, 3.1067E+01,
14:52:45.07729356, 7.9667E+00, 4.8000E+00, 3.0800E+01,
14:52:45.07729361, 7.9667E+00, 4.8667E+00, 3.1067E+01,
14:52:45.07729366, 7.9333E+00, 4.8000E+00, 3.0933E+01,
14:52:45.07729371, 8.0000E+00, 5.0000E+00, 3.0933E+01,
14:52:45.07729376, 7.9333E+00, 4.7333E+00, 3.0933E+01,
14:52:45.07729381, 8.0000E+00, 5.0000E+00, 3.0800E+01,
14:52:45.07729386, 7.9667E+00, 4.8000E+00, 3.1067E+01,
14:52:45.07729391, 8.0000E+00, 4.8667E+00, 3.0800E+01,
14:52:45.07729396, 7.9333E+00, 4.8000E+00, 3.0667E+01,
14:52:45.07729401, 7.9333E+00, 5.0000E+00, 3.0933E+01,
14:52:45.07729406, 8.0333E+00, 4.7333E+00, 3.0533E+01,
14:52:45.07729411, 8.0667E+00, 4.9333E+00, 3.0800E+01,
14:52:45.07729416, 8.0333E+00, 4.8667E+00, 3.0933E+01,
14:52:45.07729421, 7.9333E+00, 4.8667E+00, 3.0667E+01,
14:52:45.07729426, 8.0000E+00, 4.6667E+00, 3.0800E+01,
14:52:45.07729431, 8.0000E+00, 4.7333E+00, 3.0533E+01,
14:52:45.07729436, 7.9333E+00, 4.8000E+00, 3.0267E+01,
14:52:45.07729441, 7.9667E+00, 4.8667E+00, 3.0400E+01,
14:52:45.07729446, 7.9333E+00, 4.8667E+00, 3.0667E+01,
14:52:45.07729451, 8.0333E+00, 4.8667E+00, 3.0667E+01,
14:52:45.07729456, 7.9667E+00, 4.8000E+00, 3.0267E+01,
14:52:45.07729461, 7.9667E+00, 4.7333E+00, 3.0800E+01,
14:52:45.07729466, 8.0000E+00, 4.9333E+00, 3.0800E+01,
14:52:45.07729471, 8.0000E+00, 4.7333E+00, 3.0800E+01,
14:52:45.07729476, 8.0000E+00, 4.9333E+00, 3.0667E+01,
14:52:45.07729481, 7.9333E+00, 5.0000E+00, 3.0400E+01,
14:52:45.07729486, 8.0333E+00, 4.9333E+00, 3.0400E+01,
14:52:45.07729491, 7.9667E+00, 4.9333E+00, 3.0400E+01,
14:52:45.07729496, 7.9333E+00, 4.8667E+00, 3.0267E+01,
14:52:45.07729501, 8.0333E+00, 4.8000E+00, 3.0400E+01,
14:52:45.07729506, 8.0333E+00, 4.8000E+00, 3.0267E+01,
14:52:45.07729511, 7.9333E+00, 4.8000E+00, 3.0133E+01,
14:52:45.07729516, 8.0333E+00, 4.8000E+00, 3.0400E+01,
14:52:45.07729521, 7.9667E+00, 4.8000E+00, 3.0533E+01,
14:52:45.07729526, 7.9667E+00, 4.8667E+00, 3.0267E+01,
14:52:45.07729531, 7.9667E+00, 4.9333E+00, 3.0667E+01,
14:52:45.07729536, 8.0000E+00, 4.6667E+00, 3.0267E+01,
14:52:45.07729541, 8.0000E+00, 4.8000E+00, 3.0133E+01,
14:52:45.07729546, 7.9333E+00, 4.6667E+00, 2.9867E+01,
14:52:45.07729551, 7.9667E+00, 4.7333E+00, 3.0133E+01,
14:52:45.07729556, 8.0000E+00, 4.9333E+00, 3.0000E+01,
14:52:45.07729561, 7.9333E+00, 4.8000E+00, 2.9867E+01,
14:52:45.07729566, 8.0000E+00, 4.8000E+00, 3.0000E+01,
14:52:45.07729571, 7.9333E+00, 4.8667E+00, 3.0000E+01,
14:52:45.07729576, 8.0667E+00, 4.9333E+00, 3.0400E+01,
14:52:45.07729581, 7.9667E+00, 4.9333E+00, 3.0000E+01,
14:52:45.07729586, 7.9333E+00, 4.8667E+00, 2.9733E+01,
14:52:45.07729591, 8.0000E+00, 4.8667E+00, 3.0000E+01,
14:52:45.07729596, 7.9667E+00, 4.6667E+00, 2.9733E+01,
14:52:45.07729601, 8.0000E+00, 4.8000E+00, 3.0133E+01,
14:52:45.07729606, 7.9667E+00, 4.7333E+00, 3.0000E+01,
14:52:45.07729611, 7.9667E+00, 4.7333E+00, 2.9733E+01,
14:52:45.07729616, 7.9333E+00, 4.8667E+00, 3.0133E+01,
14:52:45.07729621, 7.9667E+00, 4.8000E+00, 3.0000E+01,
14:52:45.07729626, 7.9667E+00, 4.8667E+00, 3.0000E+01,
14:52:45.07729631, 7.9667E+00, 4.8000E+00, 2.9467E+01,
14:52:45.07729636, 8.0000E+00, 4.8000E+00, 2.9600E+01,
14:52:45.07729641, 7.9667E+00, 4.7333E+00, 2.9467E+01,
14:52:45.07729646, 7.9667E+00, 4.8000E+00, 3.0000E+01,
14:52:45.07729651, 7.9667E+00, 4.8667E+00, 2.9733E+01,
14:52:45.07729656, 8.0000E+00, 4.7333E+00, 2.9733E+01,
14:52:45.07729661, 8.0333E+00, 4.8000E+00, 2.9733E+01,
14:52:45.07729666, 8.0000E+00, 4.7333E+00, 3.0133E+01,
14:52:45.07729671, 7.9333E+00, 4.8000E+00, 2.9867E+01,
14:52:45.07729676, 8.0333E+00, 4.8667E+00, 2.9733E+01,
14:52:45.07729681, 7.9667E+00, 4.7333E+00, 2.9333E+01,
14:52:45.07729686, 7.9333E+00, 4.9333E+00, 2.9467E+01,
14:52:45.07729691, 7.9667E+00, 4.8667E+00, 2.9467E+01,
14:52:45.07729696, 7.9333E+00, 4.6667E+00, 2.9467E+01,
14:52:45.07729701, 7.9667E+00, 4.8667E+00, 2.9733E+01,
14:52:45.07729706, 8.0000E+00, 4.7333E+00, 2.9600E+01,
14:52:45.07729711, 7.9333E+00, 4.8667E+00, 2.9733E+01,
14:52:45.07729716, 7.9333E+00, 4.7333E+00, 2.9600E+01,
14:52:45.07729721, 7.9333E+00, 4.9333E+00, 2.9467E+01,
14:52:45.07729726, 7.9333E+00, 5.0667E+00, 2.9733E+01,
14:52:45.07729731, 7.9333E+00, 4.8000E+00, 2.9467E+01,
14:52:45.07729736, 8.0000E+00, 4.7333E+00, 2.9467E+01,
14:52:45.07729741, 7.9667E+00, 4.8000E+00, 2.9467E+01,
14:52:45.07729746, 7.9667E+00, 4.6667E+00, 2.9467E+01,
14:52:45.07729751, 8.0333E+00, 4.8000E+00, 2.9600E+01,
14:52:45.07729756, 7.9667E+00, 4.7333E+00, 2.9733E+01,
14:52:45.07729761, 8.0000E+00, 4.7333E+00, 2.9467E+01,
14:52:45.07729766, 7.9667E+00, 5.0000E+00, 2.9600E+01,
14:52:45.07729771, 7.9667E+00, 4.6667E+00, 2.9467E+01,
14:52:45.07729776, 8.0000E+00, 4.8000E+00, 2.9200E+01,
14:52:45.07729781, 7.9333E+00, 4.8000E+00, 2.9467E+01,
14:52:45.07729786, 8.0333E+00, 4.7333E+00, 2.9467E+01,
14:52:45.07729791, 8.0000E+00, 4.7333E+00, 2.9467E+01,
14:52:45.07729796, 7.9333E+00, 4.9333E+00, 2.9333E+01,
14:52:45.07729801, 8.0333E+00, 4.8000E+00, 2.9600E+01,
14:52:45.07729806, 7.9333E+00, 4.8000E+00, 2.9333E+01,
14:52:45.07729811, 7.9667E+00, 4.8667E+00, 2.9200E+01,
14:52:45.07729816, 8.0333E+00, 4.8667E+00, 2.9467E+01,
14:52:45.07729821, 7.9667E+00, 4.8000E+00, 2.9333E+01,
14:52:45.07729826, 8.0000E+00, 4.9333E+00, 2.9333E+01,
14:52:45.07729831, 8.0000E+00, 4.9333E+00, 2.9600E+01,
14:52:45.07729836, 8.0000E+00, 4.7333E+00, 2.9467E+01,
14:52:45.07729841, 7.9333E+00, 4.7333E+00, 2.9467E+01,
14:52:45.07729846, 8.0333E+00, 4.8667E+00, 2.9067E+01,
14:52:45.07729851, 8.0000E+00, 4.8000E+00, 2.9333E+01,
14:52:45.07729856, 7.9333E+00, 4.8000E+00, 2.9467E+01,
14:52:45.07729861, 7.9667E+00, 4.8000E+00, 2.9200E+01,
14:52:45.07729866, 7.9667E+00, 4.8667E+00, 2.9067E+01,
14:52:45.07729871, 7.9333E+00, 4.8667E+00, 2.9200E+01,
14:52:45.07729876, 8.0000E+00, 4.8667E+00, 2.9200E+01,
14:52:45.07729881, 8.0333E+00, 4.7333E+00, 2.9200E+01,
14:52:45.07729886, 7.9667E+00, 4.6667E+00, 2.9200E+01,
14:52:45.07729891, 8.0000E+00, 4.9333E+00, 2.9067E+01,
14:52:45.07729896, 7.9333E+00, 4.7333E+00, 2.9733E+01,
14:52:45.07729901, 8.0000E+00, 4.8667E+00, 2.9467E+01,
14:52:45.07729906, 7.9667E+00, 4.8000E+00, 2.9467E+01,
14:52:45.07729911, 7.9667E+00, 4.7333E+00, 2.9333E+01,
14:52:45.07729916, 7.9333E+00, 4.7333E+00, 2.9067E+01,
14:52:45.07729921, 7.9333E+00, 4.6667E+00, 2.8933E+01,
14:52:45.07729926, 7.9667E+00, 4.6667E+00, 2.8933E+01,
14:52:45.07729931, 7.9667E+00, 4.8000E+00, 2.8933E+01,
14:52:45.07729936, 7.9667E+00, 4.8667E+00, 2.9467E+01,
14:52:45.07729941, 7.9667E+00, 4.7333E+00, 2.9333E+01,
14:52:45.07729946, 7.9667E+00, 4.6667E+00, 2.9200E+01,
14:52:45.07729951, 7.9667E+00, 4.6667E+00, 2.9333E+01,
14:52:45.07729956, 7.9333E+00, 4.8000E+00, 2.9200E+01,
14:52:45.07729961, 7.9667E+00, 4.8000E+00, 2.8933E+01,
14:52:45.07729966, 7.9667E+00, 4.7333E+00, 2.9200E+01,
14:52:45.07729971, 7.9333E+00, 4.7333E+00, 2.8933E+01,
14:52:45.07729976, 7.9333E+00, 4.6667E+00, 2.8800E+01,
14:52:45.07729981, 7.9667E+00, 4.7333E+00, 2.9067E+01,
14:52:45.07729986, 8.0333E+00, 4.6667E+00, 2.8800E+01,
14:52:45.07729991, 8.0333E+00, 4.8000E+00, 2.9067E+01,
14:52:45.07729996, 7.9667E+00, 4.6667E+00, 2.9067E+01,
14:52:45.07730001, 8.0000E+00, 4.8000E+00, 2.9067E+01,
14:52:45.07730006, 7.9667E+00, 4.8667E+00, 2.8933E+01,
14:52:45.07730011, 7.9667E+00, 4.7333E+00, 2.8933E+01,
14:52:45.07730016, 8.0000E+00, 4.8000E+00, 2.8933E+01,
14:52:45.07730021, 7.9667E+00, 4.8667E+00, 2.8933E+01,
14:52:45.07730026, 8.0000E+00, 4.8000E+00, 2.9067E+01,
14:52:45.07730031, 8.0000E+00, 4.6667E+00, 2.8800E+01,
14:52:45.07730036, 7.9333E+00, 4.8000E+00, 2.9333E+01,
14:52:45.07730041, 7.9667E+00, 4.8667E+00, 2.8800E+01,
14:52:45.07730046, 8.0000E+00, 4.9333E+00, 2.8933E+01,
14:52:45.07730051, 7.9667E+00, 4.6667E+00, 2.9067E+01,
14:52:45.07730056, 8.0000E+00, 4.8000E+00, 2.9067E+01,
14:52:45.07730061, 7.9667E+00, 4.8000E+00, 2.9200E+01,
14:52:45.07730066, 7.9333E+00, 4.8000E+00, 2.8667E+01,
14:52:45.07730071, 7.9667E+00, 4.8667E+00, 2.8933E+01,
14:52:45.07730076, 7.9333E+00, 4.6667E+00, 2.9200E+01,
14:52:45.07730081, 7.9333E+00, 4.7333E+00, 2.8800E+01,
14:52:45.07730086, 8.0667E+00, 4.6667E+00, 2.8933E+01,
14:52:45.07730091, 7.9333E+00, 4.8000E+00, 2.8933E+01,
14:52:45.07730096, 7.9667E+00, 4.8000E+00, 2.9067E+01,
14:52:45.07730101, 8.0000E+00, 4.7333E+00, 2.9067E+01,
14:52:45.07730106, 7.9333E+00, 4.8667E+00, 2.9200E+01,
14:52:45.07730111, 7.9667E+00, 4.6000E+00, 2.8933E+01,
14:52:45.07730116, 7.9333E+00, 4.6000E+00, 2.8800E+01,
14:52:45.07730121, 7.9333E+00, 4.6667E+00, 2.9200E+01,
14:52:45.07730126, 7.9667E+00, 4.6667E+00, 2.9067E+01,
14:52:45.07730131, 7.9667E+00, 4.6667E+00, 2.8933E+01,
14:52:45.07730136, 8.0000E+00, 4.6000E+00, 2.9200E+01,
14:52:45.07730141, 7.9333E+00, 4.8667E+00, 2.9067E+01,
14:52:45.07730146, 7.9333E+00, 4.6000E+00, 2.9200E+01,
14:52:45.07730151, 7.9333E+00, 4.8000E+00, 2.8933E+01,
14:52:45.07730156, 7.9333E+00, 4.8000E+00, 2.8800E+01,
14:52:45.07730161, 8.0000E+00, 4.8000E+00, 2.8933E+01,
14:52:45.07730166, 7.9333E+00, 4.7333E+00, 2.8800E+01,
14:52:45.07730171, 7.9000E+00, 4.7333E+00, 2.8933E+01,
14:52:45.07730176, 7.9667E+00, 4.7333E+00, 2.8933E+01,
14:52:45.07730181, 8.0000E+00, 4.8000E+00, 2.8533E+01,
14:52:45.07730186, 7.9667E+00, 4.6667E+00, 2.8533E+01,
14:52:45.07730191, 7.9667E+00, 4.8000E+00, 2.8933E+01,
14:52:45.07730196, 7.9667E+00, 4.8667E+00, 2.9067E+01,
14:52:45.07730201, 7.9333E+00, 4.9333E+00, 2.9200E+01,
14:52:45.07730206, 7.9667E+00, 4.8000E+00, 2.9067E+01,
14:52:45.07730211, 7.9333E+00, 4.8000E+00, 2.8800E+01,
14:52:45.07730216, 7.9667E+00, 4.8667E+00, 2.8800E+01,
14:52:45.07730221, 8.0667E+00, 4.6667E+00, 2.8667E+01,
14:52:45.07730226, 7.9667E+00, 4.7333E+00, 2.9067E+01,
14:52:45.07730231, 7.9333E+00, 4.8000E+00, 2.9200E+01,
14:52:45.07730236, 8.0667E+00, 4.8000E+00, 2.9067E+01,
14:52:45.07730241, 8.0333E+00, 4.8000E+00, 2.9067E+01,
14:52:45.07730246, 7.9667E+00, 4.8667E+00, 2.9067E+01,
14:52:45.07730251, 7.9333E+00, 4.8000E+00, 2.8933E+01,
14:52:45.07730256, 8.0000E+00, 4.6667E+00, 2.9200E+01,
14:52:45.07730261, 7.9667E+00, 4.6667E+00, 2.8800E+01,
14:52:45.07730266, 7.9667E+00, 4.5333E+00, 2.8800E+01,
14:52:45.07730271, 7.9667E+00, 4.8667E+00, 2.8933E+01,
14:52:45.07730276, 7.9333E+00, 4.7333E+00, 2.8933E+01,
14:52:45.07730281, 7.9667E+00, 4.8000E+00, 2.9067E+01,
14:52:45.07730286, 7.9333E+00, 4.8000E+00, 2.9067E+01,
14:52:45.07730291, 7.9667E+00, 4.8000E+00, 2.9067E+01,
14:52:45.07730296, 7.9333E+00, 4.7333E+00, 2.8933E+01,
14:52:45.07730301, 7.9333E+00, 4.6000E+00, 2.9067E+01,
14:52:45.07730306, 7.9333E+00, 4.8667E+00, 2.8800E+01,
14:52:45.07730311, 7.9667E+00, 4.6667E+00, 2.8933E+01,
14:52:45.07730316, 7.9333E+00, 4.7333E+00, 2.8800E+01,
14:52:45.07730321, 8.1000E+00, 4.8000E+00, 2.8933E+01,
14:52:45.07730326, 7.9667E+00, 4.7333E+00, 2.8933E+01,
14:52:45.07730331, 7.9333E+00, 4.6667E+00, 2.8800E+01,
14:52:45.07730336, 7.9333E+00, 4.7333E+00, 2.9067E+01,
14:52:45.07730341, 7.9667E+00, 4.6667E+00, 2.9067E+01,
14:52:45.07730346, 7.9667E+00, 4.8000E+00, 2.8667E+01,
14:52:45.07730351, 7.9333E+00, 4.7333E+00, 2.9067E+01,
14:52:45.07730356, 7.9667E+00, 4.8000E+00, 2.9067E+01,
14:52:45.07730361, 8.0000E+00, 4.6667E+00, 2.8933E+01,
14:52:45.07730366, 7.9667E+00, 4.7333E+00, 2.8800E+01,
14:52:45.07730371, 8.0000E+00, 4.8000E+00, 2.8933E+01,
14:52:45.07730376, 7.9667E+00, 4.8667E+00, 2.9067E+01,
14:52:45.07730381, 8.0000E+00, 4.8000E+00, 2.9200E+01,
14:52:45.07730386, 7.9333E+00, 4.8000E+00, 2.8667E+01,
14:52:45.07730391, 7.9000E+00, 4.7333E+00, 2.9200E+01,
14:52:45.07730396, 7.9667E+00, 4.7333E+00, 2.9200E+01,
14:52:45.07730401, 7.9333E+00, 4.7333E+00, 2.9200E+01,
14:52:45.07730406, 7.9333E+00, 4.8000E+00, 2.9333E+01,
14:52:45.07730411, 8.0333E+00, 4.6667E+00, 2.9333E+01,
14:52:45.07730416, 8.0000E+00, 4.7333E+00, 2.9067E+01,
14:52:45.07730421, 8.0000E+00, 4.7333E+00, 2.9200E+01,
14:52:45.07730426, 8.0333E+00, 4.9333E+00, 2.8933E+01,
14:52:45.07730431, 8.0333E+00, 4.8667E+00, 2.9200E+01,
14:52:45.07730436, 7.9667E+00, 4.6000E+00, 2.9333E+01,
14:52:45.07730441, 7.9667E+00, 4.6667E+00, 2.9200E+01,
14:52:45.07730446, 7.9667E+00, 4.8000E+00, 2.8800E+01,
14:52:45.07730451, 7.9333E+00, 4.7333E+00, 2.9067E+01,
14:52:45.07730456, 7.9667E+00, 4.7333E+00, 2.9333E+01,
14:52:45.07730461, 7.9333E+00, 4.7333E+00, 2.8933E+01,
14:52:45.07730466, 8.0000E+00, 4.8000E+00, 2.9200E+01,
14:52:45.07730471, 7.9333E+00, 4.6000E+00, 2.8933E+01,
14:52:45.07730476, 7.9667E+00, 4.6667E+00, 2.8933E+01,
14:52:45.07730481, 7.9333E+00, 4.7333E+00, 2.8800E+01,
14:52:45.07730486, 7.9667E+00, 4.8667E+00, 2.9467E+01,
14:52:45.07730491, 8.0000E+00, 4.8000E+00, 2.9067E+01,
14:52:45.07730496, 7.9667E+00, 4.8000E+00, 2.9067E+01,
14:52:45.07730501, 7.9667E+00, 4.7333E+00, 2.8933E+01,
14:52:45.07730506, 7.9333E+00, 4.5333E+00, 2.9067E+01,
14:52:45.07730511, 7.9333E+00, 4.7333E+00, 2.8933E+01,
14:52:45.07730516, 8.0000E+00, 4.6667E+00, 2.8800E+01,
14:52:45.07730521, 7.9333E+00, 4.7333E+00, 2.9067E+01,
14:52:45.07730526, 7.9333E+00, 4.6000E+00, 2.8933E+01,
14:52:45.07730531, 8.0333E+00, 4.7333E+00, 2.8933E+01,
14:52:45.07730536, 7.9667E+00, 4.6000E+00, 2.8933E+01,
14:52:45.07730541, 7.9333E+00, 4.6667E+00, 2.9333E+01,
14:52:45.07730546, 7.9333E+00, 4.6667E+00, 2.9067E+01,
14:52:45.07730551, 7.9333E+00, 4.6000E+00, 2.9200E+01,
14:52:45.07730556, 7.9667E+00, 4.6667E+00, 2.8933E+01,
14:52:45.07730561, 7.9333E+00, 4.6667E+00, 2.9067E+01,
14:52:45.07730566, 8.0000E+00, 4.7333E+00, 2.9200E+01,
14:52:45.07730571, 8.0000E+00, 4.6667E+00, 2.8933E+01,
14:52:45.07730576, 7.9333E+00, 4.7333E+00, 2.9067E+01,
14:52:45.07730581, 7.9333E+00, 4.7333E+00, 2.8933E+01,
14:52:45.07730586, 7.9667E+00, 4.8667E+00, 2.9200E+01,
14:52:45.07730591, 7.9333E+00, 4.6667E+00, 2.9467E+01,
14:52:45.07730596, 7.9333E+00, 4.6000E+00, 2.8800E+01,
14:52:45.07730601, 7.9667E+00, 4.6667E+00, 2.9067E+01,
14:52:45.07730606, 7.9333E+00, 4.8000E+00, 2.9067E+01,
14:52:45.07730611, 7.9333E+00, 4.8000E+00, 2.9067E+01,
14:52:45.07730616, 8.0000E+00, 4.7333E+00, 2.9200E+01,
14:52:45.07730621, 7.9667E+00, 4.8667E+00, 2.9200E+01,
14:52:45.07730626, 8.0000E+00, 4.7333E+00, 2.9067E+01,
14:52:45.07730631, 7.9667E+00, 4.8000E+00, 2.9200E+01,
14:52:45.07730636, 7.9667E+00, 4.8000E+00, 2.9467E+01,
14:52:45.07730641, 7.9333E+00, 4.8667E+00, 2.9067E+01,
14:52:45.07730646, 7.9667E+00, 4.8667E+00, 2.9333E+01,
14:52:45.07730651, 8.0000E+00, 4.9333E+00, 2.9200E+01,
14:52:45.07730656, 7.9333E+00, 4.6000E+00, 2.8933E+01,
14:52:45.07730661, 7.9333E+00, 4.7333E+00, 2.9467E+01,
14:52:45.07730666, 7.9333E+00, 4.7333E+00, 2.8933E+01,
14:52:45.07730671, 8.0333E+00, 4.8667E+00, 2.9067E+01,
14:52:45.07730676, 7.9667E+00, 4.7333E+00, 2.9200E+01,
14:52:45.07730681, 7.9333E+00, 4.7333E+00, 2.9200E+01,
14:52:45.07730686, 7.9333E+00, 4.6667E+00, 2.9333E+01,
14:52:45.07730691, 7.9333E+00, 4.6667E+00, 2.9200E+01,
14:52:45.07730696, 7.9333E+00, 4.6667E+00, 2.9333E+01,
14:52:45.07730701, 7.9000E+00, 4.8667E+00, 2.9200E+01,
14:52:45.07730706, 8.0000E+00, 4.7333E+00, 2.9200E+01,
14:52:45.07730711, 8.0000E+00, 4.7333E+00, 2.9067E+01,
14:52:45.07730716, 8.0000E+00, 4.6667E+00, 2.8800E+01,
14:52:45.07730721, 7.9333E+00, 4.7333E+00, 2.9333E+01,
14:52:45.07730726, 7.9333E+00, 4.8000E+00, 2.9067E+01,
14:52:45.07730731, 7.9667E+00, 4.7333E+00, 2.9333E+01,
14:52:45.07730736, 8.0333E+00, 4.8667E+00, 2.9467E+01,
14:52:45.07730741, 7.9333E+00, 4.8000E+00, 2.9200E+01,
14:52:45.07730746, 7.9667E+00, 4.8000E+00, 2.9467E+01,
14:52:45.07730751, 8.0333E+00, 4.6667E+00, 2.9200E+01,
14:52:45.07730756, 8.0000E+00, 4.7333E+00, 2.9333E+01,
14:52:45.07730761, 7.9667E+00, 4.6667E+00, 2.9200E+01,
14:52:45.07730766, 7.9333E+00, 4.7333E+00, 2.9200E+01,
14:52:45.07730771, 7.9667E+00, 4.6667E+00, 2.8933E+01,
14:52:45.07730776, 7.9333E+00, 4.6667E+00, 2.8933E+01,
14:52:45.07730781, 7.9333E+00, 4.7333E+00, 2.9467E+01,
14:52:45.07730786, 7.9333E+00, 4.7333E+00, 2.9467E+01,
14:52:45.07730791, 8.0667E+00, 4.6667E+00, 2.9333E+01,
14:52:45.07730796, 7.9667E+00, 4.8667E+00, 2.9467E+01,
14:52:45.07730801, 8.1000E+00, 4.7333E+00, 2.9467E+01,
14:52:45.07730806, 8.0000E+00, 4.6667E+00, 2.9200E+01,
14:52:45.07730811, 8.0667E+00, 4.7333E+00, 2.9467E+01,
14:52:45.07730816, 7.9667E+00, 4.7333E+00, 2.9467E+01,
14:52:45.07730821, 7.9667E+00, 4.8000E+00, 2.9467E+01,
14:52:45.07730826, 8.0333E+00, 4.6667E+00, 2.9467E+01,
14:52:45.07730831, 7.9333E+00, 4.7333E+00, 2.9467E+01,
14:52:45.07730836, 7.9667E+00, 4.8000E+00, 2.9467E+01,
14:52:45.07730841, 8.0333E+00, 4.8000E+00, 2.9467E+01,
14:52:45.07730846, 8.0000E+00, 4.7333E+00, 2.9333E+01,
14:52:45.07730851, 7.9667E+00, 4.6667E+00, 2.9333E+01,
14:52:45.07730856, 7.9333E+00, 4.6000E+00, 2.9467E+01,
14:52:45.07730861, 7.9333E+00, 4.7333E+00, 2.9200E+01,
14:52:45.07730866, 8.0333E+00, 4.7333E+00, 2.9333E+01,
14:52:45.07730871, 7.9667E+00, 4.7333E+00, 2.9200E+01,
14:52:45.07730876, 7.9667E+00, 4.7333E+00, 2.9467E+01,
14:52:45.07730881, 7.9333E+00, 4.7333E+00, 2.9467E+01,
14:52:45.07730886, 7.9333E+00, 4.8667E+00, 2.9467E+01,
14:52:45.07730891, 8.0000E+00, 4.8000E+00, 2.9333E+01,
14:52:45.07730896, 7.9333E+00, 4.6667E+00, 2.9600E+01,
14:52:45.07730901, 7.9333E+00, 4.7333E+00, 2.9467E+01,
14:52:45.07730906, 7.9667E+00, 4.6667E+00, 2.9467E+01,
14:52:45.07730911, 7.9333E+00, 4.7333E+00, 2.9467E+01,
14:52:45.07730916, 8.0000E+00, 4.8667E+00, 2.8933E+01,
14:52:45.07730921, 7.9333E+00, 4.6000E+00, 2.9333E+01,
14:52:45.07730926, 7.9333E+00, 4.8000E+00, 2.9200E+01,
14:52:45.07730931, 7.9333E+00, 4.7333E+00, 2.9333E+01,
14:52:45.07730936, 7.9667E+00, 4.6667E+00, 2.9467E+01,
14:52:45.07730941, 7.9333E+00, 4.6667E+00, 2.9467E+01,
14:52:45.07730946, 8.0000E+00, 4.6667E+00, 2.9467E+01,
14:52:45.07730951, 7.9667E+00, 4.7333E+00, 2.9467E+01,
14:52:45.07730956, 8.0000E+00, 4.7333E+00, 2.9333E+01,
14:52:45.07730961, 8.0333E+00, 4.7333E+00, 2.9333E+01,
14:52:45.07730966, 7.9667E+00, 4.5333E+00, 2.9333E+01,
14:52:45.07730971, 7.9333E+00, 4.6667E+00, 2.9600E+01,
14:52:45.07730976, 7.9333E+00, 4.6667E+00, 2.9333E+01,
14:52:45.07730981, 8.0333E+00, 4.5333E+00, 2.9467E+01,
14:52:45.07730986, 7.9333E+00, 4.6667E+00, 2.9333E+01,
14:52:45.07730991, 8.0667E+00, 4.7333E+00, 2.9467E+01,
14:52:45.07730996, 7.9333E+00, 4.6667E+00, 2.9467E+01,
14:52:45.07731001, 7.9667E+00, 4.8000E+00, 2.9333E+01,
14:52:45.07731006, 7.9333E+00, 4.6667E+00, 2.9600E+01,
14:52:45.07731011, 8.0000E+00, 4.8000E+00, 2.9467E+01,
14:52:45.07731016, 8.0000E+00, 4.8000E+00, 2.9467E+01,
14:52:45.07731021, 7.9333E+00, 4.7333E+00, 2.9467E+01,
14:52:45.07731026, 7.9333E+00, 4.8667E+00, 2.9467E+01,
14:52:45.07731031, 8.0333E+00, 4.7333E+00, 2.9467E+01,
14:52:45.07731036, 7.9333E+00, 4.7333E+00, 2.9333E+01,
14:52:45.07731041, 8.0667E+00, 4.6667E+00, 2.9467E+01,
14:52:45.07731046, 7.9667E+00, 4.8000E+00, 2.9467E+01,
14:52:45.07731051, 8.0000E+00, 4.7333E+00, 2.9467E+01,
14:52:45.07731056, 8.0333E+00, 4.6667E+00, 2.9333E+01,
14:52:45.07731061, 7.9667E+00, 4.7333E+00, 2.9467E+01,
14:52:45.07731066, 8.0000E+00, 4.6667E+00, 2.9333E+01,
14:52:45.07731071, 7.9667E+00, 4.7333E+00, 2.9333E+01,
14:52:45.07731076, 7.9333E+00, 4.8000E+00, 2.9867E+01,
14:52:45.07731081, 7.9667E+00, 4.7333E+00, 2.9600E+01,
14:52:45.07731086, 8.0000E+00, 4.6667E+00, 2.9467E+01,
14:52:45.07731091, 7.9333E+00, 4.9333E+00, 2.9733E+01,
14:52:45.07731096, 8.0000E+00, 4.9333E+00, 2.9333E+01,
14:52:45.07731101, 7.9667E+00, 4.6667E+00, 2.9467E+01,
14:52:45.07731106, 7.9333E+00, 4.7333E+00, 2.9733E+01,
14:52:45.07731111, 7.9667E+00, 4.6667E+00, 2.9467E+01,
14:52:45.07731116, 7.9333E+00, 4.6667E+00, 2.9333E+01,
14:52:45.07731121, 7.9333E+00, 4.6667E+00, 2.9333E+01,
14:52:45.07731126, 8.0000E+00, 4.6667E+00, 2.9467E+01,
14:52:45.07731131, 7.9667E+00, 4.6000E+00, 2.9200E+01,
14:52:45.07731136, 7.9667E+00, 4.8000E+00, 2.9467E+01,
14:52:45.07731141, 7.9667E+00, 4.8667E+00, 2.9333E+01,
14:52:45.07731146, 8.0000E+00, 4.8000E+00, 2.9467E+01,
14:52:45.07731151, 7.9667E+00, 4.8000E+00, 2.9333E+01,
14:52:45.07731156, 8.0000E+00, 4.8000E+00, 2.9333E+01,
14:52:45.07731161, 7.9333E+00, 4.6667E+00, 2.9467E+01,
14:52:45.07731166, 7.9333E+00, 4.7333E+00, 2.9467E+01,
14:52:45.07731171, 8.0000E+00, 4.7333E+00, 2.9333E+01,
14:52:45.07731176, 7.9667E+00, 4.7333E+00, 2.9600E+01,
14:52:45.07731181, 7.9667E+00, 4.8000E+00, 2.9467E+01,
14:52:45.07731186, 8.0333E+00, 4.8667E+00, 2.9467E+01,
14:52:45.07731191, 8.0000E+00, 4.9333E+00, 2.9333E+01,
14:52:45.07731196, 7.9667E+00, 4.6667E+00, 2.9733E+01,
14:52:45.07731201, 7.9333E+00, 4.6000E+00, 2.9467E+01,
14:52:45.07731206, 8.0000E+00, 4.6667E+00, 2.9467E+01,
14:52:45.07731211, 7.9333E+00, 4.8667E+00, 2.9733E+01,
14:52:45.07731216, 7.9333E+00, 4.8000E+00, 2.9600E+01,
14:52:45.07731221, 7.9333E+00, 4.6000E+00, 2.9600E+01,
14:52:45.07731226, 7.9667E+00, 4.7333E+00, 2.9600E+01,
14:52:45.07731231, 8.0000E+00, 4.6667E+00, 2.9600E+01,
14:52:45.07731236, 8.0000E+00, 4.6667E+00, 2.9733E+01,
14:52:45.07731241, 7.9667E+00, 4.8000E+00, 2.9467E+01,
14:52:45.07731246, 7.9667E+00, 4.7333E+00, 2.9467E+01,
14:52:45.07731251, 7.9333E+00, 4.6000E+00, 2.9600E+01,
14:52:45.07731256, 7.9333E+00, 4.6667E+00, 2.9467E+01,
14:52:45.07731261, 7.9333E+00, 4.6667E+00, 2.9600E+01,
14:52:45.07731266, 7.9667E+00, 4.7333E+00, 2.9733E+01,
14:52:45.07731271, 7.9333E+00, 4.7333E+00, 2.9467E+01,
14:52:45.07731276, 8.0000E+00, 4.8000E+00, 2.9467E+01,
14:52:45.07731281, 7.9667E+00, 4.8000E+00, 2.9467E+01,
14:52:45.07731286, 8.0000E+00, 4.7333E+00, 2.9467E+01,
14:52:45.07731291, 8.0000E+00, 4.7333E+00, 2.9467E+01,
14:52:45.07731296, 7.9667E+00, 4.7333E+00, 2.9467E+01,
14:52:45.07731301, 7.9667E+00, 4.7333E+00, 2.9867E+01,
14:52:45.07731306, 7.9333E+00, 4.8000E+00, 2.9467E+01,
14:52:45.07731311, 7.9333E+00, 4.6667E+00, 2.9600E+01,
14:52:45.07731316, 7.9667E+00, 4.5333E+00, 2.9733E+01,
14:52:45.07731321, 8.0000E+00, 4.7333E+00, 2.9600E+01,
14:52:45.07731326, 7.9667E+00, 4.8000E+00, 2.9467E+01,
14:52:45.07731331, 7.9333E+00, 4.6000E+00, 2.9600E+01,
14:52:45.07731336, 8.0000E+00, 4.7333E+00, 2.9467E+01,
14:52:45.07731341, 7.9667E+00, 4.8667E+00, 2.9733E+01,
14:52:45.07731346, 8.0000E+00, 4.7333E+00, 2.9733E+01,
14:52:45.07731351, 7.9667E+00, 4.6667E+00, 2.9467E+01,
14:52:45.07731356, 7.9667E+00, 4.7333E+00, 2.9467E+01,
14:52:45.07731361, 8.0000E+00, 4.7333E+00, 2.9867E+01,
14:52:45.07731366, 8.0000E+00, 4.7333E+00, 2.9733E+01,
14:52:45.07731371, 7.9667E+00, 4.8667E+00, 2.9733E+01,
14:52:45.07731376, 7.9667E+00, 4.7333E+00, 2.9467E+01,
14:52:45.07731381, 7.9667E+00, 4.6667E+00, 2.9067E+01,
14:52:45.07731386, 7.9667E+00, 4.8000E+00, 2.9600E+01,
14:52:45.07731391, 8.0000E+00, 4.7333E+00, 2.9467E+01,
14:52:45.07731396, 7.9333E+00, 4.7333E+00, 2.9867E+01,
14:52:45.07731401, 7.9333E+00, 4.7333E+00, 2.9600E+01,
14:52:45.07731406, 7.9333E+00, 4.6667E+00, 2.9467E+01,
14:52:45.07731411, 8.0333E+00, 4.7333E+00, 2.9733E+01,
14:52:45.07731416, 7.9667E+00, 4.8000E+00, 2.9733E+01,
14:52:45.07731421, 7.9333E+00, 4.7333E+00, 2.9467E+01,
14:52:45.07731426, 7.9667E+00, 4.6667E+00, 2.9467E+01,
14:52:45.07731431, 7.9667E+00, 4.8000E+00, 2.9600E+01,
14:52:45.07731436, 8.0000E+00, 4.7333E+00, 2.9467E+01,
14:52:45.07731441, 7.9333E+00, 4.7333E+00, 2.9733E+01,
14:52:45.07731446, 7.9333E+00, 4.6667E+00, 2.9600E+01,
14:52:45.07731451, 8.0333E+00, 4.8000E+00, 2.9467E+01,
14:52:45.07731456, 7.9667E+00, 4.6667E+00, 2.9467E+01,
14:52:45.07731461, 7.9667E+00, 4.7333E+00, 2.9600E+01,
14:52:45.07731466, 8.0000E+00, 4.6667E+00, 2.9733E+01,
14:52:45.07731471, 7.9333E+00, 4.6667E+00, 2.9733E+01,
14:52:45.07731476, 8.0667E+00, 4.7333E+00, 2.9733E+01,
14:52:45.07731481, 7.9667E+00, 4.6667E+00, 2.9733E+01,
14:52:45.07731486, 8.0000E+00, 4.7333E+00, 2.9467E+01,
14:52:45.07731491, 7.9333E+00, 4.7333E+00, 2.9467E+01,
14:52:45.07731496, 7.9333E+00, 4.6667E+00, 2.9467E+01,
14:52:45.07731501, 7.9333E+00, 4.6667E+00, 2.9600E+01,
14:52:45.07731506, 7.9667E+00, 4.7333E+00, 2.9600E+01,
14:52:45.07731511, 8.0000E+00, 4.6667E+00, 2.9600E+01,
14:52:45.07731516, 7.9333E+00, 4.8667E+00, 2.9867E+01,
14:52:45.07731521, 7.9333E+00, 4.8667E+00, 2.9600E+01,
14:52:45.07731526, 7.9667E+00, 4.7333E+00, 2.9733E+01,
14:52:45.07731531, 8.0333E+00, 4.8000E+00, 2.9733E+01,
14:52:45.07731536, 7.9667E+00, 4.8000E+00, 2.9600E+01,
14:52:45.07731541, 7.9667E+00, 4.8000E+00, 2.9333E+01,
14:52:45.07731546, 7.9333E+00, 4.6667E+00, 2.9733E+01,
14:52:45.07731551, 7.9333E+00, 4.6667E+00, 2.9733E+01,
14:52:45.07731556, 7.9333E+00, 4.6000E+00, 2.9867E+01,
14:52:45.07731561, 8.0667E+00, 4.6667E+00, 2.9733E+01,
14:52:45.07731566, 7.9667E+00, 4.7333E+00, 2.9600E+01,
14:52:45.07731571, 8.0000E+00, 4.8000E+00, 2.9600E+01,
14:52:45.07731576, 8.0333E+00, 4.8000E+00, 2.9600E+01,
14:52:45.07731581, 8.0333E+00, 4.6000E+00, 2.9600E+01,
14:52:45.07731586, 8.0667E+00, 4.8000E+00, 2.9733E+01,
14:52:45.07731591, 7.9333E+00, 4.8000E+00, 2.9733E+01,
14:52:45.07731596, 7.9667E+00, 4.8667E+00, 2.9467E+01,
14:52:45.07731601, 7.9333E+00, 4.8000E+00, 2.9467E+01,
14:52:45.07731606, 8.0333E+00, 4.6667E+00, 2.9867E+01,
14:52:45.07731611, 7.9667E+00, 4.6000E+00, 2.9867E+01,
14:52:45.07731616, 7.9667E+00, 4.6667E+00, 2.9600E+01,
14:52:45.07731621, 7.9333E+00, 4.8000E+00, 2.9733E+01,
14:52:45.07731626, 7.9667E+00, 4.6000E+00, 2.9867E+01,
14:52:45.07731631, 7.9333E+00, 4.8000E+00, 2.9733E+01,
14:52:45.07731636, 7.9333E+00, 4.6667E+00, 2.9600E+01,
14:52:45.07731641, 7.9333E+00, 4.8000E+00, 2.9733E+01,
14:52:45.07731646, 7.9667E+00, 4.7333E+00, 2.9600E+01,
14:52:45.07731651, 7.9333E+00, 4.7333E+00, 2.9467E+01,
14:52:45.07731656, 7.9667E+00, 4.6667E+00, 2.9600E+01,
14:52:45.07731661, 7.9667E+00, 4.8000E+00, 2.9600E+01,
14:52:45.07731666, 8.0000E+00, 4.8667E+00, 2.9600E+01,
14:52:45.07731671, 7.9667E+00, 4.8667E+00, 2.9600E+01,
14:52:45.07731676, 8.0333E+00, 4.7333E+00, 2.9467E+01,
14:52:45.07731681, 8.0000E+00, 4.6667E+00, 2.9600E+01,
14:52:45.07731686, 7.9333E+00, 4.7333E+00, 2.9467E+01,
14:52:45.07731691, 7.9333E+00, 4.8000E+00, 2.9467E+01,
14:52:45.07731696, 7.9000E+00, 4.8000E+00, 2.9733E+01,
14:52:45.07731701, 7.9333E+00, 4.7333E+00, 2.9867E+01,
14:52:45.07731706, 8.0000E+00, 4.8667E+00, 3.0000E+01,
14:52:45.07731711, 7.9333E+00, 4.6667E+00, 2.9467E+01,
14:52:45.07731716, 7.9667E+00, 4.6667E+00, 2.9733E+01,
14:52:45.07731721, 7.9667E+00, 4.8000E+00, 2.9600E+01,
14:52:45.07731726, 7.9333E+00, 4.8000E+00, 2.9600E+01,
14:52:45.07731731, 7.9333E+00, 4.6667E+00, 2.9733E+01,
14:52:45.07731736, 7.9667E+00, 4.6667E+00, 2.9600E+01,
14:52:45.07731741, 7.9333E+00, 4.7333E+00, 2.9733E+01,
14:52:45.07731746, 7.9667E+00, 4.8667E+00, 2.9467E+01,
14:52:45.07731751, 7.9667E+00, 4.8667E+00, 2.9600E+01,
14:52:45.07731756, 7.9333E+00, 4.8000E+00, 2.9867E+01,
14:52:45.07731761, 7.9333E+00, 4.8667E+00, 2.9600E+01,
14:52:45.07731766, 8.0000E+00, 4.8667E+00, 2.9733E+01,
14:52:45.07731771, 7.9333E+00, 4.6667E+00, 2.9733E+01,
14:52:45.07731776, 7.9333E+00, 4.8667E+00, 2.9467E+01,
14:52:45.07731781, 8.0333E+00, 4.7333E+00, 2.9600E+01,
14:52:45.07731786, 8.0000E+00, 4.6667E+00, 2.9467E+01,
14:52:45.07731791, 8.0000E+00, 4.7333E+00, 2.9733E+01,
14:52:45.07731796, 7.9333E+00, 4.8667E+00, 2.9600E+01,
14:52:45.07731801, 8.0333E+00, 4.7333E+00, 2.9600E+01,
14:52:45.07731806, 8.0333E+00, 4.9333E+00, 2.9600E+01,
14:52:45.07731811, 8.0000E+00, 4.6667E+00, 2.9600E+01,
14:52:45.07731816, 7.9667E+00, 4.7333E+00, 2.9467E+01,
14:52:45.07731821, 7.9667E+00, 4.8000E+00, 2.9600E+01,
14:52:45.07731826, 7.9667E+00, 4.7333E+00, 2.9733E+01,
14:52:45.07731831, 7.9667E+00, 4.8667E+00, 3.0000E+01,
14:52:45.07731836, 7.9333E+00, 4.6667E+00, 2.9600E+01,
14:52:45.07731841, 7.9333E+00, 4.7333E+00, 2.9733E+01,
14:52:45.07731846, 7.9667E+00, 4.7333E+00, 3.0000E+01,
14:52:45.07731851, 8.0000E+00, 4.8000E+00, 2.9600E+01,
14:52:45.07731856, 7.9667E+00, 4.8667E+00, 2.9600E+01,
14:52:45.07731861, 8.0000E+00, 4.6667E+00, 2.9867E+01,
14:52:45.07731866, 7.9667E+00, 4.7333E+00, 3.0000E+01,
14:52:45.07731871, 7.9333E+00, 4.6667E+00, 2.9867E+01,
14:52:45.07731876, 7.9667E+00, 4.8667E+00, 2.9600E+01,
14:52:45.07731881, 7.9333E+00, 4.8000E+00, 2.9733E+01,
14:52:45.07731886, 7.9667E+00, 4.8000E+00, 2.9467E+01,
14:52:45.07731891, 7.9667E+00, 4.8667E+00, 2.9733E+01,
14:52:45.07731896, 7.9333E+00, 4.7333E+00, 2.9600E+01,
14:52:45.07731901, 8.0000E+00, 4.8667E+00, 2.9733E+01,
14:52:45.07731906, 7.9333E+00, 4.8000E+00, 2.9733E+01,
14:52:45.07731911, 7.9333E+00, 4.7333E+00, 2.9733E+01,
14:52:45.07731916, 7.9000E+00, 4.7333E+00, 2.9467E+01,
14:52:45.07731921, 7.9667E+00, 4.7333E+00, 2.9733E+01,
14:52:45.07731926, 7.9667E+00, 4.8000E+00, 2.9600E+01,
14:52:45.07731931, 7.9333E+00, 4.7333E+00, 2.9733E+01,
14:52:45.07731936, 7.9667E+00, 4.7333E+00, 2.9733E+01,
14:52:45.07731941, 7.9333E+00, 4.6667E+00, 2.9600E+01,
14:52:45.07731946, 7.9333E+00, 4.8667E+00, 2.9600E+01,
14:52:45.07731951, 8.0000E+00, 4.6000E+00, 3.0000E+01,
14:52:45.07731956, 8.0000E+00, 4.7333E+00, 2.9733E+01,
14:52:45.07731961, 8.0000E+00, 4.6000E+00, 2.9867E+01,
14:52:45.07731966, 8.0000E+00, 4.8000E+00, 2.9467E+01,
14:52:45.07731971, 7.9333E+00, 4.6667E+00, 2.9733E+01,
14:52:45.07731976, 7.9667E+00, 4.6667E+00, 2.9733E+01,
14:52:45.07731981, 8.0333E+00, 4.7333E+00, 2.9600E+01,
14:52:45.07731986, 7.9667E+00, 4.8000E+00, 2.9733E+01,
14:52:45.07731991, 8.0000E+00, 4.8000E+00, 2.9600E+01,
14:52:45.07731996, 7.9333E+00, 4.6000E+00, 3.0000E+01,
14:52:45.07732001, 8.0333E+00, 4.7333E+00, 2.9733E+01,
14:52:45.07732006, 8.0333E+00, 4.7333E+00, 2.9867E+01,
14:52:45.07732011, 8.0000E+00, 4.6667E+00, 2.9467E+01,
14:52:45.07732016, 7.9667E+00, 4.8000E+00, 2.9733E+01,
14:52:45.07732021, 8.0333E+00, 4.7333E+00, 2.9600E+01,
14:52:45.07732026, 7.9333E+00, 4.7333E+00, 2.9733E+01,
14:52:45.07732031, 7.9667E+00, 4.8000E+00, 2.9467E+01,
14:52:45.07732036, 7.9667E+00, 4.8667E+00, 2.9867E+01,
14:52:45.07732041, 7.9667E+00, 4.8000E+00, 3.0000E+01,
14:52:45.07732046, 7.9333E+00, 4.7333E+00, 2.9600E+01,
14:52:45.07732051, 7.9333E+00, 4.9333E+00, 2.9733E+01,
14:52:45.07732056, 7.9667E+00, 4.7333E+00, 2.9600E+01,
14:52:45.07732061, 7.9333E+00, 4.6000E+00, 2.9600E+01,
14:52:45.07732066, 8.0333E+00, 4.8667E+00, 2.9467E+01,
14:52:45.07732071, 7.9667E+00, 4.6000E+00, 2.9467E+01,
14:52:45.07732076, 7.9667E+00, 4.8000E+00, 2.9467E+01,
14:52:45.07732081, 8.0000E+00, 4.7333E+00, 2.9467E+01,
14:52:45.07732086, 7.9333E+00, 4.7333E+00, 2.9600E+01,
14:52:45.07732091, 7.9333E+00, 4.6667E+00, 2.9467E+01,
14:52:45.07732096, 7.9667E+00, 4.7333E+00, 2.9467E+01,
14:52:45.07732101, 7.9667E+00, 4.7333E+00, 2.9467E+01,
14:52:45.07732106, 8.0000E+00, 4.8000E+00, 2.9733E+01,
14:52:45.07732111, 7.9333E+00, 4.8000E+00, 2.9600E+01,
14:52:45.07732116, 7.9333E+00, 4.6667E+00, 2.9467E+01,
14:52:45.07732121, 7.9333E+00, 4.8000E+00, 2.9467E+01,
14:52:45.07732126, 7.9667E+00, 4.6667E+00, 2.9733E+01,
14:52:45.07732131, 7.9667E+00, 4.8667E+00, 2.9333E+01,
14:52:45.07732136, 7.9667E+00, 4.8000E+00, 2.9600E+01,
14:52:45.07732141, 7.9667E+00, 4.7333E+00, 2.9467E+01,
14:52:45.07732146, 8.0667E+00, 4.8000E+00, 2.9600E+01,
14:52:45.07732151, 7.9333E+00, 4.8667E+00, 2.9467E+01,
14:52:45.07732156, 8.0000E+00, 4.7333E+00, 2.9600E+01,
14:52:45.07732161, 8.0333E+00, 4.8000E+00, 2.9467E+01,
14:52:45.07732166, 7.9667E+00, 4.6667E+00, 2.9467E+01,
14:52:45.07732171, 7.9333E+00, 4.7333E+00, 2.9467E+01,
14:52:45.07732176, 7.9333E+00, 4.8667E+00, 2.9467E+01,
14:52:45.07732181, 7.9667E+00, 4.6667E+00, 2.9467E+01,
14:52:45.07732186, 8.0000E+00, 4.7333E+00, 2.9867E+01,
14:52:45.07732191, 7.9667E+00, 4.6667E+00, 2.9867E+01,
14:52:45.07732196, 8.0000E+00, 4.7333E+00, 2.9733E+01,
14:52:45.07732201, 8.0000E+00, 4.6667E+00, 2.9600E+01,
14:52:45.07732206, 8.0000E+00, 4.7333E+00, 2.9467E+01,
14:52:45.07732211, 7.9667E+00, 4.9333E+00, 2.9600E+01,
14:52:45.07732216, 7.9333E+00, 4.7333E+00, 2.9467E+01,
14:52:45.07732221, 7.9667E+00, 4.7333E+00, 2.9333E+01,
14:52:45.07732226, 8.0333E+00, 4.8000E+00, 2.9467E+01,
14:52:45.07732231, 7.9667E+00, 4.6667E+00, 2.9467E+01,
14:52:45.07732236, 8.0333E+00, 4.7333E+00, 2.9867E+01,
14:52:45.07732241, 7.9667E+00, 4.7333E+00, 2.9467E+01,
14:52:45.07732246, 7.9667E+00, 4.5333E+00, 2.9467E+01,
14:52:45.07732251, 8.0000E+00, 4.6000E+00, 2.9467E+01,
14:52:45.07732256, 8.0000E+00, 4.7333E+00, 2.9600E+01,
14:52:45.07732261, 7.9333E+00, 4.8000E+00, 2.9333E+01,
14:52:45.07732266, 7.9667E+00, 4.6667E+00, 2.9467E+01,
14:52:45.07732271, 7.9333E+00, 4.6667E+00, 2.9600E+01,
14:52:45.07732276, 7.9333E+00, 4.8000E+00, 2.9467E+01,
14:52:45.07732281, 8.0000E+00, 4.6000E+00, 2.9467E+01,
14:52:45.07732286, 7.9667E+00, 4.6667E+00, 2.9467E+01,
14:52:45.07732291, 7.9667E+00, 4.7333E+00, 2.9867E+01,
14:52:45.07732296, 7.9333E+00, 4.7333E+00, 2.9600E+01,
14:52:45.07732301, 7.9333E+00, 4.8000E+00, 2.9200E+01,
14:52:45.07732306, 7.9667E+00, 4.8667E+00, 2.9467E+01,
14:52:45.07732311, 7.9667E+00, 4.5333E+00, 2.9733E+01,
14:52:45.07732316, 8.0333E+00, 4.8000E+00, 2.9467E+01,
14:52:45.07732321, 8.0000E+00, 4.7333E+00, 2.9467E+01,
14:52:45.07732326, 7.9333E+00, 4.8667E+00, 2.9600E+01,
14:52:45.07732331, 7.9667E+00, 4.7333E+00, 2.9733E+01,
14:52:45.07732336, 8.0000E+00, 4.6667E+00, 2.9733E+01,
14:52:45.07732341, 7.9333E+00, 4.8000E+00, 2.9467E+01,
14:52:45.07732346, 7.9667E+00, 4.8667E+00, 2.9467E+01,
14:52:45.07732351, 8.0333E+00, 4.8667E+00, 2.9467E+01,
14:52:45.07732356, 8.0000E+00, 4.6667E+00, 2.9467E+01,
14:52:45.07732361, 7.9000E+00, 4.7333E+00, 2.9467E+01,
14:52:45.07732366, 7.9333E+00, 4.8000E+00, 2.9467E+01,
14:52:45.07732371, 7.9667E+00, 4.6000E+00, 2.9733E+01,
14:52:45.07732376, 7.9667E+00, 4.7333E+00, 2.9467E+01,
14:52:45.07732381, 8.0333E+00, 4.6667E+00, 2.9467E+01,
14:52:45.07732386, 7.9333E+00, 4.7333E+00, 2.9333E+01,
14:52:45.07732391, 8.0000E+00, 4.8000E+00, 3.0133E+01,
14:52:45.07732396, 8.0333E+00, 4.6667E+00, 2.9600E+01,
14:52:45.07732401, 7.9333E+00, 4.6667E+00, 2.9333E+01,
14:52:45.07732406, 7.9333E+00, 4.7333E+00, 2.9467E+01,
14:52:45.07732411, 7.9333E+00, 4.8000E+00, 2.9200E+01,
14:52:45.07732416, 7.9333E+00, 4.8667E+00, 2.9600E+01,
14:52:45.07732421, 8.0333E+00, 4.7333E+00, 2.9467E+01,
14:52:45.07732426, 8.0000E+00, 4.7333E+00, 2.9733E+01,
14:52:45.07732431, 8.0000E+00, 4.6000E+00, 2.9600E+01,
14:52:45.07732436, 7.9667E+00, 4.6000E+00, 2.9600E+01,
14:52:45.07732441, 7.9333E+00, 4.8000E+00, 2.9600E+01,
14:52:45.07732446, 7.9667E+00, 4.8667E+00, 2.9600E+01,
14:52:45.07732451, 7.9333E+00, 4.7333E+00, 2.9467E+01,
14:52:45.07732456, 7.9667E+00, 4.8000E+00, 2.9467E+01,
14:52:45.07732461, 7.9667E+00, 4.7333E+00, 2.9867E+01,
14:52:45.07732466, 7.9333E+00, 4.7333E+00, 2.9867E+01,
14:52:45.07732471, 8.0000E+00, 4.6667E+00, 2.9333E+01,
14:52:45.07732476, 7.9333E+00, 4.8000E+00, 2.9467E+01,
14:52:45.07732481, 7.9667E+00, 4.7333E+00, 2.9467E+01,
14:52:45.07732486, 7.9333E+00, 4.8000E+00, 2.9867E+01,
14:52:45.07732491, 7.9333E+00, 4.6667E+00, 2.9733E+01,
14:52:45.07732496, 7.9667E+00, 4.7333E+00, 2.9600E+01,
14:52:45.07732501, 8.0333E+00, 4.9333E+00, 2.9467E+01,
14:52:45.07732506, 7.9667E+00, 4.8000E+00, 2.9200E+01,
14:52:45.07732511, 7.9333E+00, 4.6667E+00, 2.9467E+01,
14:52:45.07732516, 7.9333E+00, 4.6000E+00, 2.9467E+01,
14:52:45.07732521, 8.0333E+00, 4.8667E+00, 2.9467E+01,
14:52:45.07732526, 7.9333E+00, 4.5333E+00, 2.9467E+01,
14:52:45.07732531, 8.0000E+00, 4.8667E+00, 2.9467E+01,
14:52:45.07732536, 7.9333E+00, 4.7333E+00, 2.9733E+01,
14:52:45.07732541, 7.9667E+00, 4.6667E+00, 2.9467E+01,
14:52:45.07732546, 8.0000E+00, 4.8000E+00, 2.9600E+01,
14:52:45.07732551, 7.9000E+00, 4.7333E+00, 2.9600E+01,
14:52:45.07732556, 8.0000E+00, 4.8000E+00, 2.9467E+01,
14:52:45.07732561, 8.0000E+00, 4.8667E+00, 2.9467E+01,
14:52:45.07732566, 8.0333E+00, 4.7333E+00, 2.9467E+01,
14:52:45.07732571, 7.9333E+00, 4.6667E+00, 2.9867E+01,
14:52:45.07732576, 7.9667E+00, 4.6667E+00, 2.9467E+01,
14:52:45.07732581, 8.0333E+00, 4.7333E+00, 2.9600E+01,
14:52:45.07732586, 7.9667E+00, 4.6000E+00, 2.9600E+01,
14:52:45.07732591, 7.9667E+00, 4.8000E+00, 2.9467E+01,
14:52:45.07732596, 8.0000E+00, 4.7333E+00, 2.9600E+01,
14:52:45.07732601, 7.9333E+00, 4.6667E+00, 2.9467E+01,
14:52:45.07732606, 7.9333E+00, 4.7333E+00, 2.9467E+01,
14:52:45.07732611, 7.9667E+00, 4.8667E+00, 2.9467E+01,
14:52:45.07732616, 8.0333E+00, 4.8000E+00, 2.9333E+01,
14:52:45.07732621, 7.9333E+00, 4.6667E+00, 2.9467E+01,
14:52:45.07732626, 7.9667E+00, 4.8667E+00, 2.9467E+01,
14:52:45.07732631, 8.0000E+00, 4.6667E+00, 2.9600E+01,
14:52:45.07732636, 7.9333E+00, 4.7333E+00, 2.9467E+01,
14:52:45.07732641, 7.9333E+00, 4.9333E+00, 2.9467E+01,
14:52:45.07732646, 7.9333E+00, 4.8000E+00, 2.9600E+01,
14:52:45.07732651, 7.9333E+00, 4.7333E+00, 2.9467E+01,
14:52:45.07732656, 7.9333E+00, 4.6667E+00, 2.9467E+01,
14:52:45.07732661, 7.9667E+00, 4.6667E+00, 2.9467E+01,
14:52:45.07732666, 7.9333E+00, 4.8000E+00, 2.9467E+01,
14:52:45.07732671, 8.0000E+00, 4.7333E+00, 2.9867E+01,
14:52:45.07732676, 7.9667E+00, 4.7333E+00, 2.9600E+01,
14:52:45.07732681, 8.0000E+00, 4.7333E+00, 2.9467E+01,
14:52:45.07732686, 8.0000E+00, 4.8000E+00, 2.9467E+01,
14:52:45.07732691, 7.9333E+00, 4.6667E+00, 2.9467E+01,
14:52:45.07732696, 7.9667E+00, 4.8667E+00, 2.9467E+01,
14:52:45.07732701, 7.9333E+00, 4.8000E+00, 2.9467E+01,
14:52:45.07732706, 8.0000E+00, 4.8000E+00, 2.9467E+01,
14:52:45.07732711, 7.9333E+00, 4.6667E+00, 2.9467E+01,
14:52:45.07732716, 7.9667E+00, 4.8000E+00, 2.9600E+01,
14:52:45.07732721, 8.0000E+00, 4.7333E+00, 2.9333E+01,
14:52:45.07732726, 7.9667E+00, 4.7333E+00, 2.9600E+01,
14:52:45.07732731, 7.9667E+00, 4.7333E+00, 2.9467E+01,
14:52:45.07732736, 7.9667E+00, 4.7333E+00, 2.9467E+01,
14:52:45.07732741, 7.9333E+00, 4.8000E+00, 2.9600E+01,
14:52:45.07732746, 8.0000E+00, 4.7333E+00, 2.9333E+01,
14:52:45.07732751, 7.9667E+00, 4.8667E+00, 2.9467E+01,
14:52:45.07732756, 7.9667E+00, 4.7333E+00, 2.9467E+01,
14:52:45.07732761, 7.9333E+00, 4.6667E+00, 2.9333E+01,
14:52:45.07732766, 7.9667E+00, 4.7333E+00, 2.9467E+01,
14:52:45.07732771, 7.9667E+00, 4.7333E+00, 2.9467E+01,
14:52:45.07732776, 8.0333E+00, 4.6667E+00, 2.9467E+01,
14:52:45.07732781, 7.9667E+00, 4.7333E+00, 2.9600E+01,
14:52:45.07732786, 7.9667E+00, 4.8000E+00, 2.9467E+01,
14:52:45.07732791, 7.9667E+00, 4.6000E+00, 2.9600E+01,
14:52:45.07732796, 7.9667E+00, 4.8000E+00, 2.9600E+01,
14:52:45.07732801, 7.9333E+00, 4.8000E+00, 2.9200E+01,
14:52:45.07732806, 7.9333E+00, 4.7333E+00, 2.9467E+01,
14:52:45.07732811, 7.9667E+00, 4.8000E+00, 2.9600E+01,
14:52:45.07732816, 7.9333E+00, 4.8000E+00, 2.9467E+01,
14:52:45.07732821, 7.9333E+00, 4.6000E+00, 2.9467E+01,
14:52:45.07732826, 7.9333E+00, 4.7333E+00, 2.9467E+01,
14:52:45.07732831, 8.0667E+00, 4.8000E+00, 3.0000E+01,
14:52:45.07732836, 7.9333E+00, 4.7333E+00, 2.9467E+01,
14:52:45.07732841, 7.9333E+00, 4.7333E+00, 2.9467E+01,
14:52:45.07732846, 7.9667E+00, 4.7333E+00, 2.9467E+01,
14:52:45.07732851, 8.0000E+00, 4.7333E+00, 2.9467E+01,
14:52:45.07732856, 8.0000E+00, 4.6000E+00, 2.9600E+01,
14:52:45.07732861, 8.0000E+00, 4.8000E+00, 2.9467E+01,
14:52:45.07732866, 7.9667E+00, 4.7333E+00, 2.9333E+01,
14:52:45.07732871, 7.9667E+00, 4.8000E+00, 2.9333E+01,
14:52:45.07732876, 8.0333E+00, 4.6667E+00, 2.9467E+01,
14:52:45.07732881, 7.9333E+00, 4.8000E+00, 2.9867E+01,
14:52:45.07732886, 7.9667E+00, 4.8000E+00, 2.9467E+01,
14:52:45.07732891, 7.9667E+00, 4.8000E+00, 2.9467E+01,
14:52:45.07732896, 7.9667E+00, 4.6667E+00, 2.9467E+01,
14:52:45.07732901, 7.9667E+00, 4.8000E+00, 2.9733E+01,
14:52:45.07732906, 7.9333E+00, 4.8667E+00, 2.9467E+01,
14:52:45.07732911, 8.0000E+00, 4.6667E+00, 2.9333E+01,
14:52:45.07732916, 7.9667E+00, 4.6667E+00, 2.9600E+01,
14:52:45.07732921, 8.0000E+00, 4.7333E+00, 2.9733E+01,
14:52:45.07732926, 7.9333E+00, 4.7333E+00, 2.9467E+01,
14:52:45.07732931, 8.0000E+00, 4.8000E+00, 2.9733E+01,
14:52:45.07732936, 7.9000E+00, 4.8000E+00, 2.9733E+01,
14:52:45.07732941, 8.0000E+00, 4.8000E+00, 2.9467E+01,
14:52:45.07732946, 7.9333E+00, 4.6667E+00, 2.9467E+01,
14:52:45.07732951, 8.0333E+00, 4.6667E+00, 2.9467E+01,
14:52:45.07732956, 7.9000E+00, 4.8000E+00, 2.9467E+01,
14:52:45.07732961, 8.0333E+00, 4.7333E+00, 2.9467E+01,
14:52:45.07732966, 7.9667E+00, 4.6667E+00, 2.9467E+01,
14:52:45.07732971, 7.9667E+00, 4.7333E+00, 2.9333E+01,
14:52:45.07732976, 7.9667E+00, 4.8000E+00, 2.9333E+01,
14:52:45.07732981, 7.9333E+00, 4.8667E+00, 2.9600E+01,
14:52:45.07732986, 7.9333E+00, 4.7333E+00, 2.9467E+01,
14:52:45.07732991, 8.0000E+00, 4.6667E+00, 2.9333E+01,
14:52:45.07732996, 7.9333E+00, 4.6000E+00, 2.9467E+01,
14:52:45.07733001, 7.9667E+00, 4.8000E+00, 2.9333E+01,
14:52:45.07733006, 7.9333E+00, 4.6000E+00, 2.9467E+01,
14:52:45.07733011, 7.9667E+00, 4.8000E+00, 2.9467E+01,
14:52:45.07733016, 8.0333E+00, 4.7333E+00, 2.9600E+01,
14:52:45.07733021, 7.9333E+00, 4.7333E+00, 2.9600E+01,
14:52:45.07733026, 7.9667E+00, 4.8667E+00, 2.9867E+01,
14:52:45.07733031, 7.9667E+00, 4.7333E+00, 2.9467E+01,
14:52:45.07733036, 8.0000E+00, 4.7333E+00, 2.9200E+01,
14:52:45.07733041, 7.9333E+00, 4.6667E+00, 2.9467E+01,
14:52:45.07733046, 7.9333E+00, 4.7333E+00, 2.9467E+01,
14:52:45.07733051, 7.9667E+00, 4.7333E+00, 2.9467E+01,
14:52:45.07733056, 8.0333E+00, 4.6667E+00, 2.9467E+01,
14:52:45.07733061, 7.9333E+00, 4.6667E+00, 2.9467E+01,
14:52:45.07733066, 8.0333E+00, 4.8000E+00, 2.9467E+01,
14:52:45.07733071, 8.0000E+00, 4.8667E+00, 2.9333E+01,
14:52:45.07733076, 7.9333E+00, 4.8000E+00, 2.9600E+01,
14:52:45.07733081, 8.0333E+00, 4.8667E+00, 2.9467E+01,
14:52:45.07733086, 7.9667E+00, 4.6000E+00, 2.9333E+01,
14:52:45.07733091, 8.0000E+00, 4.7333E+00, 2.9333E+01,
14:52:45.07733096, 7.9333E+00, 4.7333E+00, 2.9467E+01,
14:52:45.07733101, 8.0333E+00, 4.8000E+00, 2.9333E+01,
14:52:45.07733106, 7.9667E+00, 4.7333E+00, 2.9600E+01,
14:52:45.07733111, 7.9333E+00, 4.6000E+00, 2.9733E+01,
14:52:45.07733116, 8.0000E+00, 4.8000E+00, 2.9467E+01,
14:52:45.07733121, 8.0000E+00, 4.6667E+00, 2.9467E+01,
14:52:45.07733126, 8.0000E+00, 4.6667E+00, 2.9333E+01,
14:52:45.07733131, 7.9333E+00, 4.8667E+00, 2.9600E+01,
14:52:45.07733136, 7.9667E+00, 4.8667E+00, 2.9600E+01,
14:52:45.07733141, 7.9333E+00, 4.7333E+00, 2.9467E+01,
14:52:45.07733146, 7.9667E+00, 4.7333E+00, 2.9467E+01,
14:52:45.07733151, 8.0333E+00, 4.6667E+00, 2.9467E+01,
14:52:45.07733156, 7.9667E+00, 4.6667E+00, 2.9467E+01,
14:52:45.07733161, 8.0000E+00, 4.6000E+00, 2.9600E+01,
14:52:45.07733166, 7.9333E+00, 4.6667E+00, 2.9733E+01,
14:52:45.07733171, 7.9333E+00, 4.6000E+00, 2.9333E+01,
14:52:45.07733176, 7.9000E+00, 4.8000E+00, 2.9467E+01,
14:52:45.07733181, 7.9333E+00, 4.7333E+00, 2.9333E+01,
14:52:45.07733186, 7.9333E+00, 4.8000E+00, 2.9467E+01,
14:52:45.07733191, 7.9667E+00, 4.7333E+00, 2.9467E+01,
14:52:45.07733196, 7.9667E+00, 4.8000E+00, 2.9467E+01,
14:52:45.07733201, 7.9667E+00, 4.7333E+00, 2.9600E+01,
14:52:45.07733206, 8.0333E+00, 4.8000E+00, 2.9467E+01,
14:52:45.07733211, 7.9667E+00, 4.8000E+00, 2.9600E+01,
14:52:45.07733216, 8.0000E+00, 4.8667E+00, 2.9733E+01,
14:52:45.07733221, 7.9333E+00, 4.7333E+00, 2.9333E+01,
14:52:45.07733226, 7.9333E+00, 4.8000E+00, 2.9467E+01,
14:52:45.07733231, 7.9333E+00, 4.8000E+00, 2.9600E+01,
14:52:45.07733236, 7.9333E+00, 4.8000E+00, 2.9600E+01,
14:52:45.07733241, 7.9667E+00, 4.6667E+00, 2.9467E+01,
14:52:45.07733246, 7.9333E+00, 4.8000E+00, 2.9467E+01,
14:52:45.07733251, 7.9333E+00, 4.6667E+00, 2.9467E+01,
14:52:45.07733256, 7.9333E+00, 4.9333E+00, 2.9333E+01,
14:52:45.07733261, 7.9333E+00, 4.6667E+00, 2.9600E+01,
14:52:45.07733266, 7.9667E+00, 4.6667E+00, 2.9467E+01,
14:52:45.07733271, 8.0000E+00, 4.7333E+00, 2.9467E+01,
14:52:45.07733276, 8.0000E+00, 4.7333E+00, 2.9333E+01,
14:52:45.07733281, 7.9333E+00, 4.8000E+00, 2.9333E+01,
14:52:45.07733286, 7.9333E+00, 4.8000E+00, 2.9200E+01,
14:52:45.07733291, 7.9667E+00, 4.8000E+00, 2.9467E+01,
14:52:45.07733296, 7.9667E+00, 4.6667E+00, 2.9467E+01,
14:52:45.07733301, 8.0333E+00, 4.6667E+00, 2.9467E+01,
14:52:45.07733306, 7.9333E+00, 4.7333E+00, 2.9333E+01,
14:52:45.07733311, 8.0000E+00, 4.8667E+00, 2.9467E+01,
14:52:45.07733316, 7.9333E+00, 4.8000E+00, 2.9467E+01,
14:52:45.07733321, 7.9333E+00, 4.7333E+00, 2.9467E+01,
14:52:45.07733326, 8.0000E+00, 4.8000E+00, 2.9467E+01,
14:52:45.07733331, 8.0333E+00, 4.8000E+00, 2.9333E+01,
14:52:45.07733336, 7.9333E+00, 4.7333E+00, 2.9467E+01,
14:52:45.07733341, 8.0000E+00, 4.7333E+00, 2.9333E+01,
14:52:45.07733346, 7.9333E+00, 4.7333E+00, 2.9467E+01,
14:52:45.07733351, 7.9667E+00, 4.7333E+00, 2.9600E+01,
14:52:45.07733356, 7.9667E+00, 4.7333E+00, 2.9600E+01,
14:52:45.07733361, 7.9333E+00, 4.8667E+00, 2.9467E+01,
14:52:45.07733366, 8.0333E+00, 4.7333E+00, 2.9600E+01,
14:52:45.07733371, 7.9333E+00, 4.8000E+00, 2.9467E+01,
14:52:45.07733376, 7.9333E+00, 4.7333E+00, 2.9733E+01,
14:52:45.07733381, 7.9333E+00, 4.8000E+00, 2.9600E+01,
14:52:45.07733386, 7.9667E+00, 4.7333E+00, 2.9333E+01,
14:52:45.07733391, 8.0333E+00, 4.7333E+00, 2.9467E+01,
14:52:45.07733396, 8.0000E+00, 4.8667E+00, 2.9467E+01,
14:52:45.07733401, 8.0000E+00, 4.8000E+00, 2.9467E+01,
14:52:45.07733406, 7.9333E+00, 4.7333E+00, 2.9733E+01,
14:52:45.07733411, 7.9667E+00, 4.7333E+00, 2.9600E+01,
14:52:45.07733416, 7.9333E+00, 4.6000E+00, 2.9467E+01,
14:52:45.07733421, 8.0000E+00, 4.8000E+00, 2.9733E+01,
14:52:45.07733426, 7.9000E+00, 4.7333E+00, 2.9467E+01,
14:52:45.07733431, 8.0333E+00, 4.7333E+00, 2.9467E+01,
14:52:45.07733436, 8.0000E+00, 4.6000E+00, 2.9467E+01,
14:52:45.07733441, 7.9333E+00, 4.7333E+00, 2.9467E+01,
14:52:45.07733446, 7.9667E+00, 4.6000E+00, 2.9333E+01,
14:52:45.07733451, 7.9667E+00, 4.6667E+00, 2.9467E+01,
14:52:45.07733456, 7.9667E+00, 4.6667E+00, 2.9600E+01,
14:52:45.07733461, 7.9667E+00, 4.8000E+00, 2.9467E+01,
14:52:45.07733466, 7.9667E+00, 4.7333E+00, 2.9333E+01,
14:52:45.07733471, 7.9333E+00, 4.6667E+00, 2.9467E+01,
14:52:45.07733476, 8.0000E+00, 4.7333E+00, 2.9467E+01,
14:52:45.07733481, 7.9333E+00, 4.8000E+00, 2.9467E+01,
14:52:45.07733486, 7.9667E+00, 4.7333E+00, 2.9333E+01,
14:52:45.07733491, 8.0000E+00, 4.6667E+00, 2.9467E+01,
14:52:45.07733496, 7.9667E+00, 4.8000E+00, 2.9467E+01,
14:52:45.07733501, 8.0000E+00, 4.7333E+00, 2.9467E+01,
14:52:45.07733506, 7.9333E+00, 4.5333E+00, 2.9867E+01,
14:52:45.07733511, 7.9333E+00, 4.6667E+00, 2.9600E+01,
14:52:45.07733516, 7.9667E+00, 4.6667E+00, 2.9200E+01,
14:52:45.07733521, 7.9667E+00, 4.8667E+00, 2.9200E+01,
14:52:45.07733526, 7.9333E+00, 4.6000E+00, 2.9467E+01,
14:52:45.07733531, 8.0667E+00, 4.7333E+00, 2.9467E+01,
14:52:45.07733536, 7.9333E+00, 4.7333E+00, 2.9467E+01,
14:52:45.07733541, 8.0333E+00, 4.8000E+00, 2.9467E+01,
14:52:45.07733546, 8.0333E+00, 4.6667E+00, 2.9733E+01,
14:52:45.07733551, 7.9667E+00, 4.8000E+00, 2.9467E+01,
14:52:45.07733556, 7.9667E+00, 4.6667E+00, 2.9467E+01,
14:52:45.07733561, 7.9333E+00, 4.6000E+00, 2.9467E+01,
14:52:45.07733566, 8.0000E+00, 4.7333E+00, 2.9733E+01,
14:52:45.07733571, 7.9333E+00, 4.8667E+00, 2.9467E+01,
14:52:45.07733576, 7.9667E+00, 4.7333E+00, 2.9333E+01,
14:52:45.07733581, 8.0000E+00, 4.8000E+00, 2.9467E+01,
14:52:45.07733586, 8.0000E+00, 4.8000E+00, 2.9467E+01,
14:52:45.07733591, 7.9667E+00, 4.6667E+00, 2.9467E+01,
14:52:45.07733596, 7.9333E+00, 4.6667E+00, 2.9467E+01,
14:52:45.07733601, 8.0000E+00, 4.6667E+00, 2.9333E+01,
14:52:45.07733606, 7.9667E+00, 4.6667E+00, 2.9600E+01,
14:52:45.07733611, 8.0000E+00, 4.8000E+00, 2.9600E+01,
14:52:45.07733616, 7.9333E+00, 4.8667E+00, 2.9600E+01,
14:52:45.07733621, 8.0333E+00, 4.8000E+00, 2.9467E+01,
14:52:45.07733626, 7.9667E+00, 4.6000E+00, 2.9333E+01,
14:52:45.07733631, 8.0000E+00, 4.6667E+00, 2.9467E+01,
14:52:45.07733636, 7.9333E+00, 4.7333E+00, 2.9333E+01,
14:52:45.07733641, 7.9667E+00, 4.8000E+00, 2.9600E+01,
14:52:45.07733646, 7.9667E+00, 4.8000E+00, 2.9467E+01,
14:52:45.07733651, 7.9667E+00, 4.6000E+00, 2.9467E+01,
14:52:45.07733656, 7.9333E+00, 4.7333E+00, 2.9600E+01,
14:52:45.07733661, 7.9667E+00, 4.7333E+00, 2.9467E+01,
14:52:45.07733666, 8.0333E+00, 4.7333E+00, 2.9333E+01,
14:52:45.07733671, 7.9667E+00, 4.8000E+00, 2.9467E+01,
14:52:45.07733676, 8.0000E+00, 4.8000E+00, 2.9600E+01,
14:52:45.07733681, 7.9667E+00, 4.8000E+00, 2.9467E+01,
14:52:45.07733686, 8.0000E+00, 4.8000E+00, 2.9467E+01,
14:52:45.07733691, 8.0000E+00, 4.7333E+00, 2.9467E+01,
14:52:45.07733696, 7.9000E+00, 4.8000E+00, 2.9600E+01,
14:52:45.07733701, 7.9667E+00, 4.7333E+00, 2.9600E+01,
14:52:45.07733706, 7.9333E+00, 4.8667E+00, 2.9333E+01,
14:52:45.07733711, 7.9667E+00, 4.6000E+00, 2.9467E+01,
14:52:45.07733716, 8.0000E+00, 4.6000E+00, 2.9333E+01,
14:52:45.07733721, 7.9667E+00, 4.8667E+00, 2.9467E+01,
14:52:45.07733726, 7.9667E+00, 4.6667E+00, 2.9733E+01,
14:52:45.07733731, 8.0000E+00, 4.9333E+00, 2.9600E+01,
14:52:45.07733736, 7.9667E+00, 4.8000E+00, 2.9333E+01,
14:52:45.07733741, 8.0333E+00, 4.7333E+00, 2.9200E+01,
14:52:45.07733746, 7.9333E+00, 4.7333E+00, 2.9467E+01,
14:52:45.07733751, 7.9333E+00, 4.6667E+00, 2.9333E+01,
14:52:45.07733756, 8.0000E+00, 4.7333E+00, 2.9733E+01,
14:52:45.07733761, 7.9333E+00, 4.6000E+00, 2.9467E+01,
14:52:45.07733766, 7.9333E+00, 5.0000E+00, 2.9467E+01,
14:52:45.07733771, 8.0000E+00, 4.6667E+00, 2.9467E+01,
14:52:45.07733776, 7.9667E+00, 4.8667E+00, 2.9600E+01,
14:52:45.07733781, 7.9667E+00, 4.8000E+00, 2.9467E+01,
14:52:45.07733786, 8.0667E+00, 4.8000E+00, 2.9467E+01,
14:52:45.07733791, 7.9333E+00, 4.7333E+00, 2.9333E+01,
14:52:45.07733796, 8.0000E+00, 4.8000E+00, 2.9733E+01,
14:52:45.07733801, 8.0000E+00, 4.8000E+00, 2.9733E+01,
14:52:45.07733806, 8.0000E+00, 4.7333E+00, 2.9600E+01,
14:52:45.07733811, 7.9333E+00, 4.8000E+00, 2.9467E+01,
14:52:45.07733816, 8.0000E+00, 4.6667E+00, 2.9467E+01,
14:52:45.07733821, 7.9333E+00, 4.8000E+00, 2.9600E+01,
14:52:45.07733826, 7.9667E+00, 4.8000E+00, 2.9467E+01,
14:52:45.07733831, 7.9667E+00, 4.6667E+00, 2.9467E+01,
14:52:45.07733836, 7.9667E+00, 4.6667E+00, 2.9200E+01,
14:52:45.07733841, 7.9333E+00, 4.7333E+00, 2.9467E+01,
14:52:45.07733846, 7.9333E+00, 4.7333E+00, 2.9600E+01,
14:52:45.07733851, 7.9333E+00, 4.7333E+00, 2.9467E+01,
14:52:45.07733856, 7.9667E+00, 4.6667E+00, 2.9600E+01,
14:52:45.07733861, 7.9667E+00, 4.6667E+00, 2.9467E+01,
14:52:45.07733866, 7.9667E+00, 4.7333E+00, 2.9467E+01,
14:52:45.07733871, 7.9333E+00, 4.6667E+00, 2.9467E+01,
14:52:45.07733876, 8.0000E+00, 4.6667E+00, 2.9333E+01,
14:52:45.07733881, 7.9667E+00, 4.6000E+00, 2.9467E+01,
14:52:45.07733886, 7.9667E+00, 4.6000E+00, 2.9467E+01,
14:52:45.07733891, 7.9333E+00, 4.6667E+00, 2.9467E+01,
14:52:45.07733896, 7.9333E+00, 4.7333E+00, 2.9467E+01,
14:52:45.07733901, 7.9333E+00, 4.8000E+00, 2.9600E+01,
14:52:45.07733906, 7.9333E+00, 4.8000E+00, 2.9467E+01,
14:52:45.07733911, 7.9333E+00, 4.9333E+00, 2.9467E+01,
14:52:45.07733916, 8.0000E+00, 4.8000E+00, 2.9467E+01,
14:52:45.07733921, 7.9333E+00, 4.7333E+00, 2.9467E+01,
14:52:45.07733926, 7.9667E+00, 4.8000E+00, 2.9467E+01,
14:52:45.07733931, 7.9333E+00, 4.6667E+00, 2.9467E+01,
14:52:45.07733936, 7.9333E+00, 4.6667E+00, 2.9467E+01,
14:52:45.07733941, 7.9667E+00, 4.8000E+00, 2.9467E+01,
14:52:45.07733946, 8.0000E+00, 4.7333E+00, 2.9467E+01,
14:52:45.07733951, 7.9333E+00, 4.6667E+00, 2.9600E+01,
14:52:45.07733956, 7.9667E+00, 4.7333E+00, 2.9467E+01,
14:52:45.07733961, 7.9667E+00, 4.7333E+00, 2.9467E+01,
14:52:45.07733966, 7.9667E+00, 4.7333E+00, 2.9467E+01,
14:52:45.07733971, 7.9667E+00, 4.7333E+00, 3.0000E+01,
14:52:45.07733976, 7.9667E+00, 4.7333E+00, 2.9467E+01,
14:52:45.07733981, 7.9667E+00, 4.8000E+00, 2.9600E+01,
14:52:45.07733986, 8.0000E+00, 4.8000E+00, 2.9333E+01,
14:52:45.07733991, 8.0333E+00, 4.7333E+00, 2.9467E+01,
14:52:45.07733996, 7.9667E+00, 4.6667E+00, 2.9467E+01,
14:52:45.07734001, 7.9333E+00, 4.7333E+00, 2.9467E+01,
14:52:45.07734006, 7.9667E+00, 4.8000E+00, 2.9600E+01,
14:52:45.07734011, 7.9667E+00, 4.8000E+00, 2.9467E+01,
14:52:45.07734016, 7.9667E+00, 4.8000E+00, 2.9467E+01,
14:52:45.07734021, 7.9667E+00, 4.6000E+00, 2.9333E+01,
14:52:45.07734026, 8.0333E+00, 4.8000E+00, 2.9600E+01,
14:52:45.07734031, 7.9333E+00, 4.8000E+00, 2.9467E+01,
14:52:45.07734036, 8.0000E+00, 4.7333E+00, 2.9600E+01,
14:52:45.07734041, 7.9333E+00, 4.6667E+00, 2.9600E+01,
14:52:45.07734046, 8.0000E+00, 4.8000E+00, 2.9467E+01,
14:52:45.07734051, 7.9333E+00, 4.7333E+00, 2.9467E+01,
14:52:45.07734056, 7.9667E+00, 4.8000E+00, 2.9600E+01,
14:52:45.07734061, 8.0000E+00, 4.8000E+00, 2.9333E+01,
14:52:45.07734066, 7.9333E+00, 4.7333E+00, 2.9467E+01,
14:52:45.07734071, 8.0333E+00, 4.8000E+00, 2.9467E+01,
14:52:45.07734076, 8.0000E+00, 5.0000E+00, 2.9467E+01,
14:52:45.07734081, 7.9333E+00, 4.7333E+00, 2.9467E+01,
14:52:45.07734086, 7.9333E+00, 4.8000E+00, 2.9200E+01,
14:52:45.07734091, 7.9667E+00, 4.6000E+00, 2.9600E+01,
14:52:45.07734096, 7.9667E+00, 4.8000E+00, 2.9467E+01,
14:52:45.07734101, 7.9667E+00, 4.7333E+00, 2.9467E+01,
14:52:45.07734106, 8.0000E+00, 4.6667E+00, 2.9467E+01,
14:52:45.07734111, 7.9667E+00, 4.6667E+00, 2.9467E+01,
14:52:45.07734116, 7.9667E+00, 4.6667E+00, 2.9467E+01,
14:52:45.07734121, 7.9667E+00, 4.7333E+00, 2.9467E+01,
14:52:45.07734126, 8.0000E+00, 4.8000E+00, 2.9600E+01,
14:52:45.07734131, 8.0333E+00, 4.6000E+00, 2.9467E+01,
14:52:45.07734136, 7.9333E+00, 4.7333E+00, 2.9600E+01,
14:52:45.07734141, 8.0000E+00, 4.8667E+00, 2.9467E+01,
14:52:45.07734146, 7.9333E+00, 4.8000E+00, 2.9467E+01,
14:52:45.07734151, 7.9333E+00, 4.8667E+00, 2.9467E+01,
14:52:45.07734156, 8.0000E+00, 4.8667E+00, 2.9333E+01,
14:52:45.07734161, 8.0000E+00, 4.8000E+00, 2.9333E+01,
14:52:45.07734166, 7.9667E+00, 4.7333E+00, 2.9467E+01,
14:52:45.07734171, 8.0333E+00, 4.6667E+00, 2.9467E+01,
14:52:45.07734176, 7.9667E+00, 4.8000E+00, 2.9467E+01,
14:52:45.07734181, 7.9333E+00, 4.6667E+00, 2.9467E+01,
14:52:45.07734186, 7.9333E+00, 4.6667E+00, 2.9467E+01,
14:52:45.07734191, 7.9667E+00, 4.6667E+00, 2.9733E+01,
14:52:45.07734196, 7.9667E+00, 4.8000E+00, 2.9600E+01,
14:52:45.07734201, 8.0333E+00, 4.8000E+00, 2.9733E+01,
14:52:45.07734206, 7.9667E+00, 4.8000E+00, 2.9467E+01,
14:52:45.07734211, 8.0000E+00, 4.7333E+00, 2.9600E+01,
14:52:45.07734216, 8.0333E+00, 4.7333E+00, 2.9467E+01,
14:52:45.07734221, 7.9667E+00, 4.7333E+00, 2.9467E+01,
14:52:45.07734226, 8.0000E+00, 4.7333E+00, 2.9333E+01,
14:52:45.07734231, 7.9333E+00, 4.8000E+00, 2.9733E+01,
14:52:45.07734236, 7.9333E+00, 4.8667E+00, 2.9467E+01,
14:52:45.07734241, 7.9333E+00, 4.6000E+00, 2.9467E+01,
14:52:45.07734246, 7.9333E+00, 4.7333E+00, 2.9600E+01,
14:52:45.07734251, 7.9333E+00, 4.7333E+00, 2.9467E+01,
14:52:45.07734256, 7.9333E+00, 4.8000E+00, 2.9600E+01,
14:52:45.07734261, 7.9333E+00, 4.7333E+00, 2.9333E+01,
14:52:45.07734266, 8.0000E+00, 4.7333E+00, 2.9333E+01,
14:52:45.07734271, 7.9333E+00, 4.8667E+00, 2.9467E+01,
14:52:45.07734276, 8.0333E+00, 4.7333E+00, 2.9467E+01,
14:52:45.07734281, 7.9333E+00, 4.8000E+00, 2.9600E+01,
14:52:45.07734286, 7.9333E+00, 4.7333E+00, 2.9467E+01,
14:52:45.07734291, 7.9333E+00, 4.7333E+00, 2.9733E+01,
14:52:45.07734296, 7.9333E+00, 4.7333E+00, 2.9467E+01,
14:52:45.07734301, 8.0000E+00, 4.8667E+00, 2.9600E+01,
14:52:45.07734306, 7.9667E+00, 4.6000E+00, 2.9600E+01,
14:52:45.07734311, 7.9667E+00, 4.6667E+00, 2.9600E+01,
14:52:45.07734316, 7.9667E+00, 4.6667E+00, 2.9200E+01,
14:52:45.07734321, 7.9667E+00, 4.8667E+00, 2.9467E+01,
14:52:45.07734326, 8.0000E+00, 4.8667E+00, 2.9467E+01,
14:52:45.07734331, 7.9000E+00, 4.8667E+00, 2.9467E+01,
14:52:45.07734336, 7.9000E+00, 4.8000E+00, 2.9467E+01,
14:52:45.07734341, 7.9667E+00, 4.8000E+00, 2.9600E+01,
14:52:45.07734346, 8.0000E+00, 4.8000E+00, 2.9467E+01,
14:52:45.07734351, 8.0667E+00, 4.8667E+00, 2.9467E+01,
14:52:45.07734356, 7.9667E+00, 4.8667E+00, 2.9467E+01,
14:52:45.07734361, 7.9333E+00, 4.8000E+00, 2.9467E+01,
14:52:45.07734366, 7.9667E+00, 4.6000E+00, 2.9733E+01,
14:52:45.07734371, 7.9667E+00, 4.7333E+00, 2.9467E+01,
14:52:45.07734376, 7.9333E+00, 4.6667E+00, 2.9467E+01,
14:52:45.07734381, 7.9333E+00, 4.6667E+00, 2.9467E+01,
14:52:45.07734386, 8.0667E+00, 4.6667E+00, 2.9467E+01,
14:52:45.07734391, 7.9333E+00, 4.8667E+00, 2.9333E+01,
14:52:45.07734396, 8.0000E+00, 4.6000E+00, 2.9467E+01,
14:52:45.07734401, 7.9667E+00, 4.8000E+00, 2.9600E+01,
14:52:45.07734406, 7.9667E+00, 4.6667E+00, 2.9467E+01,
14:52:45.07734411, 7.9667E+00, 4.8000E+00, 2.9467E+01,
14:52:45.07734416, 7.9667E+00, 4.6667E+00, 2.9333E+01,
14:52:45.07734421, 7.9333E+00, 4.7333E+00, 2.9467E+01,
14:52:45.07734426, 8.0333E+00, 4.7333E+00, 2.9600E+01,
14:52:45.07734431, 7.9667E+00, 4.9333E+00, 2.9733E+01,
14:52:45.07734436, 7.9333E+00, 4.8667E+00, 2.9600E+01,
14:52:45.07734441, 8.0000E+00, 4.8000E+00, 2.9733E+01,
14:52:45.07734446, 8.0000E+00, 4.7333E+00, 2.9333E+01,
14:52:45.07734451, 7.9667E+00, 4.8667E+00, 2.9467E+01,
14:52:45.07734456, 7.9667E+00, 4.6667E+00, 2.9333E+01,
14:52:45.07734461, 8.0000E+00, 4.6667E+00, 2.9600E+01,
14:52:45.07734466, 8.0333E+00, 4.7333E+00, 2.9600E+01,
14:52:45.07734471, 8.0000E+00, 4.6667E+00, 2.9600E+01,
14:52:45.07734476, 7.9000E+00, 4.8000E+00, 2.9467E+01,
14:52:45.07734481, 7.9667E+00, 4.8667E+00, 2.9467E+01,
14:52:45.07734486, 7.9333E+00, 4.8000E+00, 2.9333E+01,
14:52:45.07734491, 8.0000E+00, 4.6667E+00, 2.9333E+01,
14:52:45.07734496, 8.0000E+00, 4.7333E+00, 2.9467E+01,
14:52:45.07734501, 8.1000E+00, 4.5333E+00, 2.9467E+01,
14:52:45.07734506, 7.9333E+00, 4.8667E+00, 2.9200E+01,
14:52:45.07734511, 7.9667E+00, 4.7333E+00, 2.9333E+01,
14:52:45.07734516, 7.9667E+00, 4.6667E+00, 2.9333E+01,
14:52:45.07734521, 7.9333E+00, 4.8667E+00, 2.9467E+01,
14:52:45.07734526, 7.9333E+00, 4.6667E+00, 2.9467E+01,
14:52:45.07734531, 7.9333E+00, 4.9333E+00, 2.9467E+01,
14:52:45.07734536, 7.9667E+00, 4.6667E+00, 2.9467E+01,
14:52:45.07734541, 8.0000E+00, 4.8667E+00, 2.9467E+01,
14:52:45.07734546, 8.0000E+00, 4.6667E+00, 2.9467E+01,
14:52:45.07734551, 7.9667E+00, 4.7333E+00, 2.9200E+01,
14:52:45.07734556, 8.0000E+00, 4.6000E+00, 2.9600E+01,
14:52:45.07734561, 7.9667E+00, 4.8000E+00, 2.9467E+01,
14:52:45.07734566, 7.9667E+00, 4.6000E+00, 2.9600E+01,
14:52:45.07734571, 8.0000E+00, 4.7333E+00, 2.9467E+01,
14:52:45.07734576, 7.9667E+00, 4.7333E+00, 2.9467E+01,
14:52:45.07734581, 7.9667E+00, 4.7333E+00, 2.9600E+01,
14:52:45.07734586, 8.0000E+00, 4.7333E+00, 2.9467E+01,
14:52:45.07734591, 8.0000E+00, 4.7333E+00, 2.9467E+01,
14:52:45.07734596, 8.0333E+00, 4.9333E+00, 2.9467E+01,
14:52:45.07734601, 7.9667E+00, 4.6667E+00, 2.9733E+01,
14:52:45.07734606, 8.0000E+00, 4.7333E+00, 2.9467E+01,
14:52:45.07734611, 7.9667E+00, 4.7333E+00, 2.9333E+01,
14:52:45.07734616, 7.9667E+00, 4.7333E+00, 2.9467E+01,
14:52:45.07734621, 7.9667E+00, 4.6667E+00, 2.9733E+01,
14:52:45.07734626, 7.9667E+00, 4.7333E+00, 2.9600E+01,
14:52:45.07734631, 7.9333E+00, 4.8000E+00, 2.9600E+01,
14:52:45.07734636, 7.9333E+00, 4.7333E+00, 2.9600E+01,
14:52:45.07734641, 8.0000E+00, 4.8000E+00, 2.9467E+01,
14:52:45.07734646, 7.9333E+00, 4.7333E+00, 2.9467E+01,
14:52:45.07734651, 8.0333E+00, 4.8000E+00, 2.9600E+01,
14:52:45.07734656, 7.9333E+00, 4.7333E+00, 2.9467E+01,
14:52:45.07734661, 8.0333E+00, 4.9333E+00, 2.9200E+01,
14:52:45.07734666, 7.9667E+00, 4.6667E+00, 2.9467E+01,
14:52:45.07734671, 8.0000E+00, 4.7333E+00, 2.9600E+01,
14:52:45.07734676, 7.9333E+00, 4.7333E+00, 2.9600E+01,
14:52:45.07734681, 8.0667E+00, 4.5333E+00, 2.9467E+01,
14:52:45.07734686, 8.0333E+00, 4.8000E+00, 2.9467E+01,
14:52:45.07734691, 8.0000E+00, 4.6667E+00, 2.9600E+01,
14:52:45.07734696, 8.0000E+00, 4.6000E+00, 2.9600E+01,
14:52:45.07734701, 8.0333E+00, 4.8667E+00, 2.9333E+01,
14:52:45.07734706, 7.9333E+00, 4.7333E+00, 2.9333E+01,
14:52:45.07734711, 7.9333E+00, 4.6667E+00, 2.9467E+01,
14:52:45.07734716, 8.1000E+00, 4.7333E+00, 2.9600E+01,
14:52:45.07734721, 7.9333E+00, 4.8000E+00, 2.9467E+01,
14:52:45.07734726, 7.9667E+00, 4.8000E+00, 2.9467E+01,
14:52:45.07734731, 7.9667E+00, 4.6667E+00, 2.9467E+01,
14:52:45.07734736, 7.9667E+00, 4.8000E+00, 2.9733E+01,
14:52:45.07734741, 7.9333E+00, 4.7333E+00, 2.9467E+01,
14:52:45.07734746, 7.9333E+00, 4.7333E+00, 2.9467E+01,
14:52:45.07734751, 7.9667E+00, 4.6667E+00, 2.9200E+01,
14:52:45.07734756, 7.9667E+00, 4.8000E+00, 2.9600E+01,
14:52:45.07734761, 7.9333E+00, 4.8667E+00, 2.9467E+01,
14:52:45.07734766, 7.9333E+00, 4.6667E+00, 2.9733E+01,
14:52:45.07734771, 8.0000E+00, 4.6667E+00, 2.9733E+01,
14:52:45.07734776, 8.0000E+00, 4.8000E+00, 2.9467E+01,
14:52:45.07734781, 7.9333E+00, 4.6000E+00, 2.9733E+01,
14:52:45.07734786, 8.0000E+00, 4.7333E+00, 2.9467E+01,
14:52:45.07734791, 8.0000E+00, 4.8667E+00, 2.9467E+01,
14:52:45.07734796, 7.9333E+00, 4.7333E+00, 2.9200E+01,
14:52:45.07734801, 7.9333E+00, 4.6667E+00, 2.9467E+01,
14:52:45.07734806, 7.9333E+00, 4.7333E+00, 2.9467E+01,
14:52:45.07734811, 7.9333E+00, 4.8000E+00, 2.9467E+01,
14:52:45.07734816, 7.9333E+00, 4.8000E+00, 2.9600E+01,
14:52:45.07734821, 8.0000E+00, 4.7333E+00, 2.9467E+01,
14:52:45.07734826, 7.9333E+00, 4.8000E+00, 2.9467E+01,
14:52:45.07734831, 7.9667E+00, 4.8000E+00, 2.9467E+01,
14:52:45.07734836, 7.9333E+00, 4.6667E+00, 2.9467E+01,
14:52:45.07734841, 7.9667E+00, 4.7333E+00, 2.9467E+01,
14:52:45.07734846, 7.9333E+00, 4.7333E+00, 2.9467E+01,
14:52:45.07734851, 7.9667E+00, 4.7333E+00, 2.9333E+01,
14:52:45.07734856, 7.9667E+00, 4.8000E+00, 2.9600E+01,
14:52:45.07734861, 8.0000E+00, 4.8000E+00, 2.9467E+01,
14:52:45.07734866, 7.9667E+00, 4.7333E+00, 2.9600E+01,
14:52:45.07734871, 8.0000E+00, 4.8667E+00, 2.9333E+01,
14:52:45.07734876, 7.9000E+00, 4.7333E+00, 2.9333E+01,
14:52:45.07734881, 7.9333E+00, 4.6667E+00, 2.9467E+01,
14:52:45.07734886, 8.0000E+00, 4.7333E+00, 2.9600E+01,
14:52:45.07734891, 7.9667E+00, 4.7333E+00, 2.9600E+01,
14:52:45.07734896, 7.9667E+00, 4.8000E+00, 2.9467E+01,
14:52:45.07734901, 8.0000E+00, 4.8000E+00, 2.9467E+01,
14:52:45.07734906, 7.9333E+00, 4.8000E+00, 2.9733E+01,
14:52:45.07734911, 8.0000E+00, 4.6667E+00, 2.9733E+01,
14:52:45.07734916, 8.0000E+00, 4.6000E+00, 2.9467E+01,
14:52:45.07734921, 8.0000E+00, 4.7333E+00, 2.9467E+01,
14:52:45.07734926, 7.9667E+00, 4.6667E+00, 2.9600E+01,
14:52:45.07734931, 7.9667E+00, 4.6667E+00, 2.9467E+01,
14:52:45.07734936, 7.9667E+00, 4.8000E+00, 2.9467E+01,
14:52:45.07734941, 8.0000E+00, 4.7333E+00, 2.9467E+01,
14:52:45.07734946, 7.9333E+00, 4.6667E+00, 2.9467E+01,
14:52:45.07734951, 7.9333E+00, 4.8000E+00, 2.9467E+01,
14:52:45.07734956, 7.9333E+00, 4.8000E+00, 2.9467E+01,
14:52:45.07734961, 7.9333E+00, 4.6667E+00, 2.9333E+01,
14:52:45.07734966, 7.9333E+00, 4.8000E+00, 2.9467E+01,
14:52:45.07734971, 7.9333E+00, 4.6000E+00, 2.9467E+01,
14:52:45.07734976, 8.0333E+00, 4.6667E+00, 2.9467E+01,
14:52:45.07734981, 8.0000E+00, 4.6667E+00, 2.9467E+01,
14:52:45.07734986, 7.9667E+00, 4.6667E+00, 2.9467E+01,
14:52:45.07734991, 7.9333E+00, 4.6000E+00, 2.9600E+01,
14:52:45.07734996, 7.9000E+00, 4.6000E+00, 2.9467E+01,
14:52:45.07735001, 7.9667E+00, 4.6000E+00, 2.9467E+01,
14:52:45.07735006, 7.9333E+00, 4.9333E+00, 2.9600E+01,
14:52:45.07735011, 8.0000E+00, 4.7333E+00, 2.9467E+01,
14:52:45.07735016, 7.9333E+00, 4.7333E+00, 2.9467E+01,
14:52:45.07735021, 7.9667E+00, 4.8000E+00, 2.9733E+01,
14:52:45.07735026, 7.9333E+00, 4.6667E+00, 2.9467E+01,
14:52:45.07735031, 8.0333E+00, 4.6667E+00, 2.9467E+01,
14:52:45.07735036, 8.0000E+00, 4.6667E+00, 2.9467E+01,
14:52:45.07735041, 7.9667E+00, 4.6667E+00, 2.9467E+01,
14:52:45.07735046, 7.9667E+00, 4.6000E+00, 2.9733E+01,
14:52:45.07735051, 8.0000E+00, 4.6667E+00, 2.9467E+01,
14:52:45.07735056, 8.0000E+00, 4.8000E+00, 2.9467E+01,
14:52:45.07735061, 7.9667E+00, 4.6000E+00, 2.9600E+01,
14:52:45.07735066, 8.0000E+00, 4.8000E+00, 2.9467E+01,
14:52:45.07735071, 7.9333E+00, 4.7333E+00, 2.9600E+01,
14:52:45.07735076, 7.9667E+00, 4.6667E+00, 2.9467E+01,
14:52:45.07735081, 7.9333E+00, 4.9333E+00, 2.9467E+01,
14:52:45.07735086, 8.0000E+00, 4.6667E+00, 2.9467E+01,
14:52:45.07735091, 7.9000E+00, 4.8667E+00, 2.9467E+01,
14:52:45.07735096, 7.9333E+00, 4.8000E+00, 2.9333E+01,
14:52:45.07735101, 8.0000E+00, 4.6667E+00, 2.9333E+01,
14:52:45.07735106, 8.0000E+00, 4.7333E+00, 2.9467E+01,
14:52:45.07735111, 7.9333E+00, 4.7333E+00, 2.9467E+01,
14:52:45.07735116, 8.0000E+00, 4.8667E+00, 2.9467E+01,
14:52:45.07735121, 7.9667E+00, 4.6667E+00, 2.9333E+01,
14:52:45.07735126, 8.0000E+00, 4.7333E+00, 2.9333E+01,
14:52:45.07735131, 7.9333E+00, 4.8667E+00, 2.9467E+01,
14:52:45.07735136, 8.0000E+00, 4.6667E+00, 2.9333E+01,
14:52:45.07735141, 8.0000E+00, 4.8000E+00, 2.9067E+01,
14:52:45.07735146, 7.9667E+00, 4.7333E+00, 2.9467E+01,
14:52:45.07735151, 7.9333E+00, 4.8000E+00, 2.9467E+01,
14:52:45.07735156, 8.0000E+00, 4.5333E+00, 2.9467E+01,
14:52:45.07735161, 8.0000E+00, 4.7333E+00, 2.9467E+01,
14:52:45.07735166, 8.0000E+00, 4.8667E+00, 2.9467E+01,
14:52:45.07735171, 8.0000E+00, 4.6667E+00, 2.9467E+01,
14:52:45.07735176, 7.9667E+00, 4.6667E+00, 2.9467E+01,
14:52:45.07735181, 7.9333E+00, 4.7333E+00, 2.9200E+01,
14:52:45.07735186, 7.9667E+00, 4.8000E+00, 2.9467E+01,
14:52:45.07735191, 8.0000E+00, 4.6667E+00, 2.9467E+01,
14:52:45.07735196, 7.9333E+00, 4.6667E+00, 2.9467E+01,
14:52:45.07735201, 7.9667E+00, 4.6000E+00, 2.9467E+01,
14:52:45.07735206, 7.9333E+00, 4.6000E+00, 2.9467E+01,
14:52:45.07735211, 7.9333E+00, 4.8667E+00, 2.9733E+01,
14:52:45.07735216, 8.0333E+00, 4.6667E+00, 2.9467E+01,
14:52:45.07735221, 7.9667E+00, 4.6667E+00, 2.9467E+01,
14:52:45.07735226, 7.9667E+00, 4.7333E+00, 2.9467E+01,
14:52:45.07735231, 8.0000E+00, 4.7333E+00, 2.9467E+01,
14:52:45.07735236, 5.1667E+00, 5.1333E+00, 2.9200E+01,
14:52:45.07735241, 2.5667E+00, 9.1333E+00, 2.9333E+01,
14:52:45.07735246, 2.0000E+00, 6.0000E+00, 2.9467E+01,
14:52:45.07735251, 1.0333E+00, 6.0000E+00, 2.8800E+01,
14:52:45.07735256, 9.3333E-01, 6.0000E+00, 2.8800E+01,
14:52:45.07735261, 9.6667E-01, 6.0000E+00, 2.9067E+01,
14:52:45.07735266, 9.3333E-01, 6.0000E+00, 2.8667E+01,
14:52:45.07735271, 9.0000E-01, 5.9333E+00, 2.8267E+01,
14:52:45.07735276, 9.3333E-01, 5.8667E+00, 2.7733E+01,
14:52:45.07735281, 9.0000E-01, 6.0667E+00, 2.7467E+01,
14:52:45.07735286, 8.3333E-01, 5.8667E+00, 2.7200E+01,
14:52:45.07735291, 8.6667E-01, 5.8667E+00, 2.6933E+01,
14:52:45.07735296, 9.0000E-01, 5.8000E+00, 2.6133E+01,
14:52:45.07735301, 9.3333E-01, 5.8667E+00, 2.6400E+01,
14:52:45.07735306, 9.3333E-01, 5.8000E+00, 2.5733E+01,
14:52:45.07735311, 8.6667E-01, 5.8000E+00, 2.5600E+01,
14:52:45.07735316, 8.6667E-01, 5.8667E+00, 2.5067E+01,
14:52:45.07735321, 9.3333E-01, 5.6667E+00, 2.4933E+01,
14:52:45.07735326, 8.6667E-01, 5.9333E+00, 2.4533E+01,
14:52:45.07735331, 8.3333E-01, 5.8667E+00, 2.4267E+01,
14:52:45.07735336, 7.6667E-01, 5.8000E+00, 2.3600E+01,
14:52:45.07735341, 8.0000E-01, 5.8667E+00, 2.3467E+01,
14:52:45.07735346, 9.3333E-01, 5.8667E+00, 2.3467E+01,
14:52:45.07735351, 9.0000E-01, 5.8000E+00, 2.2800E+01,
14:52:45.07735356, 8.3333E-01, 5.8000E+00, 2.2667E+01,
14:52:45.07735361, 8.6667E-01, 5.8667E+00, 2.2533E+01,
14:52:45.07735366, 8.6667E-01, 5.8000E+00, 2.2133E+01,
14:52:45.07735371, 8.6667E-01, 5.8667E+00, 2.1733E+01,
14:52:45.07735376, 7.6667E-01, 5.8000E+00, 2.1733E+01,
14:52:45.07735381, 7.6667E-01, 5.8000E+00, 2.1200E+01,
14:52:45.07735386, 8.0000E-01, 5.8667E+00, 2.0933E+01,
14:52:45.07735391, 7.3333E-01, 5.6667E+00, 2.0667E+01,
14:52:45.07735396, 7.6667E-01, 5.8667E+00, 2.0400E+01,
14:52:45.07735401, 7.6667E-01, 5.8000E+00, 1.9867E+01,
14:52:45.07735406, 8.3333E-01, 5.8000E+00, 1.9733E+01,
14:52:45.07735411, 8.3333E-01, 5.8000E+00, 1.9733E+01,
14:52:45.07735416, 8.3333E-01, 5.8000E+00, 1.9333E+01,
14:52:45.07735421, 7.3333E-01, 5.8000E+00, 1.9067E+01,
14:52:45.07735426, 8.0000E-01, 5.8667E+00, 1.8533E+01,
14:52:45.07735431, 8.0000E-01, 5.8667E+00, 1.8533E+01,
14:52:45.07735436, 7.3333E-01, 5.8667E+00, 1.7867E+01,
14:52:45.07735441, 7.0000E-01, 5.7333E+00, 1.7733E+01,
14:52:45.07735446, 7.6667E-01, 5.7333E+00, 1.7600E+01,
14:52:45.07735451, 7.3333E-01, 5.8667E+00, 1.7067E+01,
14:52:45.07735456, 8.3333E-01, 5.7333E+00, 1.7333E+01,
14:52:45.07735461, 7.6667E-01, 5.8000E+00, 1.7067E+01,
14:52:45.07735466, 7.0000E-01, 5.8000E+00, 1.6800E+01,
14:52:45.07735471, 7.3333E-01, 5.6667E+00, 1.6667E+01,
14:52:45.07735476, 7.6667E-01, 5.7333E+00, 1.5733E+01,
14:52:45.07735481, 7.0000E-01, 5.7333E+00, 1.5733E+01,
14:52:45.07735486, 6.6667E-01, 5.8667E+00, 1.5333E+01,
14:52:45.07735491, 7.6667E-01, 5.6667E+00, 1.5467E+01,
14:52:45.07735496, 7.6667E-01, 5.6667E+00, 1.5333E+01,
14:52:45.07735501, 7.0000E-01, 5.8000E+00, 1.4800E+01,
14:52:45.07735506, 7.6667E-01, 5.7333E+00, 1.4400E+01,
14:52:45.07735511, 8.0000E-01, 5.6667E+00, 1.4267E+01,
14:52:45.07735516, 7.3333E-01, 5.8000E+00, 1.4000E+01,
14:52:45.07735521, 6.6667E-01, 5.6667E+00, 1.3600E+01,
14:52:45.07735526, 7.0000E-01, 5.8000E+00, 1.3600E+01,
14:52:45.07735531, 7.0000E-01, 5.7333E+00, 1.3200E+01,
14:52:45.07735536, 6.3333E-01, 5.6667E+00, 1.3200E+01,
14:52:45.07735541, 7.0000E-01, 5.7333E+00, 1.2933E+01,
14:52:45.07735546, 6.6667E-01, 5.6667E+00, 1.2933E+01,
14:52:45.07735551, 7.0000E-01, 5.7333E+00, 1.2533E+01,
14:52:45.07735556, 7.3333E-01, 5.7333E+00, 1.2400E+01,
14:52:45.07735561, 6.6667E-01, 5.8000E+00, 1.2133E+01,
14:52:45.07735566, 6.3333E-01, 5.6667E+00, 1.1600E+01,
14:52:45.07735571, 6.6667E-01, 5.6667E+00, 1.1333E+01,
14:52:45.07735576, 6.6667E-01, 5.6000E+00, 1.1067E+01,
14:52:45.07735581, 5.6667E-01, 5.6667E+00, 1.1067E+01,
14:52:45.07735586, 6.3333E-01, 5.7333E+00, 1.0933E+01,
14:52:45.07735591, 6.3333E-01, 5.6667E+00, 1.0800E+01,
14:52:45.07735596, 6.6667E-01, 5.5333E+00, 1.0267E+01,
14:52:45.07735601, 6.6667E-01, 5.6667E+00, 1.0267E+01,
14:52:45.07735606, 6.6667E-01, 5.6000E+00, 1.0133E+01,
14:52:45.07735611, 6.3333E-01, 5.6000E+00, 9.8667E+00,
14:52:45.07735616, 6.6667E-01, 5.7333E+00, 9.4667E+00,
14:52:45.07735621, 6.3333E-01, 5.6000E+00, 8.9333E+00,
14:52:45.07735626, 5.6667E-01, 5.6667E+00, 9.3333E+00,
14:52:45.07735631, 6.3333E-01, 5.4000E+00, 8.9333E+00,
14:52:45.07735636, 6.3333E-01, 5.6000E+00, 8.8000E+00,
14:52:45.07735641, 6.3333E-01, 5.6000E+00, 8.6667E+00,
14:52:45.07735646, 5.6667E-01, 5.6667E+00, 8.2667E+00,
14:52:45.07735651, 6.0000E-01, 5.5333E+00, 8.0000E+00,
14:52:45.07735656, 6.3333E-01, 5.5333E+00, 8.0000E+00,
14:52:45.07735661, 6.0000E-01, 5.6000E+00, 7.8667E+00,
14:52:45.07735666, 6.0000E-01, 5.6000E+00, 7.6000E+00,
14:52:45.07735671, 5.6667E-01, 5.5333E+00, 7.4667E+00,
14:52:45.07735676, 5.6667E-01, 5.4667E+00, 7.3333E+00,
14:52:45.07735681, 6.0000E-01, 5.5333E+00, 6.9333E+00,
14:52:45.07735686, 6.3333E-01, 5.5333E+00, 6.6667E+00,
14:52:45.07735691, 6.3333E-01, 5.5333E+00, 6.4000E+00,
14:52:45.07735696, 5.6667E-01, 5.4667E+00, 6.4000E+00,
14:52:45.07735701, 6.0000E-01, 5.6667E+00, 6.5333E+00,
14:52:45.07735706, 5.6667E-01, 5.7333E+00, 6.0000E+00,
14:52:45.07735711, 6.0000E-01, 5.6000E+00, 6.1333E+00,
14:52:45.07735716, 5.3333E-01, 5.5333E+00, 5.8667E+00,
14:52:45.07735721, 5.3333E-01, 5.6000E+00, 5.3333E+00,
14:52:45.07735726, 6.6667E-01, 5.5333E+00, 5.3333E+00,
14:52:45.07735731, 5.6667E-01, 5.4667E+00, 5.2000E+00,
14:52:45.07735736, 5.3333E-01, 5.3333E+00, 5.2000E+00,
14:52:45.07735741, 5.3333E-01, 5.2667E+00, 4.8000E+00,
14:52:45.07735746, 5.6667E-01, 5.6667E+00, 4.5333E+00,
14:52:45.07735751, 5.3333E-01, 5.5333E+00, 4.5333E+00,
14:52:45.07735756, 5.3333E-01, 5.4000E+00, 4.4000E+00,
14:52:45.07735761, 5.6667E-01, 5.5333E+00, 4.1333E+00,
14:52:45.07735766, 5.6667E-01, 5.3333E+00, 4.2667E+00,
14:52:45.07735771, 5.6667E-01, 5.5333E+00, 4.0000E+00,
14:52:45.07735776, 6.0000E-01, 5.4667E+00, 3.3333E+00,
14:52:45.07735781, 5.6667E-01, 5.4667E+00, 3.6000E+00,
14:52:45.07735786, 5.6667E-01, 5.4000E+00, 3.2000E+00,
14:52:45.07735791, 5.6667E-01, 5.4667E+00, 3.3333E+00,
14:52:45.07735796, 5.3333E-01, 5.4000E+00, 2.9333E+00,
14:52:45.07735801, 5.6667E-01, 5.4667E+00, 3.2000E+00,
14:52:45.07735806, 5.3333E-01, 5.6667E+00, 2.5333E+00,
14:52:45.07735811, 5.3333E-01, 5.4000E+00, 2.5333E+00,
14:52:45.07735816, 6.0000E-01, 5.4667E+00, 2.2667E+00,
14:52:45.07735821, 5.3333E-01, 5.4000E+00, 2.1333E+00,
14:52:45.07735826, 5.3333E-01, 5.4667E+00, 1.8667E+00,
14:52:45.07735831, 5.0000E-01, 5.4667E+00, 2.0000E+00,
14:52:45.07735836, 5.6667E-01, 5.3333E+00, 1.8667E+00,
14:52:45.07735841, 5.0000E-01, 5.4667E+00, 1.6000E+00,
14:52:45.07735846, 5.6667E-01, 5.3333E+00, 1.3333E+00,
14:52:45.07735851, 5.0000E-01, 5.3333E+00, 1.7333E+00,
14:52:45.07735856, 5.3333E-01, 5.4000E+00, 1.0667E+00,
14:52:45.07735861, 5.6667E-01, 5.3333E+00, 8.0000E-01,
14:52:45.07735866, 5.0000E-01, 5.2000E+00, 8.0000E-01,
14:52:45.07735871, 5.0000E-01, 5.3333E+00, 6.6667E-01,
14:52:45.07735876, 5.6667E-01, 5.4667E+00, 8.0000E-01,
14:52:45.07735881, 5.3333E-01, 5.3333E+00, 8.0000E-01,
14:52:45.07735886, 5.3333E-01, 5.2667E+00, 5.3333E-01,
14:52:45.07735891, 5.3333E-01, 5.2667E+00, 5.3333E-01,
14:52:45.07735896, 5.6667E-01, 5.4000E+00, 0.0000E+00,
14:52:45.07735901, 5.6667E-01, 5.4000E+00, 0.0000E+00,
14:52:45.07735906, 5.6667E-01, 5.2000E+00, 2.6667E-01,
14:52:45.07735911, 5.0000E-01, 5.3333E+00, 1.3333E-01,
14:52:45.07735916, 5.0000E-01, 5.3333E+00,-1.3333E-01,
14:52:45.07735921, 5.3333E-01, 5.4000E+00,-4.0000E-01,
14:52:45.07735926, 5.3333E-01, 5.2000E+00,-2.6667E-01,
14:52:45.07735931, 5.0000E-01, 5.4000E+00,-5.3333E-01,
14:52:45.07735936, 4.6667E-01, 5.2667E+00,-6.6667E-01,
14:52:45.07735941, 5.3333E-01, 5.2667E+00,-6.6667E-01,
14:52:45.07735946, 5.0000E-01, 5.3333E+00,-1.0667E+00,
14:52:45.07735951, 5.0000E-01, 5.2667E+00,-6.6667E-01,
14:52:45.07735956, 4.6667E-01, 5.2000E+00,-6.6667E-01,
14:52:45.07735961, 5.0000E-01, 5.2000E+00,-8.0000E-01,
14:52:45.07735966, 5.0000E-01, 5.2667E+00,-1.3333E+00,
14:52:45.07735971, 4.6667E-01, 5.2000E+00,-1.4667E+00,
14:52:45.07735976, 5.0000E-01, 5.2000E+00,-1.6000E+00,
14:52:45.07735981, 4.6667E-01, 5.1333E+00,-1.6000E+00,
14:52:45.07735986, 5.0000E-01, 5.1333E+00,-1.6000E+00,
14:52:45.07735991, 4.3333E-01, 5.2000E+00,-2.0000E+00,
14:52:45.07735996, 5.0000E-01, 5.2667E+00,-1.7333E+00,
14:52:45.07736001, 5.0000E-01, 5.2667E+00,-1.6000E+00,
14:52:45.07736006, 4.0000E-01, 5.2000E+00,-2.0000E+00,
14:52:45.07736011, 5.0000E-01, 5.2000E+00,-2.1333E+00,
14:52:45.07736016, 4.6667E-01, 5.2000E+00,-2.0000E+00,
14:52:45.07736021, 4.6667E-01, 5.2000E+00,-2.1333E+00,
14:52:45.07736026, 4.0000E-01, 5.1333E+00,-2.1333E+00,
14:52:45.07736031, 4.3333E-01, 5.2000E+00,-2.0000E+00,
14:52:45.07736036, 5.0000E-01, 5.1333E+00,-2.1333E+00,
14:52:45.07736041, 4.6667E-01, 5.1333E+00,-2.6667E+00,
14:52:45.07736046, 4.6667E-01, 5.1333E+00,-2.5333E+00,
14:52:45.07736051, 4.3333E-01, 5.1333E+00,-2.4000E+00,
14:52:45.07736056, 3.6667E-01, 5.0667E+00,-2.4000E+00,
14:52:45.07736061, 5.0000E-01, 5.2000E+00,-2.6667E+00,
14:52:45.07736066, 4.6667E-01, 5.1333E+00,-2.6667E+00,
14:52:45.07736071, 4.3333E-01, 5.2000E+00,-2.9333E+00,
14:52:45.07736076, 5.0000E-01, 5.1333E+00,-2.8000E+00,
14:52:45.07736081, 4.0000E-01, 5.0667E+00,-3.2000E+00,
14:52:45.07736086, 4.3333E-01, 5.1333E+00,-3.2000E+00,
14:52:45.07736091, 4.0000E-01, 5.1333E+00,-3.2000E+00,
14:52:45.07736096, 4.3333E-01, 5.1333E+00,-3.3333E+00,
14:52:45.07736101, 4.3333E-01, 5.1333E+00,-3.0667E+00,
14:52:45.07736106, 5.0000E-01, 5.1333E+00,-3.3333E+00,
14:52:45.07736111, 4.0000E-01, 5.0000E+00,-3.2000E+00,
14:52:45.07736116, 4.6667E-01, 5.1333E+00,-3.0667E+00,
14:52:45.07736121, 4.3333E-01, 5.1333E+00,-3.4667E+00,
14:52:45.07736126, 5.0000E-01, 5.2000E+00,-3.4667E+00,
14:52:45.07736131, 4.0000E-01, 5.0667E+00,-3.4667E+00,
14:52:45.07736136, 4.3333E-01, 5.0667E+00,-3.4667E+00,
14:52:45.07736141, 4.0000E-01, 5.1333E+00,-3.6000E+00,
14:52:45.07736146, 5.0000E-01, 5.0667E+00,-3.4667E+00,
14:52:45.07736151, 3.6667E-01, 5.0000E+00,-3.6000E+00,
14:52:45.07736156, 3.6667E-01, 5.0667E+00,-3.4667E+00,
14:52:45.07736161, 3.3333E-01, 5.1333E+00,-3.8667E+00,
14:52:45.07736166, 4.6667E-01, 5.0667E+00,-3.6000E+00,
14:52:45.07736171, 4.3333E-01, 5.0667E+00,-3.8667E+00,
14:52:45.07736176, 4.3333E-01, 5.0667E+00,-4.1333E+00,
14:52:45.07736181, 4.3333E-01, 4.9333E+00,-3.7333E+00,
14:52:45.07736186, 3.6667E-01, 5.0667E+00,-4.1333E+00,
14:52:45.07736191, 3.6667E-01, 5.0000E+00,-3.4667E+00,
14:52:45.07736196, 4.0000E-01, 4.9333E+00,-3.7333E+00,
14:52:45.07736201, 3.6667E-01, 5.0667E+00,-3.7333E+00,
14:52:45.07736206, 4.3333E-01, 5.1333E+00,-4.0000E+00,
14:52:45.07736211, 4.3333E-01, 5.0667E+00,-3.6000E+00,
14:52:45.07736216, 4.3333E-01, 5.0000E+00,-4.0000E+00,
14:52:45.07736221, 4.3333E-01, 5.0000E+00,-3.8667E+00,
14:52:45.07736226, 4.6667E-01, 5.0000E+00,-4.1333E+00,
14:52:45.07736231, 3.6667E-01, 5.0667E+00,-4.1333E+00,
14:52:45.07736236, 3.6667E-01, 5.0667E+00,-4.1333E+00,
14:52:45.07736241, 3.6667E-01, 4.9333E+00,-4.1333E+00,
14:52:45.07736246, 3.6667E-01, 5.0000E+00,-4.2667E+00,
14:52:45.07736251, 3.6667E-01, 4.9333E+00,-4.0000E+00,
14:52:45.07736256, 3.6667E-01, 5.0000E+00,-4.2667E+00,
14:52:45.07736261, 3.6667E-01, 4.9333E+00,-4.0000E+00,
14:52:45.07736266, 3.3333E-01, 4.8667E+00,-4.1333E+00,
14:52:45.07736271, 3.6667E-01, 4.8667E+00,-4.1333E+00,
14:52:45.07736276, 4.3333E-01, 5.0000E+00,-4.4000E+00,
14:52:45.07736281, 4.3333E-01, 5.0000E+00,-4.2667E+00,
14:52:45.07736286, 3.0000E-01, 5.0667E+00,-4.4000E+00,
14:52:45.07736291, 2.6667E-01, 5.0000E+00,-4.4000E+00,
14:52:45.07736296, 3.3333E-01, 4.8667E+00,-4.4000E+00,
14:52:45.07736301, 3.6667E-01, 5.0000E+00,-4.1333E+00,
14:52:45.07736306, 3.3333E-01, 4.9333E+00,-4.1333E+00,
14:52:45.07736311, 4.0000E-01, 4.8667E+00,-4.4000E+00,
14:52:45.07736316, 3.6667E-01, 4.9333E+00,-4.4000E+00,
14:52:45.07736321, 4.0000E-01, 4.9333E+00,-4.2667E+00,
14:52:45.07736326, 3.6667E-01, 4.8667E+00,-4.4000E+00,
14:52:45.07736331, 3.0000E-01, 4.8667E+00,-4.2667E+00,
14:52:45.07736336, 3.3333E-01, 4.9333E+00,-4.0000E+00,
14:52:45.07736341, 3.3333E-01, 4.8667E+00,-4.5333E+00,
14:52:45.07736346, 3.0000E-01, 4.9333E+00,-4.2667E+00,
14:52:45.07736351, 3.3333E-01, 4.9333E+00,-4.2667E+00,
14:52:45.07736356, 4.0000E-01, 5.0667E+00,-4.5333E+00,
14:52:45.07736361, 3.6667E-01, 4.8000E+00,-4.5333E+00,
14:52:45.07736366, 3.3333E-01, 4.9333E+00,-4.0000E+00,
14:52:45.07736371, 3.3333E-01, 5.0000E+00,-4.5333E+00,
14:52:45.07736376, 3.3333E-01, 4.9333E+00,-4.4000E+00,
14:52:45.07736381, 3.6667E-01, 4.8000E+00,-4.4000E+00,
14:52:45.07736386, 3.3333E-01, 4.8000E+00,-3.8667E+00,
14:52:45.07736391, 3.3333E-01, 4.8000E+00,-3.8667E+00,
14:52:45.07736396, 2.6667E-01, 5.0000E+00,-4.2667E+00,
14:52:45.07736401, 3.0000E-01, 4.9333E+00,-4.1333E+00,
14:52:45.07736406, 3.3333E-01, 4.8667E+00,-4.2667E+00,
14:52:45.07736411, 3.6667E-01, 4.7333E+00,-4.4000E+00,
14:52:45.07736416, 3.0000E-01, 4.7333E+00,-4.2667E+00,
14:52:45.07736421, 3.3333E-01, 4.8667E+00,-4.2667E+00,
14:52:45.07736426, 3.6667E-01, 4.9333E+00,-3.8667E+00,
14:52:45.07736431, 3.3333E-01, 4.8000E+00,-4.4000E+00,
14:52:45.07736436, 3.3333E-01, 4.8000E+00,-4.2667E+00,
14:52:45.07736441, 3.3333E-01, 4.8667E+00,-4.0000E+00,
14:52:45.07736446, 3.6667E-01, 4.8000E+00,-3.8667E+00,
14:52:45.07736451, 4.0000E-01, 4.9333E+00,-4.0000E+00,
14:52:45.07736456, 3.6667E-01, 4.8667E+00,-4.2667E+00,
14:52:45.07736461, 3.0000E-01, 4.8667E+00,-3.8667E+00,
14:52:45.07736466, 3.6667E-01, 4.8000E+00,-4.4000E+00,
14:52:45.07736471, 3.6667E-01, 4.8667E+00,-3.7333E+00,
14:52:45.07736476, 3.6667E-01, 4.7333E+00,-3.8667E+00,
14:52:45.07736481, 3.0000E-01, 4.8667E+00,-4.0000E+00,
14:52:45.07736486, 3.3333E-01, 4.7333E+00,-3.8667E+00,
14:52:45.07736491, 2.6667E-01, 4.8667E+00,-3.8667E+00,
14:52:45.07736496, 3.0000E-01, 4.8000E+00,-3.8667E+00,
14:52:45.07736501, 3.3333E-01, 4.8000E+00,-3.4667E+00,
14:52:45.07736506, 3.3333E-01, 4.8667E+00,-4.0000E+00,
14:52:45.07736511, 3.6667E-01, 4.7333E+00,-3.8667E+00,
14:52:45.07736516, 3.0000E-01, 4.8000E+00,-4.1333E+00,
14:52:45.07736521, 4.3333E-01, 4.8000E+00,-3.4667E+00,
14:52:45.07736526, 3.6667E-01, 4.8000E+00,-3.6000E+00,
14:52:45.07736531, 3.3333E-01, 4.8667E+00,-3.4667E+00,
14:52:45.07736536, 3.0000E-01, 4.8000E+00,-3.4667E+00,
14:52:45.07736541, 2.6667E-01, 4.8000E+00,-3.4667E+00,
14:52:45.07736546, 3.0000E-01, 4.8667E+00,-3.4667E+00,
14:52:45.07736551, 3.6667E-01, 4.6667E+00,-3.4667E+00,
14:52:45.07736556, 3.0000E-01, 4.8667E+00,-3.6000E+00,
14:52:45.07736561, 2.6667E-01, 4.7333E+00,-3.4667E+00,
14:52:45.07736566, 3.6667E-01, 4.8667E+00,-3.4667E+00,
14:52:45.07736571, 2.6667E-01, 4.8000E+00,-3.6000E+00,
14:52:45.07736576, 2.3333E-01, 4.7333E+00,-3.3333E+00,
14:52:45.07736581, 2.6667E-01, 4.8667E+00,-3.3333E+00,
14:52:45.07736586, 2.6667E-01, 4.8000E+00,-3.2000E+00,
14:52:45.07736591, 2.6667E-01, 4.7333E+00,-3.4667E+00,
14:52:45.07736596, 3.0000E-01, 4.6667E+00,-3.0667E+00,
14:52:45.07736601, 3.3333E-01, 4.7333E+00,-3.4667E+00,
14:52:45.07736606, 2.6667E-01, 4.9333E+00,-3.4667E+00,
14:52:45.07736611, 2.6667E-01, 4.8667E+00,-3.0667E+00,
14:52:45.07736616, 3.3333E-01, 4.8000E+00,-3.2000E+00,
14:52:45.07736621, 2.3333E-01, 4.6667E+00,-3.2000E+00,
14:52:45.07736626, 3.6667E-01, 4.8667E+00,-3.0667E+00,
14:52:45.07736631, 3.3333E-01, 4.8000E+00,-3.0667E+00,
14:52:45.07736636, 2.6667E-01, 4.7333E+00,-2.6667E+00,
14:52:45.07736641, 3.6667E-01, 4.6000E+00,-2.8000E+00,
14:52:45.07736646, 3.3333E-01, 4.8000E+00,-2.9333E+00,
14:52:45.07736651, 3.0000E-01, 4.8667E+00,-2.8000E+00,
14:52:45.07736656, 4.3333E-01, 4.7333E+00,-2.8000E+00,
14:52:45.07736661, 2.6667E-01, 4.8000E+00,-2.9333E+00,
14:52:45.07736666, 2.3333E-01, 4.7333E+00,-2.6667E+00,
14:52:45.07736671, 2.6667E-01, 4.8000E+00,-2.5333E+00,
14:52:45.07736676, 3.0000E-01, 4.8667E+00,-2.5333E+00,
14:52:45.07736681, 3.0000E-01, 4.8667E+00,-2.8000E+00,
14:52:45.07736686, 3.3333E-01, 4.5333E+00,-2.9333E+00,
14:52:45.07736691, 2.6667E-01, 4.6667E+00,-2.6667E+00,
14:52:45.07736696, 2.6667E-01, 4.7333E+00,-2.8000E+00,
14:52:45.07736701, 3.0000E-01, 4.6000E+00,-2.2667E+00,
14:52:45.07736706, 3.0000E-01, 4.8000E+00,-2.2667E+00,
14:52:45.07736711, 3.3333E-01, 4.8667E+00,-2.4000E+00,
14:52:45.07736716, 2.3333E-01, 4.6667E+00,-2.4000E+00,
14:52:45.07736721, 3.0000E-01, 4.8000E+00,-2.2667E+00,
14:52:45.07736726, 3.0000E-01, 4.6667E+00,-2.4000E+00,
14:52:45.07736731, 2.6667E-01, 4.8000E+00,-2.2667E+00,
14:52:45.07736736, 2.3333E-01, 4.7333E+00,-2.1333E+00,
14:52:45.07736741, 2.6667E-01, 4.6667E+00,-2.1333E+00,
14:52:45.07736746, 2.3333E-01, 4.7333E+00,-2.2667E+00,
14:52:45.07736751, 3.0000E-01, 4.8000E+00,-2.0000E+00,
14:52:45.07736756, 2.6667E-01, 4.6667E+00,-2.2667E+00,
14:52:45.07736761, 3.0000E-01, 4.7333E+00,-2.0000E+00,
14:52:45.07736766, 3.3333E-01, 4.7333E+00,-1.8667E+00,
14:52:45.07736771, 2.0000E-01, 4.8000E+00,-2.1333E+00,
14:52:45.07736776, 2.3333E-01, 4.6667E+00,-1.8667E+00,
14:52:45.07736781, 2.6667E-01, 4.8000E+00,-1.8667E+00,
14:52:45.07736786, 2.3333E-01, 4.7333E+00,-1.7333E+00,
14:52:45.07736791, 3.0000E-01, 4.8000E+00,-2.0000E+00,
14:52:45.07736796, 2.6667E-01, 4.8000E+00,-1.7333E+00,
14:52:45.07736801, 3.3333E-01, 4.8667E+00,-1.8667E+00,
14:52:45.07736806, 2.6667E-01, 4.5333E+00,-1.7333E+00,
14:52:45.07736811, 3.0000E-01, 4.6667E+00,-1.4667E+00,
14:52:45.07736816, 3.0000E-01, 4.8667E+00,-1.4667E+00,
14:52:45.07736821, 2.6667E-01, 4.7333E+00,-1.7333E+00,
14:52:45.07736826, 2.3333E-01, 4.6667E+00,-1.4667E+00,
14:52:45.07736831, 2.6667E-01, 4.7333E+00,-1.7333E+00,
14:52:45.07736836, 2.6667E-01, 4.6000E+00,-1.6000E+00,
14:52:45.07736841, 2.6667E-01, 4.6667E+00,-1.4667E+00,
14:52:45.07736846, 2.6667E-01, 4.7333E+00,-1.4667E+00,
14:52:45.07736851, 3.3333E-01, 4.7333E+00,-1.3333E+00,
14:52:45.07736856, 3.3333E-01, 4.7333E+00,-9.3333E-01,
14:52:45.07736861, 2.6667E-01, 4.7333E+00,-9.3333E-01,
14:52:45.07736866, 3.0000E-01, 4.8667E+00,-1.2000E+00,
14:52:45.07736871, 2.0000E-01, 4.7333E+00,-1.0667E+00,
14:52:45.07736876, 2.0000E-01, 4.7333E+00,-1.0667E+00,
14:52:45.07736881, 3.0000E-01, 4.6667E+00,-8.0000E-01,
14:52:45.07736886, 2.6667E-01, 4.8000E+00,-9.3333E-01,
14:52:45.07736891, 2.6667E-01, 4.8000E+00,-1.0667E+00,
14:52:45.07736896, 2.6667E-01, 4.6667E+00,-8.0000E-01,
14:52:45.07736901, 2.6667E-01, 4.7333E+00,-9.3333E-01,
14:52:45.07736906, 3.0000E-01, 4.7333E+00,-6.6667E-01,
14:52:45.07736911, 2.6667E-01, 4.6000E+00,-6.6667E-01,
14:52:45.07736916, 3.0000E-01, 4.8000E+00,-8.0000E-01,
14:52:45.07736921, 2.6667E-01, 4.8000E+00,-6.6667E-01,
14:52:45.07736926, 2.6667E-01, 4.6667E+00,-8.0000E-01,
14:52:45.07736931, 2.0000E-01, 4.6667E+00,-5.3333E-01,
14:52:45.07736936, 3.3333E-01, 4.6667E+00,-6.6667E-01,
14:52:45.07736941, 3.0000E-01, 4.6667E+00,-5.3333E-01,
14:52:45.07736946, 2.0000E-01, 4.8000E+00,-8.0000E-01,
14:52:45.07736951, 3.0000E-01, 4.7333E+00,-5.3333E-01,
14:52:45.07736956, 2.6667E-01, 4.7333E+00,-5.3333E-01,
14:52:45.07736961, 2.3333E-01, 4.6000E+00,-1.3333E-01,
14:52:45.07736966, 2.6667E-01, 4.9333E+00,-2.6667E-01,
14:52:45.07736971, 2.6667E-01, 4.6667E+00,-4.0000E-01,
14:52:45.07736976, 2.3333E-01, 4.7333E+00, 0.0000E+00,
14:52:45.07736981, 3.3333E-01, 4.8000E+00,-1.3333E-01,
14:52:45.07736986, 2.3333E-01, 4.8000E+00,-5.3333E-01,
14:52:45.07736991, 3.0000E-01, 4.7333E+00,-1.3333E-01,
14:52:45.07736996, 3.0000E-01, 4.7333E+00, 0.0000E+00,
14:52:45.07737001, 3.0000E-01, 4.8000E+00, 0.0000E+00,
14:52:45.07737006, 2.6667E-01, 4.6667E+00, 0.0000E+00,
14:52:45.07737011, 2.3333E-01, 4.8000E+00, 0.0000E+00,
14:52:45.07737016, 2.3333E-01, 4.7333E+00, 1.3333E-01,
14:52:45.07737021, 3.0000E-01, 4.8000E+00, 1.3333E-01,
14:52:45.07737026, 2.6667E-01, 4.8667E+00, 1.3333E-01,
14:52:45.07737031, 3.0000E-01, 4.7333E+00, 1.3333E-01,
14:52:45.07737036, 2.3333E-01, 4.8667E+00, 0.0000E+00,
14:52:45.07737041, 2.6667E-01, 4.7333E+00, 4.0000E-01,
14:52:45.07737046, 3.0000E-01, 4.7333E+00, 1.3333E-01,
14:52:45.07737051, 2.6667E-01, 4.6667E+00, 5.3333E-01,
14:52:45.07737056, 2.6667E-01, 4.6667E+00, 5.3333E-01,
14:52:45.07737061, 2.0000E-01, 4.8000E+00, 2.6667E-01,
14:52:45.07737066, 2.6667E-01, 4.7333E+00, 6.6667E-01,
14:52:45.07737071, 3.0000E-01, 4.8667E+00, 6.6667E-01,
14:52:45.07737076, 2.3333E-01, 4.7333E+00, 6.6667E-01,
14:52:45.07737081, 2.6667E-01, 4.7333E+00, 5.3333E-01,
14:52:45.07737086, 2.6667E-01, 4.6667E+00, 8.0000E-01,
14:52:45.07737091, 2.6667E-01, 4.7333E+00, 6.6667E-01,
14:52:45.07737096, 2.0000E-01, 4.8667E+00, 5.3333E-01,
14:52:45.07737101, 3.3333E-01, 4.8000E+00, 8.0000E-01,
14:52:45.07737106, 2.0000E-01, 4.8000E+00, 8.0000E-01,
14:52:45.07737111, 3.3333E-01, 4.6667E+00, 6.6667E-01,
14:52:45.07737116, 3.0000E-01, 4.6667E+00, 1.0667E+00,
14:52:45.07737121, 2.3333E-01, 4.8000E+00, 9.3333E-01,
14:52:45.07737126, 2.3333E-01, 4.8667E+00, 8.0000E-01,
14:52:45.07737131, 1.6667E-01, 4.8000E+00, 6.6667E-01,
14:52:45.07737136, 2.6667E-01, 4.7333E+00, 6.6667E-01,
14:52:45.07737141, 2.6667E-01, 4.6667E+00, 6.6667E-01,
14:52:45.07737146, 3.0000E-01, 4.8000E+00, 9.3333E-01,
14:52:45.07737151, 2.6667E-01, 4.7333E+00, 8.0000E-01,
14:52:45.07737156, 2.6667E-01, 4.8000E+00, 9.3333E-01,
14:52:45.07737161, 2.0000E-01, 4.6000E+00, 9.3333E-01,
14:52:45.07737166, 2.6667E-01, 4.6000E+00, 1.0667E+00,
14:52:45.07737171, 2.3333E-01, 4.8000E+00, 1.3333E+00,
14:52:45.07737176, 2.3333E-01, 4.8000E+00, 9.3333E-01,
14:52:45.07737181, 2.6667E-01, 4.8000E+00, 1.0667E+00,
14:52:45.07737186, 2.3333E-01, 4.7333E+00, 9.3333E-01,
14:52:45.07737191, 2.6667E-01, 4.6667E+00, 1.3333E+00,
14:52:45.07737196, 2.6667E-01, 4.8000E+00, 1.4667E+00,
14:52:45.07737201, 2.0000E-01, 4.7333E+00, 1.4667E+00,
14:52:45.07737206, 2.0000E-01, 4.7333E+00, 1.3333E+00,
14:52:45.07737211, 2.0000E-01, 4.8667E+00, 1.4667E+00,
14:52:45.07737216, 2.0000E-01, 4.8000E+00, 1.4667E+00,
14:52:45.07737221, 2.0000E-01, 4.8000E+00, 1.6000E+00,
14:52:45.07737226, 2.0000E-01, 5.0000E+00, 1.3333E+00,
14:52:45.07737231, 2.0000E-01, 4.8000E+00, 1.4667E+00,
14:52:45.07737236, 3.0000E-01, 4.6667E+00, 1.6000E+00,
14:52:45.07737241, 2.6667E-01, 4.8000E+00, 1.6000E+00,
14:52:45.07737246, 2.3333E-01, 4.7333E+00, 1.6000E+00,
14:52:45.07737251, 2.0000E-01, 4.8667E+00, 1.6000E+00,
14:52:45.07737256, 2.3333E-01, 4.7333E+00, 1.8667E+00,
14:52:45.07737261, 3.0000E-01, 4.7333E+00, 1.4667E+00,
14:52:45.07737266, 2.0000E-01, 4.8667E+00, 1.8667E+00,
14:52:45.07737271, 2.3333E-01, 4.7333E+00, 1.7333E+00,
14:52:45.07737276, 2.6667E-01, 4.8000E+00, 2.0000E+00,
14:52:45.07737281, 2.0000E-01, 4.7333E+00, 1.7333E+00,
14:52:45.07737286, 3.0000E-01, 4.8667E+00, 1.6000E+00,
14:52:45.07737291, 2.0000E-01, 4.8667E+00, 1.7333E+00,
14:52:45.07737296, 2.3333E-01, 4.7333E+00, 1.8667E+00,
14:52:45.07737301, 2.3333E-01, 4.6667E+00, 1.8667E+00,
14:52:45.07737306, 2.0000E-01, 4.6667E+00, 2.0000E+00,
14:52:45.07737311, 1.6667E-01, 4.7333E+00, 1.8667E+00,
14:52:45.07737316, 2.3333E-01, 4.7333E+00, 2.1333E+00,
14:52:45.07737321, 3.0000E-01, 4.7333E+00, 1.8667E+00,
14:52:45.07737326, 2.6667E-01, 4.8000E+00, 1.7333E+00,
14:52:45.07737331, 2.0000E-01, 4.8667E+00, 2.0000E+00,
14:52:45.07737336, 2.3333E-01, 4.8667E+00, 2.2667E+00,
14:52:45.07737341, 2.6667E-01, 4.8000E+00, 1.8667E+00,
14:52:45.07737346, 2.3333E-01, 4.8667E+00, 2.0000E+00,
14:52:45.07737351, 2.3333E-01, 4.8000E+00, 2.0000E+00,
14:52:45.07737356, 2.6667E-01, 4.8667E+00, 2.0000E+00,
14:52:45.07737361, 2.6667E-01, 4.8000E+00, 2.0000E+00,
14:52:45.07737366, 2.0000E-01, 4.8667E+00, 2.2667E+00,
14:52:45.07737371, 2.0000E-01, 4.8667E+00, 2.0000E+00,
14:52:45.07737376, 2.6667E-01, 4.8667E+00, 2.1333E+00,
14:52:45.07737381, 2.3333E-01, 4.8000E+00, 2.0000E+00,
14:52:45.07737386, 2.0000E-01, 4.9333E+00, 2.0000E+00,
14:52:45.07737391, 2.3333E-01, 4.7333E+00, 2.1333E+00,
14:52:45.07737396, 2.0000E-01, 5.0000E+00, 2.2667E+00,
14:52:45.07737401, 2.0000E-01, 4.8000E+00, 2.4000E+00,
14:52:45.07737406, 3.0000E-01, 4.8667E+00, 2.1333E+00,
14:52:45.07737411, 2.0000E-01, 4.8000E+00, 2.2667E+00,
14:52:45.07737416, 2.6667E-01, 4.8000E+00, 2.1333E+00,
14:52:45.07737421, 2.3333E-01, 4.7333E+00, 2.6667E+00,
14:52:45.07737426, 2.6667E-01, 4.8667E+00, 2.0000E+00,
14:52:45.07737431, 2.3333E-01, 4.8000E+00, 2.2667E+00,
14:52:45.07737436, 2.6667E-01, 4.8667E+00, 2.2667E+00,
14:52:45.07737441, 2.3333E-01, 4.8667E+00, 2.4000E+00,
14:52:45.07737446, 2.3333E-01, 4.8667E+00, 2.6667E+00,
14:52:45.07737451, 2.3333E-01, 4.8000E+00, 2.6667E+00,
14:52:45.07737456, 2.3333E-01, 5.0667E+00, 2.2667E+00,
14:52:45.07737461, 2.0000E-01, 4.8000E+00, 2.6667E+00,
14:52:45.07737466, 2.0000E-01, 4.7333E+00, 2.4000E+00,
14:52:45.07737471, 3.0000E-01, 4.8667E+00, 2.4000E+00,
14:52:45.07737476, 2.6667E-01, 4.6667E+00, 2.4000E+00,
14:52:45.07737481, 2.0000E-01, 4.8667E+00, 2.5333E+00,
14:52:45.07737486, 2.6667E-01, 4.7333E+00, 2.5333E+00,
14:52:45.07737491, 3.0000E-01, 4.8667E+00, 2.6667E+00,
14:52:45.07737496, 2.0000E-01, 4.8000E+00, 2.9333E+00,
14:52:45.07737501, 2.0000E-01, 4.8000E+00, 2.5333E+00,
14:52:45.07737506, 2.0000E-01, 4.7333E+00, 2.5333E+00,
14:52:45.07737511, 2.0000E-01, 4.8000E+00, 2.2667E+00,
14:52:45.07737516, 2.3333E-01, 4.8000E+00, 2.8000E+00,
14:52:45.07737521, 2.6667E-01, 4.8000E+00, 2.2667E+00,
14:52:45.07737526, 2.0000E-01, 4.8000E+00, 2.5333E+00,
14:52:45.07737531, 2.0000E-01, 5.0000E+00, 2.5333E+00,
14:52:45.07737536, 2.3333E-01, 4.8000E+00, 2.6667E+00,
14:52:45.07737541, 2.0000E-01, 4.9333E+00, 2.5333E+00,
14:52:45.07737546, 3.0000E-01, 4.8000E+00, 2.8000E+00,
14:52:45.07737551, 2.6667E-01, 4.8000E+00, 2.6667E+00,
14:52:45.07737556, 2.3333E-01, 4.9333E+00, 2.8000E+00,
14:52:45.07737561, 2.3333E-01, 4.7333E+00, 2.6667E+00,
14:52:45.07737566, 3.3333E-01, 4.8667E+00, 2.8000E+00,
14:52:45.07737571, 2.6667E-01, 4.8000E+00, 2.6667E+00,
14:52:45.07737576, 2.3333E-01, 4.8667E+00, 2.5333E+00,
14:52:45.07737581, 2.6667E-01, 5.0000E+00, 2.8000E+00,
14:52:45.07737586, 2.3333E-01, 4.8667E+00, 2.5333E+00,
14:52:45.07737591, 2.0000E-01, 4.9333E+00, 2.8000E+00,
14:52:45.07737596, 3.0000E-01, 4.9333E+00, 2.4000E+00,
14:52:45.07737601, 2.6667E-01, 4.9333E+00, 2.6667E+00,
14:52:45.07737606, 2.3333E-01, 4.8000E+00, 2.6667E+00,
14:52:45.07737611, 2.6667E-01, 4.9333E+00, 3.0667E+00,
14:52:45.07737616, 3.0000E-01, 4.8000E+00, 2.6667E+00,
14:52:45.07737621, 2.0000E-01, 4.8667E+00, 3.2000E+00,
14:52:45.07737626, 1.6667E-01, 4.8000E+00, 2.6667E+00,
14:52:45.07737631, 2.3333E-01, 4.7333E+00, 2.4000E+00,
14:52:45.07737636, 2.0000E-01, 5.0000E+00, 2.8000E+00,
14:52:45.07737641, 3.0000E-01, 4.8667E+00, 3.2000E+00,
14:52:45.07737646, 2.6667E-01, 4.9333E+00, 2.8000E+00,
14:52:45.07737651, 2.0000E-01, 4.8667E+00, 2.9333E+00,
14:52:45.07737656, 2.0000E-01, 5.0000E+00, 2.6667E+00,
14:52:45.07737661, 2.6667E-01, 4.7333E+00, 2.8000E+00,
14:52:45.07737666, 2.3333E-01, 4.8667E+00, 3.0667E+00,
14:52:45.07737671, 2.6667E-01, 4.8667E+00, 2.9333E+00,
14:52:45.07737676, 2.3333E-01, 4.8667E+00, 2.8000E+00,
14:52:45.07737681, 2.3333E-01, 4.8667E+00, 3.2000E+00,
14:52:45.07737686, 2.0000E-01, 4.8667E+00, 3.0667E+00,
14:52:45.07737691, 2.3333E-01, 5.0000E+00, 2.5333E+00,
14:52:45.07737696, 2.6667E-01, 4.8667E+00, 2.8000E+00,
14:52:45.07737701, 2.3333E-01, 4.9333E+00, 3.3333E+00,
14:52:45.07737706, 2.0000E-01, 4.8667E+00, 2.9333E+00,
14:52:45.07737711, 2.3333E-01, 4.8667E+00, 2.6667E+00,
14:52:45.07737716, 3.0000E-01, 4.8000E+00, 2.8000E+00,
14:52:45.07737721, 2.0000E-01, 4.8000E+00, 3.0667E+00,
14:52:45.07737726, 2.0000E-01, 4.9333E+00, 3.0667E+00,
14:52:45.07737731, 2.0000E-01, 4.9333E+00, 2.8000E+00,
14:52:45.07737736, 2.0000E-01, 4.8667E+00, 2.8000E+00,
14:52:45.07737741, 2.0000E-01, 5.0000E+00, 2.9333E+00,
14:52:45.07737746, 2.6667E-01, 4.7333E+00, 2.9333E+00,
14:52:45.07737751, 2.0000E-01, 4.8000E+00, 3.2000E+00,
14:52:45.07737756, 2.3333E-01, 4.8000E+00, 2.8000E+00,
14:52:45.07737761, 2.3333E-01, 4.9333E+00, 2.8000E+00,
14:52:45.07737766, 2.6667E-01, 4.8667E+00, 2.9333E+00,
14:52:45.07737771, 2.3333E-01, 4.8667E+00, 2.5333E+00,
14:52:45.07737776, 2.0000E-01, 4.8667E+00, 2.5333E+00,
14:52:45.07737781, 2.0000E-01, 4.8667E+00, 2.8000E+00,
14:52:45.07737786, 2.0000E-01, 4.8667E+00, 2.6667E+00,
14:52:45.07737791, 2.3333E-01, 4.9333E+00, 2.8000E+00,
14:52:45.07737796, 2.6667E-01, 4.8000E+00, 2.9333E+00,
14:52:45.07737801, 2.6667E-01, 4.9333E+00, 2.6667E+00,
14:52:45.07737806, 2.3333E-01, 4.8000E+00, 2.9333E+00,
14:52:45.07737811, 2.6667E-01, 4.7333E+00, 2.9333E+00,
14:52:45.07737816, 2.6667E-01, 4.8667E+00, 2.9333E+00,
14:52:45.07737821, 2.0000E-01, 4.8667E+00, 2.5333E+00,
14:52:45.07737826, 2.0000E-01, 4.9333E+00, 2.9333E+00,
14:52:45.07737831, 3.0000E-01, 4.9333E+00, 2.9333E+00,
14:52:45.07737836, 2.0000E-01, 4.9333E+00, 3.4667E+00,
14:52:45.07737841, 2.0000E-01, 4.8667E+00, 2.6667E+00,
14:52:45.07737846, 2.0000E-01, 4.8667E+00, 3.0667E+00,
14:52:45.07737851, 2.3333E-01, 4.8667E+00, 3.2000E+00,
14:52:45.07737856, 2.6667E-01, 4.9333E+00, 2.5333E+00,
14:52:45.07737861, 1.6667E-01, 4.9333E+00, 2.8000E+00,
14:52:45.07737866, 2.0000E-01, 4.8000E+00, 2.9333E+00,
14:52:45.07737871, 2.0000E-01, 4.9333E+00, 2.8000E+00,
14:52:45.07737876, 2.0000E-01, 4.8667E+00, 2.8000E+00,
14:52:45.07737881, 2.0000E-01, 4.8667E+00, 2.8000E+00,
14:52:45.07737886, 2.0000E-01, 4.9333E+00, 2.9333E+00,
14:52:45.07737891, 2.0000E-01, 4.8000E+00, 3.0667E+00,
14:52:45.07737896, 2.3333E-01, 4.8000E+00, 3.0667E+00,
14:52:45.07737901, 2.3333E-01, 4.9333E+00, 2.6667E+00,
14:52:45.07737906, 2.3333E-01, 4.9333E+00, 2.9333E+00,
14:52:45.07737911, 2.0000E-01, 4.9333E+00, 2.5333E+00,
14:52:45.07737916, 2.6667E-01, 4.9333E+00, 2.8000E+00,
14:52:45.07737921, 2.0000E-01, 4.8667E+00, 2.2667E+00,
14:52:45.07737926, 2.3333E-01, 4.9333E+00, 3.0667E+00,
14:52:45.07737931, 2.0000E-01, 5.0000E+00, 3.2000E+00,
14:52:45.07737936, 2.3333E-01, 4.8667E+00, 2.5333E+00,
14:52:45.07737941, 2.0000E-01, 5.0000E+00, 2.6667E+00,
14:52:45.07737946, 2.0000E-01, 4.9333E+00, 2.9333E+00,
14:52:45.07737951, 2.3333E-01, 4.9333E+00, 2.6667E+00,
14:52:45.07737956, 2.3333E-01, 4.9333E+00, 2.9333E+00,
14:52:45.07737961, 2.0000E-01, 4.9333E+00, 2.5333E+00,
14:52:45.07737966, 2.3333E-01, 4.9333E+00, 2.5333E+00,
14:52:45.07737971, 2.0000E-01, 4.9333E+00, 2.8000E+00,
14:52:45.07737976, 2.3333E-01, 4.9333E+00, 2.5333E+00,
14:52:45.07737981, 2.6667E-01, 4.8000E+00, 3.2000E+00,
14:52:45.07737986, 1.6667E-01, 5.0000E+00, 3.0667E+00,
14:52:45.07737991, 2.0000E-01, 4.9333E+00, 2.8000E+00,
14:52:45.07737996, 2.6667E-01, 4.9333E+00, 2.6667E+00,
14:52:45.07738001, 2.3333E-01, 5.0000E+00, 2.6667E+00,
14:52:45.07738006, 2.6667E-01, 4.8667E+00, 2.8000E+00,
14:52:45.07738011, 2.0000E-01, 4.9333E+00, 2.8000E+00,
14:52:45.07738016, 2.0000E-01, 4.9333E+00, 2.8000E+00,
14:52:45.07738021, 2.0000E-01, 4.9333E+00, 2.5333E+00,
14:52:45.07738026, 2.0000E-01, 4.9333E+00, 2.8000E+00,
14:52:45.07738031, 2.3333E-01, 4.9333E+00, 2.6667E+00,
14:52:45.07738036, 2.0000E-01, 4.8000E+00, 3.0667E+00,
14:52:45.07738041, 2.6667E-01, 5.0000E+00, 2.4000E+00,
14:52:45.07738046, 2.3333E-01, 5.0000E+00, 2.4000E+00,
14:52:45.07738051, 2.0000E-01, 4.8667E+00, 2.5333E+00,
14:52:45.07738056, 2.6667E-01, 4.7333E+00, 2.6667E+00,
14:52:45.07738061, 1.6667E-01, 4.9333E+00, 2.9333E+00,
14:52:45.07738066, 2.3333E-01, 4.9333E+00, 2.4000E+00,
14:52:45.07738071, 2.0000E-01, 4.8000E+00, 2.6667E+00,
14:52:45.07738076, 2.3333E-01, 4.8667E+00, 2.5333E+00,
14:52:45.07738081, 2.0000E-01, 5.1333E+00, 2.6667E+00,
14:52:45.07738086, 2.6667E-01, 4.9333E+00, 2.2667E+00,
14:52:45.07738091, 2.0000E-01, 4.8667E+00, 2.6667E+00,
14:52:45.07738096, 2.0000E-01, 4.9333E+00, 2.2667E+00,
14:52:45.07738101, 2.3333E-01, 4.8667E+00, 2.4000E+00,
14:52:45.07738106, 2.3333E-01, 5.0000E+00, 2.5333E+00,
14:52:45.07738111, 2.0000E-01, 4.8000E+00, 2.2667E+00,
14:52:45.07738116, 2.6667E-01, 5.0667E+00, 2.5333E+00,
14:52:45.07738121, 1.6667E-01, 4.8000E+00, 2.4000E+00,
14:52:45.07738126, 2.0000E-01, 4.9333E+00, 2.4000E+00,
14:52:45.07738131, 2.0000E-01, 5.0000E+00, 2.6667E+00,
14:52:45.07738136, 2.0000E-01, 4.8667E+00, 2.5333E+00,
14:52:45.07738141, 2.3333E-01, 4.9333E+00, 2.4000E+00,
14:52:45.07738146, 2.0000E-01, 4.9333E+00, 2.6667E+00,
14:52:45.07738151, 2.0000E-01, 4.8667E+00, 2.2667E+00,
14:52:45.07738156, 2.0000E-01, 5.0000E+00, 2.5333E+00,
14:52:45.07738161, 1.6667E-01, 5.0667E+00, 2.0000E+00,
14:52:45.07738166, 1.6667E-01, 4.9333E+00, 2.4000E+00,
14:52:45.07738171, 2.0000E-01, 5.0000E+00, 2.5333E+00,
14:52:45.07738176, 2.0000E-01, 4.9333E+00, 2.5333E+00,
14:52:45.07738181, 2.3333E-01, 4.9333E+00, 2.4000E+00,
14:52:45.07738186, 2.0000E-01, 4.8667E+00, 2.5333E+00,
14:52:45.07738191, 2.6667E-01, 4.8667E+00, 2.5333E+00,
14:52:45.07738196, 2.0000E-01, 4.8667E+00, 2.6667E+00,
14:52:45.07738201, 2.3333E-01, 4.9333E+00, 2.5333E+00,
14:52:45.07738206, 2.0000E-01, 4.7333E+00, 2.0000E+00,
14:52:45.07738211, 1.6667E-01, 4.9333E+00, 2.2667E+00,
14:52:45.07738216, 2.0000E-01, 4.7333E+00, 2.1333E+00,
14:52:45.07738221, 2.0000E-01, 4.8667E+00, 2.4000E+00,
14:52:45.07738226, 2.3333E-01, 4.8667E+00, 2.4000E+00,
14:52:45.07738231, 1.6667E-01, 4.8667E+00, 2.4000E+00,
14:52:45.07738236, 2.0000E-01, 5.0000E+00, 2.8000E+00,
14:52:45.07738241, 2.0000E-01, 4.9333E+00, 2.4000E+00,
14:52:45.07738246, 2.3333E-01, 4.8000E+00, 2.4000E+00,
14:52:45.07738251, 2.0000E-01, 5.0667E+00, 2.2667E+00,
14:52:45.07738256, 1.6667E-01, 4.8667E+00, 2.1333E+00,
14:52:45.07738261, 2.3333E-01, 4.8000E+00, 1.8667E+00,
14:52:45.07738266, 1.6667E-01, 4.8000E+00, 2.4000E+00,
14:52:45.07738271, 1.6667E-01, 4.9333E+00, 2.2667E+00,
14:52:45.07738276, 2.0000E-01, 4.8667E+00, 2.2667E+00,
14:52:45.07738281, 2.0000E-01, 5.0000E+00, 2.2667E+00,
14:52:45.07738286, 1.0000E-01, 4.9333E+00, 2.1333E+00,
14:52:45.07738291, 1.6667E-01, 5.0000E+00, 2.1333E+00,
14:52:45.07738296, 2.3333E-01, 4.8000E+00, 2.4000E+00,
14:52:45.07738301, 1.6667E-01, 5.0000E+00, 2.0000E+00,
14:52:45.07738306, 2.0000E-01, 5.0000E+00, 2.0000E+00,
14:52:45.07738311, 2.0000E-01, 5.0000E+00, 2.1333E+00,
14:52:45.07738316, 1.6667E-01, 5.0667E+00, 2.6667E+00,
14:52:45.07738321, 2.0000E-01, 4.8000E+00, 2.0000E+00,
14:52:45.07738326, 2.0000E-01, 5.0000E+00, 2.1333E+00,
14:52:45.07738331, 2.0000E-01, 4.8000E+00, 2.1333E+00,
14:52:45.07738336, 2.3333E-01, 4.8000E+00, 2.0000E+00,
14:52:45.07738341, 2.0000E-01, 4.9333E+00, 2.2667E+00,
14:52:45.07738346, 2.0000E-01, 5.0667E+00, 2.2667E+00,
14:52:45.07738351, 2.0000E-01, 4.8667E+00, 2.1333E+00,
14:52:45.07738356, 2.0000E-01, 4.9333E+00, 2.1333E+00,
14:52:45.07738361, 2.0000E-01, 4.9333E+00, 2.0000E+00,
14:52:45.07738366, 2.3333E-01, 4.8000E+00, 2.1333E+00,
14:52:45.07738371, 2.0000E-01, 5.0000E+00, 2.1333E+00,
14:52:45.07738376, 2.0000E-01, 4.7333E+00, 2.2667E+00,
14:52:45.07738381, 3.0000E-01, 4.8667E+00, 2.0000E+00,
14:52:45.07738386, 2.0000E-01, 4.9333E+00, 2.1333E+00,
14:52:45.07738391, 2.3333E-01, 4.8667E+00, 2.5333E+00,
14:52:45.07738396, 2.6667E-01, 4.8667E+00, 2.1333E+00,
14:52:45.07738401, 2.0000E-01, 5.0000E+00, 2.0000E+00,
14:52:45.07738406, 2.0000E-01, 5.0000E+00, 2.0000E+00,
14:52:45.07738411, 2.0000E-01, 4.9333E+00, 1.8667E+00,
14:52:45.07738416, 1.6667E-01, 4.9333E+00, 1.8667E+00,
14:52:45.07738421, 2.0000E-01, 4.9333E+00, 2.2667E+00,
14:52:45.07738426, 2.0000E-01, 4.8667E+00, 2.0000E+00,
14:52:45.07738431, 2.3333E-01, 4.6667E+00, 2.5333E+00,
14:52:45.07738436, 2.6667E-01, 4.8000E+00, 2.0000E+00,
14:52:45.07738441, 2.0000E-01, 5.0000E+00, 2.2667E+00,
14:52:45.07738446, 2.0000E-01, 5.0667E+00, 2.0000E+00,
14:52:45.07738451, 2.0000E-01, 5.0000E+00, 2.0000E+00,
14:52:45.07738456, 2.0000E-01, 4.8667E+00, 2.0000E+00,
14:52:45.07738461, 1.6667E-01, 4.8667E+00, 2.1333E+00,
14:52:45.07738466, 2.0000E-01, 4.9333E+00, 2.1333E+00,
14:52:45.07738471, 2.0000E-01, 4.9333E+00, 2.1333E+00,
14:52:45.07738476, 2.0000E-01, 4.8667E+00, 2.0000E+00,
14:52:45.07738481, 2.0000E-01, 4.9333E+00, 2.1333E+00,
14:52:45.07738486, 2.0000E-01, 4.9333E+00, 1.8667E+00,
14:52:45.07738491, 2.0000E-01, 5.0000E+00, 2.0000E+00,
14:52:45.07738496, 1.6667E-01, 5.0000E+00, 1.7333E+00,
14:52:45.07738501, 2.0000E-01, 4.9333E+00, 1.8667E+00,
14:52:45.07738506, 2.0000E-01, 5.0667E+00, 1.7333E+00,
14:52:45.07738511, 2.0000E-01, 5.0000E+00, 2.0000E+00,
14:52:45.07738516, 2.0000E-01, 4.8667E+00, 2.0000E+00,
14:52:45.07738521, 2.0000E-01, 4.8000E+00, 1.6000E+00,
14:52:45.07738526, 2.3333E-01, 4.8667E+00, 2.0000E+00,
14:52:45.07738531, 2.0000E-01, 4.9333E+00, 1.8667E+00,
14:52:45.07738536, 1.6667E-01, 4.9333E+00, 1.8667E+00,
14:52:45.07738541, 2.3333E-01, 4.9333E+00, 1.8667E+00,
14:52:45.07738546, 2.0000E-01, 4.8667E+00, 1.7333E+00,
14:52:45.07738551, 1.6667E-01, 4.8000E+00, 2.0000E+00,
14:52:45.07738556, 2.0000E-01, 4.7333E+00, 2.0000E+00,
14:52:45.07738561, 1.0000E-01, 5.0000E+00, 2.0000E+00,
14:52:45.07738566, 1.6667E-01, 4.8667E+00, 1.7333E+00,
14:52:45.07738571, 2.3333E-01, 4.9333E+00, 2.0000E+00,
14:52:45.07738576, 2.3333E-01, 5.0000E+00, 2.0000E+00,
14:52:45.07738581, 2.0000E-01, 4.8000E+00, 1.8667E+00,
14:52:45.07738586, 2.0000E-01, 4.8000E+00, 1.8667E+00,
14:52:45.07738591, 2.0000E-01, 4.9333E+00, 1.7333E+00,
14:52:45.07738596, 1.3333E-01, 5.0000E+00, 1.7333E+00,
14:52:45.07738601, 1.6667E-01, 4.8667E+00, 1.8667E+00,
14:52:45.07738606, 2.0000E-01, 5.0667E+00, 1.8667E+00,
14:52:45.07738611, 2.0000E-01, 4.9333E+00, 1.8667E+00,
14:52:45.07738616, 2.0000E-01, 4.9333E+00, 2.0000E+00,
14:52:45.07738621, 2.0000E-01, 4.9333E+00, 1.7333E+00,
14:52:45.07738626, 2.6667E-01, 4.7333E+00, 1.6000E+00,
14:52:45.07738631, 1.6667E-01, 5.0667E+00, 1.6000E+00,
14:52:45.07738636, 2.0000E-01, 4.8667E+00, 2.0000E+00,
14:52:45.07738641, 1.6667E-01, 4.8000E+00, 1.7333E+00,
14:52:45.07738646, 2.0000E-01, 4.9333E+00, 1.6000E+00,
14:52:45.07738651, 2.0000E-01, 4.9333E+00, 1.7333E+00,
14:52:45.07738656, 2.0000E-01, 4.9333E+00, 1.6000E+00,
14:52:45.07738661, 2.0000E-01, 5.0000E+00, 2.0000E+00,
14:52:45.07738666, 2.0000E-01, 4.9333E+00, 1.8667E+00,
14:52:45.07738671, 2.3333E-01, 4.8667E+00, 2.0000E+00,
14:52:45.07738676, 2.0000E-01, 4.9333E+00, 1.6000E+00,
14:52:45.07738681, 2.0000E-01, 5.0667E+00, 1.7333E+00,
14:52:45.07738686, 2.0000E-01, 5.0000E+00, 1.7333E+00,
14:52:45.07738691, 2.0000E-01, 5.0667E+00, 1.8667E+00,
14:52:45.07738696, 2.0000E-01, 4.8667E+00, 2.0000E+00,
14:52:45.07738701, 1.6667E-01, 5.0000E+00, 2.0000E+00,
14:52:45.07738706, 2.6667E-01, 4.7333E+00, 1.6000E+00,
14:52:45.07738711, 2.0000E-01, 5.0000E+00, 1.6000E+00,
14:52:45.07738716, 2.3333E-01, 5.0000E+00, 1.4667E+00,
14:52:45.07738721, 2.3333E-01, 4.9333E+00, 2.0000E+00,
14:52:45.07738726, 1.3333E-01, 4.8667E+00, 1.6000E+00,
14:52:45.07738731, 1.0000E-01, 4.9333E+00, 1.3333E+00,
14:52:45.07738736, 1.6667E-01, 5.0000E+00, 1.7333E+00,
14:52:45.07738741, 1.3333E-01, 4.8667E+00, 1.3333E+00,
14:52:45.07738746, 2.0000E-01, 4.8667E+00, 1.6000E+00,
14:52:45.07738751, 2.6667E-01, 4.9333E+00, 1.6000E+00,
14:52:45.07738756, 2.0000E-01, 4.8000E+00, 1.7333E+00,
14:52:45.07738761, 1.6667E-01, 4.8000E+00, 1.8667E+00,
14:52:45.07738766, 2.0000E-01, 4.8667E+00, 1.7333E+00,
14:52:45.07738771, 2.0000E-01, 4.9333E+00, 1.4667E+00,
14:52:45.07738776, 2.6667E-01, 4.8667E+00, 1.7333E+00,
14:52:45.07738781, 2.3333E-01, 4.9333E+00, 2.0000E+00,
14:52:45.07738786, 1.6667E-01, 4.8667E+00, 1.8667E+00,
14:52:45.07738791, 2.0000E-01, 4.8667E+00, 1.6000E+00,
14:52:45.07738796, 1.6667E-01, 4.9333E+00, 1.6000E+00,
14:52:45.07738801, 1.3333E-01, 4.8667E+00, 1.7333E+00,
14:52:45.07738806, 2.3333E-01, 4.8667E+00, 1.7333E+00,
14:52:45.07738811, 1.6667E-01, 4.8000E+00, 1.4667E+00,
14:52:45.07738816, 2.3333E-01, 4.8667E+00, 1.7333E+00,
14:52:45.07738821, 1.6667E-01, 4.8000E+00, 1.7333E+00,
14:52:45.07738826, 2.0000E-01, 4.9333E+00, 1.6000E+00,
14:52:45.07738831, 2.0000E-01, 5.0000E+00, 1.6000E+00,
14:52:45.07738836, 2.0000E-01, 4.8000E+00, 1.6000E+00,
14:52:45.07738841, 1.6667E-01, 4.8667E+00, 1.6000E+00,
14:52:45.07738846, 1.3333E-01, 4.8667E+00, 1.6000E+00,
14:52:45.07738851, 2.0000E-01, 4.9333E+00, 1.7333E+00,
14:52:45.07738856, 1.3333E-01, 5.0000E+00, 1.6000E+00,
14:52:45.07738861, 2.0000E-01, 5.1333E+00, 1.8667E+00,
14:52:45.07738866, 1.6667E-01, 4.9333E+00, 1.8667E+00,
14:52:45.07738871, 2.0000E-01, 4.8667E+00, 1.7333E+00,
14:52:45.07738876, 1.6667E-01, 4.8000E+00, 1.8667E+00,
14:52:45.07738881, 1.6667E-01, 4.7333E+00, 1.6000E+00,
14:52:45.07738886, 1.6667E-01, 4.8000E+00, 1.4667E+00,
14:52:45.07738891, 1.3333E-01, 4.8667E+00, 1.3333E+00,
14:52:45.07738896, 1.0000E-01, 4.8667E+00, 2.0000E+00,
14:52:45.07738901, 2.3333E-01, 5.0000E+00, 1.4667E+00,
14:52:45.07738906, 2.0000E-01, 5.0000E+00, 1.3333E+00,
14:52:45.07738911, 2.0000E-01, 5.0000E+00, 1.6000E+00,
14:52:45.07738916, 2.0000E-01, 4.8667E+00, 1.8667E+00,
14:52:45.07738921, 2.0000E-01, 4.8667E+00, 2.0000E+00,
14:52:45.07738926, 1.6667E-01, 5.0000E+00, 1.3333E+00,
14:52:45.07738931, 1.3333E-01, 4.8667E+00, 1.6000E+00,
14:52:45.07738936, 2.0000E-01, 4.8000E+00, 1.4667E+00,
14:52:45.07738941, 1.6667E-01, 4.8000E+00, 1.4667E+00,
14:52:45.07738946, 2.0000E-01, 4.8667E+00, 1.4667E+00,
14:52:45.07738951, 1.0000E-01, 5.0667E+00, 1.7333E+00,
14:52:45.07738956, 2.0000E-01, 5.0667E+00, 1.7333E+00,
14:52:45.07738961, 1.3333E-01, 4.8667E+00, 2.0000E+00,
14:52:45.07738966, 2.0000E-01, 4.9333E+00, 2.0000E+00,
14:52:45.07738971, 2.0000E-01, 4.9333E+00, 1.3333E+00,
14:52:45.07738976, 2.0000E-01, 5.0667E+00, 1.6000E+00,
14:52:45.07738981, 1.0000E-01, 4.7333E+00, 1.8667E+00,
14:52:45.07738986, 2.0000E-01, 5.0000E+00, 1.3333E+00,
14:52:45.07738991, 2.0000E-01, 4.9333E+00, 1.6000E+00,
14:52:45.07738996, 1.3333E-01, 4.8000E+00, 1.6000E+00,
14:52:45.07739001, 2.0000E-01, 4.9333E+00, 1.3333E+00,
14:52:45.07739006, 2.0000E-01, 4.9333E+00, 1.3333E+00,
14:52:45.07739011, 2.3333E-01, 4.8667E+00, 1.3333E+00,
14:52:45.07739016, 2.0000E-01, 4.8667E+00, 1.4667E+00,
14:52:45.07739021, 2.0000E-01, 5.0000E+00, 1.7333E+00,
14:52:45.07739026, 1.6667E-01, 4.8667E+00, 1.6000E+00,
14:52:45.07739031, 1.6667E-01, 4.8667E+00, 1.3333E+00,
14:52:45.07739036, 2.0000E-01, 4.9333E+00, 1.4667E+00,
14:52:45.07739041, 1.3333E-01, 4.8667E+00, 1.7333E+00,
14:52:45.07739046, 2.0000E-01, 4.8000E+00, 1.6000E+00,
14:52:45.07739051, 1.6667E-01, 5.0000E+00, 1.4667E+00,
14:52:45.07739056, 2.0000E-01, 4.8667E+00, 1.6000E+00,
14:52:45.07739061, 6.6667E-02, 4.8667E+00, 1.6000E+00,
14:52:45.07739066, 2.0000E-01, 4.8000E+00, 1.2000E+00,
14:52:45.07739071, 1.0000E-01, 4.8667E+00, 1.3333E+00,
14:52:45.07739076, 1.6667E-01, 4.8000E+00, 1.2000E+00,
14:52:45.07739081, 2.0000E-01, 4.8000E+00, 1.3333E+00,
14:52:45.07739086, 2.0000E-01, 4.9333E+00, 1.6000E+00,
14:52:45.07739091, 1.3333E-01, 4.8000E+00, 1.4667E+00,
14:52:45.07739096, 2.3333E-01, 4.9333E+00, 1.7333E+00,
14:52:45.07739101, 2.6667E-01, 4.8000E+00, 1.6000E+00,
14:52:45.07739106, 1.6667E-01, 4.9333E+00, 1.2000E+00,
14:52:45.07739111, 2.0000E-01, 4.8000E+00, 1.8667E+00,
14:52:45.07739116, 1.0000E-01, 4.9333E+00, 1.4667E+00,
14:52:45.07739121, 2.0000E-01, 4.8667E+00, 1.6000E+00,
14:52:45.07739126, 1.6667E-01, 4.9333E+00, 1.7333E+00,
14:52:45.07739131, 1.3333E-01, 4.9333E+00, 1.3333E+00,
14:52:45.07739136, 2.0000E-01, 5.0000E+00, 1.3333E+00,
14:52:45.07739141, 1.3333E-01, 4.9333E+00, 1.3333E+00,
14:52:45.07739146, 2.0000E-01, 4.7333E+00, 1.8667E+00,
14:52:45.07739151, 1.0000E-01, 4.9333E+00, 1.7333E+00,
14:52:45.07739156, 2.0000E-01, 4.9333E+00, 1.6000E+00,
14:52:45.07739161, 2.0000E-01, 4.8667E+00, 1.4667E+00,
14:52:45.07739166, 1.3333E-01, 4.8667E+00, 1.7333E+00,
14:52:45.07739171, 1.3333E-01, 4.9333E+00, 1.6000E+00,
14:52:45.07739176, 2.0000E-01, 4.7333E+00, 1.6000E+00,
14:52:45.07739181, 1.6667E-01, 4.7333E+00, 1.2000E+00,
14:52:45.07739186, 1.6667E-01, 4.8000E+00, 1.3333E+00,
14:52:45.07739191, 1.3333E-01, 4.8000E+00, 1.3333E+00,
14:52:45.07739196, 1.3333E-01, 4.9333E+00, 1.6000E+00,
14:52:45.07739201, 1.0000E-01, 5.0000E+00, 1.3333E+00,
14:52:45.07739206, 1.6667E-01, 4.7333E+00, 1.4667E+00,
14:52:45.07739211, 1.6667E-01, 4.8667E+00, 1.7333E+00,
14:52:45.07739216, 2.0000E-01, 4.9333E+00, 1.7333E+00,
14:52:45.07739221, 1.6667E-01, 4.9333E+00, 1.6000E+00,
14:52:45.07739226, 1.6667E-01, 5.0000E+00, 1.6000E+00,
14:52:45.07739231, 2.0000E-01, 4.8667E+00, 1.4667E+00,
14:52:45.07739236, 2.0000E-01, 5.0000E+00, 1.6000E+00,
14:52:45.07739241, 1.0000E-01, 4.8667E+00, 1.4667E+00,
14:52:45.07739246, 2.0000E-01, 4.8000E+00, 1.8667E+00,
14:52:45.07739251, 1.3333E-01, 4.8000E+00, 1.4667E+00,
14:52:45.07739256, 2.0000E-01, 4.9333E+00, 1.7333E+00,
14:52:45.07739261, 2.0000E-01, 4.9333E+00, 2.0000E+00,
14:52:45.07739266, 1.6667E-01, 4.8667E+00, 1.3333E+00,
14:52:45.07739271, 1.0000E-01, 4.9333E+00, 1.6000E+00,
14:52:45.07739276, 1.3333E-01, 5.0000E+00, 1.7333E+00,
14:52:45.07739281, 1.3333E-01, 4.8667E+00, 1.6000E+00,
14:52:45.07739286, 1.3333E-01, 4.8667E+00, 1.7333E+00,
14:52:45.07739291, 2.0000E-01, 4.8667E+00, 1.4667E+00,
14:52:45.07739296, 2.0000E-01, 4.8667E+00, 1.4667E+00,
14:52:45.07739301, 2.0000E-01, 4.7333E+00, 1.6000E+00,
14:52:45.07739306, 1.3333E-01, 4.9333E+00, 1.7333E+00,
14:52:45.07739311, 2.3333E-01, 4.8667E+00, 1.2000E+00,
14:52:45.07739316, 1.6667E-01, 4.9333E+00, 1.7333E+00,
14:52:45.07739321, 1.3333E-01, 4.7333E+00, 1.6000E+00,
14:52:45.07739326, 1.6667E-01, 4.8000E+00, 1.4667E+00,
14:52:45.07739331, 1.6667E-01, 4.9333E+00, 1.7333E+00,
14:52:45.07739336, 1.3333E-01, 4.8667E+00, 1.2000E+00,
14:52:45.07739341, 2.0000E-01, 4.9333E+00, 1.3333E+00,
14:52:45.07739346, 1.3333E-01, 4.9333E+00, 1.7333E+00,
14:52:45.07739351, 1.3333E-01, 4.8667E+00, 1.6000E+00,
14:52:45.07739356, 1.6667E-01, 4.8000E+00, 1.7333E+00,
14:52:45.07739361, 1.6667E-01, 4.8667E+00, 1.7333E+00,
14:52:45.07739366, 2.3333E-01, 4.8667E+00, 1.3333E+00,
14:52:45.07739371, 1.6667E-01, 4.8667E+00, 1.7333E+00,
14:52:45.07739376, 2.0000E-01, 4.8667E+00, 1.3333E+00,
14:52:45.07739381, 1.6667E-01, 4.9333E+00, 1.7333E+00,
14:52:45.07739386, 2.0000E-01, 4.8667E+00, 1.4667E+00,
14:52:45.07739391, 1.6667E-01, 4.8000E+00, 1.6000E+00,
14:52:45.07739396, 1.3333E-01, 4.9333E+00, 1.6000E+00,
14:52:45.07739401, 2.0000E-01, 4.7333E+00, 1.7333E+00,
14:52:45.07739406, 1.0000E-01, 4.8667E+00, 1.7333E+00,
14:52:45.07739411, 1.6667E-01, 5.0000E+00, 1.3333E+00,
14:52:45.07739416, 2.0000E-01, 4.8667E+00, 1.6000E+00,
14:52:45.07739421, 1.3333E-01, 4.8667E+00, 1.2000E+00,
14:52:45.07739426, 2.0000E-01, 4.8667E+00, 1.6000E+00,
14:52:45.07739431, 1.6667E-01, 4.9333E+00, 1.2000E+00,
14:52:45.07739436, 1.3333E-01, 5.0000E+00, 1.3333E+00,
14:52:45.07739441, 1.3333E-01, 4.8667E+00, 1.4667E+00,
14:52:45.07739446, 1.0000E-01, 4.7333E+00, 1.4667E+00,
14:52:45.07739451, 2.0000E-01, 4.8667E+00, 1.7333E+00,
14:52:45.07739456, 6.6667E-02, 4.9333E+00, 1.4667E+00,
14:52:45.07739461, 1.3333E-01, 4.8667E+00, 1.4667E+00,
14:52:45.07739466, 1.6667E-01, 4.8000E+00, 1.6000E+00,
14:52:45.07739471, 1.6667E-01, 4.7333E+00, 1.6000E+00,
14:52:45.07739476, 1.3333E-01, 5.0000E+00, 1.7333E+00,
14:52:45.07739481, 1.6667E-01, 4.8667E+00, 1.6000E+00,
14:52:45.07739486, 1.3333E-01, 5.0000E+00, 1.6000E+00,
14:52:45.07739491, 1.3333E-01, 5.0000E+00, 1.6000E+00,
14:52:45.07739496, 2.0000E-01, 4.8667E+00, 1.4667E+00,
14:52:45.07739501, 2.0000E-01, 4.8000E+00, 1.6000E+00,
14:52:45.07739506, 1.0000E-01, 4.8667E+00, 1.7333E+00,
14:52:45.07739511, 1.3333E-01, 4.8667E+00, 1.7333E+00,
14:52:45.07739516, 1.6667E-01, 4.8667E+00, 1.3333E+00,
14:52:45.07739521, 1.3333E-01, 4.7333E+00, 1.7333E+00,
14:52:45.07739526, 1.3333E-01, 4.8000E+00, 1.4667E+00,
14:52:45.07739531, 2.0000E-01, 4.8667E+00, 1.2000E+00,
14:52:45.07739536, 1.6667E-01, 4.8667E+00, 1.6000E+00,
14:52:45.07739541, 2.0000E-01, 4.8667E+00, 1.6000E+00,
14:52:45.07739546, 1.3333E-01, 5.0000E+00, 2.0000E+00,
14:52:45.07739551, 1.3333E-01, 4.8000E+00, 1.4667E+00,
14:52:45.07739556, 1.6667E-01, 4.7333E+00, 1.4667E+00,
14:52:45.07739561, 6.6667E-02, 4.9333E+00, 1.6000E+00,
14:52:45.07739566, 1.6667E-01, 4.9333E+00, 1.8667E+00,
14:52:45.07739571, 2.3333E-01, 4.8667E+00, 1.6000E+00,
14:52:45.07739576, 1.0000E-01, 4.8000E+00, 1.6000E+00,
14:52:45.07739581, 2.0000E-01, 4.8000E+00, 1.4667E+00,
14:52:45.07739586, 1.3333E-01, 5.0000E+00, 1.8667E+00,
14:52:45.07739591, 2.0000E-01, 4.9333E+00, 1.8667E+00,
14:52:45.07739596, 1.6667E-01, 4.8000E+00, 1.6000E+00,
14:52:45.07739601, 1.6667E-01, 4.8667E+00, 1.6000E+00,
14:52:45.07739606, 1.6667E-01, 4.9333E+00, 1.4667E+00,
14:52:45.07739611, 1.3333E-01, 4.9333E+00, 1.6000E+00,
14:52:45.07739616, 1.3333E-01, 5.0000E+00, 1.7333E+00,
14:52:45.07739621, 1.6667E-01, 4.8667E+00, 1.7333E+00,
14:52:45.07739626, 1.0000E-01, 4.8667E+00, 1.6000E+00,
14:52:45.07739631, 6.6667E-02, 4.9333E+00, 1.7333E+00,
14:52:45.07739636, 1.6667E-01, 4.8000E+00, 1.6000E+00,
14:52:45.07739641, 1.0000E-01, 4.8000E+00, 1.6000E+00,
14:52:45.07739646, 1.6667E-01, 4.8667E+00, 1.7333E+00,
14:52:45.07739651, 1.3333E-01, 4.9333E+00, 1.8667E+00,
14:52:45.07739656, 2.0000E-01, 4.7333E+00, 1.6000E+00,
14:52:45.07739661, 1.0000E-01, 4.9333E+00, 2.0000E+00,
14:52:45.07739666, 1.3333E-01, 5.0000E+00, 1.8667E+00,
14:52:45.07739671, 1.6667E-01, 4.8000E+00, 1.7333E+00,
14:52:45.07739676, 1.6667E-01, 4.9333E+00, 1.6000E+00,
14:52:45.07739681, 1.3333E-01, 5.0000E+00, 1.3333E+00,
14:52:45.07739686, 1.3333E-01, 5.0667E+00, 1.6000E+00,
14:52:45.07739691, 2.0000E-01, 4.8667E+00, 1.8667E+00,
14:52:45.07739696, 1.3333E-01, 4.8667E+00, 1.8667E+00,
14:52:45.07739701, 1.0000E-01, 4.9333E+00, 1.8667E+00,
14:52:45.07739706, 2.0000E-01, 4.8667E+00, 1.7333E+00,
14:52:45.07739711, 1.6667E-01, 5.0000E+00, 1.4667E+00,
14:52:45.07739716, 1.6667E-01, 4.8000E+00, 1.8667E+00,
14:52:45.07739721, 1.6667E-01, 4.9333E+00, 1.3333E+00,
14:52:45.07739726, 1.6667E-01, 4.8667E+00, 1.6000E+00,
14:52:45.07739731, 2.0000E-01, 4.8667E+00, 1.4667E+00,
14:52:45.07739736, 1.6667E-01, 4.8667E+00, 1.7333E+00,
14:52:45.07739741, 1.3333E-01, 4.8667E+00, 1.6000E+00,
14:52:45.07739746, 1.3333E-01, 4.9333E+00, 1.6000E+00,
14:52:45.07739751, 1.3333E-01, 4.8667E+00, 1.7333E+00,
14:52:45.07739756, 2.0000E-01, 4.9333E+00, 1.7333E+00,
14:52:45.07739761, 2.0000E-01, 4.8667E+00, 1.7333E+00,
14:52:45.07739766, 1.3333E-01, 4.9333E+00, 1.6000E+00,
14:52:45.07739771, 1.6667E-01, 4.8667E+00, 1.6000E+00,
14:52:45.07739776, 1.3333E-01, 4.8667E+00, 1.6000E+00,
14:52:45.07739781, 6.6667E-02, 4.9333E+00, 1.7333E+00,
14:52:45.07739786, 6.6667E-02, 4.8667E+00, 1.7333E+00,
14:52:45.07739791, 1.3333E-01, 4.8667E+00, 1.6000E+00,
14:52:45.07739796, 1.6667E-01, 4.9333E+00, 1.4667E+00,
14:52:45.07739801, 1.0000E-01, 4.8667E+00, 1.4667E+00,
14:52:45.07739806, 1.6667E-01, 4.8667E+00, 2.0000E+00,
14:52:45.07739811, 1.3333E-01, 4.8667E+00, 1.8667E+00,
14:52:45.07739816, 1.3333E-01, 4.8000E+00, 1.6000E+00,
14:52:45.07739821, 2.0000E-01, 4.8667E+00, 1.6000E+00,
14:52:45.07739826, 1.6667E-01, 4.8667E+00, 1.6000E+00,
14:52:45.07739831, 1.0000E-01, 4.9333E+00, 1.8667E+00,
14:52:45.07739836, 1.3333E-01, 4.8667E+00, 1.8667E+00,
14:52:45.07739841, 2.0000E-01, 4.9333E+00, 1.7333E+00,
14:52:45.07739846, 1.6667E-01, 4.8667E+00, 1.7333E+00,
14:52:45.07739851, 3.3333E-02, 4.9333E+00, 1.8667E+00,
14:52:45.07739856, 1.3333E-01, 5.0000E+00, 1.8667E+00,
14:52:45.07739861, 1.6667E-01, 4.7333E+00, 1.8667E+00,
14:52:45.07739866, 2.0000E-01, 4.8667E+00, 1.6000E+00,
14:52:45.07739871, 1.3333E-01, 5.0000E+00, 1.7333E+00,
14:52:45.07739876, 1.6667E-01, 4.7333E+00, 1.6000E+00,
14:52:45.07739881, 2.0000E-01, 4.9333E+00, 1.7333E+00,
14:52:45.07739886, 1.0000E-01, 4.8667E+00, 2.0000E+00,
14:52:45.07739891, 1.6667E-01, 5.0000E+00, 1.8667E+00,
14:52:45.07739896, 1.6667E-01, 4.8667E+00, 1.8667E+00,
14:52:45.07739901, 1.0000E-01, 4.8000E+00, 1.8667E+00,
14:52:45.07739906, 1.3333E-01, 4.8667E+00, 1.8667E+00,
14:52:45.07739911, 1.6667E-01, 4.8667E+00, 1.7333E+00,
14:52:45.07739916, 1.3333E-01, 4.9333E+00, 1.8667E+00,
14:52:45.07739921, 1.3333E-01, 4.9333E+00, 1.6000E+00,
14:52:45.07739926, 1.6667E-01, 4.9333E+00, 1.6000E+00,
14:52:45.07739931, 2.0000E-01, 5.0000E+00, 1.6000E+00,
14:52:45.07739936, 1.3333E-01, 4.8000E+00, 1.8667E+00,
14:52:45.07739941, 1.3333E-01, 4.8000E+00, 1.6000E+00,
14:52:45.07739946, 1.3333E-01, 5.0000E+00, 1.6000E+00,
14:52:45.07739951, 1.3333E-01, 4.8000E+00, 1.8667E+00,
14:52:45.07739956, 1.3333E-01, 5.0000E+00, 1.8667E+00,
14:52:45.07739961, 1.3333E-01, 4.9333E+00, 1.6000E+00,
14:52:45.07739966, 6.6667E-02, 4.9333E+00, 1.6000E+00,
14:52:45.07739971, 1.0000E-01, 4.8667E+00, 2.0000E+00,
14:52:45.07739976, 1.3333E-01, 4.9333E+00, 1.8667E+00,
14:52:45.07739981, 1.0000E-01, 4.9333E+00, 1.7333E+00,
14:52:45.07739986, 1.0000E-01, 4.8667E+00, 1.8667E+00,
14:52:45.07739991, 1.0000E-01, 4.8667E+00, 2.0000E+00,
14:52:45.07739996, 1.3333E-01, 4.8667E+00, 1.6000E+00,
14:52:45.07740001, 2.0000E-01, 4.9333E+00, 1.7333E+00,
14:52:45.07740006, 1.6667E-01, 4.8667E+00, 1.6000E+00,
14:52:45.07740011, 1.3333E-01, 4.9333E+00, 1.4667E+00,
14:52:45.07740016, 1.3333E-01, 4.8000E+00, 1.7333E+00,
14:52:45.07740021, 1.3333E-01, 4.9333E+00, 1.7333E+00,
14:52:45.07740026, 1.3333E-01, 4.9333E+00, 1.6000E+00,
14:52:45.07740031, 1.0000E-01, 4.8000E+00, 1.6000E+00,
14:52:45.07740036, 1.0000E-01, 4.8000E+00, 1.8667E+00,
14:52:45.07740041, 6.6667E-02, 4.8667E+00, 1.7333E+00,
14:52:45.07740046, 1.0000E-01, 5.1333E+00, 1.8667E+00,
14:52:45.07740051, 1.6667E-01, 4.8667E+00, 1.6000E+00,
14:52:45.07740056, 1.3333E-01, 4.8667E+00, 1.7333E+00,
14:52:45.07740061, 1.3333E-01, 4.8000E+00, 1.8667E+00,
14:52:45.07740066, 1.6667E-01, 4.9333E+00, 1.7333E+00,
14:52:45.07740071, 2.0000E-01, 4.8667E+00, 2.0000E+00,
14:52:45.07740076, 2.0000E-01, 4.9333E+00, 1.6000E+00,
14:52:45.07740081, 3.3333E-02, 4.8667E+00, 2.0000E+00,
14:52:45.07740086, 1.3333E-01, 4.8667E+00, 1.8667E+00,
14:52:45.07740091, 1.6667E-01, 4.8667E+00, 1.7333E+00,
14:52:45.07740096, 1.0000E-01, 4.9333E+00, 1.7333E+00,
14:52:45.07740101, 1.3333E-01, 4.9333E+00, 1.4667E+00,
14:52:45.07740106, 2.0000E-01, 4.8000E+00, 1.8667E+00,
14:52:45.07740111, 2.0000E-01, 4.8000E+00, 1.4667E+00,
14:52:45.07740116, 1.0000E-01, 4.8000E+00, 1.7333E+00,
14:52:45.07740121, 1.3333E-01, 5.0000E+00, 1.8667E+00,
14:52:45.07740126, 1.3333E-01, 4.9333E+00, 2.0000E+00,
14:52:45.07740131, 1.0000E-01, 4.8667E+00, 1.7333E+00,
14:52:45.07740136, 1.3333E-01, 4.9333E+00, 1.4667E+00,
14:52:45.07740141, 1.3333E-01, 4.9333E+00, 1.4667E+00,
14:52:45.07740146, 1.6667E-01, 4.8000E+00, 1.4667E+00,
14:52:45.07740151, 1.0000E-01, 4.7333E+00, 1.8667E+00,
14:52:45.07740156, 2.0000E-01, 4.8667E+00, 1.6000E+00,
14:52:45.07740161, 3.3333E-02, 4.7333E+00, 1.4667E+00,
14:52:45.07740166, 6.6667E-02, 4.9333E+00, 1.8667E+00,
14:52:45.07740171, 6.6667E-02, 4.8000E+00, 1.8667E+00,
14:52:45.07740176, 6.6667E-02, 4.8667E+00, 1.7333E+00,
14:52:45.07740181, 6.6667E-02, 4.6667E+00, 1.6000E+00,
14:52:45.07740186, 1.6667E-01, 5.0000E+00, 2.0000E+00,
14:52:45.07740191, 6.6667E-02, 4.9333E+00, 2.0000E+00,
14:52:45.07740196, 1.0000E-01, 4.8000E+00, 1.8667E+00,
14:52:45.07740201, 6.6667E-02, 5.0000E+00, 1.7333E+00,
14:52:45.07740206, 1.0000E-01, 4.7333E+00, 1.8667E+00,
14:52:45.07740211, 1.6667E-01, 4.9333E+00, 1.6000E+00,
14:52:45.07740216, 1.3333E-01, 5.0000E+00, 2.0000E+00,
14:52:45.07740221, 1.0000E-01, 4.8667E+00, 1.7333E+00,
14:52:45.07740226, 1.0000E-01, 4.9333E+00, 1.7333E+00,
14:52:45.07740231, 1.3333E-01, 4.9333E+00, 1.8667E+00,
14:52:45.07740236, 1.0000E-01, 4.8000E+00, 2.0000E+00,
14:52:45.07740241, 2.0000E-01, 4.7333E+00, 1.8667E+00,
14:52:45.07740246, 1.3333E-01, 4.8000E+00, 1.7333E+00,
14:52:45.07740251, 2.0000E-01, 4.8000E+00, 1.8667E+00,
14:52:45.07740256, 1.0000E-01, 4.8000E+00, 2.0000E+00,
14:52:45.07740261, 1.3333E-01, 4.8000E+00, 1.6000E+00,
14:52:45.07740266, 1.3333E-01, 4.8000E+00, 1.6000E+00,
14:52:45.07740271, 1.3333E-01, 5.0000E+00, 1.8667E+00,
14:52:45.07740276, 3.3333E-02, 5.0000E+00, 2.0000E+00,
14:52:45.07740281, 1.3333E-01, 4.8667E+00, 2.0000E+00,
14:52:45.07740286, 6.6667E-02, 4.8000E+00, 1.7333E+00,
14:52:45.07740291, 1.3333E-01, 4.8667E+00, 1.8667E+00,
14:52:45.07740296, 1.3333E-01, 4.8667E+00, 1.8667E+00,
14:52:45.07740301, 2.0000E-01, 4.9333E+00, 1.8667E+00,
14:52:45.07740306, 1.6667E-01, 4.8000E+00, 1.8667E+00,
14:52:45.07740311, 1.3333E-01, 4.9333E+00, 1.6000E+00,
14:52:45.07740316, 1.6667E-01, 4.8667E+00, 1.4667E+00,
14:52:45.07740321, 1.3333E-01, 4.9333E+00, 1.6000E+00,
14:52:45.07740326, 6.6667E-02, 4.8000E+00, 1.6000E+00,
14:52:45.07740331, 1.0000E-01, 4.9333E+00, 1.4667E+00,
14:52:45.07740336, 1.3333E-01, 4.8667E+00, 2.0000E+00,
14:52:45.07740341, 1.0000E-01, 4.7333E+00, 1.7333E+00,
14:52:45.07740346, 1.0000E-01, 4.9333E+00, 1.7333E+00,
14:52:45.07740351, 1.6667E-01, 4.8667E+00, 2.0000E+00,
14:52:45.07740356, 3.3333E-02, 4.9333E+00, 1.4667E+00,
14:52:45.07740361, 6.6667E-02, 4.9333E+00, 1.6000E+00,
14:52:45.07740366, 6.6667E-02, 4.7333E+00, 2.0000E+00,
14:52:45.07740371, 6.6667E-02, 4.9333E+00, 1.8667E+00,
14:52:45.07740376, 3.3333E-02, 4.9333E+00, 1.6000E+00,
14:52:45.07740381, 1.3333E-01, 4.8667E+00, 1.6000E+00,
14:52:45.07740386, 1.0000E-01, 4.9333E+00, 1.7333E+00,
14:52:45.07740391, 1.6667E-01, 5.0000E+00, 1.3333E+00,
14:52:45.07740396, 1.6667E-01, 4.7333E+00, 1.7333E+00,
14:52:45.07740401, 1.0000E-01, 4.9333E+00, 1.8667E+00,
14:52:45.07740406, 1.0000E-01, 4.8667E+00, 1.7333E+00,
14:52:45.07740411, 1.3333E-01, 4.8667E+00, 1.7333E+00,
14:52:45.07740416, 1.6667E-01, 4.8000E+00, 1.7333E+00,
14:52:45.07740421, 1.6667E-01, 4.7333E+00, 1.6000E+00,
14:52:45.07740426, 6.6667E-02, 4.8667E+00, 2.0000E+00,
14:52:45.07740431, 1.3333E-01, 4.7333E+00, 2.0000E+00,
14:52:45.07740436, 1.3333E-01, 4.9333E+00, 1.7333E+00,
14:52:45.07740441, 1.0000E-01, 4.7333E+00, 1.7333E+00,
14:52:45.07740446, 6.6667E-02, 4.8667E+00, 1.8667E+00,
14:52:45.07740451, 1.6667E-01, 4.9333E+00, 1.7333E+00,
14:52:45.07740456, 1.0000E-01, 4.8000E+00, 1.7333E+00,
14:52:45.07740461, 6.6667E-02, 5.0000E+00, 1.7333E+00,
14:52:45.07740466, 1.0000E-01, 4.8667E+00, 1.8667E+00,
14:52:45.07740471, 1.0000E-01, 5.0000E+00, 2.0000E+00,
14:52:45.07740476, 1.3333E-01, 4.9333E+00, 1.7333E+00,
14:52:45.07740481, 1.0000E-01, 4.7333E+00, 1.4667E+00,
14:52:45.07740486, 1.6667E-01, 4.9333E+00, 1.6000E+00,
14:52:45.07740491, 1.0000E-01, 4.8000E+00, 2.0000E+00,
14:52:45.07740496, 1.6667E-01, 4.9333E+00, 1.8667E+00,
14:52:45.07740501, 1.3333E-01, 4.8667E+00, 1.7333E+00,
14:52:45.07740506, 1.3333E-01, 4.8667E+00, 1.8667E+00,
14:52:45.07740511, 1.0000E-01, 4.8667E+00, 1.6000E+00,
14:52:45.07740516, 1.0000E-01, 4.8667E+00, 1.6000E+00,
14:52:45.07740521, 1.0000E-01, 4.8000E+00, 1.7333E+00,
14:52:45.07740526, 1.3333E-01, 4.8667E+00, 1.8667E+00,
14:52:45.07740531, 1.6667E-01, 4.8000E+00, 1.7333E+00,
14:52:45.07740536, 1.0000E-01, 4.8000E+00, 1.7333E+00,
14:52:45.07740541, 1.6667E-01, 4.9333E+00, 1.4667E+00,
14:52:45.07740546, 1.3333E-01, 4.9333E+00, 2.0000E+00,
14:52:45.07740551, 1.0000E-01, 5.0000E+00, 1.7333E+00,
14:52:45.07740556, 2.0000E-01, 4.8667E+00, 1.8667E+00,
14:52:45.07740561, 1.3333E-01, 4.8667E+00, 1.7333E+00,
14:52:45.07740566, 1.6667E-01, 4.8000E+00, 1.8667E+00,
14:52:45.07740571, 1.3333E-01, 4.8667E+00, 1.7333E+00,
14:52:45.07740576, 1.0000E-01, 4.7333E+00, 1.4667E+00,
14:52:45.07740581, 1.6667E-01, 4.9333E+00, 1.7333E+00,
14:52:45.07740586, 1.0000E-01, 4.9333E+00, 1.7333E+00,
14:52:45.07740591, 1.6667E-01, 4.9333E+00, 2.0000E+00,
14:52:45.07740596, 1.3333E-01, 4.8667E+00, 1.4667E+00,
14:52:45.07740601, 1.0000E-01, 4.9333E+00, 1.8667E+00,
14:52:45.07740606, 1.3333E-01, 4.8000E+00, 1.8667E+00,
14:52:45.07740611, 6.6667E-02, 4.8667E+00, 1.7333E+00,
14:52:45.07740616, 6.6667E-02, 4.9333E+00, 1.8667E+00,
14:52:45.07740621, 6.6667E-02, 4.8667E+00, 1.6000E+00,
14:52:45.07740626, 1.6667E-01, 4.8000E+00, 1.7333E+00,
14:52:45.07740631, 1.0000E-01, 4.8667E+00, 1.4667E+00,
14:52:45.07740636, 1.3333E-01, 4.8667E+00, 2.0000E+00,
14:52:45.07740641, 1.3333E-01, 4.8000E+00, 1.8667E+00,
14:52:45.07740646, 3.3333E-02, 4.8000E+00, 1.4667E+00,
14:52:45.07740651, 1.0000E-01, 4.8000E+00, 1.6000E+00,
14:52:45.07740656, 1.6667E-01, 5.0000E+00, 1.8667E+00,
14:52:45.07740661, 1.0000E-01, 4.8667E+00, 1.8667E+00,
14:52:45.07740666, 1.0000E-01, 4.9333E+00, 1.6000E+00,
14:52:45.07740671, 1.3333E-01, 4.8667E+00, 1.8667E+00,
14:52:45.07740676, 1.3333E-01, 4.8667E+00, 2.0000E+00,
14:52:45.07740681, 1.3333E-01, 4.7333E+00, 1.7333E+00,
14:52:45.07740686, 6.6667E-02, 4.9333E+00, 1.6000E+00,
14:52:45.07740691, 1.3333E-01, 4.9333E+00, 1.7333E+00,
14:52:45.07740696, 1.0000E-01, 4.9333E+00, 2.0000E+00,
14:52:45.07740701, 1.0000E-01, 4.9333E+00, 1.7333E+00,
14:52:45.07740706, 1.3333E-01, 4.9333E+00, 1.6000E+00,
14:52:45.07740711, 1.6667E-01, 5.0667E+00, 1.8667E+00,
14:52:45.07740716, 1.6667E-01, 5.0000E+00, 1.7333E+00,
14:52:45.07740721, 1.0000E-01, 4.9333E+00, 1.4667E+00,
14:52:45.07740726, 1.0000E-01, 4.9333E+00, 1.7333E+00,
14:52:45.07740731, 1.6667E-01, 4.8667E+00, 1.6000E+00,
14:52:45.07740736, 2.0000E-01, 4.9333E+00, 1.7333E+00,
14:52:45.07740741, 1.0000E-01, 4.8000E+00, 1.7333E+00,
14:52:45.07740746, 1.0000E-01, 4.8000E+00, 1.8667E+00,
14:52:45.07740751, 1.3333E-01, 4.9333E+00, 2.0000E+00,
14:52:45.07740756, 1.0000E-01, 4.8667E+00, 1.7333E+00,
14:52:45.07740761, 6.6667E-02, 4.6667E+00, 1.6000E+00,
14:52:45.07740766, 1.0000E-01, 4.8667E+00, 2.0000E+00,
14:52:45.07740771, 1.3333E-01, 4.9333E+00, 1.7333E+00,
14:52:45.07740776, 6.6667E-02, 4.8667E+00, 1.4667E+00,
14:52:45.07740781, 1.3333E-01, 4.7333E+00, 1.8667E+00,
14:52:45.07740786, 1.6667E-01, 4.8667E+00, 1.7333E+00,
14:52:45.07740791, 1.3333E-01, 4.9333E+00, 1.8667E+00,
14:52:45.07740796, 2.0000E-01, 5.0000E+00, 1.7333E+00,
14:52:45.07740801, 1.6667E-01, 5.0000E+00, 1.4667E+00,
14:52:45.07740806, 6.6667E-02, 4.8667E+00, 1.6000E+00,
14:52:45.07740811, 1.0000E-01, 4.8667E+00, 1.8667E+00,
14:52:45.07740816, 6.6667E-02, 5.0000E+00, 2.0000E+00,
14:52:45.07740821, 2.0000E-01, 4.8000E+00, 1.8667E+00,
14:52:45.07740826, 1.3333E-01, 4.9333E+00, 1.7333E+00,
14:52:45.07740831, 1.0000E-01, 4.8667E+00, 1.8667E+00,
14:52:45.07740836, 1.6667E-01, 4.9333E+00, 1.6000E+00,
14:52:45.07740841, 1.0000E-01, 4.9333E+00, 2.0000E+00,
14:52:45.07740846, 1.3333E-01, 5.0000E+00, 1.7333E+00,
14:52:45.07740851, 1.0000E-01, 5.0667E+00, 1.7333E+00,
14:52:45.07740856, 1.3333E-01, 4.8667E+00, 1.7333E+00,
14:52:45.07740861, 1.0000E-01, 4.8667E+00, 1.8667E+00,
14:52:45.07740866, 1.0000E-01, 5.0667E+00, 1.7333E+00,
14:52:45.07740871, 1.6667E-01, 4.8667E+00, 2.0000E+00,
14:52:45.07740876, 1.3333E-01, 4.8667E+00, 1.3333E+00,
14:52:45.07740881, 1.3333E-01, 4.8667E+00, 1.4667E+00,
14:52:45.07740886, 1.0000E-01, 4.8000E+00, 1.8667E+00,
14:52:45.07740891, 6.6667E-02, 4.9333E+00, 1.8667E+00,
14:52:45.07740896, 3.3333E-02, 4.9333E+00, 1.7333E+00,
14:52:45.07740901, 6.6667E-02, 5.0000E+00, 1.7333E+00,
14:52:45.07740906, 1.3333E-01, 5.0000E+00, 1.8667E+00,
14:52:45.07740911, 1.0000E-01, 4.9333E+00, 1.8667E+00,
14:52:45.07740916, 1.0000E-01, 4.8667E+00, 1.4667E+00,
14:52:45.07740921, 1.3333E-01, 4.9333E+00, 1.6000E+00,
14:52:45.07740926, 1.0000E-01, 4.8000E+00, 1.7333E+00,
14:52:45.07740931, 2.0000E-01, 4.8667E+00, 1.8667E+00,
14:52:45.07740936, 1.0000E-01, 4.7333E+00, 1.8667E+00,
14:52:45.07740941, 1.3333E-01, 4.8667E+00, 1.8667E+00,
14:52:45.07740946, 1.3333E-01, 4.9333E+00, 1.4667E+00,
14:52:45.07740951, 1.0000E-01, 4.7333E+00, 1.8667E+00,
14:52:45.07740956, 1.0000E-01, 4.9333E+00, 1.7333E+00,
14:52:45.07740961, 6.6667E-02, 4.8667E+00, 1.8667E+00,
14:52:45.07740966, 1.0000E-01, 4.9333E+00, 1.7333E+00,
14:52:45.07740971, 1.3333E-01, 4.9333E+00, 1.7333E+00,
14:52:45.07740976, 3.3333E-02, 4.8667E+00, 1.6000E+00,
14:52:45.07740981, 1.3333E-01, 4.8000E+00, 1.3333E+00,
14:52:45.07740986, 1.3333E-01, 4.8000E+00, 1.6000E+00,
14:52:45.07740991, 6.6667E-02, 4.8000E+00, 2.0000E+00,
14:52:45.07740996, 1.3333E-01, 4.9333E+00, 1.4667E+00,
14:52:45.07741001, 6.6667E-02, 5.0000E+00, 1.6000E+00,
14:52:45.07741006, 1.0000E-01, 5.0000E+00, 1.8667E+00,
14:52:45.07741011, 6.6667E-02, 4.8000E+00, 1.6000E+00,
14:52:45.07741016, 1.3333E-01, 4.8667E+00, 1.8667E+00,
14:52:45.07741021, 1.3333E-01, 4.8000E+00, 1.7333E+00,
14:52:45.07741026, 1.0000E-01, 4.9333E+00, 1.7333E+00,
14:52:45.07741031, 1.0000E-01, 5.0667E+00, 1.6000E+00,
14:52:45.07741036, 1.3333E-01, 4.8667E+00, 1.7333E+00,
14:52:45.07741041, 0.0000E+00, 4.9333E+00, 1.3333E+00,
14:52:45.07741046, 3.3333E-02, 4.6667E+00, 1.8667E+00,
14:52:45.07741051, 1.0000E-01, 4.9333E+00, 1.7333E+00,
14:52:45.07741056, 1.0000E-01, 4.8000E+00, 2.0000E+00,
14:52:45.07741061, 1.3333E-01, 4.8667E+00, 1.4667E+00,
14:52:45.07741066, 1.0000E-01, 5.0000E+00, 1.8667E+00,
14:52:45.07741071, 1.0000E-01, 5.0000E+00, 1.8667E+00,
14:52:45.07741076, 1.3333E-01, 4.8667E+00, 1.6000E+00,
14:52:45.07741081, 1.3333E-01, 4.8667E+00, 1.7333E+00,
14:52:45.07741086, 1.0000E-01, 4.8667E+00, 1.7333E+00,
14:52:45.07741091, 6.6667E-02, 4.8667E+00, 1.6000E+00,
14:52:45.07741096, 6.6667E-02, 5.0000E+00, 1.4667E+00,
14:52:45.07741101, 6.6667E-02, 4.9333E+00, 1.4667E+00,
14:52:45.07741106, 1.0000E-01, 4.8000E+00, 1.7333E+00,
14:52:45.07741111, 1.3333E-01, 4.9333E+00, 1.7333E+00,
14:52:45.07741116, 6.6667E-02, 4.8667E+00, 1.7333E+00,
14:52:45.07741121, 6.6667E-02, 4.9333E+00, 1.8667E+00,
14:52:45.07741126, 1.0000E-01, 4.9333E+00, 1.6000E+00,
14:52:45.07741131, 3.3333E-02, 5.0000E+00, 1.7333E+00,
14:52:45.07741136, 6.6667E-02, 4.9333E+00, 1.6000E+00,
14:52:45.07741141, 6.6667E-02, 4.8667E+00, 1.7333E+00,
14:52:45.07741146, 1.0000E-01, 4.8000E+00, 1.7333E+00,
14:52:45.07741151, 6.6667E-02, 5.0667E+00, 1.8667E+00,
14:52:45.07741156, 1.6667E-01, 4.8667E+00, 1.8667E+00,
14:52:45.07741161, 1.3333E-01, 5.0667E+00, 1.8667E+00,
14:52:45.07741166, 6.6667E-02, 5.0000E+00, 1.4667E+00,
14:52:45.07741171, 1.0000E-01, 4.9333E+00, 1.8667E+00,
14:52:45.07741176, 2.0000E-01, 4.8667E+00, 1.7333E+00,
14:52:45.07741181, 6.6667E-02, 5.0667E+00, 1.3333E+00,
14:52:45.07741186, 1.3333E-01, 4.8667E+00, 1.7333E+00,
14:52:45.07741191, 6.6667E-02, 4.9333E+00, 1.6000E+00,
14:52:45.07741196, 1.0000E-01, 4.8000E+00, 1.7333E+00,
14:52:45.07741201, 6.6667E-02, 4.8000E+00, 1.6000E+00,
14:52:45.07741206, 3.3333E-02, 4.9333E+00, 1.6000E+00,
14:52:45.07741211, 1.0000E-01, 5.0000E+00, 2.0000E+00,
14:52:45.07741216, 1.6667E-01, 4.9333E+00, 1.7333E+00,
14:52:45.07741221, 1.3333E-01, 4.8000E+00, 1.8667E+00,
14:52:45.07741226, 6.6667E-02, 4.9333E+00, 1.4667E+00,
14:52:45.07741231, 3.3333E-02, 4.8667E+00, 2.0000E+00,
14:52:45.07741236, 6.6667E-02, 4.8000E+00, 1.8667E+00,
14:52:45.07741241, 1.0000E-01, 4.9333E+00, 1.8667E+00,
14:52:45.07741246, 1.0000E-01, 4.9333E+00, 1.7333E+00,
14:52:45.07741251, 1.3333E-01, 4.9333E+00, 2.0000E+00,
14:52:45.07741256, 1.3333E-01, 4.8667E+00, 1.6000E+00,
14:52:45.07741261, 1.3333E-01, 4.8667E+00, 1.7333E+00,
14:52:45.07741266, 1.0000E-01, 4.9333E+00, 1.6000E+00,
14:52:45.07741271, 1.0000E-01, 4.8667E+00, 1.6000E+00,
14:52:45.07741276, 1.0000E-01, 4.9333E+00, 2.0000E+00,
14:52:45.07741281, 1.0000E-01, 4.8667E+00, 1.6000E+00,
14:52:45.07741286, 1.0000E-01, 4.8667E+00, 1.7333E+00,
14:52:45.07741291, 1.0000E-01, 4.8000E+00, 1.7333E+00,
14:52:45.07741296, 1.0000E-01, 4.8000E+00, 1.7333E+00,
14:52:45.07741301, 1.3333E-01, 5.0667E+00, 1.6000E+00,
14:52:45.07741306, 1.0000E-01, 4.8000E+00, 1.6000E+00,
14:52:45.07741311, 1.0000E-01, 4.8000E+00, 1.6000E+00,
14:52:45.07741316, 6.6667E-02, 4.7333E+00, 1.7333E+00,
14:52:45.07741321, 6.6667E-02, 4.9333E+00, 1.8667E+00,
14:52:45.07741326, 6.6667E-02, 4.9333E+00, 1.7333E+00,
14:52:45.07741331, 3.3333E-02, 4.8000E+00, 2.0000E+00,
14:52:45.07741336, 1.3333E-01, 4.7333E+00, 1.6000E+00,
14:52:45.07741341, 6.6667E-02, 4.9333E+00, 1.6000E+00,
14:52:45.07741346, 6.6667E-02, 4.8667E+00, 1.8667E+00,
14:52:45.07741351, 6.6667E-02, 4.8667E+00, 1.7333E+00,
14:52:45.07741356, 1.3333E-01, 4.9333E+00, 1.7333E+00,
