"Header Size"           ,15              
"Model Name"            ,"DL850EV       "
"Comment"               ,"                         "
"BlockNumber"           ,1               
"TraceName"             ,"Vgate         ","Vds           ","Id            "
"BlockSize"             ,4004            ,4004            ,4004            
"VUnit"                 ,"V             ","V             ","A             "
"SampleRate"            ,20000000.000000 ,20000000.000000 ,20000000.000000 
"HResolution"           ,5.000000e-08    ,5.000000e-08    ,5.000000e-08    
"HOffset"               ,-2.000000e-05   ,-2.000000e-05   ,-2.000000e-05   
"HUnit"                 ,"s             ","s             ","s             "
"DisplayPointNo."       ,1               ,1               ,1               
"PhaseShift"            ,1               ,1               ,1               
"Date"                  ,"2026/04/15    ","2026/04/15    ","2026/04/15    "
"Time"                  ,"19:46:54.81399675","19:46:54.81399675","19:46:54.81399675"

19:46:54.81397675,-6.6667E-02, 1.2800E+00,-3.3333E-01,
19:46:54.81397680, 1.0000E-01, 1.2800E+00, 0.0000E+00,
19:46:54.81397685, 3.3333E-02, 1.2933E+00, 3.3333E-01,
19:46:54.81397690,-6.6667E-02, 1.2933E+00, 0.0000E+00,
19:46:54.81397695, 0.0000E+00, 1.2800E+00, 3.3333E-01,
19:46:54.81397700, 0.0000E+00, 1.2933E+00, 0.0000E+00,
19:46:54.81397705, 3.3333E-02, 1.2800E+00, 0.0000E+00,
19:46:54.81397710, 3.3333E-02, 1.2933E+00, 0.0000E+00,
19:46:54.81397715,-3.3333E-02, 1.2933E+00, 6.6667E-01,
19:46:54.81397720, 0.0000E+00, 1.2933E+00, 0.0000E+00,
19:46:54.81397725, 6.6667E-02, 1.2800E+00,-3.3333E-01,
19:46:54.81397730, 0.0000E+00, 1.2533E+00, 3.3333E-01,
19:46:54.81397735, 6.6667E-02, 1.3067E+00, 0.0000E+00,
19:46:54.81397740, 6.6667E-02, 1.2933E+00, 0.0000E+00,
19:46:54.81397745, 3.3333E-02, 1.2933E+00, 0.0000E+00,
19:46:54.81397750, 3.3333E-02, 1.3467E+00, 0.0000E+00,
19:46:54.81397755, 0.0000E+00, 1.2933E+00, 0.0000E+00,
19:46:54.81397760,-6.6667E-02, 1.2933E+00, 3.3333E-01,
19:46:54.81397765,-6.6667E-02, 1.2933E+00, 3.3333E-01,
19:46:54.81397770, 6.6667E-02, 1.3067E+00, 0.0000E+00,
19:46:54.81397775, 0.0000E+00, 1.2933E+00, 0.0000E+00,
19:46:54.81397780, 0.0000E+00, 1.2800E+00, 6.6667E-01,
19:46:54.81397785, 3.3333E-02, 1.3067E+00, 0.0000E+00,
19:46:54.81397790, 3.3333E-02, 1.2933E+00, 6.6667E-01,
19:46:54.81397795,-3.3333E-02, 1.3067E+00, 0.0000E+00,
19:46:54.81397800, 3.3333E-02, 1.2533E+00, 3.3333E-01,
19:46:54.81397805,-3.3333E-02, 1.2933E+00, 3.3333E-01,
19:46:54.81397810, 0.0000E+00, 1.2933E+00, 3.3333E-01,
19:46:54.81397815,-3.3333E-02, 1.2800E+00, 3.3333E-01,
19:46:54.81397820, 0.0000E+00, 1.2800E+00, 6.6667E-01,
19:46:54.81397825,-3.3333E-02, 1.2933E+00, 6.6667E-01,
19:46:54.81397830, 1.0000E-01, 1.2667E+00, 0.0000E+00,
19:46:54.81397835, 0.0000E+00, 1.2933E+00, 6.6667E-01,
19:46:54.81397840,-3.3333E-02, 1.2667E+00, 3.3333E-01,
19:46:54.81397845, 6.6667E-02, 1.3067E+00, 6.6667E-01,
19:46:54.81397850, 0.0000E+00, 1.2933E+00, 1.0000E+00,
19:46:54.81397855, 3.3333E-02, 1.2933E+00, 1.0000E+00,
19:46:54.81397860, 3.3333E-02, 1.2933E+00, 0.0000E+00,
19:46:54.81397865, 0.0000E+00, 1.3067E+00,-3.3333E-01,
19:46:54.81397870, 3.3333E-02, 1.2933E+00, 6.6667E-01,
19:46:54.81397875, 1.0000E-01, 1.2933E+00, 0.0000E+00,
19:46:54.81397880, 6.6667E-02, 1.2933E+00, 3.3333E-01,
19:46:54.81397885, 1.0000E-01, 1.2933E+00, 3.3333E-01,
19:46:54.81397890, 3.3333E-02, 1.2933E+00, 0.0000E+00,
19:46:54.81397895, 3.3333E-02, 1.2933E+00, 0.0000E+00,
19:46:54.81397900, 3.3333E-02, 1.2533E+00, 3.3333E-01,
19:46:54.81397905, 0.0000E+00, 1.2800E+00, 3.3333E-01,
19:46:54.81397910, 0.0000E+00, 1.2933E+00, 3.3333E-01,
19:46:54.81397915, 0.0000E+00, 1.2933E+00, 3.3333E-01,
19:46:54.81397920,-3.3333E-02, 1.2933E+00, 0.0000E+00,
19:46:54.81397925, 3.3333E-02, 1.2800E+00, 0.0000E+00,
19:46:54.81397930, 0.0000E+00, 1.2933E+00, 3.3333E-01,
19:46:54.81397935,-3.3333E-02, 1.2933E+00, 0.0000E+00,
19:46:54.81397940, 0.0000E+00, 1.2933E+00, 3.3333E-01,
19:46:54.81397945, 6.6667E-02, 1.2933E+00, 3.3333E-01,
19:46:54.81397950,-3.3333E-02, 1.2933E+00, 1.0000E+00,
19:46:54.81397955, 1.0000E-01, 1.2933E+00, 3.3333E-01,
19:46:54.81397960,-6.6667E-02, 1.2667E+00,-3.3333E-01,
19:46:54.81397965, 3.3333E-02, 1.2933E+00, 6.6667E-01,
19:46:54.81397970, 6.6667E-02, 1.2933E+00, 6.6667E-01,
19:46:54.81397975, 1.0000E-01, 1.2933E+00, 3.3333E-01,
19:46:54.81397980, 0.0000E+00, 1.3200E+00, 6.6667E-01,
19:46:54.81397985,-3.3333E-02, 1.2933E+00, 0.0000E+00,
19:46:54.81397990, 3.3333E-02, 1.2800E+00,-3.3333E-01,
19:46:54.81397995,-3.3333E-02, 1.2933E+00, 0.0000E+00,
19:46:54.81398000, 3.3333E-02, 1.2667E+00, 6.6667E-01,
19:46:54.81398005,-6.6667E-02, 1.3067E+00, 6.6667E-01,
19:46:54.81398010, 0.0000E+00, 1.2800E+00, 0.0000E+00,
19:46:54.81398015, 3.3333E-02, 1.2800E+00,-3.3333E-01,
19:46:54.81398020, 6.6667E-02, 1.2533E+00, 0.0000E+00,
19:46:54.81398025, 0.0000E+00, 1.2800E+00, 6.6667E-01,
19:46:54.81398030, 0.0000E+00, 1.2933E+00, 3.3333E-01,
19:46:54.81398035, 1.0000E-01, 1.2800E+00, 0.0000E+00,
19:46:54.81398040, 0.0000E+00, 1.2800E+00, 6.6667E-01,
19:46:54.81398045, 3.3333E-02, 1.2667E+00, 3.3333E-01,
19:46:54.81398050, 3.3333E-02, 1.2933E+00, 3.3333E-01,
19:46:54.81398055, 3.3333E-02, 1.3200E+00, 3.3333E-01,
19:46:54.81398060, 3.3333E-02, 1.2933E+00, 3.3333E-01,
19:46:54.81398065,-3.3333E-02, 1.2933E+00, 3.3333E-01,
19:46:54.81398070, 3.3333E-02, 1.2667E+00,-3.3333E-01,
19:46:54.81398075, 6.6667E-02, 1.2933E+00, 0.0000E+00,
19:46:54.81398080, 0.0000E+00, 1.2800E+00, 0.0000E+00,
19:46:54.81398085, 3.3333E-02, 1.2800E+00, 3.3333E-01,
19:46:54.81398090, 0.0000E+00, 1.3067E+00, 0.0000E+00,
19:46:54.81398095, 3.3333E-02, 1.2933E+00, 6.6667E-01,
19:46:54.81398100,-3.3333E-02, 1.2933E+00, 6.6667E-01,
19:46:54.81398105, 6.6667E-02, 1.2933E+00, 3.3333E-01,
19:46:54.81398110, 6.6667E-02, 1.2800E+00, 0.0000E+00,
19:46:54.81398115, 3.3333E-02, 1.3067E+00, 0.0000E+00,
19:46:54.81398120, 3.3333E-02, 1.2933E+00, 6.6667E-01,
19:46:54.81398125, 0.0000E+00, 1.2800E+00, 6.6667E-01,
19:46:54.81398130, 3.3333E-02, 1.2933E+00, 0.0000E+00,
19:46:54.81398135, 3.3333E-02, 1.3200E+00, 3.3333E-01,
19:46:54.81398140, 0.0000E+00, 1.2800E+00,-3.3333E-01,
19:46:54.81398145, 3.3333E-02, 1.2933E+00, 0.0000E+00,
19:46:54.81398150, 3.3333E-02, 1.2933E+00, 3.3333E-01,
19:46:54.81398155,-3.3333E-02, 1.3067E+00, 6.6667E-01,
19:46:54.81398160, 0.0000E+00, 1.2800E+00, 1.0000E+00,
19:46:54.81398165, 3.3333E-02, 1.2933E+00, 3.3333E-01,
19:46:54.81398170, 0.0000E+00, 1.2800E+00, 0.0000E+00,
19:46:54.81398175,-3.3333E-02, 1.2800E+00,-3.3333E-01,
19:46:54.81398180, 3.3333E-02, 1.2800E+00, 3.3333E-01,
19:46:54.81398185, 0.0000E+00, 1.2933E+00, 3.3333E-01,
19:46:54.81398190, 3.3333E-02, 1.2933E+00, 3.3333E-01,
19:46:54.81398195, 6.6667E-02, 1.2933E+00, 3.3333E-01,
19:46:54.81398200, 0.0000E+00, 1.2933E+00, 0.0000E+00,
19:46:54.81398205, 6.6667E-02, 1.2933E+00, 6.6667E-01,
19:46:54.81398210, 0.0000E+00, 1.2800E+00,-3.3333E-01,
19:46:54.81398215, 1.0000E-01, 1.3067E+00, 0.0000E+00,
19:46:54.81398220, 3.3333E-02, 1.2800E+00, 3.3333E-01,
19:46:54.81398225, 3.3333E-02, 1.2933E+00, 0.0000E+00,
19:46:54.81398230, 3.3333E-02, 1.2933E+00, 0.0000E+00,
19:46:54.81398235,-3.3333E-02, 1.2800E+00, 6.6667E-01,
19:46:54.81398240,-1.0000E-01, 1.2933E+00,-3.3333E-01,
19:46:54.81398245, 0.0000E+00, 1.2933E+00, 0.0000E+00,
19:46:54.81398250, 3.3333E-02, 1.3067E+00, 0.0000E+00,
19:46:54.81398255, 3.3333E-02, 1.2933E+00, 0.0000E+00,
19:46:54.81398260,-3.3333E-02, 1.2933E+00, 0.0000E+00,
19:46:54.81398265, 3.3333E-02, 1.2933E+00, 3.3333E-01,
19:46:54.81398270, 0.0000E+00, 1.2933E+00, 3.3333E-01,
19:46:54.81398275, 6.6667E-02, 1.2933E+00, 6.6667E-01,
19:46:54.81398280, 0.0000E+00, 1.2933E+00, 0.0000E+00,
19:46:54.81398285, 6.6667E-02, 1.2800E+00, 3.3333E-01,
19:46:54.81398290, 3.3333E-02, 1.2667E+00, 3.3333E-01,
19:46:54.81398295, 0.0000E+00, 1.2933E+00, 0.0000E+00,
19:46:54.81398300, 3.3333E-02, 1.2667E+00, 6.6667E-01,
19:46:54.81398305, 3.3333E-02, 1.2933E+00, 1.0000E+00,
19:46:54.81398310,-3.3333E-02, 1.3200E+00, 6.6667E-01,
19:46:54.81398315, 6.6667E-02, 1.2800E+00, 1.0000E+00,
19:46:54.81398320, 6.6667E-02, 1.2933E+00, 6.6667E-01,
19:46:54.81398325, 0.0000E+00, 1.2667E+00, 0.0000E+00,
19:46:54.81398330, 3.3333E-02, 1.2933E+00, 3.3333E-01,
19:46:54.81398335, 3.3333E-02, 1.2667E+00, 6.6667E-01,
19:46:54.81398340, 0.0000E+00, 1.2933E+00, 6.6667E-01,
19:46:54.81398345,-3.3333E-02, 1.2800E+00, 0.0000E+00,
19:46:54.81398350,-3.3333E-02, 1.2933E+00, 3.3333E-01,
19:46:54.81398355, 3.3333E-02, 1.2933E+00, 3.3333E-01,
19:46:54.81398360, 6.6667E-02, 1.2800E+00, 6.6667E-01,
19:46:54.81398365,-3.3333E-02, 1.3067E+00, 3.3333E-01,
19:46:54.81398370, 0.0000E+00, 1.2667E+00, 3.3333E-01,
19:46:54.81398375, 3.3333E-02, 1.2800E+00, 6.6667E-01,
19:46:54.81398380, 0.0000E+00, 1.2933E+00, 3.3333E-01,
19:46:54.81398385,-3.3333E-02, 1.2933E+00, 3.3333E-01,
19:46:54.81398390, 3.3333E-02, 1.2800E+00, 0.0000E+00,
19:46:54.81398395, 3.3333E-02, 1.2933E+00, 3.3333E-01,
19:46:54.81398400,-3.3333E-02, 1.2933E+00, 6.6667E-01,
19:46:54.81398405, 3.3333E-02, 1.2933E+00, 0.0000E+00,
19:46:54.81398410, 6.6667E-02, 1.2667E+00, 0.0000E+00,
19:46:54.81398415, 3.3333E-02, 1.2533E+00,-3.3333E-01,
19:46:54.81398420, 0.0000E+00, 1.2933E+00, 0.0000E+00,
19:46:54.81398425, 3.3333E-02, 1.2933E+00, 3.3333E-01,
19:46:54.81398430,-3.3333E-02, 1.2800E+00, 0.0000E+00,
19:46:54.81398435, 3.3333E-02, 1.2933E+00, 0.0000E+00,
19:46:54.81398440,-6.6667E-02, 1.2933E+00, 0.0000E+00,
19:46:54.81398445, 0.0000E+00, 1.2800E+00, 1.0000E+00,
19:46:54.81398450, 3.3333E-02, 1.2800E+00, 0.0000E+00,
19:46:54.81398455, 0.0000E+00, 1.3067E+00, 3.3333E-01,
19:46:54.81398460, 3.3333E-02, 1.3067E+00, 0.0000E+00,
19:46:54.81398465, 0.0000E+00, 1.2667E+00, 6.6667E-01,
19:46:54.81398470, 0.0000E+00, 1.2667E+00, 3.3333E-01,
19:46:54.81398475,-6.6667E-02, 1.2933E+00, 1.0000E+00,
19:46:54.81398480, 0.0000E+00, 1.3067E+00, 3.3333E-01,
19:46:54.81398485, 0.0000E+00, 1.2933E+00, 3.3333E-01,
19:46:54.81398490, 3.3333E-02, 1.3067E+00, 0.0000E+00,
19:46:54.81398495, 3.3333E-02, 1.2933E+00, 6.6667E-01,
19:46:54.81398500, 3.3333E-02, 1.2667E+00, 0.0000E+00,
19:46:54.81398505, 0.0000E+00, 1.2667E+00, 1.0000E+00,
19:46:54.81398510, 0.0000E+00, 1.2667E+00, 3.3333E-01,
19:46:54.81398515, 6.6667E-02, 1.2933E+00, 0.0000E+00,
19:46:54.81398520, 6.6667E-02, 1.3067E+00, 3.3333E-01,
19:46:54.81398525,-3.3333E-02, 1.3067E+00, 0.0000E+00,
19:46:54.81398530, 0.0000E+00, 1.2667E+00, 3.3333E-01,
19:46:54.81398535, 3.3333E-02, 1.2800E+00, 1.0000E+00,
19:46:54.81398540, 0.0000E+00, 1.2800E+00, 3.3333E-01,
19:46:54.81398545, 3.3333E-02, 1.3067E+00, 1.0000E+00,
19:46:54.81398550, 0.0000E+00, 1.3200E+00, 6.6667E-01,
19:46:54.81398555, 1.0000E-01, 1.2667E+00,-3.3333E-01,
19:46:54.81398560, 3.3333E-02, 1.2667E+00, 0.0000E+00,
19:46:54.81398565, 1.0000E-01, 1.2933E+00,-3.3333E-01,
19:46:54.81398570, 0.0000E+00, 1.2800E+00, 0.0000E+00,
19:46:54.81398575, 0.0000E+00, 1.3067E+00, 3.3333E-01,
19:46:54.81398580, 0.0000E+00, 1.3067E+00, 0.0000E+00,
19:46:54.81398585,-3.3333E-02, 1.2933E+00, 0.0000E+00,
19:46:54.81398590, 0.0000E+00, 1.2800E+00, 1.0000E+00,
19:46:54.81398595, 3.3333E-02, 1.2933E+00, 0.0000E+00,
19:46:54.81398600, 3.3333E-02, 1.2933E+00,-3.3333E-01,
19:46:54.81398605, 3.3333E-02, 1.2933E+00, 0.0000E+00,
19:46:54.81398610, 6.6667E-02, 1.2667E+00,-3.3333E-01,
19:46:54.81398615, 0.0000E+00, 1.2933E+00, 0.0000E+00,
19:46:54.81398620, 0.0000E+00, 1.2933E+00, 3.3333E-01,
19:46:54.81398625,-6.6667E-02, 1.2933E+00, 0.0000E+00,
19:46:54.81398630,-3.3333E-02, 1.2933E+00, 1.3333E+00,
19:46:54.81398635, 6.6667E-02, 1.2933E+00, 3.3333E-01,
19:46:54.81398640, 3.3333E-02, 1.2800E+00, 3.3333E-01,
19:46:54.81398645,-3.3333E-02, 1.2933E+00, 3.3333E-01,
19:46:54.81398650, 0.0000E+00, 1.2933E+00, 0.0000E+00,
19:46:54.81398655, 0.0000E+00, 1.2800E+00, 6.6667E-01,
19:46:54.81398660, 0.0000E+00, 1.2933E+00,-3.3333E-01,
19:46:54.81398665, 0.0000E+00, 1.2933E+00, 3.3333E-01,
19:46:54.81398670, 0.0000E+00, 1.2933E+00,-3.3333E-01,
19:46:54.81398675, 6.6667E-02, 1.2933E+00, 3.3333E-01,
19:46:54.81398680,-3.3333E-02, 1.2933E+00, 6.6667E-01,
19:46:54.81398685, 6.6667E-02, 1.2933E+00, 0.0000E+00,
19:46:54.81398690, 3.3333E-02, 1.2933E+00,-3.3333E-01,
19:46:54.81398695,-3.3333E-02, 1.2933E+00, 6.6667E-01,
19:46:54.81398700, 6.6667E-02, 1.2933E+00, 1.0000E+00,
19:46:54.81398705, 6.6667E-02, 1.3067E+00, 0.0000E+00,
19:46:54.81398710, 1.0000E-01, 1.2933E+00, 6.6667E-01,
19:46:54.81398715, 6.6667E-02, 1.2933E+00, 1.0000E+00,
19:46:54.81398720, 6.6667E-02, 1.2800E+00, 3.3333E-01,
19:46:54.81398725,-3.3333E-02, 1.3067E+00, 1.3333E+00,
19:46:54.81398730, 1.0000E-01, 1.2933E+00, 0.0000E+00,
19:46:54.81398735, 0.0000E+00, 1.3200E+00, 0.0000E+00,
19:46:54.81398740, 6.6667E-02, 1.2667E+00, 1.0000E+00,
19:46:54.81398745, 3.3333E-02, 1.2933E+00, 0.0000E+00,
19:46:54.81398750, 3.3333E-02, 1.2933E+00,-3.3333E-01,
19:46:54.81398755, 0.0000E+00, 1.3067E+00, 1.3333E+00,
19:46:54.81398760, 0.0000E+00, 1.2933E+00,-6.6667E-01,
19:46:54.81398765, 0.0000E+00, 1.2667E+00, 6.6667E-01,
19:46:54.81398770,-3.3333E-02, 1.2933E+00, 3.3333E-01,
19:46:54.81398775, 0.0000E+00, 1.2933E+00, 0.0000E+00,
19:46:54.81398780, 3.3333E-02, 1.2933E+00, 0.0000E+00,
19:46:54.81398785, 1.0000E-01, 1.2933E+00, 0.0000E+00,
19:46:54.81398790, 6.6667E-02, 1.2933E+00, 3.3333E-01,
19:46:54.81398795, 0.0000E+00, 1.2667E+00, 6.6667E-01,
19:46:54.81398800, 1.0000E-01, 1.2667E+00, 0.0000E+00,
19:46:54.81398805, 0.0000E+00, 1.2933E+00, 0.0000E+00,
19:46:54.81398810,-3.3333E-02, 1.2667E+00,-3.3333E-01,
19:46:54.81398815,-6.6667E-02, 1.2933E+00, 3.3333E-01,
19:46:54.81398820, 0.0000E+00, 1.2800E+00,-3.3333E-01,
19:46:54.81398825, 3.3333E-02, 1.2800E+00, 0.0000E+00,
19:46:54.81398830, 0.0000E+00, 1.3067E+00, 6.6667E-01,
19:46:54.81398835, 6.6667E-02, 1.3067E+00, 6.6667E-01,
19:46:54.81398840,-3.3333E-02, 1.2667E+00,-3.3333E-01,
19:46:54.81398845, 0.0000E+00, 1.2533E+00, 0.0000E+00,
19:46:54.81398850, 0.0000E+00, 1.2933E+00,-3.3333E-01,
19:46:54.81398855,-3.3333E-02, 1.2933E+00, 3.3333E-01,
19:46:54.81398860,-3.3333E-02, 1.2667E+00, 0.0000E+00,
19:46:54.81398865,-6.6667E-02, 1.3067E+00, 3.3333E-01,
19:46:54.81398870, 0.0000E+00, 1.2533E+00, 0.0000E+00,
19:46:54.81398875, 3.3333E-02, 1.2667E+00,-3.3333E-01,
19:46:54.81398880, 0.0000E+00, 1.2933E+00, 1.0000E+00,
19:46:54.81398885, 0.0000E+00, 1.2800E+00, 6.6667E-01,
19:46:54.81398890, 3.3333E-02, 1.2933E+00,-3.3333E-01,
19:46:54.81398895, 3.3333E-02, 1.2933E+00, 3.3333E-01,
19:46:54.81398900, 6.6667E-02, 1.2800E+00, 3.3333E-01,
19:46:54.81398905,-3.3333E-02, 1.2933E+00,-6.6667E-01,
19:46:54.81398910, 0.0000E+00, 1.2933E+00, 3.3333E-01,
19:46:54.81398915, 0.0000E+00, 1.3067E+00,-6.6667E-01,
19:46:54.81398920,-3.3333E-02, 1.3067E+00, 6.6667E-01,
19:46:54.81398925, 3.3333E-02, 1.2933E+00, 3.3333E-01,
19:46:54.81398930, 1.0000E-01, 1.3067E+00, 3.3333E-01,
19:46:54.81398935, 3.3333E-02, 1.2933E+00, 0.0000E+00,
19:46:54.81398940, 0.0000E+00, 1.2933E+00, 0.0000E+00,
19:46:54.81398945, 6.6667E-02, 1.2933E+00,-3.3333E-01,
19:46:54.81398950, 3.3333E-02, 1.2933E+00, 3.3333E-01,
19:46:54.81398955, 6.6667E-02, 1.2933E+00, 6.6667E-01,
19:46:54.81398960,-3.3333E-02, 1.2933E+00, 3.3333E-01,
19:46:54.81398965, 0.0000E+00, 1.2933E+00, 3.3333E-01,
19:46:54.81398970, 3.3333E-02, 1.2933E+00, 1.0000E+00,
19:46:54.81398975,-3.3333E-02, 1.2933E+00,-3.3333E-01,
19:46:54.81398980, 3.3333E-02, 1.2933E+00, 6.6667E-01,
19:46:54.81398985, 6.6667E-02, 1.2933E+00, 6.6667E-01,
19:46:54.81398990,-3.3333E-02, 1.2933E+00,-3.3333E-01,
19:46:54.81398995,-3.3333E-02, 1.2933E+00, 0.0000E+00,
19:46:54.81399000,-3.3333E-02, 1.2933E+00, 3.3333E-01,
19:46:54.81399005, 0.0000E+00, 1.2800E+00,-3.3333E-01,
19:46:54.81399010, 3.3333E-02, 1.2933E+00, 6.6667E-01,
19:46:54.81399015,-3.3333E-02, 1.3067E+00, 3.3333E-01,
19:46:54.81399020, 0.0000E+00, 1.3067E+00, 0.0000E+00,
19:46:54.81399025, 3.3333E-02, 1.2800E+00, 3.3333E-01,
19:46:54.81399030, 3.3333E-02, 1.2800E+00, 6.6667E-01,
19:46:54.81399035, 0.0000E+00, 1.2667E+00,-1.0000E+00,
19:46:54.81399040, 3.3333E-02, 1.2933E+00, 3.3333E-01,
19:46:54.81399045, 0.0000E+00, 1.2933E+00, 3.3333E-01,
19:46:54.81399050, 3.3333E-02, 1.2933E+00, 6.6667E-01,
19:46:54.81399055,-3.3333E-02, 1.2933E+00,-3.3333E-01,
19:46:54.81399060, 0.0000E+00, 1.2667E+00, 6.6667E-01,
19:46:54.81399065, 3.3333E-02, 1.3067E+00, 1.0000E+00,
19:46:54.81399070, 3.3333E-02, 1.2933E+00, 3.3333E-01,
19:46:54.81399075, 0.0000E+00, 1.2933E+00,-6.6667E-01,
19:46:54.81399080, 3.3333E-02, 1.3067E+00, 0.0000E+00,
19:46:54.81399085,-6.6667E-02, 1.3067E+00, 0.0000E+00,
19:46:54.81399090, 0.0000E+00, 1.2933E+00, 3.3333E-01,
19:46:54.81399095, 0.0000E+00, 1.2667E+00, 0.0000E+00,
19:46:54.81399100, 3.3333E-02, 1.2933E+00, 3.3333E-01,
19:46:54.81399105, 3.3333E-02, 1.3067E+00, 6.6667E-01,
19:46:54.81399110, 3.3333E-02, 1.2933E+00, 0.0000E+00,
19:46:54.81399115, 6.6667E-02, 1.2933E+00, 3.3333E-01,
19:46:54.81399120, 0.0000E+00, 1.2800E+00, 1.0000E+00,
19:46:54.81399125,-3.3333E-02, 1.2533E+00, 0.0000E+00,
19:46:54.81399130, 3.3333E-02, 1.2933E+00, 3.3333E-01,
19:46:54.81399135, 6.6667E-02, 1.2933E+00, 3.3333E-01,
19:46:54.81399140,-3.3333E-02, 1.3067E+00, 3.3333E-01,
19:46:54.81399145, 1.3333E-01, 1.2800E+00, 3.3333E-01,
19:46:54.81399150,-3.3333E-02, 1.3067E+00, 0.0000E+00,
19:46:54.81399155, 3.3333E-02, 1.2800E+00, 3.3333E-01,
19:46:54.81399160, 3.3333E-02, 1.2800E+00,-6.6667E-01,
19:46:54.81399165, 0.0000E+00, 1.2933E+00, 6.6667E-01,
19:46:54.81399170,-3.3333E-02, 1.2933E+00, 3.3333E-01,
19:46:54.81399175,-3.3333E-02, 1.2933E+00, 3.3333E-01,
19:46:54.81399180, 3.3333E-02, 1.2933E+00,-3.3333E-01,
19:46:54.81399185,-3.3333E-02, 1.3067E+00, 1.0000E+00,
19:46:54.81399190, 0.0000E+00, 1.2933E+00,-3.3333E-01,
19:46:54.81399195, 3.3333E-02, 1.2933E+00, 1.0000E+00,
19:46:54.81399200,-3.3333E-02, 1.2800E+00, 0.0000E+00,
19:46:54.81399205, 0.0000E+00, 1.2933E+00, 0.0000E+00,
19:46:54.81399210,-3.3333E-02, 1.2800E+00, 3.3333E-01,
19:46:54.81399215, 3.3333E-02, 1.3067E+00,-3.3333E-01,
19:46:54.81399220, 3.3333E-02, 1.2933E+00, 6.6667E-01,
19:46:54.81399225, 3.3333E-02, 1.2933E+00, 0.0000E+00,
19:46:54.81399230, 3.3333E-02, 1.2933E+00, 3.3333E-01,
19:46:54.81399235, 0.0000E+00, 1.2933E+00, 0.0000E+00,
19:46:54.81399240, 0.0000E+00, 1.2933E+00, 6.6667E-01,
19:46:54.81399245,-3.3333E-02, 1.2800E+00, 1.0000E+00,
19:46:54.81399250, 0.0000E+00, 1.2933E+00, 0.0000E+00,
19:46:54.81399255, 3.3333E-02, 1.2933E+00, 0.0000E+00,
19:46:54.81399260, 3.3333E-02, 1.2933E+00, 0.0000E+00,
19:46:54.81399265, 6.6667E-02, 1.2533E+00, 3.3333E-01,
19:46:54.81399270, 6.6667E-02, 1.2933E+00, 0.0000E+00,
19:46:54.81399275, 6.6667E-02, 1.2800E+00, 1.0000E+00,
19:46:54.81399280, 3.3333E-02, 1.2533E+00, 0.0000E+00,
19:46:54.81399285, 3.3333E-02, 1.2933E+00, 3.3333E-01,
19:46:54.81399290,-3.3333E-02, 1.2933E+00, 1.0000E+00,
19:46:54.81399295, 0.0000E+00, 1.2933E+00,-3.3333E-01,
19:46:54.81399300,-3.3333E-02, 1.2933E+00, 1.0000E+00,
19:46:54.81399305, 3.3333E-02, 1.2933E+00, 0.0000E+00,
19:46:54.81399310, 6.6667E-02, 1.2933E+00, 0.0000E+00,
19:46:54.81399315, 6.6667E-02, 1.2933E+00, 6.6667E-01,
19:46:54.81399320, 3.3333E-02, 1.2400E+00,-3.3333E-01,
19:46:54.81399325, 0.0000E+00, 1.2933E+00, 3.3333E-01,
19:46:54.81399330, 1.0000E-01, 1.2933E+00, 3.3333E-01,
19:46:54.81399335, 3.3333E-02, 1.2933E+00, 3.3333E-01,
19:46:54.81399340,-6.6667E-02, 1.2933E+00, 3.3333E-01,
19:46:54.81399345, 3.3333E-02, 1.2933E+00,-6.6667E-01,
19:46:54.81399350, 3.3333E-02, 1.2933E+00, 3.3333E-01,
19:46:54.81399355, 0.0000E+00, 1.2933E+00,-3.3333E-01,
19:46:54.81399360, 0.0000E+00, 1.2933E+00, 6.6667E-01,
19:46:54.81399365, 0.0000E+00, 1.2800E+00, 0.0000E+00,
19:46:54.81399370, 0.0000E+00, 1.2933E+00, 3.3333E-01,
19:46:54.81399375, 6.6667E-02, 1.2933E+00, 3.3333E-01,
19:46:54.81399380,-3.3333E-02, 1.2933E+00, 3.3333E-01,
19:46:54.81399385, 0.0000E+00, 1.2800E+00, 3.3333E-01,
19:46:54.81399390, 3.3333E-02, 1.2800E+00,-3.3333E-01,
19:46:54.81399395, 3.3333E-02, 1.2933E+00, 0.0000E+00,
19:46:54.81399400,-3.3333E-02, 1.2933E+00, 6.6667E-01,
19:46:54.81399405, 0.0000E+00, 1.3200E+00,-3.3333E-01,
19:46:54.81399410, 3.3333E-02, 1.2933E+00, 6.6667E-01,
19:46:54.81399415,-6.6667E-02, 1.2933E+00, 6.6667E-01,
19:46:54.81399420, 0.0000E+00, 1.2933E+00, 0.0000E+00,
19:46:54.81399425,-3.3333E-02, 1.2933E+00, 0.0000E+00,
19:46:54.81399430, 6.6667E-02, 1.2933E+00, 0.0000E+00,
19:46:54.81399435, 6.6667E-02, 1.2933E+00, 3.3333E-01,
19:46:54.81399440, 0.0000E+00, 1.2933E+00, 0.0000E+00,
19:46:54.81399445, 3.3333E-02, 1.2533E+00, 3.3333E-01,
19:46:54.81399450, 0.0000E+00, 1.2800E+00, 3.3333E-01,
19:46:54.81399455, 6.6667E-02, 1.2933E+00, 6.6667E-01,
19:46:54.81399460, 6.6667E-02, 1.2800E+00,-3.3333E-01,
19:46:54.81399465, 3.3333E-02, 1.2933E+00, 1.0000E+00,
19:46:54.81399470, 3.3333E-02, 1.2933E+00, 0.0000E+00,
19:46:54.81399475, 3.3333E-02, 1.2933E+00, 0.0000E+00,
19:46:54.81399480, 6.6667E-02, 1.2933E+00, 0.0000E+00,
19:46:54.81399485, 0.0000E+00, 1.2933E+00, 3.3333E-01,
19:46:54.81399490,-6.6667E-02, 1.2933E+00,-3.3333E-01,
19:46:54.81399495, 3.3333E-02, 1.2933E+00, 0.0000E+00,
19:46:54.81399500,-3.3333E-02, 1.2667E+00, 3.3333E-01,
19:46:54.81399505, 0.0000E+00, 1.2933E+00,-3.3333E-01,
19:46:54.81399510, 0.0000E+00, 1.3067E+00, 6.6667E-01,
19:46:54.81399515, 3.3333E-02, 1.2667E+00, 6.6667E-01,
19:46:54.81399520, 0.0000E+00, 1.2933E+00, 0.0000E+00,
19:46:54.81399525, 1.0000E-01, 1.3067E+00, 1.0000E+00,
19:46:54.81399530,-3.3333E-02, 1.2800E+00, 0.0000E+00,
19:46:54.81399535, 0.0000E+00, 1.2933E+00,-3.3333E-01,
19:46:54.81399540, 3.3333E-02, 1.2933E+00, 0.0000E+00,
19:46:54.81399545, 0.0000E+00, 1.2400E+00,-3.3333E-01,
19:46:54.81399550, 3.3333E-02, 1.2800E+00, 0.0000E+00,
19:46:54.81399555,-3.3333E-02, 1.2667E+00,-3.3333E-01,
19:46:54.81399560, 3.3333E-02, 1.2800E+00, 3.3333E-01,
19:46:54.81399565, 0.0000E+00, 1.2933E+00, 0.0000E+00,
19:46:54.81399570,-3.3333E-02, 1.2800E+00,-3.3333E-01,
19:46:54.81399575, 0.0000E+00, 1.3067E+00, 1.0000E+00,
19:46:54.81399580, 6.6667E-02, 1.2933E+00, 3.3333E-01,
19:46:54.81399585, 0.0000E+00, 1.2933E+00, 0.0000E+00,
19:46:54.81399590, 1.0000E-01, 1.2800E+00, 3.3333E-01,
19:46:54.81399595, 6.6667E-02, 1.2933E+00, 3.3333E-01,
19:46:54.81399600, 3.3333E-02, 1.2933E+00, 0.0000E+00,
19:46:54.81399605,-6.6667E-02, 1.3067E+00, 0.0000E+00,
19:46:54.81399610, 3.3333E-02, 1.2533E+00, 3.3333E-01,
19:46:54.81399615, 0.0000E+00, 1.2800E+00, 3.3333E-01,
19:46:54.81399620,-3.3333E-02, 1.2800E+00,-6.6667E-01,
19:46:54.81399625, 0.0000E+00, 1.3067E+00, 0.0000E+00,
19:46:54.81399630,-3.3333E-02, 1.2933E+00, 1.3333E+00,
19:46:54.81399635, 0.0000E+00, 1.2800E+00, 3.3333E-01,
19:46:54.81399640,-3.3333E-02, 1.2800E+00, 1.0000E+00,
19:46:54.81399645, 3.3333E-02, 1.3067E+00, 3.3333E-01,
19:46:54.81399650, 3.3333E-02, 1.2800E+00, 6.6667E-01,
19:46:54.81399655, 3.3333E-02, 1.2800E+00, 3.3333E-01,
19:46:54.81399660, 0.0000E+00, 1.2933E+00, 3.3333E-01,
19:46:54.81399665,-6.6667E-02, 1.2933E+00, 1.0000E+00,
19:46:54.81399670, 1.3333E-01, 1.2933E+00, 3.3333E-01,
19:46:54.81399675, 2.4333E+00, 1.2133E+00, 3.3333E-01,
19:46:54.81399680, 5.5333E+00, 1.2933E+00, 3.3333E-01,
19:46:54.81399685, 6.4667E+00, 1.2133E+00, 3.3333E-01,
19:46:54.81399690, 8.6000E+00, 1.2933E+00, 1.3333E+00,
19:46:54.81399695, 1.1233E+01, 1.2800E+00, 0.0000E+00,
19:46:54.81399700, 1.3200E+01, 1.2533E+00,-3.3333E-01,
19:46:54.81399705, 1.4633E+01, 1.2400E+00, 3.3333E-01,
19:46:54.81399710, 1.5467E+01, 1.2267E+00, 6.6667E-01,
19:46:54.81399715, 1.5733E+01, 1.2133E+00, 3.3333E-01,
19:46:54.81399720, 1.5700E+01, 1.1733E+00, 6.6667E-01,
19:46:54.81399725, 1.5800E+01, 1.1867E+00,-3.3333E-01,
19:46:54.81399730, 1.5833E+01, 1.1733E+00, 6.6667E-01,
19:46:54.81399735, 1.5867E+01, 1.1600E+00, 0.0000E+00,
19:46:54.81399740, 1.5900E+01, 1.1733E+00, 3.3333E-01,
19:46:54.81399745, 1.5833E+01, 1.1600E+00, 6.6667E-01,
19:46:54.81399750, 1.5767E+01, 1.1467E+00, 3.3333E-01,
19:46:54.81399755, 1.5800E+01, 1.1600E+00, 0.0000E+00,
19:46:54.81399760, 1.5833E+01, 1.1733E+00,-3.3333E-01,
19:46:54.81399765, 1.5767E+01, 1.1600E+00, 0.0000E+00,
19:46:54.81399770, 1.5800E+01, 1.1600E+00, 6.6667E-01,
19:46:54.81399775, 1.5733E+01, 1.1467E+00,-3.3333E-01,
19:46:54.81399780, 1.5800E+01, 1.1600E+00, 6.6667E-01,
19:46:54.81399785, 1.5733E+01, 1.1600E+00, 3.3333E-01,
19:46:54.81399790, 1.5700E+01, 1.1600E+00, 3.3333E-01,
19:46:54.81399795, 1.5767E+01, 1.1600E+00, 1.0000E+00,
19:46:54.81399800, 1.5767E+01, 1.1600E+00, 6.6667E-01,
19:46:54.81399805, 1.5767E+01, 1.1600E+00, 3.3333E-01,
19:46:54.81399810, 1.5667E+01, 1.1333E+00, 1.0000E+00,
19:46:54.81399815, 1.5667E+01, 1.1467E+00,-6.6667E-01,
19:46:54.81399820, 1.5667E+01, 1.1333E+00, 1.0000E+00,
19:46:54.81399825, 1.5667E+01, 1.1333E+00, 3.3333E-01,
19:46:54.81399830, 1.5733E+01, 1.1333E+00, 0.0000E+00,
19:46:54.81399835, 1.5667E+01, 1.1200E+00, 3.3333E-01,
19:46:54.81399840, 1.5667E+01, 1.1333E+00, 6.6667E-01,
19:46:54.81399845, 1.5633E+01, 1.1600E+00, 6.6667E-01,
19:46:54.81399850, 1.5667E+01, 1.1467E+00, 1.0000E+00,
19:46:54.81399855, 1.5667E+01, 1.1200E+00, 6.6667E-01,
19:46:54.81399860, 1.5633E+01, 1.1200E+00, 1.0000E+00,
19:46:54.81399865, 1.5667E+01, 1.1467E+00, 6.6667E-01,
19:46:54.81399870, 1.5633E+01, 1.1067E+00, 0.0000E+00,
19:46:54.81399875, 1.5567E+01, 1.1333E+00, 1.3333E+00,
19:46:54.81399880, 1.5600E+01, 1.1200E+00, 1.0000E+00,
19:46:54.81399885, 1.5600E+01, 1.1200E+00, 1.0000E+00,
19:46:54.81399890, 1.5533E+01, 1.0933E+00, 1.0000E+00,
19:46:54.81399895, 1.5567E+01, 1.0933E+00, 6.6667E-01,
19:46:54.81399900, 1.5500E+01, 1.1200E+00, 1.6667E+00,
19:46:54.81399905, 1.5467E+01, 1.1200E+00, 6.6667E-01,
19:46:54.81399910, 1.5400E+01, 1.0800E+00, 1.6667E+00,
19:46:54.81399915, 1.5500E+01, 1.0667E+00, 1.3333E+00,
19:46:54.81399920, 1.5433E+01, 1.0800E+00, 1.0000E+00,
19:46:54.81399925, 1.5433E+01, 1.1067E+00, 1.3333E+00,
19:46:54.81399930, 1.5500E+01, 1.1067E+00, 1.3333E+00,
19:46:54.81399935, 1.5433E+01, 1.0933E+00, 1.6667E+00,
19:46:54.81399940, 1.5367E+01, 1.0800E+00, 1.3333E+00,
19:46:54.81399945, 1.5400E+01, 1.0933E+00, 1.6667E+00,
19:46:54.81399950, 1.5333E+01, 1.0933E+00, 1.3333E+00,
19:46:54.81399955, 1.5333E+01, 1.0933E+00, 1.3333E+00,
19:46:54.81399960, 1.5300E+01, 1.0667E+00, 1.6667E+00,
19:46:54.81399965, 1.5300E+01, 1.0667E+00, 6.6667E-01,
19:46:54.81399970, 1.5333E+01, 1.0800E+00, 6.6667E-01,
19:46:54.81399975, 1.5300E+01, 1.0667E+00, 1.3333E+00,
19:46:54.81399980, 1.5333E+01, 1.0933E+00, 1.6667E+00,
19:46:54.81399985, 1.5300E+01, 1.0533E+00, 1.6667E+00,
19:46:54.81399990, 1.5333E+01, 1.0667E+00, 1.6667E+00,
19:46:54.81399995, 1.5300E+01, 1.0800E+00, 1.3333E+00,
19:46:54.81400000, 1.5233E+01, 1.0667E+00, 1.6667E+00,
19:46:54.81400005, 1.5267E+01, 1.0800E+00, 1.3333E+00,
19:46:54.81400010, 1.5233E+01, 1.0667E+00, 1.6667E+00,
19:46:54.81400015, 1.5233E+01, 1.0800E+00, 1.6667E+00,
19:46:54.81400020, 1.5167E+01, 1.0667E+00, 1.6667E+00,
19:46:54.81400025, 1.5167E+01, 1.0533E+00, 1.3333E+00,
19:46:54.81400030, 1.5167E+01, 1.0400E+00, 2.0000E+00,
19:46:54.81400035, 1.5200E+01, 1.0533E+00, 1.6667E+00,
19:46:54.81400040, 1.5233E+01, 1.0400E+00, 1.6667E+00,
19:46:54.81400045, 1.5133E+01, 1.0667E+00, 2.3333E+00,
19:46:54.81400050, 1.5167E+01, 1.0267E+00, 1.6667E+00,
19:46:54.81400055, 1.5100E+01, 1.0267E+00, 2.6667E+00,
19:46:54.81400060, 1.5067E+01, 1.0400E+00, 1.6667E+00,
19:46:54.81400065, 1.5133E+01, 1.0667E+00, 1.6667E+00,
19:46:54.81400070, 1.5167E+01, 1.0400E+00, 1.6667E+00,
19:46:54.81400075, 1.5100E+01, 1.0533E+00, 2.3333E+00,
19:46:54.81400080, 1.5100E+01, 1.0400E+00, 2.0000E+00,
19:46:54.81400085, 1.5067E+01, 1.0267E+00, 2.0000E+00,
19:46:54.81400090, 1.5100E+01, 1.0400E+00, 2.6667E+00,
19:46:54.81400095, 1.5000E+01, 1.0267E+00, 2.6667E+00,
19:46:54.81400100, 1.5033E+01, 1.0400E+00, 2.3333E+00,
19:46:54.81400105, 1.5000E+01, 1.0533E+00, 2.0000E+00,
19:46:54.81400110, 1.4933E+01, 1.0267E+00, 2.6667E+00,
19:46:54.81400115, 1.5033E+01, 1.0400E+00, 2.3333E+00,
19:46:54.81400120, 1.4933E+01, 1.0267E+00, 2.6667E+00,
19:46:54.81400125, 1.4967E+01, 1.0267E+00, 2.3333E+00,
19:46:54.81400130, 1.4933E+01, 1.0267E+00, 2.6667E+00,
19:46:54.81400135, 1.5000E+01, 1.0267E+00, 2.6667E+00,
19:46:54.81400140, 1.5067E+01, 1.0133E+00, 2.3333E+00,
19:46:54.81400145, 1.4933E+01, 1.0000E+00, 3.3333E+00,
19:46:54.81400150, 1.4933E+01, 1.0400E+00, 3.0000E+00,
19:46:54.81400155, 1.4900E+01, 1.0267E+00, 2.6667E+00,
19:46:54.81400160, 1.4933E+01, 1.0133E+00, 3.6667E+00,
19:46:54.81400165, 1.4967E+01, 1.0400E+00, 3.0000E+00,
19:46:54.81400170, 1.4933E+01, 1.0267E+00, 3.3333E+00,
19:46:54.81400175, 1.5033E+01, 1.0000E+00, 3.3333E+00,
19:46:54.81400180, 1.5067E+01, 1.0267E+00, 2.6667E+00,
19:46:54.81400185, 1.5067E+01, 1.0267E+00, 3.3333E+00,
19:46:54.81400190, 1.5033E+01, 1.0267E+00, 4.0000E+00,
19:46:54.81400195, 1.4967E+01, 9.8667E-01, 3.3333E+00,
19:46:54.81400200, 1.4967E+01, 1.0267E+00, 3.3333E+00,
19:46:54.81400205, 1.4933E+01, 1.0267E+00, 4.3333E+00,
19:46:54.81400210, 1.4967E+01, 1.0133E+00, 4.0000E+00,
19:46:54.81400215, 1.4967E+01, 1.0133E+00, 3.6667E+00,
19:46:54.81400220, 1.4933E+01, 1.0267E+00, 3.0000E+00,
19:46:54.81400225, 1.4967E+01, 1.0267E+00, 4.0000E+00,
19:46:54.81400230, 1.4933E+01, 1.0400E+00, 3.3333E+00,
19:46:54.81400235, 1.4900E+01, 1.0267E+00, 4.0000E+00,
19:46:54.81400240, 1.4900E+01, 1.0267E+00, 4.0000E+00,
19:46:54.81400245, 1.4900E+01, 1.0267E+00, 3.6667E+00,
19:46:54.81400250, 1.4967E+01, 1.0267E+00, 4.3333E+00,
19:46:54.81400255, 1.4900E+01, 1.0267E+00, 4.6667E+00,
19:46:54.81400260, 1.4933E+01, 1.0000E+00, 4.0000E+00,
19:46:54.81400265, 1.4967E+01, 1.0267E+00, 4.6667E+00,
19:46:54.81400270, 1.4900E+01, 1.0133E+00, 4.6667E+00,
19:46:54.81400275, 1.4967E+01, 1.0133E+00, 4.3333E+00,
19:46:54.81400280, 1.4967E+01, 1.0400E+00, 4.6667E+00,
19:46:54.81400285, 1.5033E+01, 1.0133E+00, 4.6667E+00,
19:46:54.81400290, 1.5000E+01, 1.0133E+00, 4.3333E+00,
19:46:54.81400295, 1.4933E+01, 1.0267E+00, 5.0000E+00,
19:46:54.81400300, 1.5000E+01, 1.0133E+00, 4.6667E+00,
19:46:54.81400305, 1.5000E+01, 1.0000E+00, 5.0000E+00,
19:46:54.81400310, 1.4967E+01, 1.0133E+00, 4.0000E+00,
19:46:54.81400315, 1.5000E+01, 1.0133E+00, 4.6667E+00,
19:46:54.81400320, 1.4967E+01, 9.7333E-01, 4.6667E+00,
19:46:54.81400325, 1.4967E+01, 1.0267E+00, 5.3333E+00,
19:46:54.81400330, 1.4967E+01, 1.0000E+00, 4.0000E+00,
19:46:54.81400335, 1.4933E+01, 1.0267E+00, 5.3333E+00,
19:46:54.81400340, 1.4933E+01, 1.0133E+00, 5.0000E+00,
19:46:54.81400345, 1.4933E+01, 1.0133E+00, 4.6667E+00,
19:46:54.81400350, 1.4900E+01, 1.0133E+00, 4.6667E+00,
19:46:54.81400355, 1.4967E+01, 1.0267E+00, 5.0000E+00,
19:46:54.81400360, 1.4933E+01, 1.0267E+00, 4.6667E+00,
19:46:54.81400365, 1.4933E+01, 1.0400E+00, 5.0000E+00,
19:46:54.81400370, 1.4967E+01, 1.0267E+00, 5.0000E+00,
19:46:54.81400375, 1.4967E+01, 1.0267E+00, 5.3333E+00,
19:46:54.81400380, 1.4933E+01, 1.0000E+00, 5.3333E+00,
19:46:54.81400385, 1.4933E+01, 1.0267E+00, 5.3333E+00,
19:46:54.81400390, 1.4967E+01, 1.0000E+00, 5.6667E+00,
19:46:54.81400395, 1.4933E+01, 1.0133E+00, 5.3333E+00,
19:46:54.81400400, 1.4967E+01, 1.0133E+00, 5.3333E+00,
19:46:54.81400405, 1.5000E+01, 1.0267E+00, 5.3333E+00,
19:46:54.81400410, 1.5000E+01, 1.0000E+00, 5.3333E+00,
19:46:54.81400415, 1.4967E+01, 1.0267E+00, 6.0000E+00,
19:46:54.81400420, 1.4933E+01, 1.0267E+00, 5.3333E+00,
19:46:54.81400425, 1.4933E+01, 1.0267E+00, 5.0000E+00,
19:46:54.81400430, 1.5033E+01, 1.0267E+00, 5.6667E+00,
19:46:54.81400435, 1.4933E+01, 1.0267E+00, 5.6667E+00,
19:46:54.81400440, 1.5000E+01, 1.0667E+00, 5.3333E+00,
19:46:54.81400445, 1.4967E+01, 1.0400E+00, 6.0000E+00,
19:46:54.81400450, 1.4933E+01, 1.0400E+00, 5.0000E+00,
19:46:54.81400455, 1.5000E+01, 1.0400E+00, 5.6667E+00,
19:46:54.81400460, 1.5000E+01, 1.0267E+00, 5.6667E+00,
19:46:54.81400465, 1.4933E+01, 1.0267E+00, 6.6667E+00,
19:46:54.81400470, 1.4933E+01, 1.0267E+00, 5.3333E+00,
19:46:54.81400475, 1.4933E+01, 1.0267E+00, 6.3333E+00,
19:46:54.81400480, 1.4933E+01, 1.0133E+00, 5.6667E+00,
19:46:54.81400485, 1.4967E+01, 1.0267E+00, 6.0000E+00,
19:46:54.81400490, 1.5000E+01, 1.0533E+00, 5.6667E+00,
19:46:54.81400495, 1.4933E+01, 1.0133E+00, 6.0000E+00,
19:46:54.81400500, 1.4967E+01, 1.0267E+00, 6.3333E+00,
19:46:54.81400505, 1.4967E+01, 1.0533E+00, 6.3333E+00,
19:46:54.81400510, 1.5000E+01, 1.0400E+00, 6.3333E+00,
19:46:54.81400515, 1.4967E+01, 1.0533E+00, 5.6667E+00,
19:46:54.81400520, 1.5000E+01, 1.0267E+00, 6.3333E+00,
19:46:54.81400525, 1.4967E+01, 1.0267E+00, 6.3333E+00,
19:46:54.81400530, 1.4967E+01, 1.0267E+00, 5.6667E+00,
19:46:54.81400535, 1.4867E+01, 1.0533E+00, 7.0000E+00,
19:46:54.81400540, 1.4967E+01, 1.0267E+00, 6.3333E+00,
19:46:54.81400545, 1.4933E+01, 1.0400E+00, 6.6667E+00,
19:46:54.81400550, 1.4933E+01, 1.0533E+00, 6.3333E+00,
19:46:54.81400555, 1.4933E+01, 1.0667E+00, 6.0000E+00,
19:46:54.81400560, 1.4900E+01, 1.0533E+00, 7.0000E+00,
19:46:54.81400565, 1.5000E+01, 1.0533E+00, 7.0000E+00,
19:46:54.81400570, 1.4933E+01, 1.0533E+00, 7.3333E+00,
19:46:54.81400575, 1.5033E+01, 1.0667E+00, 6.3333E+00,
19:46:54.81400580, 1.4933E+01, 1.0533E+00, 7.3333E+00,
19:46:54.81400585, 1.4933E+01, 1.0400E+00, 7.3333E+00,
19:46:54.81400590, 1.4967E+01, 1.0267E+00, 6.6667E+00,
19:46:54.81400595, 1.4967E+01, 1.0400E+00, 6.6667E+00,
19:46:54.81400600, 1.4967E+01, 1.0400E+00, 7.3333E+00,
19:46:54.81400605, 1.5000E+01, 1.0533E+00, 7.0000E+00,
19:46:54.81400610, 1.5000E+01, 1.0400E+00, 7.0000E+00,
19:46:54.81400615, 1.5033E+01, 1.0800E+00, 6.6667E+00,
19:46:54.81400620, 1.5000E+01, 1.0667E+00, 7.0000E+00,
19:46:54.81400625, 1.5100E+01, 1.0400E+00, 7.0000E+00,
19:46:54.81400630, 1.4967E+01, 1.0400E+00, 7.3333E+00,
19:46:54.81400635, 1.4933E+01, 1.0267E+00, 7.0000E+00,
19:46:54.81400640, 1.4967E+01, 1.0400E+00, 7.0000E+00,
19:46:54.81400645, 1.4933E+01, 1.0667E+00, 8.0000E+00,
19:46:54.81400650, 1.5033E+01, 1.0533E+00, 7.0000E+00,
19:46:54.81400655, 1.4967E+01, 1.0800E+00, 7.3333E+00,
19:46:54.81400660, 1.4933E+01, 1.0667E+00, 7.3333E+00,
19:46:54.81400665, 1.4933E+01, 1.0400E+00, 7.0000E+00,
19:46:54.81400670, 1.4967E+01, 1.0533E+00, 8.0000E+00,
19:46:54.81400675, 1.4933E+01, 1.0533E+00, 7.3333E+00,
19:46:54.81400680, 1.5000E+01, 1.0533E+00, 7.3333E+00,
19:46:54.81400685, 1.4933E+01, 1.0667E+00, 7.6667E+00,
19:46:54.81400690, 1.5000E+01, 1.0533E+00, 8.0000E+00,
19:46:54.81400695, 1.5100E+01, 1.0667E+00, 8.3333E+00,
19:46:54.81400700, 1.5000E+01, 1.0400E+00, 7.0000E+00,
19:46:54.81400705, 1.4967E+01, 1.0667E+00, 8.0000E+00,
19:46:54.81400710, 1.4933E+01, 1.0667E+00, 8.0000E+00,
19:46:54.81400715, 1.5000E+01, 1.0533E+00, 7.6667E+00,
19:46:54.81400720, 1.5000E+01, 1.0800E+00, 8.3333E+00,
19:46:54.81400725, 1.4933E+01, 1.0800E+00, 8.0000E+00,
19:46:54.81400730, 1.4933E+01, 1.0933E+00, 8.0000E+00,
19:46:54.81400735, 1.4933E+01, 1.0667E+00, 7.6667E+00,
19:46:54.81400740, 1.5000E+01, 1.0667E+00, 8.0000E+00,
19:46:54.81400745, 1.4933E+01, 1.0667E+00, 7.6667E+00,
19:46:54.81400750, 1.5033E+01, 1.0933E+00, 8.6667E+00,
19:46:54.81400755, 1.4967E+01, 1.0667E+00, 7.6667E+00,
19:46:54.81400760, 1.4933E+01, 1.0800E+00, 8.6667E+00,
19:46:54.81400765, 1.4933E+01, 1.0800E+00, 7.3333E+00,
19:46:54.81400770, 1.4933E+01, 1.0533E+00, 7.3333E+00,
19:46:54.81400775, 1.4867E+01, 1.0667E+00, 8.0000E+00,
19:46:54.81400780, 1.4967E+01, 1.0667E+00, 8.6667E+00,
19:46:54.81400785, 1.4933E+01, 1.0667E+00, 8.3333E+00,
19:46:54.81400790, 1.4967E+01, 1.1067E+00, 8.6667E+00,
19:46:54.81400795, 1.4933E+01, 1.0667E+00, 8.6667E+00,
19:46:54.81400800, 1.5000E+01, 1.1067E+00, 8.0000E+00,
19:46:54.81400805, 1.5000E+01, 1.0933E+00, 8.0000E+00,
19:46:54.81400810, 1.5033E+01, 1.1067E+00, 8.0000E+00,
19:46:54.81400815, 1.5000E+01, 1.0667E+00, 8.6667E+00,
19:46:54.81400820, 1.5033E+01, 1.1067E+00, 8.6667E+00,
19:46:54.81400825, 1.4967E+01, 1.1067E+00, 8.6667E+00,
19:46:54.81400830, 1.4967E+01, 1.1200E+00, 8.3333E+00,
19:46:54.81400835, 1.4933E+01, 1.1067E+00, 8.6667E+00,
19:46:54.81400840, 1.4967E+01, 1.1067E+00, 8.3333E+00,
19:46:54.81400845, 1.5000E+01, 1.1200E+00, 8.3333E+00,
19:46:54.81400850, 1.5000E+01, 1.1200E+00, 8.6667E+00,
19:46:54.81400855, 1.5000E+01, 1.0933E+00, 8.3333E+00,
19:46:54.81400860, 1.4933E+01, 1.0667E+00, 9.0000E+00,
19:46:54.81400865, 1.5000E+01, 1.0933E+00, 8.6667E+00,
19:46:54.81400870, 1.5000E+01, 1.1467E+00, 8.6667E+00,
19:46:54.81400875, 1.4967E+01, 1.0933E+00, 8.0000E+00,
19:46:54.81400880, 1.4933E+01, 1.1200E+00, 8.6667E+00,
19:46:54.81400885, 1.4967E+01, 1.1200E+00, 8.6667E+00,
19:46:54.81400890, 1.4967E+01, 1.1067E+00, 9.3333E+00,
19:46:54.81400895, 1.5067E+01, 1.1067E+00, 9.0000E+00,
19:46:54.81400900, 1.5000E+01, 1.1067E+00, 8.6667E+00,
19:46:54.81400905, 1.5067E+01, 1.1333E+00, 8.6667E+00,
19:46:54.81400910, 1.4967E+01, 1.0800E+00, 9.0000E+00,
19:46:54.81400915, 1.4967E+01, 1.1200E+00, 8.6667E+00,
19:46:54.81400920, 1.4933E+01, 1.1333E+00, 8.6667E+00,
19:46:54.81400925, 1.5000E+01, 1.1200E+00, 8.6667E+00,
19:46:54.81400930, 1.5033E+01, 1.1200E+00, 9.3333E+00,
19:46:54.81400935, 1.4967E+01, 1.1333E+00, 8.6667E+00,
19:46:54.81400940, 1.5067E+01, 1.1200E+00, 8.6667E+00,
19:46:54.81400945, 1.5067E+01, 1.1467E+00, 8.6667E+00,
19:46:54.81400950, 1.4933E+01, 1.1333E+00, 8.6667E+00,
19:46:54.81400955, 1.5033E+01, 1.1200E+00, 9.3333E+00,
19:46:54.81400960, 1.5000E+01, 1.1333E+00, 9.0000E+00,
19:46:54.81400965, 1.4933E+01, 1.1067E+00, 8.6667E+00,
19:46:54.81400970, 1.4933E+01, 1.1333E+00, 9.3333E+00,
19:46:54.81400975, 1.4933E+01, 1.1067E+00, 8.6667E+00,
19:46:54.81400980, 1.5000E+01, 1.1200E+00, 9.3333E+00,
19:46:54.81400985, 1.4967E+01, 1.1333E+00, 8.3333E+00,
19:46:54.81400990, 1.4933E+01, 1.1467E+00, 8.6667E+00,
19:46:54.81400995, 1.4967E+01, 1.1333E+00, 9.6667E+00,
19:46:54.81401000, 1.4967E+01, 1.1200E+00, 9.6667E+00,
19:46:54.81401005, 1.4933E+01, 1.1600E+00, 9.3333E+00,
19:46:54.81401010, 1.4933E+01, 1.1467E+00, 9.0000E+00,
19:46:54.81401015, 1.4967E+01, 1.1467E+00, 9.0000E+00,
19:46:54.81401020, 1.4967E+01, 1.1467E+00, 1.0000E+01,
19:46:54.81401025, 1.4967E+01, 1.1333E+00, 8.6667E+00,
19:46:54.81401030, 1.5033E+01, 1.1333E+00, 8.6667E+00,
19:46:54.81401035, 1.5033E+01, 1.1467E+00, 9.3333E+00,
19:46:54.81401040, 1.5067E+01, 1.1333E+00, 9.3333E+00,
19:46:54.81401045, 1.5033E+01, 1.1467E+00, 9.3333E+00,
19:46:54.81401050, 1.4900E+01, 1.1467E+00, 8.6667E+00,
19:46:54.81401055, 1.4967E+01, 1.1600E+00, 9.3333E+00,
19:46:54.81401060, 1.4933E+01, 1.1600E+00, 9.3333E+00,
19:46:54.81401065, 1.5000E+01, 1.1600E+00, 9.3333E+00,
19:46:54.81401070, 1.5000E+01, 1.1467E+00, 9.0000E+00,
19:46:54.81401075, 1.4967E+01, 1.1200E+00, 1.0000E+01,
19:46:54.81401080, 1.4933E+01, 1.1467E+00, 9.6667E+00,
19:46:54.81401085, 1.4933E+01, 1.1600E+00, 9.3333E+00,
19:46:54.81401090, 1.5000E+01, 1.1333E+00, 9.3333E+00,
19:46:54.81401095, 1.5000E+01, 1.1600E+00, 9.3333E+00,
19:46:54.81401100, 1.4967E+01, 1.1467E+00, 9.6667E+00,
19:46:54.81401105, 1.5033E+01, 1.1600E+00, 1.0000E+01,
19:46:54.81401110, 1.4933E+01, 1.1600E+00, 9.3333E+00,
19:46:54.81401115, 1.4967E+01, 1.1600E+00, 9.6667E+00,
19:46:54.81401120, 1.5000E+01, 1.1600E+00, 9.6667E+00,
19:46:54.81401125, 1.4967E+01, 1.1600E+00, 1.0667E+01,
19:46:54.81401130, 1.5000E+01, 1.1600E+00, 9.6667E+00,
19:46:54.81401135, 1.5033E+01, 1.1333E+00, 9.3333E+00,
19:46:54.81401140, 1.5033E+01, 1.1200E+00, 9.3333E+00,
19:46:54.81401145, 1.5067E+01, 1.1600E+00, 9.3333E+00,
19:46:54.81401150, 1.5000E+01, 1.1600E+00, 9.6667E+00,
19:46:54.81401155, 1.4967E+01, 1.1600E+00, 1.0000E+01,
19:46:54.81401160, 1.4967E+01, 1.1600E+00, 9.6667E+00,
19:46:54.81401165, 1.4967E+01, 1.1333E+00, 9.6667E+00,
19:46:54.81401170, 1.5000E+01, 1.1600E+00, 1.0000E+01,
19:46:54.81401175, 1.4933E+01, 1.1600E+00, 1.0000E+01,
19:46:54.81401180, 1.5033E+01, 1.1600E+00, 1.0667E+01,
19:46:54.81401185, 1.4933E+01, 1.1467E+00, 9.0000E+00,
19:46:54.81401190, 1.4967E+01, 1.1467E+00, 9.6667E+00,
19:46:54.81401195, 1.4967E+01, 1.1600E+00, 9.6667E+00,
19:46:54.81401200, 1.4967E+01, 1.1600E+00, 1.0000E+01,
19:46:54.81401205, 1.4933E+01, 1.1600E+00, 1.0000E+01,
19:46:54.81401210, 1.5033E+01, 1.1867E+00, 9.3333E+00,
19:46:54.81401215, 1.5000E+01, 1.1467E+00, 1.0000E+01,
19:46:54.81401220, 1.4967E+01, 1.1600E+00, 9.3333E+00,
19:46:54.81401225, 1.4933E+01, 1.1867E+00, 1.0667E+01,
19:46:54.81401230, 1.5000E+01, 1.1733E+00, 9.3333E+00,
19:46:54.81401235, 1.4967E+01, 1.1733E+00, 1.0333E+01,
19:46:54.81401240, 1.5000E+01, 1.1867E+00, 9.3333E+00,
19:46:54.81401245, 1.5033E+01, 1.1600E+00, 9.6667E+00,
19:46:54.81401250, 1.5033E+01, 1.1733E+00, 1.0333E+01,
19:46:54.81401255, 1.4933E+01, 1.1733E+00, 1.0667E+01,
19:46:54.81401260, 1.4967E+01, 1.1600E+00, 9.3333E+00,
19:46:54.81401265, 1.5000E+01, 1.2000E+00, 1.0000E+01,
19:46:54.81401270, 1.4967E+01, 1.1600E+00, 1.0000E+01,
19:46:54.81401275, 1.4967E+01, 1.1733E+00, 1.0333E+01,
19:46:54.81401280, 1.4967E+01, 1.1733E+00, 9.6667E+00,
19:46:54.81401285, 1.5000E+01, 1.1867E+00, 1.0333E+01,
19:46:54.81401290, 1.4967E+01, 1.1600E+00, 1.0000E+01,
19:46:54.81401295, 1.4933E+01, 1.1733E+00, 1.0333E+01,
19:46:54.81401300, 1.4967E+01, 1.2000E+00, 1.0000E+01,
19:46:54.81401305, 1.4933E+01, 1.1867E+00, 1.0667E+01,
19:46:54.81401310, 1.4967E+01, 1.1600E+00, 1.0333E+01,
19:46:54.81401315, 1.5000E+01, 1.1867E+00, 1.0667E+01,
19:46:54.81401320, 1.4933E+01, 1.1733E+00, 1.0333E+01,
19:46:54.81401325, 1.5000E+01, 1.2000E+00, 1.0667E+01,
19:46:54.81401330, 1.4967E+01, 1.1733E+00, 1.0333E+01,
19:46:54.81401335, 1.4933E+01, 1.1733E+00, 1.0000E+01,
19:46:54.81401340, 1.5033E+01, 1.1733E+00, 1.0667E+01,
19:46:54.81401345, 1.5000E+01, 1.1867E+00, 1.0333E+01,
19:46:54.81401350, 1.4933E+01, 1.1733E+00, 1.1000E+01,
19:46:54.81401355, 1.5000E+01, 1.1600E+00, 1.1000E+01,
19:46:54.81401360, 1.4967E+01, 1.1867E+00, 1.0667E+01,
19:46:54.81401365, 1.5000E+01, 1.1733E+00, 1.1000E+01,
19:46:54.81401370, 1.4967E+01, 1.1733E+00, 1.0000E+01,
19:46:54.81401375, 1.4967E+01, 1.1733E+00, 9.3333E+00,
19:46:54.81401380, 1.4933E+01, 1.2000E+00, 9.6667E+00,
19:46:54.81401385, 1.5000E+01, 1.2000E+00, 9.3333E+00,
19:46:54.81401390, 1.5000E+01, 1.2133E+00, 1.0333E+01,
19:46:54.81401395, 1.5000E+01, 1.2133E+00, 1.0333E+01,
19:46:54.81401400, 1.4967E+01, 1.1867E+00, 1.0667E+01,
19:46:54.81401405, 1.5000E+01, 1.2000E+00, 1.0333E+01,
19:46:54.81401410, 1.4933E+01, 1.1867E+00, 1.0667E+01,
19:46:54.81401415, 1.5000E+01, 1.1867E+00, 1.0333E+01,
19:46:54.81401420, 1.4933E+01, 1.1600E+00, 1.0667E+01,
19:46:54.81401425, 1.4967E+01, 1.1600E+00, 1.0333E+01,
19:46:54.81401430, 1.4967E+01, 1.1867E+00, 1.1000E+01,
19:46:54.81401435, 1.5033E+01, 1.2000E+00, 1.0667E+01,
19:46:54.81401440, 1.4933E+01, 1.1867E+00, 1.1333E+01,
19:46:54.81401445, 1.4933E+01, 1.1733E+00, 1.0667E+01,
19:46:54.81401450, 1.5033E+01, 1.2267E+00, 1.0667E+01,
19:46:54.81401455, 1.4967E+01, 1.2000E+00, 1.0333E+01,
19:46:54.81401460, 1.5033E+01, 1.1867E+00, 1.0333E+01,
19:46:54.81401465, 1.4933E+01, 1.2000E+00, 1.0333E+01,
19:46:54.81401470, 1.4933E+01, 1.2000E+00, 1.0667E+01,
19:46:54.81401475, 1.4933E+01, 1.1867E+00, 1.0333E+01,
19:46:54.81401480, 1.4933E+01, 1.2000E+00, 1.0667E+01,
19:46:54.81401485, 1.4967E+01, 1.2000E+00, 1.1000E+01,
19:46:54.81401490, 1.4967E+01, 1.1867E+00, 1.0000E+01,
19:46:54.81401495, 1.4967E+01, 1.2000E+00, 1.0000E+01,
19:46:54.81401500, 1.4933E+01, 1.2267E+00, 1.1667E+01,
19:46:54.81401505, 1.5033E+01, 1.2133E+00, 1.0667E+01,
19:46:54.81401510, 1.4967E+01, 1.2133E+00, 1.0333E+01,
19:46:54.81401515, 1.4967E+01, 1.2267E+00, 1.0667E+01,
19:46:54.81401520, 1.4933E+01, 1.2133E+00, 1.0667E+01,
19:46:54.81401525, 1.5033E+01, 1.2000E+00, 1.1000E+01,
19:46:54.81401530, 1.4967E+01, 1.2133E+00, 1.1000E+01,
19:46:54.81401535, 1.4967E+01, 1.2000E+00, 1.0333E+01,
19:46:54.81401540, 1.4933E+01, 1.2000E+00, 1.1333E+01,
19:46:54.81401545, 1.4933E+01, 1.1867E+00, 1.0333E+01,
19:46:54.81401550, 1.4933E+01, 1.2000E+00, 1.1000E+01,
19:46:54.81401555, 1.5067E+01, 1.2000E+00, 1.1000E+01,
19:46:54.81401560, 1.4933E+01, 1.2000E+00, 1.1333E+01,
19:46:54.81401565, 1.5000E+01, 1.2133E+00, 1.1333E+01,
19:46:54.81401570, 1.5067E+01, 1.1867E+00, 1.0333E+01,
19:46:54.81401575, 1.5000E+01, 1.2000E+00, 1.0667E+01,
19:46:54.81401580, 1.4967E+01, 1.2133E+00, 1.0333E+01,
19:46:54.81401585, 1.4933E+01, 1.2133E+00, 1.1000E+01,
19:46:54.81401590, 1.4967E+01, 1.1867E+00, 1.1667E+01,
19:46:54.81401595, 1.4967E+01, 1.1867E+00, 1.1333E+01,
19:46:54.81401600, 1.4967E+01, 1.2000E+00, 1.1333E+01,
19:46:54.81401605, 1.5033E+01, 1.2133E+00, 1.1667E+01,
19:46:54.81401610, 1.5000E+01, 1.2000E+00, 1.1667E+01,
19:46:54.81401615, 1.5033E+01, 1.1733E+00, 1.0333E+01,
19:46:54.81401620, 1.5100E+01, 1.2133E+00, 1.1333E+01,
19:46:54.81401625, 1.4967E+01, 1.2133E+00, 1.0333E+01,
19:46:54.81401630, 1.4933E+01, 1.2000E+00, 1.0667E+01,
19:46:54.81401635, 1.5000E+01, 1.2267E+00, 1.0333E+01,
19:46:54.81401640, 1.4967E+01, 1.1867E+00, 1.0667E+01,
19:46:54.81401645, 1.5000E+01, 1.2267E+00, 1.0667E+01,
19:46:54.81401650, 1.5000E+01, 1.2133E+00, 1.1333E+01,
19:46:54.81401655, 1.5033E+01, 1.2000E+00, 1.1333E+01,
19:46:54.81401660, 1.5033E+01, 1.1867E+00, 1.1333E+01,
19:46:54.81401665, 1.5000E+01, 1.2267E+00, 1.1333E+01,
19:46:54.81401670, 1.4967E+01, 1.2133E+00, 1.1000E+01,
19:46:54.81401675, 1.4967E+01, 1.2267E+00, 1.1333E+01,
19:46:54.81401680, 1.5067E+01, 1.2267E+00, 1.1667E+01,
19:46:54.81401685, 1.4933E+01, 1.2133E+00, 1.0667E+01,
19:46:54.81401690, 1.4933E+01, 1.2133E+00, 1.0000E+01,
19:46:54.81401695, 1.5000E+01, 1.2133E+00, 1.1000E+01,
19:46:54.81401700, 1.4967E+01, 1.1867E+00, 1.1333E+01,
19:46:54.81401705, 1.4967E+01, 1.2000E+00, 1.1000E+01,
19:46:54.81401710, 1.4933E+01, 1.2000E+00, 1.1000E+01,
19:46:54.81401715, 1.5033E+01, 1.2267E+00, 1.1333E+01,
19:46:54.81401720, 1.4933E+01, 1.2267E+00, 1.0667E+01,
19:46:54.81401725, 1.4933E+01, 1.2267E+00, 1.1333E+01,
19:46:54.81401730, 1.4967E+01, 1.2267E+00, 1.0667E+01,
19:46:54.81401735, 1.5000E+01, 1.2400E+00, 1.0333E+01,
19:46:54.81401740, 1.4967E+01, 1.2133E+00, 1.0667E+01,
19:46:54.81401745, 1.4967E+01, 1.2133E+00, 1.1333E+01,
19:46:54.81401750, 1.4933E+01, 1.1867E+00, 1.1000E+01,
19:46:54.81401755, 1.4933E+01, 1.2000E+00, 1.1333E+01,
19:46:54.81401760, 1.4933E+01, 1.2000E+00, 1.0667E+01,
19:46:54.81401765, 1.5033E+01, 1.2267E+00, 1.1000E+01,
19:46:54.81401770, 1.4967E+01, 1.2400E+00, 1.0667E+01,
19:46:54.81401775, 1.5033E+01, 1.2133E+00, 1.1333E+01,
19:46:54.81401780, 1.5000E+01, 1.1867E+00, 1.1667E+01,
19:46:54.81401785, 1.4933E+01, 1.2400E+00, 1.1000E+01,
19:46:54.81401790, 1.4933E+01, 1.2533E+00, 1.1000E+01,
19:46:54.81401795, 1.5033E+01, 1.2267E+00, 1.2000E+01,
19:46:54.81401800, 1.5000E+01, 1.2000E+00, 1.1333E+01,
19:46:54.81401805, 1.5033E+01, 1.2133E+00, 1.1333E+01,
19:46:54.81401810, 1.4967E+01, 1.2133E+00, 1.0667E+01,
19:46:54.81401815, 1.5000E+01, 1.1867E+00, 1.1667E+01,
19:46:54.81401820, 1.5033E+01, 1.2267E+00, 1.1333E+01,
19:46:54.81401825, 1.4967E+01, 1.2133E+00, 1.0667E+01,
19:46:54.81401830, 1.4933E+01, 1.2267E+00, 1.1000E+01,
19:46:54.81401835, 1.4933E+01, 1.2267E+00, 1.1667E+01,
19:46:54.81401840, 1.5033E+01, 1.2267E+00, 1.1000E+01,
19:46:54.81401845, 1.4933E+01, 1.2000E+00, 1.1000E+01,
19:46:54.81401850, 1.5000E+01, 1.2267E+00, 1.1333E+01,
19:46:54.81401855, 1.4967E+01, 1.2533E+00, 1.1333E+01,
19:46:54.81401860, 1.4967E+01, 1.2400E+00, 1.1000E+01,
19:46:54.81401865, 1.4967E+01, 1.2533E+00, 1.1667E+01,
19:46:54.81401870, 1.4967E+01, 1.2267E+00, 1.0667E+01,
19:46:54.81401875, 1.4933E+01, 1.2133E+00, 1.1333E+01,
19:46:54.81401880, 1.4933E+01, 1.2133E+00, 1.0667E+01,
19:46:54.81401885, 1.5033E+01, 1.2133E+00, 1.1333E+01,
19:46:54.81401890, 1.5033E+01, 1.2267E+00, 1.1333E+01,
19:46:54.81401895, 1.4967E+01, 1.2533E+00, 1.1667E+01,
19:46:54.81401900, 1.4933E+01, 1.2133E+00, 1.0667E+01,
19:46:54.81401905, 1.5000E+01, 1.2400E+00, 1.1667E+01,
19:46:54.81401910, 1.4967E+01, 1.1867E+00, 1.1000E+01,
19:46:54.81401915, 1.4933E+01, 1.2133E+00, 1.1000E+01,
19:46:54.81401920, 1.4933E+01, 1.2267E+00, 1.0667E+01,
19:46:54.81401925, 1.4933E+01, 1.1867E+00, 1.2000E+01,
19:46:54.81401930, 1.4933E+01, 1.2267E+00, 1.1333E+01,
19:46:54.81401935, 1.5000E+01, 1.2133E+00, 1.0667E+01,
19:46:54.81401940, 1.4967E+01, 1.2400E+00, 1.1333E+01,
19:46:54.81401945, 1.4933E+01, 1.2267E+00, 1.1000E+01,
19:46:54.81401950, 1.4933E+01, 1.2533E+00, 1.1000E+01,
19:46:54.81401955, 1.5000E+01, 1.2533E+00, 1.1000E+01,
19:46:54.81401960, 1.5000E+01, 1.2133E+00, 1.1000E+01,
19:46:54.81401965, 1.4933E+01, 1.2267E+00, 1.1333E+01,
19:46:54.81401970, 1.4900E+01, 1.2267E+00, 1.1000E+01,
19:46:54.81401975, 1.4967E+01, 1.2000E+00, 1.1667E+01,
19:46:54.81401980, 1.5000E+01, 1.2133E+00, 1.1667E+01,
19:46:54.81401985, 1.5033E+01, 1.2400E+00, 1.1000E+01,
19:46:54.81401990, 1.5033E+01, 1.2133E+00, 1.1000E+01,
19:46:54.81401995, 1.5000E+01, 1.2000E+00, 1.1333E+01,
19:46:54.81402000, 1.4967E+01, 1.2133E+00, 1.1333E+01,
19:46:54.81402005, 1.5000E+01, 1.2267E+00, 1.0333E+01,
19:46:54.81402010, 1.5000E+01, 1.2400E+00, 1.1667E+01,
19:46:54.81402015, 1.5033E+01, 1.2533E+00, 1.0667E+01,
19:46:54.81402020, 1.4967E+01, 1.2267E+00, 1.1333E+01,
19:46:54.81402025, 1.5033E+01, 1.2267E+00, 1.1000E+01,
19:46:54.81402030, 1.4933E+01, 1.2133E+00, 1.1000E+01,
19:46:54.81402035, 1.4933E+01, 1.2267E+00, 1.1333E+01,
19:46:54.81402040, 1.4967E+01, 1.2533E+00, 1.1667E+01,
19:46:54.81402045, 1.5000E+01, 1.2533E+00, 1.2000E+01,
19:46:54.81402050, 1.4933E+01, 1.2133E+00, 1.1000E+01,
19:46:54.81402055, 1.4967E+01, 1.2533E+00, 1.2000E+01,
19:46:54.81402060, 1.4967E+01, 1.2133E+00, 1.0667E+01,
19:46:54.81402065, 1.4933E+01, 1.2533E+00, 1.1333E+01,
19:46:54.81402070, 1.4933E+01, 1.2000E+00, 1.1000E+01,
19:46:54.81402075, 1.4933E+01, 1.2133E+00, 1.2000E+01,
19:46:54.81402080, 1.4967E+01, 1.2267E+00, 1.2000E+01,
19:46:54.81402085, 1.4933E+01, 1.2267E+00, 1.1667E+01,
19:46:54.81402090, 1.4967E+01, 1.2667E+00, 1.1000E+01,
19:46:54.81402095, 1.5000E+01, 1.2533E+00, 1.1667E+01,
19:46:54.81402100, 1.5000E+01, 1.2533E+00, 1.1667E+01,
19:46:54.81402105, 1.4967E+01, 1.2533E+00, 1.1000E+01,
19:46:54.81402110, 1.4967E+01, 1.2533E+00, 1.1667E+01,
19:46:54.81402115, 1.4967E+01, 1.2533E+00, 1.2000E+01,
19:46:54.81402120, 1.4933E+01, 1.2533E+00, 1.1000E+01,
19:46:54.81402125, 1.4933E+01, 1.2267E+00, 1.1000E+01,
19:46:54.81402130, 1.4933E+01, 1.2400E+00, 1.1000E+01,
19:46:54.81402135, 1.4967E+01, 1.2133E+00, 1.1667E+01,
19:46:54.81402140, 1.5000E+01, 1.2400E+00, 1.1333E+01,
19:46:54.81402145, 1.4933E+01, 1.2667E+00, 1.1667E+01,
19:46:54.81402150, 1.4967E+01, 1.2267E+00, 1.1667E+01,
19:46:54.81402155, 1.4967E+01, 1.2667E+00, 1.2000E+01,
19:46:54.81402160, 1.4967E+01, 1.2400E+00, 1.1333E+01,
19:46:54.81402165, 1.4933E+01, 1.2400E+00, 1.2000E+01,
19:46:54.81402170, 1.4967E+01, 1.2267E+00, 1.1667E+01,
19:46:54.81402175, 1.5000E+01, 1.2533E+00, 1.1667E+01,
19:46:54.81402180, 1.4967E+01, 1.2533E+00, 1.1000E+01,
19:46:54.81402185, 1.4967E+01, 1.2400E+00, 1.1000E+01,
19:46:54.81402190, 1.4933E+01, 1.2000E+00, 1.2000E+01,
19:46:54.81402195, 1.5000E+01, 1.2267E+00, 1.1000E+01,
19:46:54.81402200, 1.4933E+01, 1.2400E+00, 1.1000E+01,
19:46:54.81402205, 1.4933E+01, 1.2533E+00, 1.1000E+01,
19:46:54.81402210, 1.4933E+01, 1.2267E+00, 1.1333E+01,
19:46:54.81402215, 1.5033E+01, 1.2400E+00, 1.1667E+01,
19:46:54.81402220, 1.5033E+01, 1.2267E+00, 1.1667E+01,
19:46:54.81402225, 1.5000E+01, 1.2267E+00, 1.1667E+01,
19:46:54.81402230, 1.5033E+01, 1.2267E+00, 1.1000E+01,
19:46:54.81402235, 1.4933E+01, 1.2267E+00, 1.2000E+01,
19:46:54.81402240, 1.4967E+01, 1.2400E+00, 1.2000E+01,
19:46:54.81402245, 1.4967E+01, 1.2400E+00, 1.1667E+01,
19:46:54.81402250, 1.4933E+01, 1.2400E+00, 1.1667E+01,
19:46:54.81402255, 1.4933E+01, 1.2533E+00, 1.1000E+01,
19:46:54.81402260, 1.4933E+01, 1.2400E+00, 1.1333E+01,
19:46:54.81402265, 1.5033E+01, 1.2400E+00, 1.1667E+01,
19:46:54.81402270, 1.4967E+01, 1.2267E+00, 1.0333E+01,
19:46:54.81402275, 1.4933E+01, 1.2400E+00, 1.1000E+01,
19:46:54.81402280, 1.4967E+01, 1.2267E+00, 1.1667E+01,
19:46:54.81402285, 1.4967E+01, 1.2133E+00, 1.1667E+01,
19:46:54.81402290, 1.5000E+01, 1.2533E+00, 1.2000E+01,
19:46:54.81402295, 1.4967E+01, 1.2267E+00, 1.1333E+01,
19:46:54.81402300, 1.5000E+01, 1.2800E+00, 1.1333E+01,
19:46:54.81402305, 1.5033E+01, 1.2800E+00, 1.1333E+01,
19:46:54.81402310, 1.4967E+01, 1.2267E+00, 1.2000E+01,
19:46:54.81402315, 1.4933E+01, 1.2400E+00, 1.2000E+01,
19:46:54.81402320, 1.5000E+01, 1.2667E+00, 1.2000E+01,
19:46:54.81402325, 1.5033E+01, 1.2400E+00, 1.2000E+01,
19:46:54.81402330, 1.5033E+01, 1.2267E+00, 1.1667E+01,
19:46:54.81402335, 1.5000E+01, 1.2667E+00, 1.2000E+01,
19:46:54.81402340, 1.4967E+01, 1.2400E+00, 1.1000E+01,
19:46:54.81402345, 1.4967E+01, 1.2667E+00, 1.1667E+01,
19:46:54.81402350, 1.5000E+01, 1.2267E+00, 1.1000E+01,
19:46:54.81402355, 1.5000E+01, 1.2400E+00, 1.1667E+01,
19:46:54.81402360, 1.5000E+01, 1.2533E+00, 1.0333E+01,
19:46:54.81402365, 1.5000E+01, 1.2400E+00, 1.2000E+01,
19:46:54.81402370, 1.5000E+01, 1.2667E+00, 1.1333E+01,
19:46:54.81402375, 1.5033E+01, 1.2667E+00, 1.2000E+01,
19:46:54.81402380, 1.5000E+01, 1.2267E+00, 1.2000E+01,
19:46:54.81402385, 1.4967E+01, 1.2400E+00, 1.2000E+01,
19:46:54.81402390, 1.5033E+01, 1.2000E+00, 1.0667E+01,
19:46:54.81402395, 1.4967E+01, 1.2400E+00, 1.2000E+01,
19:46:54.81402400, 1.5000E+01, 1.2400E+00, 1.1667E+01,
19:46:54.81402405, 1.5000E+01, 1.2267E+00, 1.1667E+01,
19:46:54.81402410, 1.5067E+01, 1.2667E+00, 1.1000E+01,
19:46:54.81402415, 1.4967E+01, 1.2533E+00, 1.2000E+01,
19:46:54.81402420, 1.4933E+01, 1.2533E+00, 1.1667E+01,
19:46:54.81402425, 1.5000E+01, 1.2267E+00, 1.1667E+01,
19:46:54.81402430, 1.5000E+01, 1.2533E+00, 1.1667E+01,
19:46:54.81402435, 1.4967E+01, 1.2533E+00, 1.1667E+01,
19:46:54.81402440, 1.4967E+01, 1.2267E+00, 1.1667E+01,
19:46:54.81402445, 1.4967E+01, 1.2400E+00, 1.1667E+01,
19:46:54.81402450, 1.4933E+01, 1.2133E+00, 1.1667E+01,
19:46:54.81402455, 1.5033E+01, 1.2533E+00, 1.1667E+01,
19:46:54.81402460, 1.4933E+01, 1.2533E+00, 1.2000E+01,
19:46:54.81402465, 1.4933E+01, 1.2400E+00, 1.1667E+01,
19:46:54.81402470, 1.5000E+01, 1.2533E+00, 1.1333E+01,
19:46:54.81402475, 1.5067E+01, 1.2267E+00, 1.2000E+01,
19:46:54.81402480, 1.5067E+01, 1.2667E+00, 1.1667E+01,
19:46:54.81402485, 1.4933E+01, 1.2533E+00, 1.1333E+01,
19:46:54.81402490, 1.4967E+01, 1.2400E+00, 1.1333E+01,
19:46:54.81402495, 1.4967E+01, 1.2133E+00, 1.0667E+01,
19:46:54.81402500, 1.4967E+01, 1.2267E+00, 1.1333E+01,
19:46:54.81402505, 1.5033E+01, 1.2533E+00, 1.2000E+01,
19:46:54.81402510, 1.4967E+01, 1.2400E+00, 1.1000E+01,
19:46:54.81402515, 1.5033E+01, 1.2267E+00, 1.2333E+01,
19:46:54.81402520, 1.4933E+01, 1.2667E+00, 1.1667E+01,
19:46:54.81402525, 1.5000E+01, 1.2000E+00, 1.1667E+01,
19:46:54.81402530, 1.4967E+01, 1.2533E+00, 1.1333E+01,
19:46:54.81402535, 1.4967E+01, 1.2400E+00, 1.1333E+01,
19:46:54.81402540, 1.4933E+01, 1.2133E+00, 1.1333E+01,
19:46:54.81402545, 1.4933E+01, 1.2267E+00, 1.1667E+01,
19:46:54.81402550, 1.4967E+01, 1.2533E+00, 1.0667E+01,
19:46:54.81402555, 1.4933E+01, 1.2400E+00, 1.1667E+01,
19:46:54.81402560, 1.4933E+01, 1.2267E+00, 1.2000E+01,
19:46:54.81402565, 1.5000E+01, 1.2400E+00, 1.1667E+01,
19:46:54.81402570, 1.4933E+01, 1.2533E+00, 1.1667E+01,
19:46:54.81402575, 1.4933E+01, 1.2667E+00, 1.1667E+01,
19:46:54.81402580, 1.4967E+01, 1.2667E+00, 1.1667E+01,
19:46:54.81402585, 1.5067E+01, 1.2400E+00, 1.2000E+01,
19:46:54.81402590, 1.4933E+01, 1.2533E+00, 1.2000E+01,
19:46:54.81402595, 1.4967E+01, 1.2267E+00, 1.1667E+01,
19:46:54.81402600, 1.4933E+01, 1.2400E+00, 1.1333E+01,
19:46:54.81402605, 1.4967E+01, 1.2533E+00, 1.2000E+01,
19:46:54.81402610, 1.4933E+01, 1.2267E+00, 1.1667E+01,
19:46:54.81402615, 1.4967E+01, 1.2667E+00, 1.1667E+01,
19:46:54.81402620, 1.5000E+01, 1.2800E+00, 1.1667E+01,
19:46:54.81402625, 1.4967E+01, 1.2133E+00, 1.2000E+01,
19:46:54.81402630, 1.4933E+01, 1.2533E+00, 1.2000E+01,
19:46:54.81402635, 1.4967E+01, 1.2400E+00, 1.1333E+01,
19:46:54.81402640, 1.5000E+01, 1.2533E+00, 1.1667E+01,
19:46:54.81402645, 1.5067E+01, 1.2000E+00, 1.2000E+01,
19:46:54.81402650, 1.4967E+01, 1.2400E+00, 1.1000E+01,
19:46:54.81402655, 1.4933E+01, 1.2400E+00, 1.1667E+01,
19:46:54.81402660, 1.4967E+01, 1.2533E+00, 1.2333E+01,
19:46:54.81402665, 1.4967E+01, 1.2400E+00, 1.1667E+01,
19:46:54.81402670, 1.4933E+01, 1.2267E+00, 1.1667E+01,
19:46:54.81402675, 1.4967E+01, 1.2533E+00, 1.1333E+01,
19:46:54.81402680, 1.5000E+01, 1.2400E+00, 1.1000E+01,
19:46:54.81402685, 1.5000E+01, 1.2133E+00, 1.1333E+01,
19:46:54.81402690, 1.5033E+01, 1.2667E+00, 1.1333E+01,
19:46:54.81402695, 1.4933E+01, 1.2400E+00, 1.2000E+01,
19:46:54.81402700, 1.5000E+01, 1.2400E+00, 1.1333E+01,
19:46:54.81402705, 1.4933E+01, 1.2533E+00, 1.1667E+01,
19:46:54.81402710, 1.5000E+01, 1.2533E+00, 1.2000E+01,
19:46:54.81402715, 1.5067E+01, 1.2400E+00, 1.2000E+01,
19:46:54.81402720, 1.4933E+01, 1.2800E+00, 1.1333E+01,
19:46:54.81402725, 1.4933E+01, 1.2667E+00, 1.2000E+01,
19:46:54.81402730, 1.5000E+01, 1.2667E+00, 1.2000E+01,
19:46:54.81402735, 1.5000E+01, 1.2400E+00, 1.1333E+01,
19:46:54.81402740, 1.4933E+01, 1.2400E+00, 1.2000E+01,
19:46:54.81402745, 1.5000E+01, 1.2533E+00, 1.2000E+01,
19:46:54.81402750, 1.5067E+01, 1.2400E+00, 1.1667E+01,
19:46:54.81402755, 1.5000E+01, 1.2267E+00, 1.1000E+01,
19:46:54.81402760, 1.4967E+01, 1.2667E+00, 1.2000E+01,
19:46:54.81402765, 1.4933E+01, 1.2400E+00, 1.1667E+01,
19:46:54.81402770, 1.4967E+01, 1.2533E+00, 1.1667E+01,
19:46:54.81402775, 1.4967E+01, 1.2400E+00, 1.1333E+01,
19:46:54.81402780, 1.4933E+01, 1.2000E+00, 1.1333E+01,
19:46:54.81402785, 1.4967E+01, 1.2400E+00, 1.1667E+01,
19:46:54.81402790, 1.4967E+01, 1.2400E+00, 1.1667E+01,
19:46:54.81402795, 1.4933E+01, 1.2533E+00, 1.1667E+01,
19:46:54.81402800, 1.4933E+01, 1.2267E+00, 1.2000E+01,
19:46:54.81402805, 1.4967E+01, 1.2667E+00, 1.1667E+01,
19:46:54.81402810, 1.4967E+01, 1.2667E+00, 1.2000E+01,
19:46:54.81402815, 1.5033E+01, 1.2667E+00, 1.1333E+01,
19:46:54.81402820, 1.5033E+01, 1.2533E+00, 1.1667E+01,
19:46:54.81402825, 1.4967E+01, 1.2267E+00, 1.1667E+01,
19:46:54.81402830, 1.5033E+01, 1.2400E+00, 1.1667E+01,
19:46:54.81402835, 1.5033E+01, 1.2400E+00, 1.2000E+01,
19:46:54.81402840, 1.5033E+01, 1.2400E+00, 1.1667E+01,
19:46:54.81402845, 1.5000E+01, 1.2400E+00, 1.1667E+01,
19:46:54.81402850, 1.4933E+01, 1.2267E+00, 1.2000E+01,
19:46:54.81402855, 1.5000E+01, 1.2400E+00, 1.2000E+01,
19:46:54.81402860, 1.5000E+01, 1.2533E+00, 1.1000E+01,
19:46:54.81402865, 1.5067E+01, 1.2400E+00, 1.2000E+01,
19:46:54.81402870, 1.4967E+01, 1.2400E+00, 1.1667E+01,
19:46:54.81402875, 1.4933E+01, 1.2533E+00, 1.2000E+01,
19:46:54.81402880, 1.5000E+01, 1.2533E+00, 1.1667E+01,
19:46:54.81402885, 1.5033E+01, 1.2400E+00, 1.1667E+01,
19:46:54.81402890, 1.4933E+01, 1.2400E+00, 1.1000E+01,
19:46:54.81402895, 1.5000E+01, 1.2533E+00, 1.2000E+01,
19:46:54.81402900, 1.5000E+01, 1.2267E+00, 1.2000E+01,
19:46:54.81402905, 1.4967E+01, 1.2267E+00, 1.1000E+01,
19:46:54.81402910, 1.4967E+01, 1.2267E+00, 1.1667E+01,
19:46:54.81402915, 1.4967E+01, 1.2533E+00, 1.2000E+01,
19:46:54.81402920, 1.4933E+01, 1.2533E+00, 1.1000E+01,
19:46:54.81402925, 1.4967E+01, 1.2400E+00, 1.1667E+01,
19:46:54.81402930, 1.4933E+01, 1.2533E+00, 1.1333E+01,
19:46:54.81402935, 1.4967E+01, 1.2400E+00, 1.1667E+01,
19:46:54.81402940, 1.4933E+01, 1.2400E+00, 1.1000E+01,
19:46:54.81402945, 1.4967E+01, 1.2800E+00, 1.1000E+01,
19:46:54.81402950, 1.4967E+01, 1.2533E+00, 1.1333E+01,
19:46:54.81402955, 1.4967E+01, 1.2267E+00, 1.1667E+01,
19:46:54.81402960, 1.5000E+01, 1.2800E+00, 1.1333E+01,
19:46:54.81402965, 1.4933E+01, 1.2400E+00, 1.2000E+01,
19:46:54.81402970, 1.4933E+01, 1.2267E+00, 1.1667E+01,
19:46:54.81402975, 1.4967E+01, 1.2133E+00, 1.2000E+01,
19:46:54.81402980, 1.4967E+01, 1.2267E+00, 1.1333E+01,
19:46:54.81402985, 1.4967E+01, 1.2533E+00, 1.2000E+01,
19:46:54.81402990, 1.4900E+01, 1.2267E+00, 1.1667E+01,
19:46:54.81402995, 1.5033E+01, 1.2533E+00, 1.2000E+01,
19:46:54.81403000, 1.4933E+01, 1.2400E+00, 1.2000E+01,
19:46:54.81403005, 1.5000E+01, 1.2533E+00, 1.1667E+01,
19:46:54.81403010, 1.4967E+01, 1.2533E+00, 1.1333E+01,
19:46:54.81403015, 1.5033E+01, 1.2533E+00, 1.2000E+01,
19:46:54.81403020, 1.4933E+01, 1.2400E+00, 1.2000E+01,
19:46:54.81403025, 1.5000E+01, 1.2400E+00, 1.1333E+01,
19:46:54.81403030, 1.5033E+01, 1.2533E+00, 1.2333E+01,
19:46:54.81403035, 1.4967E+01, 1.2533E+00, 1.1667E+01,
19:46:54.81403040, 1.5000E+01, 1.2533E+00, 1.1333E+01,
19:46:54.81403045, 1.4967E+01, 1.2400E+00, 1.1667E+01,
19:46:54.81403050, 1.4967E+01, 1.2667E+00, 1.1333E+01,
19:46:54.81403055, 1.5033E+01, 1.2400E+00, 1.1333E+01,
19:46:54.81403060, 1.4933E+01, 1.2400E+00, 1.2333E+01,
19:46:54.81403065, 1.4933E+01, 1.2667E+00, 1.1667E+01,
19:46:54.81403070, 1.5000E+01, 1.2400E+00, 1.1667E+01,
19:46:54.81403075, 1.4900E+01, 1.2400E+00, 1.1667E+01,
19:46:54.81403080, 1.5000E+01, 1.2533E+00, 1.2000E+01,
19:46:54.81403085, 1.4933E+01, 1.2400E+00, 1.1333E+01,
19:46:54.81403090, 1.4933E+01, 1.2533E+00, 1.1667E+01,
19:46:54.81403095, 1.5000E+01, 1.2400E+00, 1.2000E+01,
19:46:54.81403100, 1.4967E+01, 1.2267E+00, 1.2000E+01,
19:46:54.81403105, 1.4933E+01, 1.2800E+00, 1.1333E+01,
19:46:54.81403110, 1.4933E+01, 1.2533E+00, 1.1667E+01,
19:46:54.81403115, 1.4967E+01, 1.2400E+00, 1.2000E+01,
19:46:54.81403120, 1.4967E+01, 1.2667E+00, 1.2000E+01,
19:46:54.81403125, 1.4933E+01, 1.2533E+00, 1.2000E+01,
19:46:54.81403130, 1.4933E+01, 1.2400E+00, 1.1333E+01,
19:46:54.81403135, 1.4933E+01, 1.2400E+00, 1.1667E+01,
19:46:54.81403140, 1.4967E+01, 1.2533E+00, 1.2000E+01,
19:46:54.81403145, 1.4967E+01, 1.2667E+00, 1.2000E+01,
19:46:54.81403150, 1.5000E+01, 1.2533E+00, 1.2000E+01,
19:46:54.81403155, 1.5067E+01, 1.2400E+00, 1.1333E+01,
19:46:54.81403160, 1.4967E+01, 1.2667E+00, 1.2000E+01,
19:46:54.81403165, 1.4967E+01, 1.2400E+00, 1.1667E+01,
19:46:54.81403170, 1.4933E+01, 1.2800E+00, 1.2000E+01,
19:46:54.81403175, 1.5000E+01, 1.2533E+00, 1.2000E+01,
19:46:54.81403180, 1.4900E+01, 1.2267E+00, 1.1667E+01,
19:46:54.81403185, 1.5033E+01, 1.2267E+00, 1.1667E+01,
19:46:54.81403190, 1.4933E+01, 1.2133E+00, 1.1333E+01,
19:46:54.81403195, 1.5000E+01, 1.2533E+00, 1.1333E+01,
19:46:54.81403200, 1.5033E+01, 1.2400E+00, 1.2000E+01,
19:46:54.81403205, 1.5033E+01, 1.2400E+00, 1.2000E+01,
19:46:54.81403210, 1.5100E+01, 1.2667E+00, 1.2000E+01,
19:46:54.81403215, 1.5033E+01, 1.2400E+00, 1.1667E+01,
19:46:54.81403220, 1.4967E+01, 1.2400E+00, 1.2000E+01,
19:46:54.81403225, 1.5067E+01, 1.2667E+00, 1.2000E+01,
19:46:54.81403230, 1.4933E+01, 1.2267E+00, 1.1333E+01,
19:46:54.81403235, 1.4933E+01, 1.2800E+00, 1.1000E+01,
19:46:54.81403240, 1.4967E+01, 1.2667E+00, 1.2000E+01,
19:46:54.81403245, 1.4933E+01, 1.2267E+00, 1.1333E+01,
19:46:54.81403250, 1.4933E+01, 1.2400E+00, 1.2000E+01,
19:46:54.81403255, 1.4967E+01, 1.2533E+00, 1.1000E+01,
19:46:54.81403260, 1.4933E+01, 1.2267E+00, 1.1667E+01,
19:46:54.81403265, 1.4900E+01, 1.2400E+00, 1.2000E+01,
19:46:54.81403270, 1.4933E+01, 1.2667E+00, 1.1667E+01,
19:46:54.81403275, 1.4967E+01, 1.2533E+00, 1.1667E+01,
19:46:54.81403280, 1.4967E+01, 1.2267E+00, 1.2000E+01,
19:46:54.81403285, 1.4967E+01, 1.2267E+00, 1.2000E+01,
19:46:54.81403290, 1.4967E+01, 1.2400E+00, 1.1667E+01,
19:46:54.81403295, 1.5000E+01, 1.2400E+00, 1.1667E+01,
19:46:54.81403300, 1.4933E+01, 1.2533E+00, 1.2000E+01,
19:46:54.81403305, 1.4933E+01, 1.2400E+00, 1.2000E+01,
19:46:54.81403310, 1.4933E+01, 1.2267E+00, 1.2000E+01,
19:46:54.81403315, 1.5000E+01, 1.2400E+00, 1.2000E+01,
19:46:54.81403320, 1.4933E+01, 1.2533E+00, 1.2000E+01,
19:46:54.81403325, 1.5000E+01, 1.2400E+00, 1.2000E+01,
19:46:54.81403330, 1.5000E+01, 1.2267E+00, 1.1667E+01,
19:46:54.81403335, 1.4933E+01, 1.2400E+00, 1.2000E+01,
19:46:54.81403340, 1.5000E+01, 1.2533E+00, 1.1667E+01,
19:46:54.81403345, 1.5000E+01, 1.2667E+00, 1.1000E+01,
19:46:54.81403350, 1.4967E+01, 1.2933E+00, 1.1667E+01,
19:46:54.81403355, 1.5033E+01, 1.2667E+00, 1.2000E+01,
19:46:54.81403360, 1.4967E+01, 1.2667E+00, 1.2000E+01,
19:46:54.81403365, 1.4933E+01, 1.2400E+00, 1.2000E+01,
19:46:54.81403370, 1.5000E+01, 1.2667E+00, 1.1000E+01,
19:46:54.81403375, 1.5000E+01, 1.2667E+00, 1.1667E+01,
19:46:54.81403380, 1.4933E+01, 1.2400E+00, 1.2000E+01,
19:46:54.81403385, 1.5000E+01, 1.2800E+00, 1.2000E+01,
19:46:54.81403390, 1.4967E+01, 1.2533E+00, 1.2000E+01,
19:46:54.81403395, 1.4967E+01, 1.2400E+00, 1.2000E+01,
19:46:54.81403400, 1.4967E+01, 1.2533E+00, 1.1333E+01,
19:46:54.81403405, 1.5000E+01, 1.2533E+00, 1.1333E+01,
19:46:54.81403410, 1.4933E+01, 1.2533E+00, 1.2000E+01,
19:46:54.81403415, 1.4933E+01, 1.2400E+00, 1.1000E+01,
19:46:54.81403420, 1.4967E+01, 1.2533E+00, 1.2000E+01,
19:46:54.81403425, 1.5000E+01, 1.2267E+00, 1.2000E+01,
19:46:54.81403430, 1.5000E+01, 1.2667E+00, 1.1333E+01,
19:46:54.81403435, 1.4933E+01, 1.2400E+00, 1.1000E+01,
19:46:54.81403440, 1.4967E+01, 1.2533E+00, 1.1333E+01,
19:46:54.81403445, 1.5033E+01, 1.2267E+00, 1.2000E+01,
19:46:54.81403450, 1.5000E+01, 1.2400E+00, 1.1333E+01,
19:46:54.81403455, 1.4967E+01, 1.2533E+00, 1.2000E+01,
19:46:54.81403460, 1.4833E+01, 1.2267E+00, 1.2000E+01,
19:46:54.81403465, 1.4933E+01, 1.2667E+00, 1.1667E+01,
19:46:54.81403470, 1.4933E+01, 1.2400E+00, 1.2000E+01,
19:46:54.81403475, 1.4967E+01, 1.2667E+00, 1.2000E+01,
19:46:54.81403480, 1.4933E+01, 1.2133E+00, 1.1333E+01,
19:46:54.81403485, 1.5000E+01, 1.2533E+00, 1.1333E+01,
19:46:54.81403490, 1.5000E+01, 1.2267E+00, 1.2000E+01,
19:46:54.81403495, 1.5033E+01, 1.2800E+00, 1.1667E+01,
19:46:54.81403500, 1.5033E+01, 1.2533E+00, 1.2333E+01,
19:46:54.81403505, 1.4967E+01, 1.2533E+00, 1.2000E+01,
19:46:54.81403510, 1.4967E+01, 1.2267E+00, 1.1667E+01,
19:46:54.81403515, 1.5033E+01, 1.2933E+00, 1.2000E+01,
19:46:54.81403520, 1.5033E+01, 1.2400E+00, 1.1333E+01,
19:46:54.81403525, 1.5000E+01, 1.2933E+00, 1.1667E+01,
19:46:54.81403530, 1.5000E+01, 1.2667E+00, 1.1667E+01,
19:46:54.81403535, 1.5000E+01, 1.2400E+00, 1.1667E+01,
19:46:54.81403540, 1.4933E+01, 1.2533E+00, 1.2000E+01,
19:46:54.81403545, 1.4933E+01, 1.2800E+00, 1.2000E+01,
19:46:54.81403550, 1.4933E+01, 1.2800E+00, 1.2333E+01,
19:46:54.81403555, 1.4967E+01, 1.2667E+00, 1.2000E+01,
19:46:54.81403560, 1.5000E+01, 1.2533E+00, 1.1000E+01,
19:46:54.81403565, 1.4967E+01, 1.2400E+00, 1.1333E+01,
19:46:54.81403570, 1.4967E+01, 1.2933E+00, 1.1667E+01,
19:46:54.81403575, 1.4933E+01, 1.2800E+00, 1.0667E+01,
19:46:54.81403580, 1.4933E+01, 1.2533E+00, 1.1667E+01,
19:46:54.81403585, 1.5000E+01, 1.2533E+00, 1.1667E+01,
19:46:54.81403590, 1.4967E+01, 1.2533E+00, 1.1667E+01,
19:46:54.81403595, 1.4933E+01, 1.2667E+00, 1.1667E+01,
19:46:54.81403600, 1.5033E+01, 1.2267E+00, 1.1667E+01,
19:46:54.81403605, 1.4967E+01, 1.2400E+00, 1.1333E+01,
19:46:54.81403610, 1.5000E+01, 1.2533E+00, 1.1667E+01,
19:46:54.81403615, 1.5000E+01, 1.2267E+00, 1.2000E+01,
19:46:54.81403620, 1.5000E+01, 1.2933E+00, 1.1667E+01,
19:46:54.81403625, 1.4967E+01, 1.2400E+00, 1.1667E+01,
19:46:54.81403630, 1.5000E+01, 1.2533E+00, 1.1333E+01,
19:46:54.81403635, 1.5000E+01, 1.2400E+00, 1.1333E+01,
19:46:54.81403640, 1.4933E+01, 1.2400E+00, 1.1667E+01,
19:46:54.81403645, 1.4933E+01, 1.2533E+00, 1.2000E+01,
19:46:54.81403650, 1.5000E+01, 1.2667E+00, 1.2000E+01,
19:46:54.81403655, 1.4967E+01, 1.2400E+00, 1.1667E+01,
19:46:54.81403660, 1.5000E+01, 1.2533E+00, 1.2333E+01,
19:46:54.81403665, 1.5000E+01, 1.2400E+00, 1.2333E+01,
19:46:54.81403670, 1.5067E+01, 1.2533E+00, 1.2000E+01,
19:46:54.81403675, 1.5033E+01, 1.2667E+00, 1.1667E+01,
19:46:54.81403680, 1.5067E+01, 1.2667E+00, 1.1667E+01,
19:46:54.81403685, 1.5033E+01, 1.2667E+00, 1.2000E+01,
19:46:54.81403690, 1.4933E+01, 1.2533E+00, 1.2000E+01,
19:46:54.81403695, 1.4933E+01, 1.2400E+00, 1.1667E+01,
19:46:54.81403700, 1.4967E+01, 1.2400E+00, 1.2000E+01,
19:46:54.81403705, 1.5000E+01, 1.2400E+00, 1.1333E+01,
19:46:54.81403710, 1.4933E+01, 1.2267E+00, 1.2000E+01,
19:46:54.81403715, 1.4933E+01, 1.2533E+00, 1.2000E+01,
19:46:54.81403720, 1.5000E+01, 1.2533E+00, 1.2000E+01,
19:46:54.81403725, 1.5000E+01, 1.2533E+00, 1.1667E+01,
19:46:54.81403730, 1.4967E+01, 1.2667E+00, 1.2000E+01,
19:46:54.81403735, 1.4967E+01, 1.2933E+00, 1.2000E+01,
19:46:54.81403740, 1.4967E+01, 1.2267E+00, 1.1667E+01,
19:46:54.81403745, 1.4933E+01, 1.2400E+00, 1.2000E+01,
19:46:54.81403750, 1.4967E+01, 1.2533E+00, 1.1000E+01,
19:46:54.81403755, 1.4933E+01, 1.2400E+00, 1.2000E+01,
19:46:54.81403760, 1.4933E+01, 1.2400E+00, 1.1667E+01,
19:46:54.81403765, 1.4967E+01, 1.2800E+00, 1.2000E+01,
19:46:54.81403770, 1.4967E+01, 1.2800E+00, 1.2000E+01,
19:46:54.81403775, 1.5033E+01, 1.2533E+00, 1.1000E+01,
19:46:54.81403780, 1.4933E+01, 1.2667E+00, 1.1333E+01,
19:46:54.81403785, 1.4967E+01, 1.2800E+00, 1.1667E+01,
19:46:54.81403790, 1.4967E+01, 1.2933E+00, 1.2333E+01,
19:46:54.81403795, 1.4933E+01, 1.2667E+00, 1.1667E+01,
19:46:54.81403800, 1.5067E+01, 1.2400E+00, 1.2333E+01,
19:46:54.81403805, 1.5000E+01, 1.2533E+00, 1.2000E+01,
19:46:54.81403810, 1.5000E+01, 1.2400E+00, 1.1667E+01,
19:46:54.81403815, 1.5000E+01, 1.2400E+00, 1.1667E+01,
19:46:54.81403820, 1.5000E+01, 1.2667E+00, 1.1667E+01,
19:46:54.81403825, 1.5067E+01, 1.2667E+00, 1.1333E+01,
19:46:54.81403830, 1.4967E+01, 1.2267E+00, 1.2000E+01,
19:46:54.81403835, 1.5000E+01, 1.2400E+00, 1.1333E+01,
19:46:54.81403840, 1.4967E+01, 1.2533E+00, 1.2333E+01,
19:46:54.81403845, 1.4933E+01, 1.2400E+00, 1.2000E+01,
19:46:54.81403850, 1.4967E+01, 1.2400E+00, 1.2000E+01,
19:46:54.81403855, 1.5000E+01, 1.2667E+00, 1.2000E+01,
19:46:54.81403860, 1.4967E+01, 1.2533E+00, 1.2000E+01,
19:46:54.81403865, 1.4933E+01, 1.2533E+00, 1.1667E+01,
19:46:54.81403870, 1.5000E+01, 1.2533E+00, 1.2000E+01,
19:46:54.81403875, 1.5000E+01, 1.2267E+00, 1.1667E+01,
19:46:54.81403880, 1.4933E+01, 1.2533E+00, 1.2000E+01,
19:46:54.81403885, 1.4933E+01, 1.2533E+00, 1.1333E+01,
19:46:54.81403890, 1.5000E+01, 1.2400E+00, 1.2000E+01,
19:46:54.81403895, 1.5033E+01, 1.2400E+00, 1.2000E+01,
19:46:54.81403900, 1.4967E+01, 1.2533E+00, 1.2000E+01,
19:46:54.81403905, 1.4967E+01, 1.2400E+00, 1.2000E+01,
19:46:54.81403910, 1.5000E+01, 1.2667E+00, 1.1000E+01,
19:46:54.81403915, 1.5033E+01, 1.2533E+00, 1.1667E+01,
19:46:54.81403920, 1.4967E+01, 1.2667E+00, 1.2000E+01,
19:46:54.81403925, 1.5033E+01, 1.2400E+00, 1.2000E+01,
19:46:54.81403930, 1.5000E+01, 1.2533E+00, 1.1667E+01,
19:46:54.81403935, 1.5033E+01, 1.2667E+00, 1.2000E+01,
19:46:54.81403940, 1.4933E+01, 1.2133E+00, 1.1667E+01,
19:46:54.81403945, 1.4933E+01, 1.2667E+00, 1.2333E+01,
19:46:54.81403950, 1.4933E+01, 1.2933E+00, 1.1333E+01,
19:46:54.81403955, 1.5000E+01, 1.2400E+00, 1.2000E+01,
19:46:54.81403960, 1.5033E+01, 1.2800E+00, 1.1667E+01,
19:46:54.81403965, 1.5000E+01, 1.2800E+00, 1.1333E+01,
19:46:54.81403970, 1.4967E+01, 1.2400E+00, 1.2000E+01,
19:46:54.81403975, 1.4933E+01, 1.2400E+00, 1.2667E+01,
19:46:54.81403980, 1.4933E+01, 1.2533E+00, 1.2000E+01,
19:46:54.81403985, 1.4967E+01, 1.2400E+00, 1.1667E+01,
19:46:54.81403990, 1.4933E+01, 1.2400E+00, 1.2000E+01,
19:46:54.81403995, 1.5000E+01, 1.2400E+00, 1.2000E+01,
19:46:54.81404000, 1.5033E+01, 1.2800E+00, 1.2000E+01,
19:46:54.81404005, 1.5033E+01, 1.2533E+00, 1.1667E+01,
19:46:54.81404010, 1.4933E+01, 1.2533E+00, 1.1667E+01,
19:46:54.81404015, 1.4967E+01, 1.2533E+00, 1.1333E+01,
19:46:54.81404020, 1.4967E+01, 1.2533E+00, 1.2333E+01,
19:46:54.81404025, 1.4867E+01, 1.2267E+00, 1.2000E+01,
19:46:54.81404030, 1.4933E+01, 1.2267E+00, 1.2000E+01,
19:46:54.81404035, 1.4967E+01, 1.2667E+00, 1.2000E+01,
19:46:54.81404040, 1.4933E+01, 1.2400E+00, 1.1333E+01,
19:46:54.81404045, 1.4933E+01, 1.2400E+00, 1.2000E+01,
19:46:54.81404050, 1.4967E+01, 1.2400E+00, 1.1667E+01,
19:46:54.81404055, 1.5067E+01, 1.2667E+00, 1.2000E+01,
19:46:54.81404060, 1.4967E+01, 1.2667E+00, 1.1667E+01,
19:46:54.81404065, 1.5000E+01, 1.2400E+00, 1.2000E+01,
19:46:54.81404070, 1.4967E+01, 1.2533E+00, 1.1667E+01,
19:46:54.81404075, 1.4967E+01, 1.2400E+00, 1.2000E+01,
19:46:54.81404080, 1.5000E+01, 1.2400E+00, 1.1667E+01,
19:46:54.81404085, 1.5000E+01, 1.2400E+00, 1.2000E+01,
19:46:54.81404090, 1.5000E+01, 1.2667E+00, 1.2000E+01,
19:46:54.81404095, 1.5000E+01, 1.2533E+00, 1.2000E+01,
19:46:54.81404100, 1.5033E+01, 1.2533E+00, 1.1667E+01,
19:46:54.81404105, 1.5000E+01, 1.2400E+00, 1.2000E+01,
19:46:54.81404110, 1.4933E+01, 1.2667E+00, 1.2000E+01,
19:46:54.81404115, 1.4933E+01, 1.2400E+00, 1.2000E+01,
19:46:54.81404120, 1.4933E+01, 1.2533E+00, 1.2000E+01,
19:46:54.81404125, 1.4933E+01, 1.2667E+00, 1.1667E+01,
19:46:54.81404130, 1.4933E+01, 1.2667E+00, 1.1667E+01,
19:46:54.81404135, 1.4967E+01, 1.2400E+00, 1.2000E+01,
19:46:54.81404140, 1.5000E+01, 1.2667E+00, 1.1667E+01,
19:46:54.81404145, 1.4967E+01, 1.2667E+00, 1.2000E+01,
19:46:54.81404150, 1.4967E+01, 1.2533E+00, 1.2000E+01,
19:46:54.81404155, 1.4933E+01, 1.2400E+00, 1.2000E+01,
19:46:54.81404160, 1.5000E+01, 1.2400E+00, 1.2000E+01,
19:46:54.81404165, 1.5033E+01, 1.2400E+00, 1.1667E+01,
19:46:54.81404170, 1.4933E+01, 1.2533E+00, 1.1667E+01,
19:46:54.81404175, 1.5000E+01, 1.2400E+00, 1.2000E+01,
19:46:54.81404180, 1.5033E+01, 1.2800E+00, 1.2000E+01,
19:46:54.81404185, 1.4933E+01, 1.2533E+00, 1.1667E+01,
19:46:54.81404190, 1.5000E+01, 1.2533E+00, 1.1667E+01,
19:46:54.81404195, 1.4967E+01, 1.2800E+00, 1.2000E+01,
19:46:54.81404200, 1.4967E+01, 1.2667E+00, 1.2000E+01,
19:46:54.81404205, 1.4933E+01, 1.2533E+00, 1.1333E+01,
19:46:54.81404210, 1.4967E+01, 1.2400E+00, 1.1333E+01,
19:46:54.81404215, 1.4933E+01, 1.2533E+00, 1.1333E+01,
19:46:54.81404220, 1.4967E+01, 1.2133E+00, 1.1333E+01,
19:46:54.81404225, 1.4933E+01, 1.2800E+00, 1.2000E+01,
19:46:54.81404230, 1.4967E+01, 1.2400E+00, 1.2333E+01,
19:46:54.81404235, 1.4967E+01, 1.2667E+00, 1.2000E+01,
19:46:54.81404240, 1.5000E+01, 1.2533E+00, 1.2000E+01,
19:46:54.81404245, 1.4933E+01, 1.2267E+00, 1.1667E+01,
19:46:54.81404250, 1.4933E+01, 1.2267E+00, 1.1333E+01,
19:46:54.81404255, 1.4967E+01, 1.2533E+00, 1.2000E+01,
19:46:54.81404260, 1.5000E+01, 1.2533E+00, 1.1333E+01,
19:46:54.81404265, 1.4933E+01, 1.2267E+00, 1.2000E+01,
19:46:54.81404270, 1.4967E+01, 1.2400E+00, 1.2000E+01,
19:46:54.81404275, 1.4933E+01, 1.2667E+00, 1.1667E+01,
19:46:54.81404280, 1.5033E+01, 1.2400E+00, 1.2333E+01,
19:46:54.81404285, 1.4967E+01, 1.2533E+00, 1.1667E+01,
19:46:54.81404290, 1.4967E+01, 1.2533E+00, 1.2000E+01,
19:46:54.81404295, 1.5000E+01, 1.2267E+00, 1.0667E+01,
19:46:54.81404300, 1.4933E+01, 1.2800E+00, 1.1000E+01,
19:46:54.81404305, 1.4967E+01, 1.2533E+00, 1.2000E+01,
19:46:54.81404310, 1.4933E+01, 1.2533E+00, 1.2000E+01,
19:46:54.81404315, 1.4933E+01, 1.2533E+00, 1.1333E+01,
19:46:54.81404320, 1.4933E+01, 1.2533E+00, 1.1667E+01,
19:46:54.81404325, 1.4967E+01, 1.2533E+00, 1.1667E+01,
19:46:54.81404330, 1.4933E+01, 1.2400E+00, 1.1667E+01,
19:46:54.81404335, 1.4967E+01, 1.2400E+00, 1.1667E+01,
19:46:54.81404340, 1.5000E+01, 1.2400E+00, 1.1000E+01,
19:46:54.81404345, 1.5000E+01, 1.2667E+00, 1.2000E+01,
19:46:54.81404350, 1.4967E+01, 1.2267E+00, 1.1667E+01,
19:46:54.81404355, 1.4967E+01, 1.2533E+00, 1.0667E+01,
19:46:54.81404360, 1.4933E+01, 1.2533E+00, 1.2667E+01,
19:46:54.81404365, 1.4933E+01, 1.2800E+00, 1.2000E+01,
19:46:54.81404370, 1.4933E+01, 1.2533E+00, 1.2000E+01,
19:46:54.81404375, 1.4933E+01, 1.2533E+00, 1.1000E+01,
19:46:54.81404380, 1.5033E+01, 1.2533E+00, 1.1333E+01,
19:46:54.81404385, 1.4967E+01, 1.2800E+00, 1.2000E+01,
19:46:54.81404390, 1.4967E+01, 1.2800E+00, 1.2000E+01,
19:46:54.81404395, 1.4967E+01, 1.2667E+00, 1.2000E+01,
19:46:54.81404400, 1.5033E+01, 1.2800E+00, 1.1667E+01,
19:46:54.81404405, 1.4933E+01, 1.2800E+00, 1.2000E+01,
19:46:54.81404410, 1.5000E+01, 1.2533E+00, 1.2000E+01,
19:46:54.81404415, 1.4933E+01, 1.2533E+00, 1.2000E+01,
19:46:54.81404420, 1.4933E+01, 1.2533E+00, 1.2333E+01,
19:46:54.81404425, 1.4933E+01, 1.2533E+00, 1.2333E+01,
19:46:54.81404430, 1.5000E+01, 1.2533E+00, 1.2000E+01,
19:46:54.81404435, 1.5000E+01, 1.2667E+00, 1.1333E+01,
19:46:54.81404440, 1.4933E+01, 1.2533E+00, 1.2000E+01,
19:46:54.81404445, 1.4967E+01, 1.2400E+00, 1.2000E+01,
19:46:54.81404450, 1.4933E+01, 1.2667E+00, 1.2000E+01,
19:46:54.81404455, 1.4967E+01, 1.2533E+00, 1.2333E+01,
19:46:54.81404460, 1.4867E+01, 1.2533E+00, 1.2000E+01,
19:46:54.81404465, 1.4967E+01, 1.2800E+00, 1.1333E+01,
19:46:54.81404470, 1.4967E+01, 1.2667E+00, 1.2000E+01,
19:46:54.81404475, 1.4967E+01, 1.2533E+00, 1.2000E+01,
19:46:54.81404480, 1.4933E+01, 1.2000E+00, 1.2000E+01,
19:46:54.81404485, 1.4933E+01, 1.2800E+00, 1.2333E+01,
19:46:54.81404490, 1.5033E+01, 1.2667E+00, 1.2000E+01,
19:46:54.81404495, 1.4933E+01, 1.2133E+00, 1.1667E+01,
19:46:54.81404500, 1.4933E+01, 1.2400E+00, 1.2000E+01,
19:46:54.81404505, 1.4967E+01, 1.2667E+00, 1.1000E+01,
19:46:54.81404510, 1.4967E+01, 1.2400E+00, 1.1667E+01,
19:46:54.81404515, 1.4933E+01, 1.2400E+00, 1.2667E+01,
19:46:54.81404520, 1.4933E+01, 1.2533E+00, 1.2667E+01,
19:46:54.81404525, 1.5000E+01, 1.2267E+00, 1.2000E+01,
19:46:54.81404530, 1.5000E+01, 1.2267E+00, 1.1667E+01,
19:46:54.81404535, 1.4967E+01, 1.2400E+00, 1.2000E+01,
19:46:54.81404540, 1.5033E+01, 1.2267E+00, 1.1667E+01,
19:46:54.81404545, 1.4967E+01, 1.2533E+00, 1.2000E+01,
19:46:54.81404550, 1.4967E+01, 1.2400E+00, 1.1667E+01,
19:46:54.81404555, 1.5000E+01, 1.2533E+00, 1.1667E+01,
19:46:54.81404560, 1.4933E+01, 1.2800E+00, 1.2000E+01,
19:46:54.81404565, 1.4933E+01, 1.2667E+00, 1.1667E+01,
19:46:54.81404570, 1.4933E+01, 1.2667E+00, 1.1667E+01,
19:46:54.81404575, 1.4967E+01, 1.2800E+00, 1.2000E+01,
19:46:54.81404580, 1.4967E+01, 1.2933E+00, 1.2000E+01,
19:46:54.81404585, 1.5067E+01, 1.2800E+00, 1.2000E+01,
19:46:54.81404590, 1.4967E+01, 1.2667E+00, 1.1667E+01,
19:46:54.81404595, 1.4933E+01, 1.2533E+00, 1.1667E+01,
19:46:54.81404600, 1.4933E+01, 1.2533E+00, 1.2000E+01,
19:46:54.81404605, 1.4933E+01, 1.2667E+00, 1.2000E+01,
19:46:54.81404610, 1.5000E+01, 1.2800E+00, 1.2000E+01,
19:46:54.81404615, 1.5033E+01, 1.2400E+00, 1.2000E+01,
19:46:54.81404620, 1.4967E+01, 1.2800E+00, 1.1667E+01,
19:46:54.81404625, 1.4933E+01, 1.2267E+00, 1.1667E+01,
19:46:54.81404630, 1.4933E+01, 1.2533E+00, 1.2000E+01,
19:46:54.81404635, 1.4967E+01, 1.2533E+00, 1.2000E+01,
19:46:54.81404640, 1.4967E+01, 1.2400E+00, 1.2000E+01,
19:46:54.81404645, 1.5000E+01, 1.2533E+00, 1.2000E+01,
19:46:54.81404650, 1.4933E+01, 1.2667E+00, 1.1667E+01,
19:46:54.81404655, 1.5000E+01, 1.2800E+00, 1.1667E+01,
19:46:54.81404660, 1.4967E+01, 1.2667E+00, 1.2000E+01,
19:46:54.81404665, 1.5000E+01, 1.2667E+00, 1.2000E+01,
19:46:54.81404670, 1.5033E+01, 1.2667E+00, 1.2667E+01,
19:46:54.81404675, 1.5000E+01, 1.2267E+00, 1.2333E+01,
19:46:54.81404680, 1.5000E+01, 1.2267E+00, 1.1333E+01,
19:46:54.81404685, 1.4933E+01, 1.2133E+00, 1.2000E+01,
19:46:54.81404690, 1.4933E+01, 1.2400E+00, 1.2000E+01,
19:46:54.81404695, 1.4933E+01, 1.2667E+00, 1.2000E+01,
19:46:54.81404700, 1.4900E+01, 1.2533E+00, 1.2000E+01,
19:46:54.81404705, 1.4967E+01, 1.2267E+00, 1.1667E+01,
19:46:54.81404710, 1.5000E+01, 1.2400E+00, 1.2000E+01,
19:46:54.81404715, 1.4967E+01, 1.2667E+00, 1.2333E+01,
19:46:54.81404720, 1.4933E+01, 1.2533E+00, 1.2000E+01,
19:46:54.81404725, 1.5033E+01, 1.2800E+00, 1.1667E+01,
19:46:54.81404730, 1.5033E+01, 1.2533E+00, 1.1333E+01,
19:46:54.81404735, 1.4933E+01, 1.2667E+00, 1.1333E+01,
19:46:54.81404740, 1.5000E+01, 1.2533E+00, 1.2000E+01,
19:46:54.81404745, 1.5033E+01, 1.2533E+00, 1.2000E+01,
19:46:54.81404750, 1.4967E+01, 1.2533E+00, 1.2000E+01,
19:46:54.81404755, 1.4967E+01, 1.2533E+00, 1.1333E+01,
19:46:54.81404760, 1.4933E+01, 1.2667E+00, 1.2000E+01,
19:46:54.81404765, 1.4967E+01, 1.2800E+00, 1.2000E+01,
19:46:54.81404770, 1.4967E+01, 1.2667E+00, 1.1333E+01,
19:46:54.81404775, 1.4933E+01, 1.2667E+00, 1.2000E+01,
19:46:54.81404780, 1.4933E+01, 1.2667E+00, 1.2000E+01,
19:46:54.81404785, 1.4933E+01, 1.2933E+00, 1.2000E+01,
19:46:54.81404790, 1.5000E+01, 1.2933E+00, 1.2000E+01,
19:46:54.81404795, 1.4967E+01, 1.2800E+00, 1.1333E+01,
19:46:54.81404800, 1.4933E+01, 1.2533E+00, 1.2000E+01,
19:46:54.81404805, 1.4933E+01, 1.2267E+00, 1.1667E+01,
19:46:54.81404810, 1.4933E+01, 1.2533E+00, 1.2000E+01,
19:46:54.81404815, 1.4933E+01, 1.2667E+00, 1.2000E+01,
19:46:54.81404820, 1.5000E+01, 1.2400E+00, 1.2333E+01,
19:46:54.81404825, 1.5000E+01, 1.2533E+00, 1.1667E+01,
19:46:54.81404830, 1.5033E+01, 1.2533E+00, 1.1333E+01,
19:46:54.81404835, 1.4933E+01, 1.2533E+00, 1.2000E+01,
19:46:54.81404840, 1.5000E+01, 1.2400E+00, 1.2000E+01,
19:46:54.81404845, 1.5000E+01, 1.2667E+00, 1.2000E+01,
19:46:54.81404850, 1.4967E+01, 1.2933E+00, 1.1667E+01,
19:46:54.81404855, 1.4933E+01, 1.2667E+00, 1.2000E+01,
19:46:54.81404860, 1.4967E+01, 1.2267E+00, 1.2000E+01,
19:46:54.81404865, 1.5000E+01, 1.2267E+00, 1.2000E+01,
19:46:54.81404870, 1.5067E+01, 1.2400E+00, 1.1667E+01,
19:46:54.81404875, 1.5033E+01, 1.2533E+00, 1.2000E+01,
19:46:54.81404880, 1.4967E+01, 1.2533E+00, 1.2000E+01,
19:46:54.81404885, 1.5000E+01, 1.2667E+00, 1.2000E+01,
19:46:54.81404890, 1.4933E+01, 1.2533E+00, 1.2000E+01,
19:46:54.81404895, 1.4933E+01, 1.2667E+00, 1.2000E+01,
19:46:54.81404900, 1.5000E+01, 1.2133E+00, 1.1667E+01,
19:46:54.81404905, 1.4933E+01, 1.2533E+00, 1.2000E+01,
19:46:54.81404910, 1.5000E+01, 1.2400E+00, 1.1333E+01,
19:46:54.81404915, 1.4933E+01, 1.2400E+00, 1.2000E+01,
19:46:54.81404920, 1.4967E+01, 1.2400E+00, 1.2000E+01,
19:46:54.81404925, 1.4933E+01, 1.2667E+00, 1.2000E+01,
19:46:54.81404930, 1.4933E+01, 1.2800E+00, 1.2000E+01,
19:46:54.81404935, 1.4967E+01, 1.2667E+00, 1.2333E+01,
19:46:54.81404940, 1.4967E+01, 1.2667E+00, 1.2000E+01,
19:46:54.81404945, 1.4967E+01, 1.2667E+00, 1.2000E+01,
19:46:54.81404950, 1.4967E+01, 1.2533E+00, 1.2000E+01,
19:46:54.81404955, 1.5000E+01, 1.2533E+00, 1.2000E+01,
19:46:54.81404960, 1.4933E+01, 1.2400E+00, 1.2000E+01,
19:46:54.81404965, 1.4967E+01, 1.2667E+00, 1.2000E+01,
19:46:54.81404970, 1.4967E+01, 1.2800E+00, 1.2000E+01,
19:46:54.81404975, 1.4933E+01, 1.2933E+00, 1.2333E+01,
19:46:54.81404980, 1.4933E+01, 1.2800E+00, 1.1000E+01,
19:46:54.81404985, 1.4933E+01, 1.2667E+00, 1.1667E+01,
19:46:54.81404990, 1.4933E+01, 1.2667E+00, 1.1667E+01,
19:46:54.81404995, 1.4933E+01, 1.2667E+00, 1.2000E+01,
19:46:54.81405000, 1.5033E+01, 1.2533E+00, 1.2000E+01,
19:46:54.81405005, 1.4933E+01, 1.2400E+00, 1.1333E+01,
19:46:54.81405010, 1.4967E+01, 1.2667E+00, 1.1667E+01,
19:46:54.81405015, 1.4967E+01, 1.2533E+00, 1.2000E+01,
19:46:54.81405020, 1.4967E+01, 1.2933E+00, 1.2000E+01,
19:46:54.81405025, 1.4967E+01, 1.2533E+00, 1.1667E+01,
19:46:54.81405030, 1.5000E+01, 1.2667E+00, 1.1667E+01,
19:46:54.81405035, 1.4967E+01, 1.2667E+00, 1.1333E+01,
19:46:54.81405040, 1.4933E+01, 1.2533E+00, 1.1667E+01,
19:46:54.81405045, 1.5033E+01, 1.2533E+00, 1.2333E+01,
19:46:54.81405050, 1.4933E+01, 1.2400E+00, 1.2000E+01,
19:46:54.81405055, 1.4933E+01, 1.2400E+00, 1.2000E+01,
19:46:54.81405060, 1.4967E+01, 1.2800E+00, 1.1667E+01,
19:46:54.81405065, 1.4933E+01, 1.2267E+00, 1.2333E+01,
19:46:54.81405070, 1.5033E+01, 1.2267E+00, 1.2000E+01,
19:46:54.81405075, 1.4967E+01, 1.2667E+00, 1.1667E+01,
19:46:54.81405080, 1.4933E+01, 1.2400E+00, 1.2000E+01,
19:46:54.81405085, 1.5067E+01, 1.2533E+00, 1.2000E+01,
19:46:54.81405090, 1.4933E+01, 1.2667E+00, 1.2000E+01,
19:46:54.81405095, 1.5000E+01, 1.2400E+00, 1.2000E+01,
19:46:54.81405100, 1.4967E+01, 1.2667E+00, 1.2000E+01,
19:46:54.81405105, 1.5000E+01, 1.2400E+00, 1.1667E+01,
19:46:54.81405110, 1.5033E+01, 1.2400E+00, 1.2000E+01,
19:46:54.81405115, 1.5000E+01, 1.2667E+00, 1.2000E+01,
19:46:54.81405120, 1.4933E+01, 1.2533E+00, 1.2000E+01,
19:46:54.81405125, 1.4933E+01, 1.2400E+00, 1.1667E+01,
19:46:54.81405130, 1.4933E+01, 1.2800E+00, 1.2667E+01,
19:46:54.81405135, 1.4967E+01, 1.2400E+00, 1.1333E+01,
19:46:54.81405140, 1.5000E+01, 1.2267E+00, 1.2000E+01,
19:46:54.81405145, 1.4967E+01, 1.2533E+00, 1.2000E+01,
19:46:54.81405150, 1.4933E+01, 1.2533E+00, 1.1667E+01,
19:46:54.81405155, 1.4967E+01, 1.2533E+00, 1.1667E+01,
19:46:54.81405160, 1.4967E+01, 1.2400E+00, 1.2000E+01,
19:46:54.81405165, 1.5000E+01, 1.2533E+00, 1.1667E+01,
19:46:54.81405170, 1.5033E+01, 1.2800E+00, 1.2000E+01,
19:46:54.81405175, 1.4933E+01, 1.2533E+00, 1.1667E+01,
19:46:54.81405180, 1.5033E+01, 1.2400E+00, 1.2000E+01,
19:46:54.81405185, 1.4900E+01, 1.2667E+00, 1.1667E+01,
19:46:54.81405190, 1.5000E+01, 1.2533E+00, 1.2667E+01,
19:46:54.81405195, 1.5067E+01, 1.2667E+00, 1.2333E+01,
19:46:54.81405200, 1.5000E+01, 1.2667E+00, 1.2667E+01,
19:46:54.81405205, 1.5000E+01, 1.2267E+00, 1.1000E+01,
19:46:54.81405210, 1.4967E+01, 1.2800E+00, 1.2000E+01,
19:46:54.81405215, 1.5000E+01, 1.2933E+00, 1.2000E+01,
19:46:54.81405220, 1.5000E+01, 1.2667E+00, 1.2000E+01,
19:46:54.81405225, 1.4967E+01, 1.2667E+00, 1.2000E+01,
19:46:54.81405230, 1.4933E+01, 1.2533E+00, 1.2000E+01,
19:46:54.81405235, 1.4933E+01, 1.2400E+00, 1.1333E+01,
19:46:54.81405240, 1.4933E+01, 1.2267E+00, 1.1667E+01,
19:46:54.81405245, 1.4933E+01, 1.2400E+00, 1.2333E+01,
19:46:54.81405250, 1.4933E+01, 1.2667E+00, 1.1667E+01,
19:46:54.81405255, 1.4933E+01, 1.2667E+00, 1.2000E+01,
19:46:54.81405260, 1.5000E+01, 1.2533E+00, 1.1667E+01,
19:46:54.81405265, 1.5000E+01, 1.2533E+00, 1.2000E+01,
19:46:54.81405270, 1.4933E+01, 1.2533E+00, 1.1667E+01,
19:46:54.81405275, 1.4933E+01, 1.2533E+00, 1.1667E+01,
19:46:54.81405280, 1.4967E+01, 1.2667E+00, 1.1333E+01,
19:46:54.81405285, 1.4933E+01, 1.2667E+00, 1.2000E+01,
19:46:54.81405290, 1.4900E+01, 1.2400E+00, 1.2000E+01,
19:46:54.81405295, 1.4933E+01, 1.2667E+00, 1.1667E+01,
19:46:54.81405300, 1.5033E+01, 1.2533E+00, 1.2000E+01,
19:46:54.81405305, 1.4967E+01, 1.2533E+00, 1.2000E+01,
19:46:54.81405310, 1.4967E+01, 1.2400E+00, 1.2000E+01,
19:46:54.81405315, 1.4933E+01, 1.2533E+00, 1.1667E+01,
19:46:54.81405320, 1.4933E+01, 1.2667E+00, 1.2000E+01,
19:46:54.81405325, 1.4967E+01, 1.2667E+00, 1.2000E+01,
19:46:54.81405330, 1.4967E+01, 1.2533E+00, 1.2000E+01,
19:46:54.81405335, 1.4933E+01, 1.2667E+00, 1.2000E+01,
19:46:54.81405340, 1.5033E+01, 1.2533E+00, 1.2000E+01,
19:46:54.81405345, 1.4933E+01, 1.2667E+00, 1.1000E+01,
19:46:54.81405350, 1.4967E+01, 1.2667E+00, 1.2000E+01,
19:46:54.81405355, 1.5000E+01, 1.2667E+00, 1.2000E+01,
19:46:54.81405360, 1.4967E+01, 1.2533E+00, 1.1667E+01,
19:46:54.81405365, 1.4933E+01, 1.2800E+00, 1.2667E+01,
19:46:54.81405370, 1.4933E+01, 1.2667E+00, 1.2000E+01,
19:46:54.81405375, 1.4933E+01, 1.2667E+00, 1.2000E+01,
19:46:54.81405380, 1.4967E+01, 1.2533E+00, 1.2000E+01,
19:46:54.81405385, 1.5033E+01, 1.2667E+00, 1.2000E+01,
19:46:54.81405390, 1.5000E+01, 1.2933E+00, 1.2000E+01,
19:46:54.81405395, 1.4967E+01, 1.2400E+00, 1.2000E+01,
19:46:54.81405400, 1.4933E+01, 1.2533E+00, 1.2000E+01,
19:46:54.81405405, 1.4967E+01, 1.2000E+00, 1.2000E+01,
19:46:54.81405410, 1.4967E+01, 1.2800E+00, 1.2000E+01,
19:46:54.81405415, 1.4933E+01, 1.2933E+00, 1.2333E+01,
19:46:54.81405420, 1.5000E+01, 1.2667E+00, 1.1667E+01,
19:46:54.81405425, 1.4967E+01, 1.2533E+00, 1.1333E+01,
19:46:54.81405430, 1.4933E+01, 1.2533E+00, 1.1667E+01,
19:46:54.81405435, 1.4933E+01, 1.2933E+00, 1.1667E+01,
19:46:54.81405440, 1.4967E+01, 1.2800E+00, 1.2000E+01,
19:46:54.81405445, 1.5033E+01, 1.2800E+00, 1.2000E+01,
19:46:54.81405450, 1.4967E+01, 1.2667E+00, 1.2333E+01,
19:46:54.81405455, 1.4933E+01, 1.2667E+00, 1.2000E+01,
19:46:54.81405460, 1.4967E+01, 1.2800E+00, 1.2000E+01,
19:46:54.81405465, 1.4967E+01, 1.2800E+00, 1.2000E+01,
19:46:54.81405470, 1.5000E+01, 1.2667E+00, 1.2000E+01,
19:46:54.81405475, 1.4933E+01, 1.2267E+00, 1.2333E+01,
19:46:54.81405480, 1.5000E+01, 1.2800E+00, 1.1667E+01,
19:46:54.81405485, 1.5033E+01, 1.2667E+00, 1.1667E+01,
19:46:54.81405490, 1.4967E+01, 1.2533E+00, 1.2667E+01,
19:46:54.81405495, 1.4967E+01, 1.2267E+00, 1.2000E+01,
19:46:54.81405500, 1.4933E+01, 1.2400E+00, 1.1667E+01,
19:46:54.81405505, 1.5000E+01, 1.2800E+00, 1.2000E+01,
19:46:54.81405510, 1.4967E+01, 1.2400E+00, 1.1333E+01,
19:46:54.81405515, 1.4933E+01, 1.2133E+00, 1.2000E+01,
19:46:54.81405520, 1.4933E+01, 1.2400E+00, 1.2000E+01,
19:46:54.81405525, 1.4933E+01, 1.2400E+00, 1.1667E+01,
19:46:54.81405530, 1.4933E+01, 1.2667E+00, 1.1333E+01,
19:46:54.81405535, 1.4933E+01, 1.2533E+00, 1.2000E+01,
19:46:54.81405540, 1.4967E+01, 1.2267E+00, 1.2000E+01,
19:46:54.81405545, 1.4900E+01, 1.2800E+00, 1.2000E+01,
19:46:54.81405550, 1.5033E+01, 1.2400E+00, 1.2000E+01,
19:46:54.81405555, 1.4933E+01, 1.2133E+00, 1.2000E+01,
19:46:54.81405560, 1.4933E+01, 1.2667E+00, 1.2000E+01,
19:46:54.81405565, 1.4933E+01, 1.2533E+00, 1.2000E+01,
19:46:54.81405570, 1.4933E+01, 1.2267E+00, 1.2000E+01,
19:46:54.81405575, 1.4967E+01, 1.2800E+00, 1.2333E+01,
19:46:54.81405580, 1.4967E+01, 1.2667E+00, 1.2000E+01,
19:46:54.81405585, 1.5000E+01, 1.2533E+00, 1.2000E+01,
19:46:54.81405590, 1.4967E+01, 1.2667E+00, 1.1667E+01,
19:46:54.81405595, 1.5000E+01, 1.2667E+00, 1.2000E+01,
19:46:54.81405600, 1.4967E+01, 1.2533E+00, 1.1667E+01,
19:46:54.81405605, 1.5000E+01, 1.2400E+00, 1.1667E+01,
19:46:54.81405610, 1.4933E+01, 1.2800E+00, 1.2000E+01,
19:46:54.81405615, 1.4967E+01, 1.2400E+00, 1.1333E+01,
19:46:54.81405620, 1.4933E+01, 1.2533E+00, 1.1333E+01,
19:46:54.81405625, 1.4967E+01, 1.2400E+00, 1.2000E+01,
19:46:54.81405630, 1.4967E+01, 1.2533E+00, 1.2000E+01,
19:46:54.81405635, 1.4967E+01, 1.2667E+00, 1.2000E+01,
19:46:54.81405640, 1.5000E+01, 1.2800E+00, 1.1667E+01,
19:46:54.81405645, 1.5033E+01, 1.2533E+00, 1.2000E+01,
19:46:54.81405650, 1.4933E+01, 1.2400E+00, 1.2000E+01,
19:46:54.81405655, 1.5000E+01, 1.2267E+00, 1.2000E+01,
19:46:54.81405660, 1.4967E+01, 1.2800E+00, 1.2000E+01,
19:46:54.81405665, 1.4933E+01, 1.2400E+00, 1.2333E+01,
19:46:54.81405670, 1.4900E+01, 1.2667E+00, 1.1000E+01,
19:46:54.81405675, 1.4933E+01, 1.2400E+00, 1.2000E+01,
19:46:54.81405680, 1.4967E+01, 1.2667E+00, 1.2000E+01,
19:46:54.81405685, 1.4967E+01, 1.2933E+00, 1.2667E+01,
19:46:54.81405690, 1.5000E+01, 1.2533E+00, 1.2333E+01,
19:46:54.81405695, 1.5000E+01, 1.2533E+00, 1.2333E+01,
19:46:54.81405700, 1.4933E+01, 1.2533E+00, 1.2000E+01,
19:46:54.81405705, 1.4933E+01, 1.2400E+00, 1.2000E+01,
19:46:54.81405710, 1.4967E+01, 1.2533E+00, 1.2000E+01,
19:46:54.81405715, 1.4933E+01, 1.2400E+00, 1.2000E+01,
19:46:54.81405720, 1.5033E+01, 1.2667E+00, 1.2000E+01,
19:46:54.81405725, 1.5000E+01, 1.2933E+00, 1.2000E+01,
19:46:54.81405730, 1.4933E+01, 1.2667E+00, 1.2000E+01,
19:46:54.81405735, 1.4967E+01, 1.2400E+00, 1.1667E+01,
19:46:54.81405740, 1.5067E+01, 1.2133E+00, 1.2000E+01,
19:46:54.81405745, 1.5000E+01, 1.2267E+00, 1.2000E+01,
19:46:54.81405750, 1.4967E+01, 1.2800E+00, 1.2000E+01,
19:46:54.81405755, 1.4967E+01, 1.2533E+00, 1.2000E+01,
19:46:54.81405760, 1.4900E+01, 1.2533E+00, 1.1667E+01,
19:46:54.81405765, 1.4967E+01, 1.2533E+00, 1.2000E+01,
19:46:54.81405770, 1.4967E+01, 1.2667E+00, 1.2000E+01,
19:46:54.81405775, 1.5000E+01, 1.2667E+00, 1.2000E+01,
19:46:54.81405780, 1.5000E+01, 1.2667E+00, 1.2000E+01,
19:46:54.81405785, 1.4967E+01, 1.2667E+00, 1.2000E+01,
19:46:54.81405790, 1.4967E+01, 1.2533E+00, 1.1667E+01,
19:46:54.81405795, 1.5033E+01, 1.2533E+00, 1.2000E+01,
19:46:54.81405800, 1.4967E+01, 1.2533E+00, 1.2000E+01,
19:46:54.81405805, 1.4867E+01, 1.2800E+00, 1.1667E+01,
19:46:54.81405810, 1.4967E+01, 1.2267E+00, 1.1667E+01,
19:46:54.81405815, 1.5033E+01, 1.2533E+00, 1.2000E+01,
19:46:54.81405820, 1.4967E+01, 1.2533E+00, 1.2000E+01,
19:46:54.81405825, 1.5000E+01, 1.2800E+00, 1.1333E+01,
19:46:54.81405830, 1.4967E+01, 1.2533E+00, 1.1667E+01,
19:46:54.81405835, 1.4967E+01, 1.2267E+00, 1.1667E+01,
19:46:54.81405840, 1.4967E+01, 1.2533E+00, 1.2000E+01,
19:46:54.81405845, 1.5033E+01, 1.2533E+00, 1.1333E+01,
19:46:54.81405850, 1.4967E+01, 1.2533E+00, 1.2000E+01,
19:46:54.81405855, 1.4933E+01, 1.2267E+00, 1.2333E+01,
19:46:54.81405860, 1.4933E+01, 1.2667E+00, 1.2000E+01,
19:46:54.81405865, 1.4933E+01, 1.2800E+00, 1.1333E+01,
19:46:54.81405870, 1.4933E+01, 1.2667E+00, 1.2000E+01,
19:46:54.81405875, 1.5000E+01, 1.2667E+00, 1.1667E+01,
19:46:54.81405880, 1.5000E+01, 1.2667E+00, 1.2000E+01,
19:46:54.81405885, 1.4967E+01, 1.2400E+00, 1.2333E+01,
19:46:54.81405890, 1.5000E+01, 1.2267E+00, 1.1667E+01,
19:46:54.81405895, 1.5000E+01, 1.2267E+00, 1.2333E+01,
19:46:54.81405900, 1.5033E+01, 1.2533E+00, 1.2000E+01,
19:46:54.81405905, 1.4933E+01, 1.2400E+00, 1.2000E+01,
19:46:54.81405910, 1.4967E+01, 1.2400E+00, 1.2000E+01,
19:46:54.81405915, 1.4967E+01, 1.2533E+00, 1.2667E+01,
19:46:54.81405920, 1.5033E+01, 1.2667E+00, 1.2000E+01,
19:46:54.81405925, 1.4933E+01, 1.2533E+00, 1.2333E+01,
19:46:54.81405930, 1.4933E+01, 1.2533E+00, 1.2000E+01,
19:46:54.81405935, 1.5000E+01, 1.2400E+00, 1.2000E+01,
19:46:54.81405940, 1.5067E+01, 1.2400E+00, 1.2667E+01,
19:46:54.81405945, 1.5000E+01, 1.2400E+00, 1.2000E+01,
19:46:54.81405950, 1.4967E+01, 1.2533E+00, 1.1667E+01,
19:46:54.81405955, 1.5000E+01, 1.2400E+00, 1.2333E+01,
19:46:54.81405960, 1.4933E+01, 1.2267E+00, 1.1667E+01,
19:46:54.81405965, 1.4933E+01, 1.2533E+00, 1.2333E+01,
19:46:54.81405970, 1.4967E+01, 1.2533E+00, 1.1667E+01,
19:46:54.81405975, 1.4967E+01, 1.2400E+00, 1.2000E+01,
19:46:54.81405980, 1.5000E+01, 1.2400E+00, 1.2000E+01,
19:46:54.81405985, 1.4967E+01, 1.2667E+00, 1.2000E+01,
19:46:54.81405990, 1.4933E+01, 1.2533E+00, 1.2000E+01,
19:46:54.81405995, 1.4967E+01, 1.2667E+00, 1.2000E+01,
19:46:54.81406000, 1.4933E+01, 1.2800E+00, 1.2000E+01,
19:46:54.81406005, 1.4967E+01, 1.2267E+00, 1.2000E+01,
19:46:54.81406010, 1.4967E+01, 1.2533E+00, 1.2000E+01,
19:46:54.81406015, 1.5033E+01, 1.2400E+00, 1.2000E+01,
19:46:54.81406020, 1.4933E+01, 1.2400E+00, 1.1667E+01,
19:46:54.81406025, 1.4967E+01, 1.2800E+00, 1.2000E+01,
19:46:54.81406030, 1.4933E+01, 1.2667E+00, 1.2000E+01,
19:46:54.81406035, 1.5000E+01, 1.2667E+00, 1.2000E+01,
19:46:54.81406040, 1.4967E+01, 1.2533E+00, 1.1667E+01,
19:46:54.81406045, 1.5000E+01, 1.2533E+00, 1.2000E+01,
19:46:54.81406050, 1.5033E+01, 1.2400E+00, 1.2333E+01,
19:46:54.81406055, 1.4933E+01, 1.2667E+00, 1.2000E+01,
19:46:54.81406060, 1.4967E+01, 1.2667E+00, 1.1667E+01,
19:46:54.81406065, 1.5033E+01, 1.2800E+00, 1.1667E+01,
19:46:54.81406070, 1.4967E+01, 1.2533E+00, 1.2333E+01,
19:46:54.81406075, 1.4967E+01, 1.2800E+00, 1.1667E+01,
19:46:54.81406080, 1.4967E+01, 1.2667E+00, 1.2667E+01,
19:46:54.81406085, 1.4933E+01, 1.2533E+00, 1.2333E+01,
19:46:54.81406090, 1.4933E+01, 1.2667E+00, 1.1667E+01,
19:46:54.81406095, 1.5000E+01, 1.2533E+00, 1.2333E+01,
19:46:54.81406100, 1.5033E+01, 1.2933E+00, 1.2000E+01,
19:46:54.81406105, 1.4933E+01, 1.2533E+00, 1.1667E+01,
19:46:54.81406110, 1.5033E+01, 1.2533E+00, 1.1333E+01,
19:46:54.81406115, 1.4967E+01, 1.2533E+00, 1.1667E+01,
19:46:54.81406120, 1.4967E+01, 1.2533E+00, 1.1667E+01,
19:46:54.81406125, 1.4933E+01, 1.2667E+00, 1.2000E+01,
19:46:54.81406130, 1.5000E+01, 1.2267E+00, 1.2000E+01,
19:46:54.81406135, 1.4967E+01, 1.2800E+00, 1.2000E+01,
19:46:54.81406140, 1.4967E+01, 1.2267E+00, 1.2000E+01,
19:46:54.81406145, 1.4967E+01, 1.2667E+00, 1.2000E+01,
19:46:54.81406150, 1.4967E+01, 1.2533E+00, 1.2000E+01,
19:46:54.81406155, 1.4933E+01, 1.2667E+00, 1.2000E+01,
19:46:54.81406160, 1.4933E+01, 1.2267E+00, 1.2000E+01,
19:46:54.81406165, 1.4933E+01, 1.2533E+00, 1.2000E+01,
19:46:54.81406170, 1.4933E+01, 1.2533E+00, 1.1667E+01,
19:46:54.81406175, 1.5000E+01, 1.2400E+00, 1.2333E+01,
19:46:54.81406180, 1.4933E+01, 1.2533E+00, 1.2000E+01,
19:46:54.81406185, 1.4967E+01, 1.2533E+00, 1.2333E+01,
19:46:54.81406190, 1.4933E+01, 1.2533E+00, 1.1667E+01,
19:46:54.81406195, 1.4900E+01, 1.2533E+00, 1.1667E+01,
19:46:54.81406200, 1.4933E+01, 1.2533E+00, 1.2000E+01,
19:46:54.81406205, 1.4967E+01, 1.2533E+00, 1.2333E+01,
19:46:54.81406210, 1.4967E+01, 1.2400E+00, 1.1333E+01,
19:46:54.81406215, 1.4967E+01, 1.2400E+00, 1.2000E+01,
19:46:54.81406220, 1.4967E+01, 1.2800E+00, 1.2000E+01,
19:46:54.81406225, 1.4933E+01, 1.2400E+00, 1.2000E+01,
19:46:54.81406230, 1.4967E+01, 1.2400E+00, 1.1667E+01,
19:46:54.81406235, 1.4933E+01, 1.2400E+00, 1.2000E+01,
19:46:54.81406240, 1.4967E+01, 1.2400E+00, 1.2000E+01,
19:46:54.81406245, 1.4933E+01, 1.2667E+00, 1.2000E+01,
19:46:54.81406250, 1.4967E+01, 1.2667E+00, 1.2000E+01,
19:46:54.81406255, 1.4933E+01, 1.2667E+00, 1.1333E+01,
19:46:54.81406260, 1.4967E+01, 1.2533E+00, 1.2333E+01,
19:46:54.81406265, 1.5100E+01, 1.2667E+00, 1.1667E+01,
19:46:54.81406270, 1.4967E+01, 1.2533E+00, 1.2333E+01,
19:46:54.81406275, 1.4967E+01, 1.2667E+00, 1.2000E+01,
19:46:54.81406280, 1.4967E+01, 1.2667E+00, 1.2000E+01,
19:46:54.81406285, 1.4933E+01, 1.2800E+00, 1.2333E+01,
19:46:54.81406290, 1.4967E+01, 1.2400E+00, 1.2000E+01,
19:46:54.81406295, 1.4933E+01, 1.2667E+00, 1.1667E+01,
19:46:54.81406300, 1.5000E+01, 1.2533E+00, 1.1667E+01,
19:46:54.81406305, 1.5033E+01, 1.2667E+00, 1.1667E+01,
19:46:54.81406310, 1.5000E+01, 1.2667E+00, 1.2000E+01,
19:46:54.81406315, 1.5000E+01, 1.2133E+00, 1.2000E+01,
19:46:54.81406320, 1.4967E+01, 1.2667E+00, 1.1667E+01,
19:46:54.81406325, 1.4933E+01, 1.2800E+00, 1.2667E+01,
19:46:54.81406330, 1.4933E+01, 1.2267E+00, 1.1667E+01,
19:46:54.81406335, 1.5000E+01, 1.2533E+00, 1.2000E+01,
19:46:54.81406340, 1.5000E+01, 1.2800E+00, 1.2000E+01,
19:46:54.81406345, 1.4967E+01, 1.2800E+00, 1.1667E+01,
19:46:54.81406350, 1.5000E+01, 1.2667E+00, 1.1333E+01,
19:46:54.81406355, 1.4967E+01, 1.2533E+00, 1.2000E+01,
19:46:54.81406360, 1.4967E+01, 1.2667E+00, 1.2000E+01,
19:46:54.81406365, 1.4967E+01, 1.2800E+00, 1.2000E+01,
19:46:54.81406370, 1.4933E+01, 1.2533E+00, 1.2000E+01,
19:46:54.81406375, 1.4933E+01, 1.2267E+00, 1.2333E+01,
19:46:54.81406380, 1.5000E+01, 1.2667E+00, 1.1667E+01,
19:46:54.81406385, 1.4967E+01, 1.2267E+00, 1.2333E+01,
19:46:54.81406390, 1.4900E+01, 1.2533E+00, 1.2000E+01,
19:46:54.81406395, 1.5000E+01, 1.2667E+00, 1.1667E+01,
19:46:54.81406400, 1.4967E+01, 1.2667E+00, 1.2000E+01,
19:46:54.81406405, 1.5000E+01, 1.2533E+00, 1.2000E+01,
19:46:54.81406410, 1.4967E+01, 1.2267E+00, 1.2000E+01,
19:46:54.81406415, 1.4967E+01, 1.2400E+00, 1.1667E+01,
19:46:54.81406420, 1.5000E+01, 1.2400E+00, 1.2333E+01,
19:46:54.81406425, 1.5000E+01, 1.2667E+00, 1.2333E+01,
19:46:54.81406430, 1.5000E+01, 1.2667E+00, 1.2667E+01,
19:46:54.81406435, 1.4933E+01, 1.2667E+00, 1.1667E+01,
19:46:54.81406440, 1.4933E+01, 1.2533E+00, 1.2000E+01,
19:46:54.81406445, 1.4933E+01, 1.2667E+00, 1.2000E+01,
19:46:54.81406450, 1.5033E+01, 1.2267E+00, 1.2000E+01,
19:46:54.81406455, 1.5000E+01, 1.2533E+00, 1.2000E+01,
19:46:54.81406460, 1.5000E+01, 1.2800E+00, 1.1333E+01,
19:46:54.81406465, 1.4933E+01, 1.2267E+00, 1.2000E+01,
19:46:54.81406470, 1.4933E+01, 1.2533E+00, 1.2000E+01,
19:46:54.81406475, 1.4933E+01, 1.2667E+00, 1.2000E+01,
19:46:54.81406480, 1.4933E+01, 1.2667E+00, 1.2667E+01,
19:46:54.81406485, 1.5000E+01, 1.2533E+00, 1.2000E+01,
19:46:54.81406490, 1.5000E+01, 1.2533E+00, 1.2000E+01,
19:46:54.81406495, 1.4933E+01, 1.2400E+00, 1.1667E+01,
19:46:54.81406500, 1.4933E+01, 1.2533E+00, 1.1667E+01,
19:46:54.81406505, 1.4967E+01, 1.2667E+00, 1.2000E+01,
19:46:54.81406510, 1.4967E+01, 1.2400E+00, 1.2000E+01,
19:46:54.81406515, 1.4933E+01, 1.2667E+00, 1.2000E+01,
19:46:54.81406520, 1.4933E+01, 1.2667E+00, 1.1667E+01,
19:46:54.81406525, 1.4933E+01, 1.2667E+00, 1.2333E+01,
19:46:54.81406530, 1.5000E+01, 1.2667E+00, 1.1667E+01,
19:46:54.81406535, 1.5033E+01, 1.2533E+00, 1.2000E+01,
19:46:54.81406540, 1.4967E+01, 1.2667E+00, 1.2000E+01,
19:46:54.81406545, 1.4933E+01, 1.2667E+00, 1.2000E+01,
19:46:54.81406550, 1.4967E+01, 1.2667E+00, 1.2333E+01,
19:46:54.81406555, 1.4933E+01, 1.2800E+00, 1.2000E+01,
19:46:54.81406560, 1.4933E+01, 1.2267E+00, 1.2000E+01,
19:46:54.81406565, 1.4967E+01, 1.2400E+00, 1.2000E+01,
19:46:54.81406570, 1.4967E+01, 1.2400E+00, 1.2000E+01,
19:46:54.81406575, 1.4967E+01, 1.2667E+00, 1.2000E+01,
19:46:54.81406580, 1.4967E+01, 1.2667E+00, 1.1667E+01,
19:46:54.81406585, 1.5033E+01, 1.2800E+00, 1.2000E+01,
19:46:54.81406590, 1.5000E+01, 1.2533E+00, 1.2000E+01,
19:46:54.81406595, 1.5100E+01, 1.2667E+00, 1.2000E+01,
19:46:54.81406600, 1.5000E+01, 1.2533E+00, 1.2000E+01,
19:46:54.81406605, 1.4933E+01, 1.2533E+00, 1.1667E+01,
19:46:54.81406610, 1.5000E+01, 1.2667E+00, 1.2000E+01,
19:46:54.81406615, 1.4933E+01, 1.2400E+00, 1.1667E+01,
19:46:54.81406620, 1.4933E+01, 1.2400E+00, 1.2000E+01,
19:46:54.81406625, 1.5000E+01, 1.2800E+00, 1.2000E+01,
19:46:54.81406630, 1.4933E+01, 1.2533E+00, 1.1333E+01,
19:46:54.81406635, 1.4967E+01, 1.2267E+00, 1.1333E+01,
19:46:54.81406640, 1.4933E+01, 1.2533E+00, 1.2000E+01,
19:46:54.81406645, 1.4967E+01, 1.2533E+00, 1.2000E+01,
19:46:54.81406650, 1.4967E+01, 1.2667E+00, 1.1667E+01,
19:46:54.81406655, 1.4933E+01, 1.2667E+00, 1.2000E+01,
19:46:54.81406660, 1.4933E+01, 1.2667E+00, 1.2000E+01,
19:46:54.81406665, 1.4933E+01, 1.2800E+00, 1.2000E+01,
19:46:54.81406670, 1.4933E+01, 1.2533E+00, 1.2000E+01,
19:46:54.81406675, 1.4933E+01, 1.2400E+00, 1.2000E+01,
19:46:54.81406680, 1.4933E+01, 1.2800E+00, 1.2333E+01,
19:46:54.81406685, 1.4967E+01, 1.2533E+00, 1.2000E+01,
19:46:54.81406690, 1.4933E+01, 1.2400E+00, 1.2333E+01,
19:46:54.81406695, 1.5000E+01, 1.2800E+00, 1.1667E+01,
19:46:54.81406700, 1.4967E+01, 1.2400E+00, 1.2000E+01,
19:46:54.81406705, 1.5000E+01, 1.2667E+00, 1.2000E+01,
19:46:54.81406710, 1.4967E+01, 1.2667E+00, 1.2000E+01,
19:46:54.81406715, 1.4967E+01, 1.2667E+00, 1.2000E+01,
19:46:54.81406720, 1.5000E+01, 1.2400E+00, 1.1667E+01,
19:46:54.81406725, 1.4933E+01, 1.2400E+00, 1.2000E+01,
19:46:54.81406730, 1.4967E+01, 1.2667E+00, 1.2333E+01,
19:46:54.81406735, 1.4967E+01, 1.2133E+00, 1.1667E+01,
19:46:54.81406740, 1.4967E+01, 1.2400E+00, 1.2000E+01,
19:46:54.81406745, 1.4967E+01, 1.2400E+00, 1.1667E+01,
19:46:54.81406750, 1.4933E+01, 1.2800E+00, 1.2000E+01,
19:46:54.81406755, 1.4967E+01, 1.2533E+00, 1.1333E+01,
19:46:54.81406760, 1.4967E+01, 1.2400E+00, 1.2000E+01,
19:46:54.81406765, 1.4933E+01, 1.2400E+00, 1.2000E+01,
19:46:54.81406770, 1.4967E+01, 1.2667E+00, 1.2000E+01,
19:46:54.81406775, 1.4967E+01, 1.2533E+00, 1.2000E+01,
19:46:54.81406780, 1.4967E+01, 1.2533E+00, 1.2000E+01,
19:46:54.81406785, 1.4933E+01, 1.2533E+00, 1.2000E+01,
19:46:54.81406790, 1.5000E+01, 1.2933E+00, 1.2000E+01,
19:46:54.81406795, 1.5000E+01, 1.2400E+00, 1.2000E+01,
19:46:54.81406800, 1.4933E+01, 1.2267E+00, 1.2000E+01,
19:46:54.81406805, 1.4933E+01, 1.2667E+00, 1.2000E+01,
19:46:54.81406810, 1.4967E+01, 1.2533E+00, 1.2000E+01,
19:46:54.81406815, 1.4933E+01, 1.2667E+00, 1.2000E+01,
19:46:54.81406820, 1.4933E+01, 1.2400E+00, 1.1333E+01,
19:46:54.81406825, 1.4967E+01, 1.2667E+00, 1.2000E+01,
19:46:54.81406830, 1.4933E+01, 1.2400E+00, 1.1667E+01,
19:46:54.81406835, 1.4933E+01, 1.2533E+00, 1.2000E+01,
19:46:54.81406840, 1.4967E+01, 1.2400E+00, 1.2000E+01,
19:46:54.81406845, 1.5000E+01, 1.2400E+00, 1.1667E+01,
19:46:54.81406850, 1.4900E+01, 1.2267E+00, 1.2000E+01,
19:46:54.81406855, 1.5000E+01, 1.2533E+00, 1.2000E+01,
19:46:54.81406860, 1.4933E+01, 1.2267E+00, 1.2667E+01,
19:46:54.81406865, 1.5000E+01, 1.2667E+00, 1.2000E+01,
19:46:54.81406870, 1.4933E+01, 1.2533E+00, 1.2000E+01,
19:46:54.81406875, 1.4933E+01, 1.2400E+00, 1.2333E+01,
19:46:54.81406880, 1.5000E+01, 1.2800E+00, 1.2333E+01,
19:46:54.81406885, 1.4967E+01, 1.2533E+00, 1.2333E+01,
19:46:54.81406890, 1.4900E+01, 1.2667E+00, 1.1667E+01,
19:46:54.81406895, 1.4933E+01, 1.2533E+00, 1.2000E+01,
19:46:54.81406900, 1.5000E+01, 1.2800E+00, 1.2000E+01,
19:46:54.81406905, 1.4933E+01, 1.2667E+00, 1.2667E+01,
19:46:54.81406910, 1.4967E+01, 1.2667E+00, 1.1667E+01,
19:46:54.81406915, 1.4933E+01, 1.2667E+00, 1.1667E+01,
19:46:54.81406920, 1.4967E+01, 1.2533E+00, 1.1667E+01,
19:46:54.81406925, 1.4967E+01, 1.2667E+00, 1.1667E+01,
19:46:54.81406930, 1.5033E+01, 1.2667E+00, 1.2000E+01,
19:46:54.81406935, 1.4967E+01, 1.2400E+00, 1.2000E+01,
19:46:54.81406940, 1.4967E+01, 1.2533E+00, 1.1667E+01,
19:46:54.81406945, 1.4933E+01, 1.2133E+00, 1.1667E+01,
19:46:54.81406950, 1.4933E+01, 1.2667E+00, 1.1667E+01,
19:46:54.81406955, 1.4933E+01, 1.2800E+00, 1.2333E+01,
19:46:54.81406960, 1.4933E+01, 1.2667E+00, 1.1667E+01,
19:46:54.81406965, 1.4967E+01, 1.2533E+00, 1.2000E+01,
19:46:54.81406970, 1.5000E+01, 1.2800E+00, 1.2000E+01,
19:46:54.81406975, 1.5000E+01, 1.2667E+00, 1.2000E+01,
19:46:54.81406980, 1.4933E+01, 1.2400E+00, 1.1333E+01,
19:46:54.81406985, 1.4967E+01, 1.2667E+00, 1.2000E+01,
19:46:54.81406990, 1.4967E+01, 1.2800E+00, 1.2000E+01,
19:46:54.81406995, 1.4967E+01, 1.2533E+00, 1.2000E+01,
19:46:54.81407000, 1.4933E+01, 1.2533E+00, 1.1333E+01,
19:46:54.81407005, 1.4933E+01, 1.2533E+00, 1.2000E+01,
19:46:54.81407010, 1.4933E+01, 1.2533E+00, 1.2000E+01,
19:46:54.81407015, 1.5000E+01, 1.2533E+00, 1.2000E+01,
19:46:54.81407020, 1.4933E+01, 1.2800E+00, 1.2000E+01,
19:46:54.81407025, 1.4933E+01, 1.2267E+00, 1.2000E+01,
19:46:54.81407030, 1.4967E+01, 1.2400E+00, 1.2000E+01,
19:46:54.81407035, 1.4933E+01, 1.2667E+00, 1.2000E+01,
19:46:54.81407040, 1.4933E+01, 1.2667E+00, 1.2000E+01,
19:46:54.81407045, 1.5000E+01, 1.2667E+00, 1.2000E+01,
19:46:54.81407050, 1.5000E+01, 1.2533E+00, 1.2333E+01,
19:46:54.81407055, 1.4933E+01, 1.2533E+00, 1.2000E+01,
19:46:54.81407060, 1.5033E+01, 1.2933E+00, 1.2000E+01,
19:46:54.81407065, 1.5000E+01, 1.2533E+00, 1.2333E+01,
19:46:54.81407070, 1.4967E+01, 1.2800E+00, 1.1667E+01,
19:46:54.81407075, 1.5000E+01, 1.2667E+00, 1.1667E+01,
19:46:54.81407080, 1.4967E+01, 1.2667E+00, 1.2000E+01,
19:46:54.81407085, 1.5000E+01, 1.2667E+00, 1.1333E+01,
19:46:54.81407090, 1.4967E+01, 1.2267E+00, 1.2000E+01,
19:46:54.81407095, 1.4933E+01, 1.2533E+00, 1.1667E+01,
19:46:54.81407100, 1.4967E+01, 1.2267E+00, 1.2000E+01,
19:46:54.81407105, 1.4933E+01, 1.2933E+00, 1.2333E+01,
19:46:54.81407110, 1.4933E+01, 1.2800E+00, 1.2000E+01,
19:46:54.81407115, 1.4967E+01, 1.2667E+00, 1.2333E+01,
19:46:54.81407120, 1.4933E+01, 1.2400E+00, 1.2000E+01,
19:46:54.81407125, 1.5067E+01, 1.2533E+00, 1.1667E+01,
19:46:54.81407130, 1.5000E+01, 1.2533E+00, 1.2000E+01,
19:46:54.81407135, 1.5000E+01, 1.2800E+00, 1.2000E+01,
19:46:54.81407140, 1.5000E+01, 1.2533E+00, 1.2000E+01,
19:46:54.81407145, 1.4933E+01, 1.2533E+00, 1.1667E+01,
19:46:54.81407150, 1.4933E+01, 1.2667E+00, 1.2000E+01,
19:46:54.81407155, 1.4933E+01, 1.2267E+00, 1.1667E+01,
19:46:54.81407160, 1.4900E+01, 1.2667E+00, 1.1667E+01,
19:46:54.81407165, 1.4933E+01, 1.2400E+00, 1.2000E+01,
19:46:54.81407170, 1.4933E+01, 1.2667E+00, 1.2000E+01,
19:46:54.81407175, 1.4933E+01, 1.2667E+00, 1.1667E+01,
19:46:54.81407180, 1.4967E+01, 1.2800E+00, 1.2000E+01,
19:46:54.81407185, 1.4933E+01, 1.2133E+00, 1.2000E+01,
19:46:54.81407190, 1.4967E+01, 1.2800E+00, 1.2000E+01,
19:46:54.81407195, 1.4900E+01, 1.2267E+00, 1.2000E+01,
19:46:54.81407200, 1.4967E+01, 1.2533E+00, 1.2000E+01,
19:46:54.81407205, 1.5000E+01, 1.2533E+00, 1.2000E+01,
19:46:54.81407210, 1.5033E+01, 1.2533E+00, 1.2000E+01,
19:46:54.81407215, 1.4967E+01, 1.2667E+00, 1.2000E+01,
19:46:54.81407220, 1.4933E+01, 1.2533E+00, 1.1667E+01,
19:46:54.81407225, 1.5000E+01, 1.2133E+00, 1.2000E+01,
19:46:54.81407230, 1.4933E+01, 1.2800E+00, 1.2000E+01,
19:46:54.81407235, 1.4933E+01, 1.2667E+00, 1.2000E+01,
19:46:54.81407240, 1.4933E+01, 1.2267E+00, 1.2000E+01,
19:46:54.81407245, 1.4933E+01, 1.2800E+00, 1.2000E+01,
19:46:54.81407250, 1.5067E+01, 1.2267E+00, 1.1667E+01,
19:46:54.81407255, 1.5000E+01, 1.2667E+00, 1.2000E+01,
19:46:54.81407260, 1.4967E+01, 1.2533E+00, 1.2333E+01,
19:46:54.81407265, 1.4967E+01, 1.2533E+00, 1.1667E+01,
19:46:54.81407270, 1.5033E+01, 1.2400E+00, 1.1667E+01,
19:46:54.81407275, 1.5000E+01, 1.2400E+00, 1.1667E+01,
19:46:54.81407280, 1.5000E+01, 1.2533E+00, 1.1667E+01,
19:46:54.81407285, 1.5000E+01, 1.2667E+00, 1.2000E+01,
19:46:54.81407290, 1.4933E+01, 1.2533E+00, 1.2000E+01,
19:46:54.81407295, 1.4933E+01, 1.2800E+00, 1.2000E+01,
19:46:54.81407300, 1.4967E+01, 1.2533E+00, 1.2333E+01,
19:46:54.81407305, 1.5000E+01, 1.2400E+00, 1.2333E+01,
19:46:54.81407310, 1.4933E+01, 1.2667E+00, 1.2333E+01,
19:46:54.81407315, 1.4967E+01, 1.2533E+00, 1.2000E+01,
19:46:54.81407320, 1.4933E+01, 1.2400E+00, 1.2000E+01,
19:46:54.81407325, 1.5000E+01, 1.2533E+00, 1.2000E+01,
19:46:54.81407330, 1.4967E+01, 1.2400E+00, 1.2000E+01,
19:46:54.81407335, 1.5000E+01, 1.2533E+00, 1.1667E+01,
19:46:54.81407340, 1.4933E+01, 1.2400E+00, 1.1667E+01,
19:46:54.81407345, 1.4967E+01, 1.2400E+00, 1.1667E+01,
19:46:54.81407350, 1.4967E+01, 1.2667E+00, 1.2667E+01,
19:46:54.81407355, 1.4933E+01, 1.2133E+00, 1.2333E+01,
19:46:54.81407360, 1.5033E+01, 1.2400E+00, 1.2333E+01,
19:46:54.81407365, 1.5000E+01, 1.2400E+00, 1.2333E+01,
19:46:54.81407370, 1.5000E+01, 1.2400E+00, 1.1333E+01,
19:46:54.81407375, 1.4967E+01, 1.2533E+00, 1.2333E+01,
19:46:54.81407380, 1.5067E+01, 1.2533E+00, 1.2000E+01,
19:46:54.81407385, 1.5000E+01, 1.2533E+00, 1.1000E+01,
19:46:54.81407390, 1.5033E+01, 1.2533E+00, 1.2000E+01,
19:46:54.81407395, 1.4933E+01, 1.2400E+00, 1.2000E+01,
19:46:54.81407400, 1.4933E+01, 1.2533E+00, 1.1667E+01,
19:46:54.81407405, 1.5033E+01, 1.2800E+00, 1.2000E+01,
19:46:54.81407410, 1.4967E+01, 1.2667E+00, 1.2000E+01,
19:46:54.81407415, 1.4933E+01, 1.2533E+00, 1.1333E+01,
19:46:54.81407420, 1.4967E+01, 1.2533E+00, 1.2000E+01,
19:46:54.81407425, 1.5033E+01, 1.2800E+00, 1.1000E+01,
19:46:54.81407430, 1.4933E+01, 1.2400E+00, 1.2667E+01,
19:46:54.81407435, 1.4933E+01, 1.2533E+00, 1.2333E+01,
19:46:54.81407440, 1.5000E+01, 1.2400E+00, 1.2000E+01,
19:46:54.81407445, 1.4933E+01, 1.2533E+00, 1.2000E+01,
19:46:54.81407450, 1.4933E+01, 1.2667E+00, 1.2333E+01,
19:46:54.81407455, 1.4967E+01, 1.2667E+00, 1.2333E+01,
19:46:54.81407460, 1.5000E+01, 1.2400E+00, 1.2000E+01,
19:46:54.81407465, 1.4967E+01, 1.2667E+00, 1.2000E+01,
19:46:54.81407470, 1.4900E+01, 1.2667E+00, 1.2000E+01,
19:46:54.81407475, 1.5000E+01, 1.2533E+00, 1.2000E+01,
19:46:54.81407480, 1.5000E+01, 1.2533E+00, 1.2000E+01,
19:46:54.81407485, 1.5000E+01, 1.2800E+00, 1.1333E+01,
19:46:54.81407490, 1.5000E+01, 1.2800E+00, 1.1667E+01,
19:46:54.81407495, 1.5000E+01, 1.2667E+00, 1.1667E+01,
19:46:54.81407500, 1.5000E+01, 1.2667E+00, 1.1667E+01,
19:46:54.81407505, 1.4933E+01, 1.2533E+00, 1.1667E+01,
19:46:54.81407510, 1.4967E+01, 1.2533E+00, 1.2667E+01,
19:46:54.81407515, 1.4933E+01, 1.2533E+00, 1.2000E+01,
19:46:54.81407520, 1.4967E+01, 1.2533E+00, 1.1667E+01,
19:46:54.81407525, 1.4933E+01, 1.2400E+00, 1.2000E+01,
19:46:54.81407530, 1.4967E+01, 1.2667E+00, 1.2000E+01,
19:46:54.81407535, 1.4933E+01, 1.2533E+00, 1.1667E+01,
19:46:54.81407540, 1.4933E+01, 1.2533E+00, 1.2000E+01,
19:46:54.81407545, 1.4933E+01, 1.2667E+00, 1.2000E+01,
19:46:54.81407550, 1.5033E+01, 1.2533E+00, 1.2000E+01,
19:46:54.81407555, 1.5000E+01, 1.2667E+00, 1.2667E+01,
19:46:54.81407560, 1.4967E+01, 1.2400E+00, 1.2000E+01,
19:46:54.81407565, 1.4933E+01, 1.2400E+00, 1.2000E+01,
19:46:54.81407570, 1.4933E+01, 1.2533E+00, 1.1667E+01,
19:46:54.81407575, 1.5067E+01, 1.2533E+00, 1.2000E+01,
19:46:54.81407580, 1.5000E+01, 1.2933E+00, 1.1667E+01,
19:46:54.81407585, 1.4933E+01, 1.2400E+00, 1.2000E+01,
19:46:54.81407590, 1.4933E+01, 1.2533E+00, 1.2000E+01,
19:46:54.81407595, 1.4967E+01, 1.2933E+00, 1.2000E+01,
19:46:54.81407600, 1.4967E+01, 1.2667E+00, 1.2000E+01,
19:46:54.81407605, 1.5000E+01, 1.2267E+00, 1.2000E+01,
19:46:54.81407610, 1.4933E+01, 1.2533E+00, 1.2000E+01,
19:46:54.81407615, 1.5000E+01, 1.2933E+00, 1.2333E+01,
19:46:54.81407620, 1.4967E+01, 1.2267E+00, 1.1333E+01,
19:46:54.81407625, 1.4933E+01, 1.2533E+00, 1.2000E+01,
19:46:54.81407630, 1.4933E+01, 1.2400E+00, 1.2000E+01,
19:46:54.81407635, 1.5033E+01, 1.2267E+00, 1.2000E+01,
19:46:54.81407640, 1.5000E+01, 1.2667E+00, 1.2000E+01,
19:46:54.81407645, 1.4933E+01, 1.2400E+00, 1.2000E+01,
19:46:54.81407650, 1.4933E+01, 1.2667E+00, 1.1667E+01,
19:46:54.81407655, 1.4933E+01, 1.2267E+00, 1.2000E+01,
19:46:54.81407660, 1.4933E+01, 1.2667E+00, 1.1667E+01,
19:46:54.81407665, 1.5000E+01, 1.2667E+00, 1.2000E+01,
19:46:54.81407670, 1.5000E+01, 1.2933E+00, 1.2000E+01,
19:46:54.81407675, 1.5000E+01, 1.2533E+00, 1.2000E+01,
19:46:54.81407680, 1.4967E+01, 1.2667E+00, 1.2000E+01,
19:46:54.81407685, 1.4967E+01, 1.2933E+00, 1.1333E+01,
19:46:54.81407690, 1.5000E+01, 1.2400E+00, 1.2000E+01,
19:46:54.81407695, 1.4967E+01, 1.2667E+00, 1.2000E+01,
19:46:54.81407700, 1.5000E+01, 1.2800E+00, 1.2000E+01,
19:46:54.81407705, 1.5033E+01, 1.2533E+00, 1.2000E+01,
19:46:54.81407710, 1.4967E+01, 1.2533E+00, 1.2000E+01,
19:46:54.81407715, 1.5000E+01, 1.2400E+00, 1.2000E+01,
19:46:54.81407720, 1.4933E+01, 1.2533E+00, 1.2000E+01,
19:46:54.81407725, 1.4933E+01, 1.2800E+00, 1.1667E+01,
19:46:54.81407730, 1.4933E+01, 1.2267E+00, 1.2000E+01,
19:46:54.81407735, 1.5067E+01, 1.2933E+00, 1.2000E+01,
19:46:54.81407740, 1.4967E+01, 1.2667E+00, 1.1667E+01,
19:46:54.81407745, 1.4933E+01, 1.2800E+00, 1.1667E+01,
19:46:54.81407750, 1.4933E+01, 1.2800E+00, 1.1667E+01,
19:46:54.81407755, 1.5033E+01, 1.2533E+00, 1.2000E+01,
19:46:54.81407760, 1.4967E+01, 1.2533E+00, 1.1333E+01,
19:46:54.81407765, 1.4933E+01, 1.2800E+00, 1.2000E+01,
19:46:54.81407770, 1.4933E+01, 1.2267E+00, 1.2000E+01,
19:46:54.81407775, 1.4933E+01, 1.2400E+00, 1.2000E+01,
19:46:54.81407780, 1.4900E+01, 1.2533E+00, 1.2333E+01,
19:46:54.81407785, 1.4967E+01, 1.2400E+00, 1.2000E+01,
19:46:54.81407790, 1.5033E+01, 1.2533E+00, 1.2000E+01,
19:46:54.81407795, 1.5000E+01, 1.2400E+00, 1.1667E+01,
19:46:54.81407800, 1.4967E+01, 1.2400E+00, 1.2000E+01,
19:46:54.81407805, 1.4933E+01, 1.2400E+00, 1.1667E+01,
19:46:54.81407810, 1.4967E+01, 1.2267E+00, 1.2000E+01,
19:46:54.81407815, 1.4933E+01, 1.2267E+00, 1.1667E+01,
19:46:54.81407820, 1.4933E+01, 1.2667E+00, 1.2667E+01,
19:46:54.81407825, 1.4933E+01, 1.2400E+00, 1.2667E+01,
19:46:54.81407830, 1.4933E+01, 1.2133E+00, 1.2000E+01,
19:46:54.81407835, 1.5000E+01, 1.2400E+00, 1.2333E+01,
19:46:54.81407840, 1.5000E+01, 1.2667E+00, 1.2333E+01,
19:46:54.81407845, 1.5000E+01, 1.2533E+00, 1.2000E+01,
19:46:54.81407850, 1.5000E+01, 1.2400E+00, 1.2000E+01,
19:46:54.81407855, 1.4933E+01, 1.2667E+00, 1.2000E+01,
19:46:54.81407860, 1.4967E+01, 1.2667E+00, 1.2333E+01,
19:46:54.81407865, 1.4933E+01, 1.2533E+00, 1.2333E+01,
19:46:54.81407870, 1.4967E+01, 1.2400E+00, 1.2000E+01,
19:46:54.81407875, 1.4933E+01, 1.2667E+00, 1.2000E+01,
19:46:54.81407880, 1.4933E+01, 1.2800E+00, 1.2000E+01,
19:46:54.81407885, 1.4933E+01, 1.2533E+00, 1.2333E+01,
19:46:54.81407890, 1.4933E+01, 1.2533E+00, 1.2000E+01,
19:46:54.81407895, 1.5033E+01, 1.2400E+00, 1.2000E+01,
19:46:54.81407900, 1.5033E+01, 1.2533E+00, 1.2000E+01,
19:46:54.81407905, 1.4933E+01, 1.2400E+00, 1.2333E+01,
19:46:54.81407910, 1.4933E+01, 1.2800E+00, 1.2000E+01,
19:46:54.81407915, 1.4933E+01, 1.2667E+00, 1.2000E+01,
19:46:54.81407920, 1.4933E+01, 1.2533E+00, 1.2000E+01,
19:46:54.81407925, 1.4933E+01, 1.2267E+00, 1.2333E+01,
19:46:54.81407930, 1.4933E+01, 1.2533E+00, 1.2000E+01,
19:46:54.81407935, 1.4933E+01, 1.2400E+00, 1.2000E+01,
19:46:54.81407940, 1.5000E+01, 1.2667E+00, 1.2000E+01,
19:46:54.81407945, 1.5033E+01, 1.2400E+00, 1.2000E+01,
19:46:54.81407950, 1.5000E+01, 1.2667E+00, 1.2333E+01,
19:46:54.81407955, 1.5000E+01, 1.2667E+00, 1.2000E+01,
19:46:54.81407960, 1.4933E+01, 1.2533E+00, 1.1333E+01,
19:46:54.81407965, 1.5000E+01, 1.2533E+00, 1.2000E+01,
19:46:54.81407970, 1.4967E+01, 1.2800E+00, 1.1667E+01,
19:46:54.81407975, 1.4967E+01, 1.2267E+00, 1.1667E+01,
19:46:54.81407980, 1.5000E+01, 1.2400E+00, 1.2333E+01,
19:46:54.81407985, 1.5000E+01, 1.2533E+00, 1.2000E+01,
19:46:54.81407990, 1.5000E+01, 1.2533E+00, 1.2000E+01,
19:46:54.81407995, 1.5000E+01, 1.2667E+00, 1.2333E+01,
19:46:54.81408000, 1.4967E+01, 1.2533E+00, 1.1667E+01,
19:46:54.81408005, 1.4933E+01, 1.2800E+00, 1.2667E+01,
19:46:54.81408010, 1.4933E+01, 1.2533E+00, 1.2000E+01,
19:46:54.81408015, 1.4967E+01, 1.2400E+00, 1.2000E+01,
19:46:54.81408020, 1.4967E+01, 1.2800E+00, 1.1333E+01,
19:46:54.81408025, 1.4933E+01, 1.2267E+00, 1.1667E+01,
19:46:54.81408030, 1.5033E+01, 1.2800E+00, 1.1667E+01,
19:46:54.81408035, 1.5000E+01, 1.2533E+00, 1.2000E+01,
19:46:54.81408040, 1.4967E+01, 1.2400E+00, 1.2000E+01,
19:46:54.81408045, 1.4967E+01, 1.2667E+00, 1.2000E+01,
19:46:54.81408050, 1.4967E+01, 1.2533E+00, 1.2333E+01,
19:46:54.81408055, 1.4933E+01, 1.2533E+00, 1.2667E+01,
19:46:54.81408060, 1.4900E+01, 1.2133E+00, 1.2000E+01,
19:46:54.81408065, 1.5033E+01, 1.2400E+00, 1.2000E+01,
19:46:54.81408070, 1.4967E+01, 1.2533E+00, 1.2000E+01,
19:46:54.81408075, 1.5000E+01, 1.2533E+00, 1.2000E+01,
19:46:54.81408080, 1.5033E+01, 1.2667E+00, 1.2000E+01,
19:46:54.81408085, 1.5000E+01, 1.2400E+00, 1.2000E+01,
19:46:54.81408090, 1.5000E+01, 1.2667E+00, 1.2000E+01,
19:46:54.81408095, 1.5067E+01, 1.2533E+00, 1.2000E+01,
19:46:54.81408100, 1.4967E+01, 1.2667E+00, 1.2000E+01,
19:46:54.81408105, 1.4933E+01, 1.2267E+00, 1.2000E+01,
19:46:54.81408110, 1.4933E+01, 1.2800E+00, 1.1667E+01,
19:46:54.81408115, 1.4933E+01, 1.2800E+00, 1.2333E+01,
19:46:54.81408120, 1.4933E+01, 1.2533E+00, 1.1667E+01,
19:46:54.81408125, 1.4933E+01, 1.2667E+00, 1.1333E+01,
19:46:54.81408130, 1.4933E+01, 1.2667E+00, 1.2667E+01,
19:46:54.81408135, 1.5033E+01, 1.2800E+00, 1.2333E+01,
19:46:54.81408140, 1.4933E+01, 1.2400E+00, 1.2000E+01,
19:46:54.81408145, 1.4967E+01, 1.2667E+00, 1.2000E+01,
19:46:54.81408150, 1.4933E+01, 1.2400E+00, 1.2000E+01,
19:46:54.81408155, 1.4933E+01, 1.2533E+00, 1.2000E+01,
19:46:54.81408160, 1.4967E+01, 1.2533E+00, 1.2333E+01,
19:46:54.81408165, 1.4967E+01, 1.2400E+00, 1.1667E+01,
19:46:54.81408170, 1.5000E+01, 1.2400E+00, 1.2333E+01,
19:46:54.81408175, 1.5033E+01, 1.2400E+00, 1.2000E+01,
19:46:54.81408180, 1.4967E+01, 1.2533E+00, 1.2000E+01,
19:46:54.81408185, 1.5000E+01, 1.2667E+00, 1.2000E+01,
19:46:54.81408190, 1.4967E+01, 1.2800E+00, 1.2000E+01,
19:46:54.81408195, 1.4933E+01, 1.2667E+00, 1.1667E+01,
19:46:54.81408200, 1.4967E+01, 1.2800E+00, 1.2000E+01,
19:46:54.81408205, 1.5000E+01, 1.2400E+00, 1.1667E+01,
19:46:54.81408210, 1.5000E+01, 1.2533E+00, 1.2000E+01,
19:46:54.81408215, 1.5067E+01, 1.2800E+00, 1.1667E+01,
19:46:54.81408220, 1.4967E+01, 1.2667E+00, 1.2000E+01,
19:46:54.81408225, 1.5000E+01, 1.2533E+00, 1.2000E+01,
19:46:54.81408230, 1.4933E+01, 1.2533E+00, 1.2000E+01,
19:46:54.81408235, 1.5000E+01, 1.2533E+00, 1.1667E+01,
19:46:54.81408240, 1.4967E+01, 1.2667E+00, 1.2000E+01,
19:46:54.81408245, 1.4967E+01, 1.2267E+00, 1.2000E+01,
19:46:54.81408250, 1.4933E+01, 1.2800E+00, 1.2000E+01,
19:46:54.81408255, 1.4933E+01, 1.2533E+00, 1.2000E+01,
19:46:54.81408260, 1.4933E+01, 1.2533E+00, 1.2000E+01,
19:46:54.81408265, 1.4967E+01, 1.2533E+00, 1.1667E+01,
19:46:54.81408270, 1.4900E+01, 1.2400E+00, 1.2000E+01,
19:46:54.81408275, 1.4967E+01, 1.2400E+00, 1.2000E+01,
19:46:54.81408280, 1.4933E+01, 1.2400E+00, 1.1333E+01,
19:46:54.81408285, 1.4967E+01, 1.2400E+00, 1.2000E+01,
19:46:54.81408290, 1.4933E+01, 1.2533E+00, 1.2000E+01,
19:46:54.81408295, 1.4900E+01, 1.2800E+00, 1.1333E+01,
19:46:54.81408300, 1.4933E+01, 1.2533E+00, 1.1333E+01,
19:46:54.81408305, 1.5000E+01, 1.2667E+00, 1.2000E+01,
19:46:54.81408310, 1.4933E+01, 1.2800E+00, 1.2000E+01,
19:46:54.81408315, 1.4967E+01, 1.2800E+00, 1.2000E+01,
19:46:54.81408320, 1.5033E+01, 1.2667E+00, 1.2000E+01,
19:46:54.81408325, 1.5000E+01, 1.2933E+00, 1.2000E+01,
19:46:54.81408330, 1.5067E+01, 1.2933E+00, 1.1667E+01,
19:46:54.81408335, 1.5000E+01, 1.2400E+00, 1.1667E+01,
19:46:54.81408340, 1.4967E+01, 1.2533E+00, 1.2000E+01,
19:46:54.81408345, 1.4967E+01, 1.2800E+00, 1.2333E+01,
19:46:54.81408350, 1.4867E+01, 1.2933E+00, 1.2000E+01,
19:46:54.81408355, 1.5000E+01, 1.2800E+00, 1.1000E+01,
19:46:54.81408360, 1.4967E+01, 1.2533E+00, 1.1667E+01,
19:46:54.81408365, 1.4967E+01, 1.2800E+00, 1.1667E+01,
19:46:54.81408370, 1.4933E+01, 1.2400E+00, 1.2000E+01,
19:46:54.81408375, 1.5000E+01, 1.2800E+00, 1.1667E+01,
19:46:54.81408380, 1.5000E+01, 1.2400E+00, 1.2333E+01,
19:46:54.81408385, 1.4933E+01, 1.2533E+00, 1.1667E+01,
19:46:54.81408390, 1.4967E+01, 1.2667E+00, 1.1667E+01,
19:46:54.81408395, 1.4867E+01, 1.2667E+00, 1.2000E+01,
19:46:54.81408400, 1.5000E+01, 1.2800E+00, 1.2000E+01,
19:46:54.81408405, 1.4933E+01, 1.2533E+00, 1.2333E+01,
19:46:54.81408410, 1.4933E+01, 1.2533E+00, 1.2000E+01,
19:46:54.81408415, 1.5000E+01, 1.2667E+00, 1.2000E+01,
19:46:54.81408420, 1.5067E+01, 1.2400E+00, 1.2000E+01,
19:46:54.81408425, 1.4933E+01, 1.2533E+00, 1.2000E+01,
19:46:54.81408430, 1.5000E+01, 1.2533E+00, 1.2333E+01,
19:46:54.81408435, 1.5000E+01, 1.2533E+00, 1.1667E+01,
19:46:54.81408440, 1.4933E+01, 1.2667E+00, 1.1333E+01,
19:46:54.81408445, 1.4967E+01, 1.2267E+00, 1.2000E+01,
19:46:54.81408450, 1.4933E+01, 1.2667E+00, 1.1667E+01,
19:46:54.81408455, 1.4967E+01, 1.2800E+00, 1.1667E+01,
19:46:54.81408460, 1.5000E+01, 1.2667E+00, 1.1333E+01,
19:46:54.81408465, 1.5000E+01, 1.2400E+00, 1.2000E+01,
19:46:54.81408470, 1.5000E+01, 1.2533E+00, 1.2000E+01,
19:46:54.81408475, 1.5000E+01, 1.2400E+00, 1.2667E+01,
19:46:54.81408480, 1.4967E+01, 1.2667E+00, 1.2000E+01,
19:46:54.81408485, 1.4967E+01, 1.2933E+00, 1.2000E+01,
19:46:54.81408490, 1.4933E+01, 1.2533E+00, 1.2000E+01,
19:46:54.81408495, 1.4967E+01, 1.2667E+00, 1.2000E+01,
19:46:54.81408500, 1.5033E+01, 1.2400E+00, 1.2000E+01,
19:46:54.81408505, 1.4933E+01, 1.2533E+00, 1.2000E+01,
19:46:54.81408510, 1.5000E+01, 1.2533E+00, 1.1667E+01,
19:46:54.81408515, 1.5033E+01, 1.2800E+00, 1.2000E+01,
19:46:54.81408520, 1.5000E+01, 1.2800E+00, 1.2000E+01,
19:46:54.81408525, 1.5000E+01, 1.2667E+00, 1.2000E+01,
19:46:54.81408530, 1.5000E+01, 1.2667E+00, 1.2000E+01,
19:46:54.81408535, 1.5000E+01, 1.2400E+00, 1.1667E+01,
19:46:54.81408540, 1.5033E+01, 1.2800E+00, 1.1333E+01,
19:46:54.81408545, 1.4933E+01, 1.2533E+00, 1.2000E+01,
19:46:54.81408550, 1.4967E+01, 1.2533E+00, 1.2000E+01,
19:46:54.81408555, 1.5000E+01, 1.2667E+00, 1.2000E+01,
19:46:54.81408560, 1.5000E+01, 1.2800E+00, 1.2000E+01,
19:46:54.81408565, 1.5000E+01, 1.2800E+00, 1.2333E+01,
19:46:54.81408570, 1.4967E+01, 1.2667E+00, 1.2000E+01,
19:46:54.81408575, 1.4967E+01, 1.2400E+00, 1.2000E+01,
19:46:54.81408580, 1.5000E+01, 1.2533E+00, 1.1333E+01,
19:46:54.81408585, 1.4933E+01, 1.2400E+00, 1.2000E+01,
19:46:54.81408590, 1.5000E+01, 1.2400E+00, 1.2000E+01,
19:46:54.81408595, 1.4967E+01, 1.2533E+00, 1.2000E+01,
19:46:54.81408600, 1.4967E+01, 1.2533E+00, 1.2000E+01,
19:46:54.81408605, 1.4933E+01, 1.2533E+00, 1.2000E+01,
19:46:54.81408610, 1.4967E+01, 1.2533E+00, 1.2000E+01,
19:46:54.81408615, 1.4967E+01, 1.2667E+00, 1.2000E+01,
19:46:54.81408620, 1.4933E+01, 1.2400E+00, 1.2000E+01,
19:46:54.81408625, 1.4967E+01, 1.2533E+00, 1.2000E+01,
19:46:54.81408630, 1.4900E+01, 1.2400E+00, 1.1667E+01,
19:46:54.81408635, 1.4933E+01, 1.2667E+00, 1.2333E+01,
19:46:54.81408640, 1.4967E+01, 1.2533E+00, 1.2000E+01,
19:46:54.81408645, 1.4933E+01, 1.2267E+00, 1.2000E+01,
19:46:54.81408650, 1.4967E+01, 1.2667E+00, 1.2333E+01,
19:46:54.81408655, 1.4967E+01, 1.2533E+00, 1.1667E+01,
19:46:54.81408660, 1.4967E+01, 1.2533E+00, 1.2000E+01,
19:46:54.81408665, 1.4933E+01, 1.2667E+00, 1.2000E+01,
19:46:54.81408670, 1.5000E+01, 1.2667E+00, 1.1333E+01,
19:46:54.81408675, 1.4933E+01, 1.2400E+00, 1.1667E+01,
19:46:54.81408680, 1.4967E+01, 1.2533E+00, 1.2000E+01,
19:46:54.81408685, 1.4933E+01, 1.2400E+00, 1.1667E+01,
19:46:54.81408690, 1.5000E+01, 1.2400E+00, 1.2000E+01,
19:46:54.81408695, 1.4967E+01, 1.2667E+00, 1.2000E+01,
19:46:54.81408700, 1.5033E+01, 1.2667E+00, 1.1333E+01,
19:46:54.81408705, 1.4933E+01, 1.2800E+00, 1.2333E+01,
19:46:54.81408710, 1.5033E+01, 1.2667E+00, 1.2000E+01,
19:46:54.81408715, 1.5000E+01, 1.2667E+00, 1.2000E+01,
19:46:54.81408720, 1.4967E+01, 1.2933E+00, 1.2333E+01,
19:46:54.81408725, 1.5000E+01, 1.2400E+00, 1.2000E+01,
19:46:54.81408730, 1.4933E+01, 1.2133E+00, 1.1667E+01,
19:46:54.81408735, 1.4967E+01, 1.2267E+00, 1.2000E+01,
19:46:54.81408740, 1.4967E+01, 1.2533E+00, 1.1667E+01,
19:46:54.81408745, 1.5000E+01, 1.2800E+00, 1.2000E+01,
19:46:54.81408750, 1.4933E+01, 1.2667E+00, 1.2000E+01,
19:46:54.81408755, 1.5000E+01, 1.2800E+00, 1.2333E+01,
19:46:54.81408760, 1.4933E+01, 1.2533E+00, 1.2000E+01,
19:46:54.81408765, 1.4933E+01, 1.2533E+00, 1.2000E+01,
19:46:54.81408770, 1.5033E+01, 1.2667E+00, 1.2000E+01,
19:46:54.81408775, 1.4967E+01, 1.2533E+00, 1.2000E+01,
19:46:54.81408780, 1.4933E+01, 1.2533E+00, 1.1667E+01,
19:46:54.81408785, 1.5000E+01, 1.2267E+00, 1.2000E+01,
19:46:54.81408790, 1.5000E+01, 1.2800E+00, 1.1333E+01,
19:46:54.81408795, 1.4967E+01, 1.2133E+00, 1.2000E+01,
19:46:54.81408800, 1.4933E+01, 1.2800E+00, 1.2000E+01,
19:46:54.81408805, 1.5033E+01, 1.2533E+00, 1.2000E+01,
19:46:54.81408810, 1.4933E+01, 1.2800E+00, 1.2667E+01,
19:46:54.81408815, 1.4967E+01, 1.2267E+00, 1.2000E+01,
19:46:54.81408820, 1.4933E+01, 1.2400E+00, 1.2333E+01,
19:46:54.81408825, 1.4967E+01, 1.2400E+00, 1.2333E+01,
19:46:54.81408830, 1.4933E+01, 1.2533E+00, 1.1333E+01,
19:46:54.81408835, 1.4967E+01, 1.2667E+00, 1.1667E+01,
19:46:54.81408840, 1.4967E+01, 1.2800E+00, 1.2333E+01,
19:46:54.81408845, 1.4967E+01, 1.2800E+00, 1.1667E+01,
19:46:54.81408850, 1.4933E+01, 1.2667E+00, 1.1333E+01,
19:46:54.81408855, 1.4967E+01, 1.2667E+00, 1.2000E+01,
19:46:54.81408860, 1.4933E+01, 1.2533E+00, 1.2000E+01,
19:46:54.81408865, 1.4933E+01, 1.2667E+00, 1.1667E+01,
19:46:54.81408870, 1.4933E+01, 1.2800E+00, 1.2667E+01,
19:46:54.81408875, 1.4933E+01, 1.2400E+00, 1.2000E+01,
19:46:54.81408880, 1.4933E+01, 1.2533E+00, 1.2000E+01,
19:46:54.81408885, 1.4967E+01, 1.2533E+00, 1.2000E+01,
19:46:54.81408890, 1.4967E+01, 1.2533E+00, 1.2667E+01,
19:46:54.81408895, 1.5000E+01, 1.2533E+00, 1.2000E+01,
19:46:54.81408900, 1.4967E+01, 1.2800E+00, 1.2000E+01,
19:46:54.81408905, 1.4933E+01, 1.2533E+00, 1.2333E+01,
19:46:54.81408910, 1.4933E+01, 1.2533E+00, 1.2000E+01,
19:46:54.81408915, 1.4967E+01, 1.2533E+00, 1.2000E+01,
19:46:54.81408920, 1.4933E+01, 1.2133E+00, 1.2000E+01,
19:46:54.81408925, 1.5000E+01, 1.2800E+00, 1.2000E+01,
19:46:54.81408930, 1.5000E+01, 1.2533E+00, 1.1333E+01,
19:46:54.81408935, 1.5000E+01, 1.2533E+00, 1.2000E+01,
19:46:54.81408940, 1.5033E+01, 1.2400E+00, 1.2667E+01,
19:46:54.81408945, 1.5000E+01, 1.2533E+00, 1.2000E+01,
19:46:54.81408950, 1.5000E+01, 1.2800E+00, 1.2000E+01,
19:46:54.81408955, 1.4933E+01, 1.2267E+00, 1.2000E+01,
19:46:54.81408960, 1.4933E+01, 1.2667E+00, 1.2000E+01,
19:46:54.81408965, 1.4933E+01, 1.2933E+00, 1.2000E+01,
19:46:54.81408970, 1.4933E+01, 1.2400E+00, 1.2000E+01,
19:46:54.81408975, 1.4967E+01, 1.2533E+00, 1.2000E+01,
19:46:54.81408980, 1.4967E+01, 1.2400E+00, 1.1667E+01,
19:46:54.81408985, 1.4933E+01, 1.2667E+00, 1.2000E+01,
19:46:54.81408990, 1.4933E+01, 1.2800E+00, 1.2000E+01,
19:46:54.81408995, 1.5033E+01, 1.2400E+00, 1.2000E+01,
19:46:54.81409000, 1.4933E+01, 1.2533E+00, 1.2000E+01,
19:46:54.81409005, 1.4967E+01, 1.2533E+00, 1.2000E+01,
19:46:54.81409010, 1.4967E+01, 1.2667E+00, 1.2000E+01,
19:46:54.81409015, 1.4900E+01, 1.2400E+00, 1.1333E+01,
19:46:54.81409020, 1.4933E+01, 1.2667E+00, 1.2000E+01,
19:46:54.81409025, 1.4933E+01, 1.2400E+00, 1.2000E+01,
19:46:54.81409030, 1.5000E+01, 1.2267E+00, 1.2000E+01,
19:46:54.81409035, 1.4933E+01, 1.2800E+00, 1.2000E+01,
19:46:54.81409040, 1.4933E+01, 1.2933E+00, 1.2333E+01,
19:46:54.81409045, 1.5000E+01, 1.2267E+00, 1.2000E+01,
19:46:54.81409050, 1.4933E+01, 1.2533E+00, 1.2000E+01,
19:46:54.81409055, 1.4933E+01, 1.2267E+00, 1.2000E+01,
19:46:54.81409060, 1.4933E+01, 1.2667E+00, 1.2333E+01,
19:46:54.81409065, 1.4933E+01, 1.2533E+00, 1.1333E+01,
19:46:54.81409070, 1.5000E+01, 1.2933E+00, 1.2333E+01,
19:46:54.81409075, 1.4967E+01, 1.2400E+00, 1.2000E+01,
19:46:54.81409080, 1.4933E+01, 1.2533E+00, 1.1000E+01,
19:46:54.81409085, 1.5000E+01, 1.2533E+00, 1.2000E+01,
19:46:54.81409090, 1.4967E+01, 1.2400E+00, 1.2000E+01,
19:46:54.81409095, 1.4933E+01, 1.2533E+00, 1.2000E+01,
19:46:54.81409100, 1.5033E+01, 1.2533E+00, 1.2000E+01,
19:46:54.81409105, 1.4967E+01, 1.2667E+00, 1.2000E+01,
19:46:54.81409110, 1.4933E+01, 1.2667E+00, 1.2000E+01,
19:46:54.81409115, 1.4933E+01, 1.2533E+00, 1.2000E+01,
19:46:54.81409120, 1.4933E+01, 1.2533E+00, 1.2000E+01,
19:46:54.81409125, 1.4967E+01, 1.2400E+00, 1.2000E+01,
19:46:54.81409130, 1.4933E+01, 1.2400E+00, 1.1667E+01,
19:46:54.81409135, 1.5033E+01, 1.2400E+00, 1.2000E+01,
19:46:54.81409140, 1.5000E+01, 1.2400E+00, 1.1667E+01,
19:46:54.81409145, 1.4967E+01, 1.2400E+00, 1.2333E+01,
19:46:54.81409150, 1.4967E+01, 1.2667E+00, 1.1667E+01,
19:46:54.81409155, 1.4967E+01, 1.2800E+00, 1.2000E+01,
19:46:54.81409160, 1.4967E+01, 1.2533E+00, 1.1333E+01,
19:46:54.81409165, 1.4933E+01, 1.2533E+00, 1.2000E+01,
19:46:54.81409170, 1.4933E+01, 1.2667E+00, 1.2000E+01,
19:46:54.81409175, 1.4967E+01, 1.2533E+00, 1.2667E+01,
19:46:54.81409180, 1.4933E+01, 1.2800E+00, 1.1667E+01,
19:46:54.81409185, 1.4933E+01, 1.2800E+00, 1.2000E+01,
19:46:54.81409190, 1.4967E+01, 1.2533E+00, 1.1667E+01,
19:46:54.81409195, 1.4933E+01, 1.2667E+00, 1.1333E+01,
19:46:54.81409200, 1.4933E+01, 1.2667E+00, 1.2000E+01,
19:46:54.81409205, 1.4933E+01, 1.2533E+00, 1.2000E+01,
19:46:54.81409210, 1.4967E+01, 1.2533E+00, 1.2000E+01,
19:46:54.81409215, 1.4967E+01, 1.2533E+00, 1.1000E+01,
19:46:54.81409220, 1.4967E+01, 1.2533E+00, 1.2000E+01,
19:46:54.81409225, 1.5000E+01, 1.2667E+00, 1.1667E+01,
19:46:54.81409230, 1.4967E+01, 1.2400E+00, 1.2000E+01,
19:46:54.81409235, 1.5033E+01, 1.2800E+00, 1.2667E+01,
19:46:54.81409240, 1.5000E+01, 1.2000E+00, 1.2333E+01,
19:46:54.81409245, 1.4967E+01, 1.2400E+00, 1.2000E+01,
19:46:54.81409250, 1.4933E+01, 1.2400E+00, 1.2667E+01,
19:46:54.81409255, 1.5000E+01, 1.2400E+00, 1.2000E+01,
19:46:54.81409260, 1.4967E+01, 1.2800E+00, 1.2000E+01,
19:46:54.81409265, 1.5000E+01, 1.2533E+00, 1.2000E+01,
19:46:54.81409270, 1.5033E+01, 1.2400E+00, 1.1333E+01,
19:46:54.81409275, 1.5000E+01, 1.2667E+00, 1.1667E+01,
19:46:54.81409280, 1.5000E+01, 1.2533E+00, 1.2333E+01,
19:46:54.81409285, 1.4933E+01, 1.2400E+00, 1.2000E+01,
19:46:54.81409290, 1.5000E+01, 1.2267E+00, 1.2000E+01,
19:46:54.81409295, 1.4967E+01, 1.2267E+00, 1.2000E+01,
19:46:54.81409300, 1.5033E+01, 1.2533E+00, 1.2333E+01,
19:46:54.81409305, 1.5033E+01, 1.2533E+00, 1.1667E+01,
19:46:54.81409310, 1.4967E+01, 1.2533E+00, 1.2000E+01,
19:46:54.81409315, 1.4933E+01, 1.2800E+00, 1.2000E+01,
19:46:54.81409320, 1.4967E+01, 1.2800E+00, 1.2000E+01,
19:46:54.81409325, 1.4967E+01, 1.2533E+00, 1.2000E+01,
19:46:54.81409330, 1.4933E+01, 1.2667E+00, 1.2000E+01,
19:46:54.81409335, 1.4967E+01, 1.2400E+00, 1.2000E+01,
19:46:54.81409340, 1.4933E+01, 1.2400E+00, 1.2333E+01,
19:46:54.81409345, 1.4967E+01, 1.2667E+00, 1.2000E+01,
19:46:54.81409350, 1.4933E+01, 1.2800E+00, 1.2000E+01,
19:46:54.81409355, 1.4933E+01, 1.2667E+00, 1.1667E+01,
19:46:54.81409360, 1.4933E+01, 1.2800E+00, 1.1667E+01,
19:46:54.81409365, 1.4900E+01, 1.2800E+00, 1.2000E+01,
19:46:54.81409370, 1.5000E+01, 1.2667E+00, 1.2000E+01,
19:46:54.81409375, 1.4967E+01, 1.2533E+00, 1.2000E+01,
19:46:54.81409380, 1.4967E+01, 1.2400E+00, 1.2000E+01,
19:46:54.81409385, 1.4933E+01, 1.2533E+00, 1.2000E+01,
19:46:54.81409390, 1.4967E+01, 1.2800E+00, 1.1667E+01,
19:46:54.81409395, 1.4967E+01, 1.2667E+00, 1.2000E+01,
19:46:54.81409400, 1.4933E+01, 1.2800E+00, 1.2000E+01,
19:46:54.81409405, 1.4933E+01, 1.2533E+00, 1.1333E+01,
19:46:54.81409410, 1.4933E+01, 1.2400E+00, 1.1667E+01,
19:46:54.81409415, 1.5033E+01, 1.2533E+00, 1.2000E+01,
19:46:54.81409420, 1.4967E+01, 1.2400E+00, 1.2000E+01,
19:46:54.81409425, 1.4933E+01, 1.2667E+00, 1.1667E+01,
19:46:54.81409430, 1.4967E+01, 1.2533E+00, 1.1667E+01,
19:46:54.81409435, 1.4967E+01, 1.2400E+00, 1.2000E+01,
19:46:54.81409440, 1.4967E+01, 1.2400E+00, 1.2000E+01,
19:46:54.81409445, 1.5000E+01, 1.2533E+00, 1.2000E+01,
19:46:54.81409450, 1.5033E+01, 1.2533E+00, 1.2000E+01,
19:46:54.81409455, 1.4933E+01, 1.2667E+00, 1.1333E+01,
19:46:54.81409460, 1.4967E+01, 1.2533E+00, 1.2000E+01,
19:46:54.81409465, 1.4967E+01, 1.2267E+00, 1.2000E+01,
19:46:54.81409470, 1.4967E+01, 1.2533E+00, 1.2000E+01,
19:46:54.81409475, 1.5000E+01, 1.2667E+00, 1.1667E+01,
19:46:54.81409480, 1.4933E+01, 1.2667E+00, 1.2333E+01,
19:46:54.81409485, 1.4933E+01, 1.2533E+00, 1.2000E+01,
19:46:54.81409490, 1.4933E+01, 1.2533E+00, 1.2333E+01,
19:46:54.81409495, 1.4933E+01, 1.2533E+00, 1.2000E+01,
19:46:54.81409500, 1.4933E+01, 1.2533E+00, 1.2000E+01,
19:46:54.81409505, 1.4933E+01, 1.2533E+00, 1.2000E+01,
19:46:54.81409510, 1.4933E+01, 1.2533E+00, 1.2000E+01,
19:46:54.81409515, 1.4933E+01, 1.2400E+00, 1.2000E+01,
19:46:54.81409520, 1.4967E+01, 1.2800E+00, 1.2000E+01,
19:46:54.81409525, 1.4967E+01, 1.2533E+00, 1.2667E+01,
19:46:54.81409530, 1.4900E+01, 1.2400E+00, 1.2000E+01,
19:46:54.81409535, 1.4933E+01, 1.2400E+00, 1.2000E+01,
19:46:54.81409540, 1.4933E+01, 1.2533E+00, 1.2000E+01,
19:46:54.81409545, 1.4933E+01, 1.2533E+00, 1.2000E+01,
19:46:54.81409550, 1.4933E+01, 1.2400E+00, 1.2000E+01,
19:46:54.81409555, 1.4967E+01, 1.2400E+00, 1.2000E+01,
19:46:54.81409560, 1.5000E+01, 1.2667E+00, 1.1333E+01,
19:46:54.81409565, 1.4967E+01, 1.2800E+00, 1.1667E+01,
19:46:54.81409570, 1.4967E+01, 1.2533E+00, 1.2000E+01,
19:46:54.81409575, 1.4933E+01, 1.2400E+00, 1.2000E+01,
19:46:54.81409580, 1.4933E+01, 1.2667E+00, 1.2000E+01,
19:46:54.81409585, 1.4933E+01, 1.2400E+00, 1.2333E+01,
19:46:54.81409590, 1.4967E+01, 1.2667E+00, 1.1667E+01,
19:46:54.81409595, 1.4933E+01, 1.2667E+00, 1.2000E+01,
19:46:54.81409600, 1.5000E+01, 1.2933E+00, 1.1333E+01,
19:46:54.81409605, 1.5033E+01, 1.2667E+00, 1.2000E+01,
19:46:54.81409610, 1.5033E+01, 1.2667E+00, 1.2000E+01,
19:46:54.81409615, 1.5000E+01, 1.2800E+00, 1.1333E+01,
19:46:54.81409620, 1.4967E+01, 1.2533E+00, 1.1667E+01,
19:46:54.81409625, 1.4933E+01, 1.2533E+00, 1.2000E+01,
19:46:54.81409630, 1.5000E+01, 1.2533E+00, 1.2333E+01,
19:46:54.81409635, 1.4933E+01, 1.2800E+00, 1.2333E+01,
19:46:54.81409640, 1.4933E+01, 1.2533E+00, 1.2000E+01,
19:46:54.81409645, 1.4967E+01, 1.2400E+00, 1.2000E+01,
19:46:54.81409650, 1.4967E+01, 1.2400E+00, 1.2333E+01,
19:46:54.81409655, 1.4933E+01, 1.2533E+00, 1.2333E+01,
19:46:54.81409660, 1.5000E+01, 1.2400E+00, 1.2000E+01,
19:46:54.81409665, 1.5033E+01, 1.2400E+00, 1.2000E+01,
19:46:54.81409670, 1.4933E+01, 1.2533E+00, 1.2000E+01,
19:46:54.81409675, 1.4933E+01, 1.2533E+00, 1.2333E+01,
19:46:54.81409680, 1.4933E+01, 1.2667E+00, 1.1667E+01,
19:46:54.81409685, 1.4933E+01, 1.2667E+00, 1.1667E+01,
19:46:54.81409690, 1.4933E+01, 1.2400E+00, 1.2000E+01,
19:46:54.81409695, 1.5000E+01, 1.2667E+00, 1.2000E+01,
19:46:54.81409700, 1.4967E+01, 1.2667E+00, 1.2000E+01,
19:46:54.81409705, 1.4967E+01, 1.2667E+00, 1.2000E+01,
19:46:54.81409710, 1.5033E+01, 1.2400E+00, 1.2000E+01,
19:46:54.81409715, 1.5000E+01, 1.2533E+00, 1.1667E+01,
19:46:54.81409720, 1.4967E+01, 1.2800E+00, 1.2333E+01,
19:46:54.81409725, 1.4967E+01, 1.2400E+00, 1.1667E+01,
19:46:54.81409730, 1.4933E+01, 1.2667E+00, 1.1667E+01,
19:46:54.81409735, 1.4933E+01, 1.2667E+00, 1.2000E+01,
19:46:54.81409740, 1.4967E+01, 1.2667E+00, 1.2000E+01,
19:46:54.81409745, 1.5000E+01, 1.2400E+00, 1.2000E+01,
19:46:54.81409750, 1.4933E+01, 1.2533E+00, 1.2000E+01,
19:46:54.81409755, 1.4933E+01, 1.2400E+00, 1.1667E+01,
19:46:54.81409760, 1.4933E+01, 1.2400E+00, 1.2000E+01,
19:46:54.81409765, 1.4933E+01, 1.2533E+00, 1.2000E+01,
19:46:54.81409770, 1.4933E+01, 1.2800E+00, 1.2333E+01,
19:46:54.81409775, 1.4967E+01, 1.2400E+00, 1.2000E+01,
19:46:54.81409780, 1.4933E+01, 1.2667E+00, 1.2000E+01,
19:46:54.81409785, 1.4933E+01, 1.2400E+00, 1.2000E+01,
19:46:54.81409790, 1.5067E+01, 1.2667E+00, 1.2000E+01,
19:46:54.81409795, 1.4933E+01, 1.2533E+00, 1.1667E+01,
19:46:54.81409800, 1.4967E+01, 1.2400E+00, 1.2000E+01,
19:46:54.81409805, 1.4933E+01, 1.2267E+00, 1.1333E+01,
19:46:54.81409810, 1.4967E+01, 1.2933E+00, 1.2000E+01,
19:46:54.81409815, 1.4933E+01, 1.2667E+00, 1.1667E+01,
19:46:54.81409820, 1.4933E+01, 1.2667E+00, 1.2000E+01,
19:46:54.81409825, 1.5000E+01, 1.2667E+00, 1.1667E+01,
19:46:54.81409830, 1.4933E+01, 1.2667E+00, 1.2000E+01,
19:46:54.81409835, 1.4967E+01, 1.2667E+00, 1.1333E+01,
19:46:54.81409840, 1.4967E+01, 1.2800E+00, 1.1333E+01,
19:46:54.81409845, 1.4967E+01, 1.2667E+00, 1.2000E+01,
19:46:54.81409850, 1.4967E+01, 1.2267E+00, 1.2000E+01,
19:46:54.81409855, 1.4933E+01, 1.2400E+00, 1.2000E+01,
19:46:54.81409860, 1.4933E+01, 1.2667E+00, 1.2000E+01,
19:46:54.81409865, 1.4933E+01, 1.2667E+00, 1.2000E+01,
19:46:54.81409870, 1.4933E+01, 1.2933E+00, 1.1667E+01,
19:46:54.81409875, 1.4967E+01, 1.2667E+00, 1.2000E+01,
19:46:54.81409880, 1.4933E+01, 1.2400E+00, 1.2000E+01,
19:46:54.81409885, 1.5000E+01, 1.2400E+00, 1.1333E+01,
19:46:54.81409890, 1.4967E+01, 1.2400E+00, 1.2333E+01,
19:46:54.81409895, 1.4933E+01, 1.2667E+00, 1.2000E+01,
19:46:54.81409900, 1.5067E+01, 1.2800E+00, 1.2000E+01,
19:46:54.81409905, 1.4933E+01, 1.2267E+00, 1.1667E+01,
19:46:54.81409910, 1.5000E+01, 1.2533E+00, 1.2667E+01,
19:46:54.81409915, 1.4967E+01, 1.2533E+00, 1.2333E+01,
19:46:54.81409920, 1.4967E+01, 1.2400E+00, 1.2333E+01,
19:46:54.81409925, 1.4967E+01, 1.2400E+00, 1.2000E+01,
19:46:54.81409930, 1.4933E+01, 1.2933E+00, 1.2000E+01,
19:46:54.81409935, 1.5000E+01, 1.2267E+00, 1.2000E+01,
19:46:54.81409940, 1.4967E+01, 1.2533E+00, 1.1667E+01,
19:46:54.81409945, 1.5000E+01, 1.2667E+00, 1.2000E+01,
19:46:54.81409950, 1.4967E+01, 1.2400E+00, 1.2000E+01,
19:46:54.81409955, 1.4967E+01, 1.2933E+00, 1.2000E+01,
19:46:54.81409960, 1.5000E+01, 1.2667E+00, 1.1667E+01,
19:46:54.81409965, 1.4933E+01, 1.2400E+00, 1.1333E+01,
19:46:54.81409970, 1.4933E+01, 1.2400E+00, 1.2000E+01,
19:46:54.81409975, 1.4900E+01, 1.2000E+00, 1.2333E+01,
19:46:54.81409980, 1.4933E+01, 1.2667E+00, 1.1667E+01,
19:46:54.81409985, 1.5000E+01, 1.2800E+00, 1.2000E+01,
19:46:54.81409990, 1.5033E+01, 1.2133E+00, 1.2000E+01,
19:46:54.81409995, 1.4933E+01, 1.2933E+00, 1.2000E+01,
19:46:54.81410000, 1.5033E+01, 1.2533E+00, 1.2000E+01,
19:46:54.81410005, 1.5033E+01, 1.2667E+00, 1.2000E+01,
19:46:54.81410010, 1.4933E+01, 1.2400E+00, 1.2000E+01,
19:46:54.81410015, 1.5000E+01, 1.2267E+00, 1.2333E+01,
19:46:54.81410020, 1.5000E+01, 1.2933E+00, 1.2000E+01,
19:46:54.81410025, 1.4967E+01, 1.2933E+00, 1.1667E+01,
19:46:54.81410030, 1.5033E+01, 1.2267E+00, 1.2000E+01,
19:46:54.81410035, 1.4933E+01, 1.2533E+00, 1.2000E+01,
19:46:54.81410040, 1.4900E+01, 1.2800E+00, 1.2000E+01,
19:46:54.81410045, 1.4967E+01, 1.2133E+00, 1.2000E+01,
19:46:54.81410050, 1.5000E+01, 1.2400E+00, 1.1333E+01,
19:46:54.81410055, 1.5000E+01, 1.2667E+00, 1.1667E+01,
19:46:54.81410060, 1.4933E+01, 1.2667E+00, 1.1333E+01,
19:46:54.81410065, 1.4933E+01, 1.2533E+00, 1.2000E+01,
19:46:54.81410070, 1.4967E+01, 1.2533E+00, 1.1667E+01,
19:46:54.81410075, 1.4933E+01, 1.2267E+00, 1.1333E+01,
19:46:54.81410080, 1.5000E+01, 1.2667E+00, 1.1000E+01,
19:46:54.81410085, 1.5067E+01, 1.2533E+00, 1.2333E+01,
19:46:54.81410090, 1.5067E+01, 1.2533E+00, 1.1667E+01,
19:46:54.81410095, 1.4967E+01, 1.2800E+00, 1.2000E+01,
19:46:54.81410100, 1.4967E+01, 1.2667E+00, 1.1000E+01,
19:46:54.81410105, 1.4933E+01, 1.2533E+00, 1.2000E+01,
19:46:54.81410110, 1.4933E+01, 1.2800E+00, 1.1667E+01,
19:46:54.81410115, 1.5000E+01, 1.2400E+00, 1.2000E+01,
19:46:54.81410120, 1.4967E+01, 1.2533E+00, 1.2000E+01,
19:46:54.81410125, 1.5033E+01, 1.2800E+00, 1.1667E+01,
19:46:54.81410130, 1.5000E+01, 1.2667E+00, 1.2333E+01,
19:46:54.81410135, 1.4933E+01, 1.2667E+00, 1.2000E+01,
19:46:54.81410140, 1.5033E+01, 1.2667E+00, 1.2000E+01,
19:46:54.81410145, 1.4967E+01, 1.2400E+00, 1.2000E+01,
19:46:54.81410150, 1.5033E+01, 1.2533E+00, 1.1667E+01,
19:46:54.81410155, 1.5000E+01, 1.2400E+00, 1.1667E+01,
19:46:54.81410160, 1.4933E+01, 1.2400E+00, 1.2000E+01,
19:46:54.81410165, 1.4900E+01, 1.2800E+00, 1.2333E+01,
19:46:54.81410170, 1.4933E+01, 1.2533E+00, 1.1667E+01,
19:46:54.81410175, 1.4967E+01, 1.2667E+00, 1.1667E+01,
19:46:54.81410180, 1.4867E+01, 1.2933E+00, 1.2333E+01,
19:46:54.81410185, 1.4933E+01, 1.2667E+00, 1.1667E+01,
19:46:54.81410190, 1.5000E+01, 1.2533E+00, 1.2000E+01,
19:46:54.81410195, 1.4933E+01, 1.2533E+00, 1.1667E+01,
19:46:54.81410200, 1.5000E+01, 1.2533E+00, 1.1667E+01,
19:46:54.81410205, 1.4933E+01, 1.2533E+00, 1.2000E+01,
19:46:54.81410210, 1.4933E+01, 1.2667E+00, 1.1667E+01,
19:46:54.81410215, 1.4933E+01, 1.2667E+00, 1.2000E+01,
19:46:54.81410220, 1.4900E+01, 1.2400E+00, 1.2000E+01,
19:46:54.81410225, 1.4967E+01, 1.2667E+00, 1.2000E+01,
19:46:54.81410230, 1.4967E+01, 1.2667E+00, 1.2000E+01,
19:46:54.81410235, 1.4967E+01, 1.2533E+00, 1.2333E+01,
19:46:54.81410240, 1.5033E+01, 1.2400E+00, 1.2333E+01,
19:46:54.81410245, 1.4967E+01, 1.2533E+00, 1.1667E+01,
19:46:54.81410250, 1.4967E+01, 1.2800E+00, 1.2000E+01,
19:46:54.81410255, 1.4933E+01, 1.2533E+00, 1.2667E+01,
19:46:54.81410260, 1.4933E+01, 1.2533E+00, 1.2333E+01,
19:46:54.81410265, 1.5000E+01, 1.2533E+00, 1.2000E+01,
19:46:54.81410270, 1.5000E+01, 1.2533E+00, 1.2000E+01,
19:46:54.81410275, 1.4900E+01, 1.2533E+00, 1.2000E+01,
19:46:54.81410280, 1.5000E+01, 1.2533E+00, 1.2000E+01,
19:46:54.81410285, 1.4967E+01, 1.2533E+00, 1.2000E+01,
19:46:54.81410290, 1.4933E+01, 1.2267E+00, 1.1333E+01,
19:46:54.81410295, 1.5000E+01, 1.2267E+00, 1.2000E+01,
19:46:54.81410300, 1.5033E+01, 1.2667E+00, 1.1667E+01,
19:46:54.81410305, 1.5000E+01, 1.2400E+00, 1.2333E+01,
19:46:54.81410310, 1.5000E+01, 1.2667E+00, 1.2000E+01,
19:46:54.81410315, 1.5000E+01, 1.2800E+00, 1.2000E+01,
19:46:54.81410320, 1.4933E+01, 1.2533E+00, 1.2333E+01,
19:46:54.81410325, 1.4967E+01, 1.2800E+00, 1.2000E+01,
19:46:54.81410330, 1.5000E+01, 1.2667E+00, 1.2000E+01,
19:46:54.81410335, 1.5000E+01, 1.2267E+00, 1.2000E+01,
19:46:54.81410340, 1.5000E+01, 1.2267E+00, 1.1333E+01,
19:46:54.81410345, 1.5000E+01, 1.2267E+00, 1.1333E+01,
19:46:54.81410350, 1.4967E+01, 1.2533E+00, 1.2000E+01,
19:46:54.81410355, 1.4933E+01, 1.2533E+00, 1.1667E+01,
19:46:54.81410360, 1.4933E+01, 1.2667E+00, 1.2000E+01,
19:46:54.81410365, 1.4967E+01, 1.2667E+00, 1.2000E+01,
19:46:54.81410370, 1.4967E+01, 1.2533E+00, 1.2000E+01,
19:46:54.81410375, 1.4967E+01, 1.2933E+00, 1.2000E+01,
19:46:54.81410380, 1.4933E+01, 1.2800E+00, 1.2667E+01,
19:46:54.81410385, 1.4967E+01, 1.2667E+00, 1.2000E+01,
19:46:54.81410390, 1.4967E+01, 1.2533E+00, 1.2333E+01,
19:46:54.81410395, 1.5033E+01, 1.2400E+00, 1.2000E+01,
19:46:54.81410400, 1.5000E+01, 1.2800E+00, 1.2667E+01,
19:46:54.81410405, 1.4933E+01, 1.2800E+00, 1.2000E+01,
19:46:54.81410410, 1.4933E+01, 1.2667E+00, 1.2000E+01,
19:46:54.81410415, 1.4933E+01, 1.2400E+00, 1.2000E+01,
19:46:54.81410420, 1.5067E+01, 1.2933E+00, 1.2333E+01,
19:46:54.81410425, 1.5000E+01, 1.2533E+00, 1.1667E+01,
19:46:54.81410430, 1.5000E+01, 1.2533E+00, 1.1333E+01,
19:46:54.81410435, 1.5000E+01, 1.2533E+00, 1.2000E+01,
19:46:54.81410440, 1.5033E+01, 1.2667E+00, 1.1667E+01,
19:46:54.81410445, 1.4967E+01, 1.2667E+00, 1.2333E+01,
19:46:54.81410450, 1.4933E+01, 1.2667E+00, 1.2000E+01,
19:46:54.81410455, 1.4933E+01, 1.2533E+00, 1.2000E+01,
19:46:54.81410460, 1.4967E+01, 1.2400E+00, 1.2000E+01,
19:46:54.81410465, 1.4967E+01, 1.2667E+00, 1.2000E+01,
19:46:54.81410470, 1.4933E+01, 1.2400E+00, 1.2000E+01,
19:46:54.81410475, 1.4967E+01, 1.2533E+00, 1.2000E+01,
19:46:54.81410480, 1.4967E+01, 1.2933E+00, 1.2667E+01,
19:46:54.81410485, 1.4933E+01, 1.2667E+00, 1.2333E+01,
19:46:54.81410490, 1.4933E+01, 1.2800E+00, 1.2000E+01,
19:46:54.81410495, 1.4933E+01, 1.2400E+00, 1.2000E+01,
19:46:54.81410500, 1.5033E+01, 1.2667E+00, 1.2000E+01,
19:46:54.81410505, 1.4967E+01, 1.2267E+00, 1.2000E+01,
19:46:54.81410510, 1.5000E+01, 1.2667E+00, 1.2000E+01,
19:46:54.81410515, 1.4933E+01, 1.2533E+00, 1.2000E+01,
19:46:54.81410520, 1.4933E+01, 1.2533E+00, 1.2333E+01,
19:46:54.81410525, 1.4933E+01, 1.2400E+00, 1.2000E+01,
19:46:54.81410530, 1.4933E+01, 1.2533E+00, 1.1667E+01,
19:46:54.81410535, 1.4967E+01, 1.2533E+00, 1.2000E+01,
19:46:54.81410540, 1.5000E+01, 1.2667E+00, 1.2000E+01,
19:46:54.81410545, 1.4933E+01, 1.2533E+00, 1.2000E+01,
19:46:54.81410550, 1.4967E+01, 1.2533E+00, 1.2000E+01,
19:46:54.81410555, 1.4933E+01, 1.2400E+00, 1.2000E+01,
19:46:54.81410560, 1.4967E+01, 1.2533E+00, 1.2000E+01,
19:46:54.81410565, 1.4967E+01, 1.2800E+00, 1.2000E+01,
19:46:54.81410570, 1.4933E+01, 1.2800E+00, 1.2333E+01,
19:46:54.81410575, 1.5000E+01, 1.2533E+00, 1.2000E+01,
19:46:54.81410580, 1.5033E+01, 1.2800E+00, 1.1667E+01,
19:46:54.81410585, 1.4967E+01, 1.2267E+00, 1.2000E+01,
19:46:54.81410590, 1.4967E+01, 1.2667E+00, 1.2000E+01,
19:46:54.81410595, 1.4900E+01, 1.2533E+00, 1.2000E+01,
19:46:54.81410600, 1.4967E+01, 1.2533E+00, 1.2333E+01,
19:46:54.81410605, 1.5000E+01, 1.2533E+00, 1.1333E+01,
19:46:54.81410610, 1.5033E+01, 1.2667E+00, 1.2000E+01,
19:46:54.81410615, 1.4967E+01, 1.2800E+00, 1.2000E+01,
19:46:54.81410620, 1.4933E+01, 1.2533E+00, 1.2000E+01,
19:46:54.81410625, 1.4967E+01, 1.2533E+00, 1.1667E+01,
19:46:54.81410630, 1.5000E+01, 1.2800E+00, 1.2000E+01,
19:46:54.81410635, 1.5000E+01, 1.2533E+00, 1.1667E+01,
19:46:54.81410640, 1.4933E+01, 1.2933E+00, 1.2333E+01,
19:46:54.81410645, 1.5000E+01, 1.2533E+00, 1.2000E+01,
19:46:54.81410650, 1.5000E+01, 1.2800E+00, 1.1667E+01,
19:46:54.81410655, 1.4967E+01, 1.2533E+00, 1.2000E+01,
19:46:54.81410660, 1.4967E+01, 1.2400E+00, 1.2667E+01,
19:46:54.81410665, 1.4967E+01, 1.2533E+00, 1.2333E+01,
19:46:54.81410670, 1.5033E+01, 1.2533E+00, 1.2000E+01,
19:46:54.81410675, 1.4933E+01, 1.2267E+00, 1.2000E+01,
19:46:54.81410680, 1.5000E+01, 1.2667E+00, 1.2000E+01,
19:46:54.81410685, 1.4933E+01, 1.2800E+00, 1.1667E+01,
19:46:54.81410690, 1.4933E+01, 1.2267E+00, 1.2000E+01,
19:46:54.81410695, 1.4900E+01, 1.2267E+00, 1.1667E+01,
19:46:54.81410700, 1.4967E+01, 1.2400E+00, 1.2667E+01,
19:46:54.81410705, 1.4900E+01, 1.2533E+00, 1.2000E+01,
19:46:54.81410710, 1.5000E+01, 1.2400E+00, 1.2000E+01,
19:46:54.81410715, 1.5033E+01, 1.2267E+00, 1.2000E+01,
19:46:54.81410720, 1.5033E+01, 1.2933E+00, 1.1667E+01,
19:46:54.81410725, 1.4933E+01, 1.2267E+00, 1.2333E+01,
19:46:54.81410730, 1.4933E+01, 1.2533E+00, 1.2000E+01,
19:46:54.81410735, 1.4933E+01, 1.2533E+00, 1.2000E+01,
19:46:54.81410740, 1.4967E+01, 1.2667E+00, 1.2000E+01,
19:46:54.81410745, 1.4967E+01, 1.2533E+00, 1.2000E+01,
19:46:54.81410750, 1.4933E+01, 1.2133E+00, 1.2333E+01,
19:46:54.81410755, 1.4900E+01, 1.2400E+00, 1.2333E+01,
19:46:54.81410760, 1.4967E+01, 1.2667E+00, 1.2000E+01,
19:46:54.81410765, 1.5000E+01, 1.2533E+00, 1.2000E+01,
19:46:54.81410770, 1.4933E+01, 1.2667E+00, 1.2000E+01,
19:46:54.81410775, 1.4933E+01, 1.2800E+00, 1.2000E+01,
19:46:54.81410780, 1.4933E+01, 1.2400E+00, 1.2667E+01,
19:46:54.81410785, 1.5000E+01, 1.2400E+00, 1.2000E+01,
19:46:54.81410790, 1.4933E+01, 1.2667E+00, 1.1667E+01,
19:46:54.81410795, 1.4967E+01, 1.2800E+00, 1.1667E+01,
19:46:54.81410800, 1.4933E+01, 1.2533E+00, 1.2000E+01,
19:46:54.81410805, 1.5033E+01, 1.2400E+00, 1.2000E+01,
19:46:54.81410810, 1.5000E+01, 1.2667E+00, 1.2000E+01,
19:46:54.81410815, 1.5000E+01, 1.2533E+00, 1.2000E+01,
19:46:54.81410820, 1.5000E+01, 1.2667E+00, 1.2000E+01,
19:46:54.81410825, 1.5000E+01, 1.2800E+00, 1.2000E+01,
19:46:54.81410830, 1.4967E+01, 1.2667E+00, 1.1667E+01,
19:46:54.81410835, 1.4933E+01, 1.2800E+00, 1.2000E+01,
19:46:54.81410840, 1.4967E+01, 1.2400E+00, 1.2000E+01,
19:46:54.81410845, 1.4933E+01, 1.2400E+00, 1.1667E+01,
19:46:54.81410850, 1.4933E+01, 1.2267E+00, 1.2000E+01,
19:46:54.81410855, 1.4933E+01, 1.2533E+00, 1.2000E+01,
19:46:54.81410860, 1.5033E+01, 1.2267E+00, 1.2000E+01,
19:46:54.81410865, 1.4967E+01, 1.2667E+00, 1.2000E+01,
19:46:54.81410870, 1.4967E+01, 1.2667E+00, 1.2000E+01,
19:46:54.81410875, 1.4933E+01, 1.2400E+00, 1.2000E+01,
19:46:54.81410880, 1.4967E+01, 1.2667E+00, 1.2000E+01,
19:46:54.81410885, 1.4900E+01, 1.2533E+00, 1.1667E+01,
19:46:54.81410890, 1.4933E+01, 1.2400E+00, 1.2000E+01,
19:46:54.81410895, 1.4933E+01, 1.2400E+00, 1.1667E+01,
19:46:54.81410900, 1.5000E+01, 1.2667E+00, 1.1667E+01,
19:46:54.81410905, 1.4967E+01, 1.2133E+00, 1.2000E+01,
19:46:54.81410910, 1.4967E+01, 1.2133E+00, 1.1667E+01,
19:46:54.81410915, 1.5033E+01, 1.2667E+00, 1.2000E+01,
19:46:54.81410920, 1.4967E+01, 1.2933E+00, 1.1667E+01,
19:46:54.81410925, 1.4933E+01, 1.2667E+00, 1.2333E+01,
19:46:54.81410930, 1.5000E+01, 1.2267E+00, 1.0667E+01,
19:46:54.81410935, 1.5000E+01, 1.2400E+00, 1.2000E+01,
19:46:54.81410940, 1.5000E+01, 1.2667E+00, 1.2000E+01,
19:46:54.81410945, 1.4933E+01, 1.2667E+00, 1.2000E+01,
19:46:54.81410950, 1.4900E+01, 1.2533E+00, 1.2000E+01,
19:46:54.81410955, 1.4967E+01, 1.2667E+00, 1.1000E+01,
19:46:54.81410960, 1.5000E+01, 1.2667E+00, 1.1667E+01,
19:46:54.81410965, 1.4967E+01, 1.2533E+00, 1.2333E+01,
19:46:54.81410970, 1.4933E+01, 1.2533E+00, 1.2000E+01,
19:46:54.81410975, 1.4967E+01, 1.2400E+00, 1.1667E+01,
19:46:54.81410980, 1.4933E+01, 1.2533E+00, 1.1667E+01,
19:46:54.81410985, 1.4933E+01, 1.2400E+00, 1.2000E+01,
19:46:54.81410990, 1.4967E+01, 1.2400E+00, 1.2000E+01,
19:46:54.81410995, 1.5000E+01, 1.2667E+00, 1.1333E+01,
19:46:54.81411000, 1.4933E+01, 1.2400E+00, 1.2000E+01,
19:46:54.81411005, 1.4933E+01, 1.2533E+00, 1.2000E+01,
19:46:54.81411010, 1.5000E+01, 1.2533E+00, 1.1333E+01,
19:46:54.81411015, 1.5000E+01, 1.2533E+00, 1.1667E+01,
19:46:54.81411020, 1.4933E+01, 1.2667E+00, 1.1667E+01,
19:46:54.81411025, 1.4933E+01, 1.2400E+00, 1.2000E+01,
19:46:54.81411030, 1.4933E+01, 1.2533E+00, 1.2000E+01,
19:46:54.81411035, 1.5000E+01, 1.2800E+00, 1.2000E+01,
19:46:54.81411040, 1.4933E+01, 1.2400E+00, 1.1667E+01,
19:46:54.81411045, 1.5000E+01, 1.2667E+00, 1.1667E+01,
19:46:54.81411050, 1.4967E+01, 1.2533E+00, 1.2000E+01,
19:46:54.81411055, 1.5000E+01, 1.2667E+00, 1.2333E+01,
19:46:54.81411060, 1.4967E+01, 1.2400E+00, 1.1333E+01,
19:46:54.81411065, 1.4933E+01, 1.2667E+00, 1.1667E+01,
19:46:54.81411070, 1.4967E+01, 1.2667E+00, 1.2000E+01,
19:46:54.81411075, 1.4967E+01, 1.2400E+00, 1.2000E+01,
19:46:54.81411080, 1.5000E+01, 1.2533E+00, 1.1000E+01,
19:46:54.81411085, 1.5033E+01, 1.2800E+00, 1.2000E+01,
19:46:54.81411090, 1.4967E+01, 1.2533E+00, 1.2000E+01,
19:46:54.81411095, 1.5000E+01, 1.2533E+00, 1.2000E+01,
19:46:54.81411100, 1.5067E+01, 1.2667E+00, 1.1333E+01,
19:46:54.81411105, 1.4933E+01, 1.2533E+00, 1.2000E+01,
19:46:54.81411110, 1.4967E+01, 1.2667E+00, 1.2000E+01,
19:46:54.81411115, 1.5000E+01, 1.2400E+00, 1.2000E+01,
19:46:54.81411120, 1.4933E+01, 1.2400E+00, 1.2000E+01,
19:46:54.81411125, 1.4933E+01, 1.2533E+00, 1.2333E+01,
19:46:54.81411130, 1.4967E+01, 1.2400E+00, 1.1333E+01,
19:46:54.81411135, 1.4967E+01, 1.2267E+00, 1.2000E+01,
19:46:54.81411140, 1.4967E+01, 1.2133E+00, 1.2000E+01,
19:46:54.81411145, 1.4933E+01, 1.2800E+00, 1.2333E+01,
19:46:54.81411150, 1.5000E+01, 1.2667E+00, 1.2000E+01,
19:46:54.81411155, 1.4967E+01, 1.2400E+00, 1.2000E+01,
19:46:54.81411160, 1.4933E+01, 1.2800E+00, 1.1667E+01,
19:46:54.81411165, 1.4933E+01, 1.2667E+00, 1.1667E+01,
19:46:54.81411170, 1.4933E+01, 1.2533E+00, 1.2667E+01,
19:46:54.81411175, 1.4967E+01, 1.2533E+00, 1.1667E+01,
19:46:54.81411180, 1.4967E+01, 1.2800E+00, 1.2000E+01,
19:46:54.81411185, 1.4933E+01, 1.2267E+00, 1.2000E+01,
19:46:54.81411190, 1.5033E+01, 1.2400E+00, 1.2000E+01,
19:46:54.81411195, 1.5000E+01, 1.2800E+00, 1.2000E+01,
19:46:54.81411200, 1.5000E+01, 1.2667E+00, 1.2000E+01,
19:46:54.81411205, 1.5000E+01, 1.2667E+00, 1.2000E+01,
19:46:54.81411210, 1.4967E+01, 1.2533E+00, 1.2000E+01,
19:46:54.81411215, 1.4933E+01, 1.2800E+00, 1.2000E+01,
19:46:54.81411220, 1.4933E+01, 1.2267E+00, 1.2333E+01,
19:46:54.81411225, 1.4933E+01, 1.2400E+00, 1.2333E+01,
19:46:54.81411230, 1.4933E+01, 1.2800E+00, 1.2000E+01,
19:46:54.81411235, 1.5000E+01, 1.2667E+00, 1.1667E+01,
19:46:54.81411240, 1.4967E+01, 1.2267E+00, 1.2000E+01,
19:46:54.81411245, 1.5000E+01, 1.2533E+00, 1.2000E+01,
19:46:54.81411250, 1.4933E+01, 1.2800E+00, 1.2000E+01,
19:46:54.81411255, 1.5000E+01, 1.2667E+00, 1.2000E+01,
19:46:54.81411260, 1.5000E+01, 1.2667E+00, 1.2000E+01,
19:46:54.81411265, 1.4967E+01, 1.2800E+00, 1.2000E+01,
19:46:54.81411270, 1.4933E+01, 1.2533E+00, 1.2000E+01,
19:46:54.81411275, 1.4967E+01, 1.2667E+00, 1.1667E+01,
19:46:54.81411280, 1.4900E+01, 1.2400E+00, 1.1667E+01,
19:46:54.81411285, 1.5000E+01, 1.2533E+00, 1.2000E+01,
19:46:54.81411290, 1.4967E+01, 1.2267E+00, 1.1667E+01,
19:46:54.81411295, 1.4967E+01, 1.2267E+00, 1.2333E+01,
19:46:54.81411300, 1.4967E+01, 1.2667E+00, 1.2000E+01,
19:46:54.81411305, 1.4933E+01, 1.2667E+00, 1.2333E+01,
19:46:54.81411310, 1.4933E+01, 1.2400E+00, 1.2333E+01,
19:46:54.81411315, 1.4933E+01, 1.2267E+00, 1.1000E+01,
19:46:54.81411320, 1.5033E+01, 1.2400E+00, 1.2000E+01,
19:46:54.81411325, 1.5000E+01, 1.2400E+00, 1.1000E+01,
19:46:54.81411330, 1.4967E+01, 1.2267E+00, 1.2000E+01,
19:46:54.81411335, 1.4933E+01, 1.2400E+00, 1.2333E+01,
19:46:54.81411340, 1.4933E+01, 1.2533E+00, 1.2333E+01,
19:46:54.81411345, 1.5000E+01, 1.2133E+00, 1.2000E+01,
19:46:54.81411350, 1.4933E+01, 1.2400E+00, 1.2000E+01,
19:46:54.81411355, 1.4967E+01, 1.2400E+00, 1.2000E+01,
19:46:54.81411360, 1.5033E+01, 1.2667E+00, 1.2000E+01,
19:46:54.81411365, 1.4967E+01, 1.2667E+00, 1.2333E+01,
19:46:54.81411370, 1.4933E+01, 1.2533E+00, 1.1667E+01,
19:46:54.81411375, 1.5000E+01, 1.2400E+00, 1.2000E+01,
19:46:54.81411380, 1.4933E+01, 1.2400E+00, 1.2333E+01,
19:46:54.81411385, 1.5000E+01, 1.2933E+00, 1.2000E+01,
19:46:54.81411390, 1.4967E+01, 1.2667E+00, 1.1667E+01,
19:46:54.81411395, 1.4967E+01, 1.2400E+00, 1.2000E+01,
19:46:54.81411400, 1.4933E+01, 1.2533E+00, 1.1667E+01,
19:46:54.81411405, 1.4933E+01, 1.2533E+00, 1.1667E+01,
19:46:54.81411410, 1.4933E+01, 1.2533E+00, 1.1667E+01,
19:46:54.81411415, 1.4933E+01, 1.2533E+00, 1.2333E+01,
19:46:54.81411420, 1.5000E+01, 1.2533E+00, 1.2000E+01,
19:46:54.81411425, 1.5067E+01, 1.2533E+00, 1.1333E+01,
19:46:54.81411430, 1.4933E+01, 1.2667E+00, 1.1667E+01,
19:46:54.81411435, 1.4933E+01, 1.2533E+00, 1.1667E+01,
19:46:54.81411440, 1.5000E+01, 1.2800E+00, 1.2000E+01,
19:46:54.81411445, 1.4933E+01, 1.2267E+00, 1.1333E+01,
19:46:54.81411450, 1.4933E+01, 1.2667E+00, 1.2000E+01,
19:46:54.81411455, 1.4933E+01, 1.2667E+00, 1.1333E+01,
19:46:54.81411460, 1.4933E+01, 1.2667E+00, 1.2000E+01,
19:46:54.81411465, 1.4933E+01, 1.2667E+00, 1.2000E+01,
19:46:54.81411470, 1.4933E+01, 1.2400E+00, 1.2000E+01,
19:46:54.81411475, 1.4967E+01, 1.2533E+00, 1.2333E+01,
19:46:54.81411480, 1.4967E+01, 1.2400E+00, 1.2000E+01,
19:46:54.81411485, 1.4933E+01, 1.2667E+00, 1.2000E+01,
19:46:54.81411490, 1.5033E+01, 1.2400E+00, 1.2000E+01,
19:46:54.81411495, 1.5000E+01, 1.2667E+00, 1.2000E+01,
19:46:54.81411500, 1.4933E+01, 1.2267E+00, 1.2000E+01,
19:46:54.81411505, 1.4967E+01, 1.2533E+00, 1.1000E+01,
19:46:54.81411510, 1.5000E+01, 1.2267E+00, 1.2000E+01,
19:46:54.81411515, 1.4933E+01, 1.2133E+00, 1.2333E+01,
19:46:54.81411520, 1.4967E+01, 1.2267E+00, 1.1333E+01,
19:46:54.81411525, 1.4967E+01, 1.2400E+00, 1.1667E+01,
19:46:54.81411530, 1.4933E+01, 1.2800E+00, 1.2000E+01,
19:46:54.81411535, 1.4900E+01, 1.2533E+00, 1.2000E+01,
19:46:54.81411540, 1.5000E+01, 1.2400E+00, 1.2333E+01,
19:46:54.81411545, 1.5000E+01, 1.2400E+00, 1.1667E+01,
19:46:54.81411550, 1.4933E+01, 1.2533E+00, 1.2333E+01,
19:46:54.81411555, 1.4933E+01, 1.2533E+00, 1.1333E+01,
19:46:54.81411560, 1.4933E+01, 1.2533E+00, 1.1667E+01,
19:46:54.81411565, 1.4933E+01, 1.2667E+00, 1.2000E+01,
19:46:54.81411570, 1.5000E+01, 1.2800E+00, 1.2000E+01,
19:46:54.81411575, 1.5000E+01, 1.2400E+00, 1.1333E+01,
19:46:54.81411580, 1.3833E+01, 1.2533E+00, 1.2000E+01,
19:46:54.81411585, 9.0333E+00, 1.4533E+00, 1.2000E+01,
19:46:54.81411590, 5.7667E+00, 3.6533E+00, 1.2000E+01,
19:46:54.81411595, 2.0333E+00, 1.4667E+00, 1.2000E+01,
19:46:54.81411600, 8.6667E-01, 1.4667E+00, 1.1667E+01,
19:46:54.81411605, 5.6667E-01, 1.4267E+00, 1.2000E+01,
19:46:54.81411610, 5.3333E-01, 1.4400E+00, 1.1667E+01,
19:46:54.81411615, 4.6667E-01, 1.4267E+00, 1.1333E+01,
19:46:54.81411620, 4.3333E-01, 1.4133E+00, 1.1667E+01,
19:46:54.81411625, 4.3333E-01, 1.4133E+00, 1.2000E+01,
19:46:54.81411630, 4.6667E-01, 1.4533E+00, 1.1667E+01,
19:46:54.81411635, 5.3333E-01, 1.4533E+00, 1.2000E+01,
19:46:54.81411640, 5.0000E-01, 1.4533E+00, 1.1000E+01,
19:46:54.81411645, 4.3333E-01, 1.4267E+00, 1.1333E+01,
19:46:54.81411650, 4.6667E-01, 1.4667E+00, 1.1667E+01,
19:46:54.81411655, 3.6667E-01, 1.4533E+00, 1.1667E+01,
19:46:54.81411660, 5.0000E-01, 1.4533E+00, 1.1667E+01,
19:46:54.81411665, 4.3333E-01, 1.4667E+00, 1.1000E+01,
19:46:54.81411670, 4.3333E-01, 1.4933E+00, 1.1667E+01,
19:46:54.81411675, 5.0000E-01, 1.4800E+00, 1.1667E+01,
19:46:54.81411680, 5.3333E-01, 1.4800E+00, 1.2000E+01,
19:46:54.81411685, 4.6667E-01, 1.4667E+00, 1.2000E+01,
19:46:54.81411690, 4.0000E-01, 1.4533E+00, 1.1000E+01,
19:46:54.81411695, 5.0000E-01, 1.4933E+00, 1.1333E+01,
19:46:54.81411700, 5.0000E-01, 1.5067E+00, 1.1333E+01,
19:46:54.81411705, 4.6667E-01, 1.4933E+00, 1.1333E+01,
19:46:54.81411710, 4.3333E-01, 1.5333E+00, 1.0333E+01,
19:46:54.81411715, 4.0000E-01, 1.4533E+00, 1.1000E+01,
19:46:54.81411720, 5.3333E-01, 1.5200E+00, 1.1333E+01,
19:46:54.81411725, 4.3333E-01, 1.5333E+00, 1.1333E+01,
19:46:54.81411730, 4.0000E-01, 1.5200E+00, 1.0333E+01,
19:46:54.81411735, 5.0000E-01, 1.5333E+00, 1.1333E+01,
19:46:54.81411740, 3.3333E-01, 1.5600E+00, 1.0333E+01,
19:46:54.81411745, 4.3333E-01, 1.5200E+00, 1.1667E+01,
19:46:54.81411750, 4.0000E-01, 1.5333E+00, 9.6667E+00,
19:46:54.81411755, 4.0000E-01, 1.5733E+00, 1.1000E+01,
19:46:54.81411760, 4.0000E-01, 1.5467E+00, 1.0667E+01,
19:46:54.81411765, 4.3333E-01, 1.5733E+00, 1.0667E+01,
19:46:54.81411770, 4.3333E-01, 1.5333E+00, 1.0000E+01,
19:46:54.81411775, 4.0000E-01, 1.5467E+00, 1.0333E+01,
19:46:54.81411780, 3.3333E-01, 1.5333E+00, 1.0667E+01,
19:46:54.81411785, 3.6667E-01, 1.5733E+00, 1.0333E+01,
19:46:54.81411790, 3.3333E-01, 1.5733E+00, 9.6667E+00,
19:46:54.81411795, 4.0000E-01, 1.5867E+00, 9.6667E+00,
19:46:54.81411800, 3.6667E-01, 1.5733E+00, 1.0333E+01,
19:46:54.81411805, 4.0000E-01, 1.5867E+00, 9.6667E+00,
19:46:54.81411810, 3.6667E-01, 1.5733E+00, 1.0000E+01,
19:46:54.81411815, 3.0000E-01, 1.6000E+00, 1.0667E+01,
19:46:54.81411820, 2.3333E-01, 1.5867E+00, 9.6667E+00,
19:46:54.81411825, 3.3333E-01, 1.6133E+00, 1.0000E+01,
19:46:54.81411830, 2.6667E-01, 1.6267E+00, 9.6667E+00,
19:46:54.81411835, 2.6667E-01, 1.6133E+00, 9.6667E+00,
19:46:54.81411840, 2.6667E-01, 1.6133E+00, 9.0000E+00,
19:46:54.81411845, 2.3333E-01, 1.6400E+00, 9.0000E+00,
19:46:54.81411850, 2.0000E-01, 1.6267E+00, 9.3333E+00,
19:46:54.81411855, 2.0000E-01, 1.6400E+00, 9.3333E+00,
19:46:54.81411860, 2.0000E-01, 1.6533E+00, 9.0000E+00,
19:46:54.81411865, 3.0000E-01, 1.6667E+00, 9.0000E+00,
19:46:54.81411870, 2.6667E-01, 1.6667E+00, 8.6667E+00,
19:46:54.81411875, 2.3333E-01, 1.6533E+00, 8.6667E+00,
19:46:54.81411880, 2.0000E-01, 1.6400E+00, 8.6667E+00,
19:46:54.81411885, 2.3333E-01, 1.6533E+00, 8.3333E+00,
19:46:54.81411890, 2.0000E-01, 1.6667E+00, 9.0000E+00,
19:46:54.81411895, 2.0000E-01, 1.6800E+00, 8.6667E+00,
19:46:54.81411900, 2.3333E-01, 1.6800E+00, 8.6667E+00,
19:46:54.81411905, 2.0000E-01, 1.6533E+00, 8.6667E+00,
19:46:54.81411910, 2.6667E-01, 1.6533E+00, 8.6667E+00,
19:46:54.81411915, 2.0000E-01, 1.6667E+00, 8.3333E+00,
19:46:54.81411920, 2.3333E-01, 1.7067E+00, 8.3333E+00,
19:46:54.81411925, 2.0000E-01, 1.6800E+00, 8.0000E+00,
19:46:54.81411930, 2.6667E-01, 1.6667E+00, 8.3333E+00,
19:46:54.81411935, 2.0000E-01, 1.6933E+00, 8.6667E+00,
19:46:54.81411940, 2.0000E-01, 1.7067E+00, 8.0000E+00,
19:46:54.81411945, 2.0000E-01, 1.7067E+00, 8.3333E+00,
19:46:54.81411950, 2.0000E-01, 1.6933E+00, 7.3333E+00,
19:46:54.81411955, 2.0000E-01, 1.7200E+00, 8.0000E+00,
19:46:54.81411960, 2.0000E-01, 1.7067E+00, 8.0000E+00,
19:46:54.81411965, 1.6667E-01, 1.7067E+00, 8.0000E+00,
19:46:54.81411970, 2.0000E-01, 1.7067E+00, 8.0000E+00,
19:46:54.81411975, 2.0000E-01, 1.7067E+00, 8.3333E+00,
19:46:54.81411980, 1.3333E-01, 1.7200E+00, 7.0000E+00,
19:46:54.81411985, 2.0000E-01, 1.7200E+00, 7.0000E+00,
19:46:54.81411990, 1.3333E-01, 1.7067E+00, 7.3333E+00,
19:46:54.81411995, 1.3333E-01, 1.7067E+00, 7.3333E+00,
19:46:54.81412000, 1.3333E-01, 1.7200E+00, 7.3333E+00,
19:46:54.81412005, 1.3333E-01, 1.7067E+00, 7.3333E+00,
19:46:54.81412010, 1.6667E-01, 1.7333E+00, 6.6667E+00,
19:46:54.81412015, 1.3333E-01, 1.7200E+00, 6.6667E+00,
19:46:54.81412020, 2.0000E-01, 1.7200E+00, 7.0000E+00,
19:46:54.81412025, 1.3333E-01, 1.7333E+00, 6.6667E+00,
19:46:54.81412030, 1.6667E-01, 1.7333E+00, 7.0000E+00,
19:46:54.81412035, 1.3333E-01, 1.7200E+00, 7.0000E+00,
19:46:54.81412040, 2.0000E-01, 1.7467E+00, 5.6667E+00,
19:46:54.81412045, 2.0000E-01, 1.7467E+00, 7.0000E+00,
19:46:54.81412050, 1.0000E-01, 1.7600E+00, 6.6667E+00,
19:46:54.81412055, 1.3333E-01, 1.7600E+00, 6.6667E+00,
19:46:54.81412060, 2.0000E-01, 1.7467E+00, 6.6667E+00,
19:46:54.81412065, 1.3333E-01, 1.7333E+00, 7.0000E+00,
19:46:54.81412070, 1.0000E-01, 1.8000E+00, 6.3333E+00,
19:46:54.81412075, 6.6667E-02, 1.7600E+00, 6.0000E+00,
19:46:54.81412080, 1.3333E-01, 1.7867E+00, 5.6667E+00,
19:46:54.81412085, 3.3333E-02, 1.7733E+00, 6.3333E+00,
19:46:54.81412090, 1.3333E-01, 1.7333E+00, 5.6667E+00,
19:46:54.81412095, 1.3333E-01, 1.7867E+00, 5.6667E+00,
19:46:54.81412100, 2.0000E-01, 1.7867E+00, 5.6667E+00,
19:46:54.81412105, 1.3333E-01, 1.7600E+00, 5.3333E+00,
19:46:54.81412110, 6.6667E-02, 1.7867E+00, 6.0000E+00,
19:46:54.81412115, 6.6667E-02, 1.8000E+00, 5.3333E+00,
19:46:54.81412120, 0.0000E+00, 1.7600E+00, 5.3333E+00,
19:46:54.81412125, 3.3333E-02, 1.7733E+00, 5.6667E+00,
19:46:54.81412130, 6.6667E-02, 1.7733E+00, 5.3333E+00,
19:46:54.81412135, 1.0000E-01, 1.7600E+00, 5.3333E+00,
19:46:54.81412140, 6.6667E-02, 1.7733E+00, 5.3333E+00,
19:46:54.81412145, 6.6667E-02, 1.7733E+00, 5.3333E+00,
19:46:54.81412150, 1.0000E-01, 1.7867E+00, 4.3333E+00,
19:46:54.81412155, 1.0000E-01, 1.8000E+00, 4.3333E+00,
19:46:54.81412160, 6.6667E-02, 1.7600E+00, 4.3333E+00,
19:46:54.81412165, 1.0000E-01, 1.7867E+00, 3.3333E+00,
19:46:54.81412170, 6.6667E-02, 1.8000E+00, 4.6667E+00,
19:46:54.81412175, 1.3333E-01, 1.8133E+00, 4.0000E+00,
19:46:54.81412180, 0.0000E+00, 1.8000E+00, 4.3333E+00,
19:46:54.81412185,-3.3333E-02, 1.7733E+00, 4.0000E+00,
19:46:54.81412190, 0.0000E+00, 1.7733E+00, 3.6667E+00,
19:46:54.81412195, 0.0000E+00, 1.8000E+00, 5.0000E+00,
19:46:54.81412200, 3.3333E-02, 1.7733E+00, 4.3333E+00,
19:46:54.81412205, 3.3333E-02, 1.7867E+00, 4.0000E+00,
19:46:54.81412210, 3.3333E-02, 1.7733E+00, 4.0000E+00,
19:46:54.81412215, 0.0000E+00, 1.7733E+00, 4.0000E+00,
19:46:54.81412220, 3.3333E-02, 1.7867E+00, 3.3333E+00,
19:46:54.81412225, 3.3333E-02, 1.7867E+00, 3.3333E+00,
19:46:54.81412230,-3.3333E-02, 1.8000E+00, 3.3333E+00,
19:46:54.81412235, 0.0000E+00, 1.8133E+00, 3.0000E+00,
19:46:54.81412240,-3.3333E-02, 1.8000E+00, 3.0000E+00,
19:46:54.81412245, 0.0000E+00, 1.7867E+00, 3.3333E+00,
19:46:54.81412250, 3.3333E-02, 1.7867E+00, 2.6667E+00,
19:46:54.81412255, 0.0000E+00, 1.7867E+00, 3.0000E+00,
19:46:54.81412260, 0.0000E+00, 1.8000E+00, 3.0000E+00,
19:46:54.81412265,-3.3333E-02, 1.8267E+00, 3.0000E+00,
19:46:54.81412270,-1.0000E-01, 1.8000E+00, 2.3333E+00,
19:46:54.81412275, 3.3333E-02, 1.8133E+00, 2.6667E+00,
19:46:54.81412280, 0.0000E+00, 1.7733E+00, 2.3333E+00,
19:46:54.81412285, 0.0000E+00, 1.7867E+00, 3.0000E+00,
19:46:54.81412290,-3.3333E-02, 1.7867E+00, 1.6667E+00,
19:46:54.81412295, 0.0000E+00, 1.8133E+00, 2.6667E+00,
19:46:54.81412300,-3.3333E-02, 1.8400E+00, 2.0000E+00,
19:46:54.81412305, 0.0000E+00, 1.7733E+00, 1.6667E+00,
19:46:54.81412310,-6.6667E-02, 1.7867E+00, 2.0000E+00,
19:46:54.81412315,-3.3333E-02, 1.7867E+00, 1.6667E+00,
19:46:54.81412320,-3.3333E-02, 1.7467E+00, 1.6667E+00,
19:46:54.81412325, 3.3333E-02, 1.7600E+00, 1.6667E+00,
19:46:54.81412330, 3.3333E-02, 1.7467E+00, 2.0000E+00,
19:46:54.81412335,-6.6667E-02, 1.8000E+00, 1.3333E+00,
19:46:54.81412340,-3.3333E-02, 1.7867E+00, 1.6667E+00,
19:46:54.81412345, 0.0000E+00, 1.7600E+00, 1.3333E+00,
19:46:54.81412350,-3.3333E-02, 1.7467E+00, 1.6667E+00,
19:46:54.81412355, 3.3333E-02, 1.7867E+00, 1.6667E+00,
19:46:54.81412360,-1.3333E-01, 1.7867E+00, 1.3333E+00,
19:46:54.81412365,-6.6667E-02, 1.7733E+00, 1.0000E+00,
19:46:54.81412370,-1.0000E-01, 1.7867E+00, 1.0000E+00,
19:46:54.81412375,-1.0000E-01, 1.7867E+00, 6.6667E-01,
19:46:54.81412380,-1.0000E-01, 1.7600E+00, 0.0000E+00,
19:46:54.81412385,-1.0000E-01, 1.7867E+00, 1.0000E+00,
19:46:54.81412390,-1.0000E-01, 1.7467E+00, 1.0000E+00,
19:46:54.81412395,-1.3333E-01, 1.7467E+00, 1.0000E+00,
19:46:54.81412400,-6.6667E-02, 1.7600E+00, 1.0000E+00,
19:46:54.81412405,-3.3333E-02, 1.7733E+00, 6.6667E-01,
19:46:54.81412410,-1.3333E-01, 1.7600E+00, 3.3333E-01,
19:46:54.81412415,-1.3333E-01, 1.7467E+00, 0.0000E+00,
19:46:54.81412420,-6.6667E-02, 1.7733E+00,-3.3333E-01,
19:46:54.81412425,-1.0000E-01, 1.7467E+00,-3.3333E-01,
19:46:54.81412430,-1.3333E-01, 1.7333E+00,-3.3333E-01,
19:46:54.81412435,-1.3333E-01, 1.7467E+00,-3.3333E-01,
19:46:54.81412440,-6.6667E-02, 1.7600E+00, 3.3333E-01,
19:46:54.81412445,-1.6667E-01, 1.7067E+00,-6.6667E-01,
19:46:54.81412450,-3.3333E-02, 1.7333E+00,-6.6667E-01,
19:46:54.81412455,-1.0000E-01, 1.7600E+00,-6.6667E-01,
19:46:54.81412460,-1.3333E-01, 1.7333E+00, 0.0000E+00,
19:46:54.81412465,-1.0000E-01, 1.7467E+00,-6.6667E-01,
19:46:54.81412470,-1.0000E-01, 1.7333E+00,-3.3333E-01,
19:46:54.81412475,-1.0000E-01, 1.7467E+00,-6.6667E-01,
19:46:54.81412480,-1.3333E-01, 1.7733E+00,-1.0000E+00,
19:46:54.81412485,-1.6667E-01, 1.7733E+00,-1.0000E+00,
19:46:54.81412490,-6.6667E-02, 1.7467E+00,-1.3333E+00,
19:46:54.81412495,-1.0000E-01, 1.7333E+00,-1.6667E+00,
19:46:54.81412500,-2.0000E-01, 1.7333E+00,-1.6667E+00,
19:46:54.81412505,-1.6667E-01, 1.7333E+00,-1.6667E+00,
19:46:54.81412510,-2.0000E-01, 1.7333E+00,-1.6667E+00,
19:46:54.81412515,-2.0000E-01, 1.7333E+00,-1.6667E+00,
19:46:54.81412520,-1.6667E-01, 1.7200E+00,-1.6667E+00,
19:46:54.81412525,-1.3333E-01, 1.7200E+00,-1.3333E+00,
19:46:54.81412530,-1.3333E-01, 1.7067E+00,-2.3333E+00,
19:46:54.81412535,-1.6667E-01, 1.7067E+00,-1.3333E+00,
19:46:54.81412540,-1.6667E-01, 1.7067E+00,-1.6667E+00,
19:46:54.81412545,-1.0000E-01, 1.6800E+00,-2.0000E+00,
19:46:54.81412550,-1.3333E-01, 1.6933E+00,-2.3333E+00,
19:46:54.81412555,-2.0000E-01, 1.6933E+00,-2.0000E+00,
19:46:54.81412560,-2.0000E-01, 1.7067E+00,-1.6667E+00,
19:46:54.81412565,-2.0000E-01, 1.6800E+00,-2.3333E+00,
19:46:54.81412570,-1.6667E-01, 1.7067E+00,-2.0000E+00,
19:46:54.81412575,-1.3333E-01, 1.6800E+00,-2.3333E+00,
19:46:54.81412580,-1.6667E-01, 1.6933E+00,-2.3333E+00,
19:46:54.81412585,-1.3333E-01, 1.7067E+00,-2.6667E+00,
19:46:54.81412590,-1.6667E-01, 1.6800E+00,-2.3333E+00,
19:46:54.81412595,-1.0000E-01, 1.6800E+00,-3.0000E+00,
19:46:54.81412600,-2.3333E-01, 1.6667E+00,-3.0000E+00,
19:46:54.81412605,-1.3333E-01, 1.6533E+00,-2.6667E+00,
19:46:54.81412610,-1.3333E-01, 1.6800E+00,-2.6667E+00,
19:46:54.81412615,-2.0000E-01, 1.6667E+00,-2.6667E+00,
19:46:54.81412620,-2.3333E-01, 1.6933E+00,-3.3333E+00,
19:46:54.81412625,-1.3333E-01, 1.6533E+00,-2.6667E+00,
19:46:54.81412630,-1.6667E-01, 1.6667E+00,-3.0000E+00,
19:46:54.81412635,-1.3333E-01, 1.6533E+00,-3.6667E+00,
19:46:54.81412640,-1.3333E-01, 1.6667E+00,-4.0000E+00,
19:46:54.81412645,-1.3333E-01, 1.6400E+00,-3.0000E+00,
19:46:54.81412650,-1.3333E-01, 1.6400E+00,-3.3333E+00,
19:46:54.81412655,-1.3333E-01, 1.6133E+00,-3.6667E+00,
19:46:54.81412660,-2.0000E-01, 1.6400E+00,-4.0000E+00,
19:46:54.81412665,-1.6667E-01, 1.6667E+00,-4.0000E+00,
19:46:54.81412670,-1.6667E-01, 1.6400E+00,-3.3333E+00,
19:46:54.81412675,-2.0000E-01, 1.6267E+00,-4.0000E+00,
19:46:54.81412680,-1.6667E-01, 1.6400E+00,-3.6667E+00,
19:46:54.81412685,-1.3333E-01, 1.6267E+00,-4.3333E+00,
19:46:54.81412690,-1.3333E-01, 1.6267E+00,-3.6667E+00,
19:46:54.81412695,-1.6667E-01, 1.6133E+00,-4.0000E+00,
19:46:54.81412700,-2.0000E-01, 1.6400E+00,-4.0000E+00,
19:46:54.81412705,-2.3333E-01, 1.6133E+00,-4.3333E+00,
19:46:54.81412710,-2.0000E-01, 1.6133E+00,-3.6667E+00,
19:46:54.81412715,-1.0000E-01, 1.6400E+00,-4.0000E+00,
19:46:54.81412720,-1.6667E-01, 1.5733E+00,-3.6667E+00,
19:46:54.81412725,-1.0000E-01, 1.6400E+00,-5.0000E+00,
19:46:54.81412730,-1.6667E-01, 1.5733E+00,-5.0000E+00,
19:46:54.81412735,-2.0000E-01, 1.6000E+00,-4.3333E+00,
19:46:54.81412740,-1.6667E-01, 1.6000E+00,-4.3333E+00,
19:46:54.81412745,-2.0000E-01, 1.5733E+00,-4.0000E+00,
19:46:54.81412750,-2.0000E-01, 1.5467E+00,-5.0000E+00,
19:46:54.81412755,-2.0000E-01, 1.5733E+00,-4.6667E+00,
19:46:54.81412760,-2.0000E-01, 1.5733E+00,-5.3333E+00,
19:46:54.81412765,-2.0000E-01, 1.5467E+00,-4.6667E+00,
19:46:54.81412770,-2.0000E-01, 1.5733E+00,-5.0000E+00,
19:46:54.81412775,-1.0000E-01, 1.5600E+00,-5.3333E+00,
19:46:54.81412780,-1.6667E-01, 1.5467E+00,-4.6667E+00,
19:46:54.81412785,-2.0000E-01, 1.5333E+00,-4.6667E+00,
19:46:54.81412790,-1.6667E-01, 1.5600E+00,-4.6667E+00,
19:46:54.81412795,-2.0000E-01, 1.5200E+00,-4.6667E+00,
19:46:54.81412800,-2.0000E-01, 1.5067E+00,-4.6667E+00,
19:46:54.81412805,-2.0000E-01, 1.5067E+00,-5.3333E+00,
19:46:54.81412810,-2.0000E-01, 1.5200E+00,-5.0000E+00,
19:46:54.81412815,-2.3333E-01, 1.5733E+00,-4.6667E+00,
19:46:54.81412820,-1.3333E-01, 1.5067E+00,-5.3333E+00,
19:46:54.81412825,-1.6667E-01, 1.5333E+00,-4.6667E+00,
19:46:54.81412830,-1.6667E-01, 1.5333E+00,-5.3333E+00,
19:46:54.81412835,-2.0000E-01, 1.4800E+00,-5.6667E+00,
19:46:54.81412840,-2.0000E-01, 1.5200E+00,-5.3333E+00,
19:46:54.81412845,-2.0000E-01, 1.4800E+00,-5.6667E+00,
19:46:54.81412850,-1.6667E-01, 1.5467E+00,-5.3333E+00,
19:46:54.81412855,-2.0000E-01, 1.5067E+00,-5.0000E+00,
19:46:54.81412860,-2.0000E-01, 1.4933E+00,-5.3333E+00,
19:46:54.81412865,-1.6667E-01, 1.4667E+00,-5.3333E+00,
19:46:54.81412870,-2.0000E-01, 1.4667E+00,-6.0000E+00,
19:46:54.81412875,-2.0000E-01, 1.4800E+00,-6.3333E+00,
19:46:54.81412880,-2.0000E-01, 1.4667E+00,-5.0000E+00,
19:46:54.81412885,-2.6667E-01, 1.4533E+00,-5.6667E+00,
19:46:54.81412890,-2.0000E-01, 1.4800E+00,-5.6667E+00,
19:46:54.81412895,-2.0000E-01, 1.4800E+00,-5.6667E+00,
19:46:54.81412900,-2.0000E-01, 1.4800E+00,-5.6667E+00,
19:46:54.81412905,-2.0000E-01, 1.4267E+00,-5.0000E+00,
19:46:54.81412910,-2.0000E-01, 1.4267E+00,-6.0000E+00,
19:46:54.81412915,-2.0000E-01, 1.4267E+00,-6.3333E+00,
19:46:54.81412920,-2.0000E-01, 1.4400E+00,-5.0000E+00,
19:46:54.81412925,-1.6667E-01, 1.4533E+00,-5.6667E+00,
19:46:54.81412930,-2.0000E-01, 1.4267E+00,-5.6667E+00,
19:46:54.81412935,-2.0000E-01, 1.4533E+00,-6.0000E+00,
19:46:54.81412940,-2.0000E-01, 1.4400E+00,-5.6667E+00,
19:46:54.81412945,-2.0000E-01, 1.4267E+00,-6.0000E+00,
19:46:54.81412950,-2.0000E-01, 1.4267E+00,-5.3333E+00,
19:46:54.81412955,-2.0000E-01, 1.4267E+00,-5.3333E+00,
19:46:54.81412960,-2.3333E-01, 1.4267E+00,-6.3333E+00,
19:46:54.81412965,-2.0000E-01, 1.4133E+00,-5.6667E+00,
19:46:54.81412970,-2.0000E-01, 1.4267E+00,-5.6667E+00,
19:46:54.81412975,-1.6667E-01, 1.3733E+00,-6.6667E+00,
19:46:54.81412980,-1.6667E-01, 1.3867E+00,-5.6667E+00,
19:46:54.81412985,-2.0000E-01, 1.4133E+00,-6.3333E+00,
19:46:54.81412990,-2.0000E-01, 1.4000E+00,-5.3333E+00,
19:46:54.81412995,-2.0000E-01, 1.3733E+00,-5.3333E+00,
19:46:54.81413000,-2.0000E-01, 1.4000E+00,-5.6667E+00,
19:46:54.81413005,-2.0000E-01, 1.4000E+00,-6.3333E+00,
19:46:54.81413010,-2.0000E-01, 1.3600E+00,-5.6667E+00,
19:46:54.81413015,-2.0000E-01, 1.3867E+00,-5.6667E+00,
19:46:54.81413020,-2.0000E-01, 1.3733E+00,-6.0000E+00,
19:46:54.81413025,-2.0000E-01, 1.3867E+00,-6.0000E+00,
19:46:54.81413030,-2.0000E-01, 1.3733E+00,-5.6667E+00,
19:46:54.81413035,-2.0000E-01, 1.3467E+00,-5.6667E+00,
19:46:54.81413040,-2.3333E-01, 1.3733E+00,-6.0000E+00,
19:46:54.81413045,-2.6667E-01, 1.3600E+00,-5.6667E+00,
19:46:54.81413050,-1.6667E-01, 1.3200E+00,-5.6667E+00,
19:46:54.81413055,-2.0000E-01, 1.3200E+00,-6.3333E+00,
19:46:54.81413060,-1.3333E-01, 1.3467E+00,-6.0000E+00,
19:46:54.81413065,-2.0000E-01, 1.3067E+00,-5.6667E+00,
19:46:54.81413070,-1.3333E-01, 1.3333E+00,-5.3333E+00,
19:46:54.81413075,-2.3333E-01, 1.3200E+00,-6.0000E+00,
19:46:54.81413080,-2.3333E-01, 1.3200E+00,-6.3333E+00,
19:46:54.81413085,-1.3333E-01, 1.3200E+00,-6.6667E+00,
19:46:54.81413090,-2.0000E-01, 1.2933E+00,-6.3333E+00,
19:46:54.81413095,-2.3333E-01, 1.2933E+00,-6.0000E+00,
19:46:54.81413100,-2.3333E-01, 1.2933E+00,-6.3333E+00,
19:46:54.81413105,-1.6667E-01, 1.2933E+00,-6.3333E+00,
19:46:54.81413110,-2.3333E-01, 1.2667E+00,-5.6667E+00,
19:46:54.81413115,-2.0000E-01, 1.2800E+00,-6.6667E+00,
19:46:54.81413120,-2.0000E-01, 1.3200E+00,-6.3333E+00,
19:46:54.81413125,-2.0000E-01, 1.2933E+00,-6.3333E+00,
19:46:54.81413130,-1.6667E-01, 1.2933E+00,-6.0000E+00,
19:46:54.81413135,-2.0000E-01, 1.2933E+00,-5.6667E+00,
19:46:54.81413140,-2.3333E-01, 1.2933E+00,-5.6667E+00,
19:46:54.81413145,-2.3333E-01, 1.2800E+00,-6.3333E+00,
19:46:54.81413150,-2.0000E-01, 1.2667E+00,-5.3333E+00,
19:46:54.81413155,-2.3333E-01, 1.2667E+00,-6.3333E+00,
19:46:54.81413160,-2.3333E-01, 1.2800E+00,-6.0000E+00,
19:46:54.81413165,-2.3333E-01, 1.2667E+00,-6.0000E+00,
19:46:54.81413170,-1.3333E-01, 1.2933E+00,-6.3333E+00,
19:46:54.81413175,-2.6667E-01, 1.2667E+00,-6.3333E+00,
19:46:54.81413180,-2.3333E-01, 1.2667E+00,-5.3333E+00,
19:46:54.81413185,-2.0000E-01, 1.2400E+00,-6.0000E+00,
19:46:54.81413190,-2.0000E-01, 1.2400E+00,-6.0000E+00,
19:46:54.81413195,-2.3333E-01, 1.2267E+00,-5.6667E+00,
19:46:54.81413200,-2.6667E-01, 1.2267E+00,-5.6667E+00,
19:46:54.81413205,-1.3333E-01, 1.2267E+00,-6.6667E+00,
19:46:54.81413210,-2.3333E-01, 1.2533E+00,-5.6667E+00,
19:46:54.81413215,-2.3333E-01, 1.2000E+00,-6.0000E+00,
19:46:54.81413220,-2.0000E-01, 1.2133E+00,-6.0000E+00,
19:46:54.81413225,-2.0000E-01, 1.2267E+00,-5.3333E+00,
19:46:54.81413230,-2.0000E-01, 1.2267E+00,-5.3333E+00,
19:46:54.81413235,-2.0000E-01, 1.1867E+00,-5.6667E+00,
19:46:54.81413240,-2.6667E-01, 1.1867E+00,-5.3333E+00,
19:46:54.81413245,-2.3333E-01, 1.1733E+00,-5.3333E+00,
19:46:54.81413250,-2.0000E-01, 1.1867E+00,-5.6667E+00,
19:46:54.81413255,-1.6667E-01, 1.1867E+00,-6.0000E+00,
19:46:54.81413260,-2.0000E-01, 1.2133E+00,-6.0000E+00,
19:46:54.81413265,-2.0000E-01, 1.2000E+00,-5.6667E+00,
19:46:54.81413270,-2.0000E-01, 1.1867E+00,-6.0000E+00,
19:46:54.81413275,-3.0000E-01, 1.2000E+00,-5.3333E+00,
19:46:54.81413280,-2.3333E-01, 1.1733E+00,-5.6667E+00,
19:46:54.81413285,-2.0000E-01, 1.1733E+00,-5.3333E+00,
19:46:54.81413290,-2.3333E-01, 1.1733E+00,-5.3333E+00,
19:46:54.81413295,-2.6667E-01, 1.1733E+00,-5.3333E+00,
19:46:54.81413300,-2.0000E-01, 1.1600E+00,-5.3333E+00,
19:46:54.81413305,-2.0000E-01, 1.1867E+00,-6.0000E+00,
19:46:54.81413310,-2.0000E-01, 1.1733E+00,-5.6667E+00,
19:46:54.81413315,-2.0000E-01, 1.1600E+00,-5.6667E+00,
19:46:54.81413320,-1.6667E-01, 1.1733E+00,-5.3333E+00,
19:46:54.81413325,-2.6667E-01, 1.1600E+00,-5.3333E+00,
19:46:54.81413330,-2.0000E-01, 1.1600E+00,-5.3333E+00,
19:46:54.81413335,-2.0000E-01, 1.1467E+00,-5.0000E+00,
19:46:54.81413340,-2.0000E-01, 1.1467E+00,-5.3333E+00,
19:46:54.81413345,-2.0000E-01, 1.1333E+00,-5.0000E+00,
19:46:54.81413350,-2.0000E-01, 1.1467E+00,-5.3333E+00,
19:46:54.81413355,-2.3333E-01, 1.1333E+00,-4.3333E+00,
19:46:54.81413360,-2.0000E-01, 1.1333E+00,-5.0000E+00,
19:46:54.81413365,-2.3333E-01, 1.0933E+00,-5.0000E+00,
19:46:54.81413370,-2.6667E-01, 1.1467E+00,-5.0000E+00,
19:46:54.81413375,-2.0000E-01, 1.1333E+00,-5.3333E+00,
19:46:54.81413380,-2.0000E-01, 1.0933E+00,-5.0000E+00,
19:46:54.81413385,-3.0000E-01, 1.1200E+00,-5.3333E+00,
19:46:54.81413390,-2.6667E-01, 1.0933E+00,-5.0000E+00,
19:46:54.81413395,-2.3333E-01, 1.1067E+00,-5.0000E+00,
19:46:54.81413400,-2.3333E-01, 1.0933E+00,-5.3333E+00,
19:46:54.81413405,-2.3333E-01, 1.1067E+00,-5.3333E+00,
19:46:54.81413410,-2.0000E-01, 1.0800E+00,-4.6667E+00,
19:46:54.81413415,-2.6667E-01, 1.0933E+00,-5.0000E+00,
19:46:54.81413420,-2.0000E-01, 1.0800E+00,-4.6667E+00,
19:46:54.81413425,-2.0000E-01, 1.1067E+00,-5.0000E+00,
19:46:54.81413430,-2.0000E-01, 1.0933E+00,-4.6667E+00,
19:46:54.81413435,-2.0000E-01, 1.0400E+00,-5.0000E+00,
19:46:54.81413440,-2.0000E-01, 1.0933E+00,-4.6667E+00,
19:46:54.81413445,-2.6667E-01, 1.0800E+00,-4.6667E+00,
19:46:54.81413450,-2.0000E-01, 1.0667E+00,-5.3333E+00,
19:46:54.81413455,-2.0000E-01, 1.0533E+00,-5.0000E+00,
19:46:54.81413460,-2.3333E-01, 1.0800E+00,-5.3333E+00,
19:46:54.81413465,-2.6667E-01, 1.0667E+00,-5.0000E+00,
19:46:54.81413470,-2.3333E-01, 1.0800E+00,-4.6667E+00,
19:46:54.81413475,-2.0000E-01, 1.0667E+00,-5.0000E+00,
19:46:54.81413480,-2.3333E-01, 1.0800E+00,-4.0000E+00,
19:46:54.81413485,-2.3333E-01, 1.0667E+00,-4.0000E+00,
19:46:54.81413490,-2.3333E-01, 1.0400E+00,-4.0000E+00,
19:46:54.81413495,-2.0000E-01, 1.0400E+00,-4.0000E+00,
19:46:54.81413500,-2.3333E-01, 1.0267E+00,-4.3333E+00,
19:46:54.81413505,-2.0000E-01, 1.0667E+00,-4.6667E+00,
19:46:54.81413510,-2.3333E-01, 1.0533E+00,-4.6667E+00,
19:46:54.81413515,-1.6667E-01, 1.0267E+00,-4.6667E+00,
19:46:54.81413520,-2.6667E-01, 1.0667E+00,-3.0000E+00,
19:46:54.81413525,-2.3333E-01, 1.0400E+00,-4.3333E+00,
19:46:54.81413530,-2.6667E-01, 1.0267E+00,-4.3333E+00,
19:46:54.81413535,-3.0000E-01, 1.0400E+00,-3.6667E+00,
19:46:54.81413540,-2.3333E-01, 1.0800E+00,-4.0000E+00,
19:46:54.81413545,-2.0000E-01, 1.0533E+00,-4.0000E+00,
19:46:54.81413550,-2.0000E-01, 1.0400E+00,-4.0000E+00,
19:46:54.81413555,-2.0000E-01, 1.0533E+00,-3.6667E+00,
19:46:54.81413560,-1.6667E-01, 1.0400E+00,-4.3333E+00,
19:46:54.81413565,-2.0000E-01, 1.0267E+00,-3.6667E+00,
19:46:54.81413570,-2.3333E-01, 1.0400E+00,-3.6667E+00,
19:46:54.81413575,-2.3333E-01, 1.0267E+00,-3.3333E+00,
19:46:54.81413580,-2.0000E-01, 1.0000E+00,-2.6667E+00,
19:46:54.81413585,-2.0000E-01, 1.0267E+00,-3.6667E+00,
19:46:54.81413590,-1.6667E-01, 1.0267E+00,-3.3333E+00,
19:46:54.81413595,-2.0000E-01, 1.0267E+00,-3.6667E+00,
19:46:54.81413600,-2.0000E-01, 1.0267E+00,-3.3333E+00,
19:46:54.81413605,-2.0000E-01, 1.0267E+00,-3.0000E+00,
19:46:54.81413610,-2.6667E-01, 1.0400E+00,-2.6667E+00,
19:46:54.81413615,-1.6667E-01, 1.0267E+00,-2.6667E+00,
19:46:54.81413620,-2.0000E-01, 1.0133E+00,-3.6667E+00,
19:46:54.81413625,-2.0000E-01, 1.0133E+00,-2.3333E+00,
19:46:54.81413630,-2.3333E-01, 9.8667E-01,-3.0000E+00,
19:46:54.81413635,-1.3333E-01, 1.0267E+00,-2.6667E+00,
19:46:54.81413640,-2.3333E-01, 1.0133E+00,-3.0000E+00,
19:46:54.81413645,-2.3333E-01, 9.8667E-01,-3.0000E+00,
19:46:54.81413650,-2.6667E-01, 9.8667E-01,-2.3333E+00,
19:46:54.81413655,-2.3333E-01, 1.0133E+00,-2.3333E+00,
19:46:54.81413660,-2.3333E-01, 1.0133E+00,-2.6667E+00,
19:46:54.81413665,-2.6667E-01, 1.0000E+00,-2.6667E+00,
19:46:54.81413670,-2.3333E-01, 1.0267E+00,-2.3333E+00,
19:46:54.81413675,-2.3333E-01, 1.0000E+00,-2.0000E+00,
19:46:54.81413680,-2.6667E-01, 1.0000E+00,-3.0000E+00,
19:46:54.81413685,-2.3333E-01, 1.0000E+00,-2.6667E+00,
19:46:54.81413690,-2.0000E-01, 1.0000E+00,-3.0000E+00,
19:46:54.81413695,-2.0000E-01, 9.8667E-01,-3.0000E+00,
19:46:54.81413700,-2.3333E-01, 1.0000E+00,-2.3333E+00,
19:46:54.81413705,-2.3333E-01, 1.0000E+00,-2.0000E+00,
19:46:54.81413710,-2.3333E-01, 9.8667E-01,-2.3333E+00,
19:46:54.81413715,-2.3333E-01, 1.0000E+00,-2.3333E+00,
19:46:54.81413720,-2.0000E-01, 9.8667E-01,-2.0000E+00,
19:46:54.81413725,-2.0000E-01, 1.0133E+00,-1.6667E+00,
19:46:54.81413730,-2.3333E-01, 1.0000E+00,-1.6667E+00,
19:46:54.81413735,-2.0000E-01, 1.0267E+00,-2.3333E+00,
19:46:54.81413740,-2.0000E-01, 1.0133E+00,-2.0000E+00,
19:46:54.81413745,-2.0000E-01, 1.0000E+00,-2.0000E+00,
19:46:54.81413750,-2.0000E-01, 1.0267E+00,-1.6667E+00,
19:46:54.81413755,-2.3333E-01, 9.7333E-01,-1.3333E+00,
19:46:54.81413760,-2.6667E-01, 9.8667E-01,-1.3333E+00,
19:46:54.81413765,-2.3333E-01, 1.0267E+00,-1.0000E+00,
19:46:54.81413770,-3.0000E-01, 1.0133E+00,-1.6667E+00,
19:46:54.81413775,-2.3333E-01, 1.0000E+00,-2.0000E+00,
19:46:54.81413780,-2.0000E-01, 1.0133E+00,-1.6667E+00,
19:46:54.81413785,-2.3333E-01, 9.7333E-01,-1.3333E+00,
19:46:54.81413790,-2.0000E-01, 1.0133E+00,-1.6667E+00,
19:46:54.81413795,-2.6667E-01, 1.0267E+00,-1.0000E+00,
19:46:54.81413800,-2.0000E-01, 9.7333E-01,-1.0000E+00,
19:46:54.81413805,-2.0000E-01, 1.0000E+00,-6.6667E-01,
19:46:54.81413810,-2.0000E-01, 1.0133E+00,-1.6667E+00,
19:46:54.81413815,-2.3333E-01, 9.8667E-01,-1.0000E+00,
19:46:54.81413820,-2.3333E-01, 9.8667E-01,-1.3333E+00,
19:46:54.81413825,-2.0000E-01, 1.0133E+00,-6.6667E-01,
19:46:54.81413830,-1.6667E-01, 9.8667E-01,-3.3333E-01,
19:46:54.81413835,-2.0000E-01, 9.8667E-01, 0.0000E+00,
19:46:54.81413840,-2.3333E-01, 9.8667E-01,-1.0000E+00,
19:46:54.81413845,-2.0000E-01, 1.0000E+00,-3.3333E-01,
19:46:54.81413850,-2.6667E-01, 9.8667E-01,-3.3333E-01,
19:46:54.81413855,-2.0000E-01, 1.0000E+00,-1.0000E+00,
19:46:54.81413860,-2.0000E-01, 9.7333E-01,-3.3333E-01,
19:46:54.81413865,-2.0000E-01, 1.0000E+00,-6.6667E-01,
19:46:54.81413870,-1.3333E-01, 1.0267E+00, 1.0000E+00,
19:46:54.81413875,-2.6667E-01, 9.8667E-01,-3.3333E-01,
19:46:54.81413880,-1.6667E-01, 1.0267E+00, 0.0000E+00,
19:46:54.81413885,-2.3333E-01, 1.0000E+00,-6.6667E-01,
19:46:54.81413890,-2.0000E-01, 1.0133E+00, 0.0000E+00,
19:46:54.81413895,-2.0000E-01, 1.0000E+00,-3.3333E-01,
19:46:54.81413900,-2.0000E-01, 1.0133E+00, 0.0000E+00,
19:46:54.81413905,-2.0000E-01, 1.0267E+00, 0.0000E+00,
19:46:54.81413910,-1.6667E-01, 1.0000E+00, 3.3333E-01,
19:46:54.81413915,-2.0000E-01, 1.0000E+00,-3.3333E-01,
19:46:54.81413920,-2.0000E-01, 1.0000E+00, 0.0000E+00,
19:46:54.81413925,-2.0000E-01, 9.8667E-01, 0.0000E+00,
19:46:54.81413930,-2.0000E-01, 1.0000E+00, 0.0000E+00,
19:46:54.81413935,-2.0000E-01, 1.0000E+00, 6.6667E-01,
19:46:54.81413940,-2.0000E-01, 1.0000E+00, 0.0000E+00,
19:46:54.81413945,-2.0000E-01, 1.0267E+00, 3.3333E-01,
19:46:54.81413950,-2.0000E-01, 9.7333E-01, 3.3333E-01,
19:46:54.81413955,-2.3333E-01, 9.8667E-01, 3.3333E-01,
19:46:54.81413960,-2.0000E-01, 1.0000E+00, 1.0000E+00,
19:46:54.81413965,-1.6667E-01, 1.0000E+00, 6.6667E-01,
19:46:54.81413970,-2.0000E-01, 1.0133E+00, 6.6667E-01,
19:46:54.81413975,-2.3333E-01, 1.0133E+00, 6.6667E-01,
19:46:54.81413980,-2.0000E-01, 1.0267E+00, 3.3333E-01,
19:46:54.81413985,-2.0000E-01, 1.0000E+00, 6.6667E-01,
19:46:54.81413990,-2.0000E-01, 1.0000E+00, 6.6667E-01,
19:46:54.81413995,-2.0000E-01, 1.0267E+00, 6.6667E-01,
19:46:54.81414000,-2.0000E-01, 1.0133E+00, 1.3333E+00,
19:46:54.81414005,-1.6667E-01, 1.0000E+00, 6.6667E-01,
19:46:54.81414010,-2.0000E-01, 1.0267E+00, 1.6667E+00,
19:46:54.81414015,-2.0000E-01, 1.0000E+00, 1.3333E+00,
19:46:54.81414020,-1.6667E-01, 1.0000E+00, 1.6667E+00,
19:46:54.81414025,-1.3333E-01, 1.0133E+00, 1.3333E+00,
19:46:54.81414030,-1.6667E-01, 1.0000E+00, 1.6667E+00,
19:46:54.81414035,-1.6667E-01, 1.0267E+00, 1.3333E+00,
19:46:54.81414040,-2.3333E-01, 1.0267E+00, 6.6667E-01,
19:46:54.81414045,-2.0000E-01, 1.0133E+00, 1.6667E+00,
19:46:54.81414050,-2.0000E-01, 1.0267E+00, 1.6667E+00,
19:46:54.81414055,-1.6667E-01, 1.0267E+00, 1.0000E+00,
19:46:54.81414060,-2.0000E-01, 1.0267E+00, 1.6667E+00,
19:46:54.81414065,-2.0000E-01, 1.0267E+00, 1.0000E+00,
19:46:54.81414070,-2.0000E-01, 1.0133E+00, 1.3333E+00,
19:46:54.81414075,-2.0000E-01, 1.0400E+00, 2.3333E+00,
19:46:54.81414080,-1.3333E-01, 1.0400E+00, 1.3333E+00,
19:46:54.81414085,-2.0000E-01, 1.0267E+00, 1.3333E+00,
19:46:54.81414090,-2.0000E-01, 1.0400E+00, 1.6667E+00,
19:46:54.81414095,-2.0000E-01, 1.0267E+00, 1.6667E+00,
19:46:54.81414100,-2.0000E-01, 1.0267E+00, 1.3333E+00,
19:46:54.81414105,-2.0000E-01, 1.0267E+00, 1.6667E+00,
19:46:54.81414110,-2.3333E-01, 1.0267E+00, 1.6667E+00,
19:46:54.81414115,-1.6667E-01, 1.0267E+00, 2.3333E+00,
19:46:54.81414120,-2.0000E-01, 1.0533E+00, 2.0000E+00,
19:46:54.81414125,-2.0000E-01, 1.0533E+00, 1.6667E+00,
19:46:54.81414130,-1.6667E-01, 1.0400E+00, 1.6667E+00,
19:46:54.81414135,-2.0000E-01, 1.0267E+00, 1.6667E+00,
19:46:54.81414140,-2.0000E-01, 1.0667E+00, 2.6667E+00,
19:46:54.81414145,-1.6667E-01, 1.0533E+00, 2.0000E+00,
19:46:54.81414150,-2.0000E-01, 1.0533E+00, 2.6667E+00,
19:46:54.81414155,-1.3333E-01, 1.0267E+00, 2.3333E+00,
19:46:54.81414160,-1.6667E-01, 1.0667E+00, 3.0000E+00,
19:46:54.81414165,-2.0000E-01, 1.0667E+00, 2.0000E+00,
19:46:54.81414170,-2.0000E-01, 1.0800E+00, 2.3333E+00,
19:46:54.81414175,-2.0000E-01, 1.0800E+00, 2.0000E+00,
19:46:54.81414180,-1.6667E-01, 1.0667E+00, 3.3333E+00,
19:46:54.81414185,-2.0000E-01, 1.0667E+00, 2.6667E+00,
19:46:54.81414190,-2.0000E-01, 1.0800E+00, 3.0000E+00,
19:46:54.81414195,-2.0000E-01, 1.0667E+00, 3.0000E+00,
19:46:54.81414200,-2.3333E-01, 1.0800E+00, 2.3333E+00,
19:46:54.81414205,-1.3333E-01, 1.0667E+00, 3.0000E+00,
19:46:54.81414210,-1.6667E-01, 1.0400E+00, 3.0000E+00,
19:46:54.81414215,-1.6667E-01, 1.0667E+00, 3.0000E+00,
19:46:54.81414220,-1.6667E-01, 1.0800E+00, 3.6667E+00,
19:46:54.81414225,-1.6667E-01, 1.0533E+00, 2.3333E+00,
19:46:54.81414230,-2.0000E-01, 1.0800E+00, 2.6667E+00,
19:46:54.81414235,-2.3333E-01, 1.0667E+00, 2.6667E+00,
19:46:54.81414240,-2.0000E-01, 1.0933E+00, 2.6667E+00,
19:46:54.81414245,-1.6667E-01, 1.0667E+00, 3.6667E+00,
19:46:54.81414250,-2.0000E-01, 1.1067E+00, 3.3333E+00,
19:46:54.81414255,-1.6667E-01, 1.0933E+00, 3.0000E+00,
19:46:54.81414260,-2.0000E-01, 1.0800E+00, 2.6667E+00,
19:46:54.81414265,-2.0000E-01, 1.0933E+00, 3.0000E+00,
19:46:54.81414270,-1.0000E-01, 1.0667E+00, 3.6667E+00,
19:46:54.81414275,-2.3333E-01, 1.0933E+00, 3.6667E+00,
19:46:54.81414280,-2.0000E-01, 1.0933E+00, 3.3333E+00,
19:46:54.81414285,-1.6667E-01, 1.1067E+00, 2.0000E+00,
19:46:54.81414290,-2.0000E-01, 1.0933E+00, 3.3333E+00,
19:46:54.81414295,-1.6667E-01, 1.1067E+00, 2.6667E+00,
19:46:54.81414300,-1.3333E-01, 1.0933E+00, 4.0000E+00,
19:46:54.81414305,-1.6667E-01, 1.1200E+00, 3.6667E+00,
19:46:54.81414310,-1.6667E-01, 1.1600E+00, 3.0000E+00,
19:46:54.81414315,-1.6667E-01, 1.1333E+00, 3.6667E+00,
19:46:54.81414320,-1.3333E-01, 1.0933E+00, 3.6667E+00,
19:46:54.81414325,-6.6667E-02, 1.1067E+00, 3.6667E+00,
19:46:54.81414330,-1.3333E-01, 1.1467E+00, 3.3333E+00,
19:46:54.81414335,-2.0000E-01, 1.1600E+00, 3.6667E+00,
19:46:54.81414340,-1.3333E-01, 1.1467E+00, 4.0000E+00,
19:46:54.81414345,-1.6667E-01, 1.1467E+00, 3.6667E+00,
19:46:54.81414350,-1.3333E-01, 1.1600E+00, 3.6667E+00,
19:46:54.81414355,-1.6667E-01, 1.1467E+00, 3.6667E+00,
19:46:54.81414360,-2.0000E-01, 1.1600E+00, 3.6667E+00,
19:46:54.81414365,-2.0000E-01, 1.1600E+00, 3.3333E+00,
19:46:54.81414370,-2.0000E-01, 1.1467E+00, 4.0000E+00,
19:46:54.81414375,-1.6667E-01, 1.1600E+00, 3.0000E+00,
19:46:54.81414380,-1.0000E-01, 1.1467E+00, 3.3333E+00,
19:46:54.81414385,-1.3333E-01, 1.1467E+00, 4.3333E+00,
19:46:54.81414390,-1.6667E-01, 1.1600E+00, 4.3333E+00,
19:46:54.81414395,-6.6667E-02, 1.1600E+00, 4.0000E+00,
19:46:54.81414400,-1.0000E-01, 1.1333E+00, 4.0000E+00,
19:46:54.81414405,-1.6667E-01, 1.1600E+00, 4.0000E+00,
19:46:54.81414410,-3.3333E-02, 1.1733E+00, 4.0000E+00,
19:46:54.81414415,-1.6667E-01, 1.1600E+00, 3.6667E+00,
19:46:54.81414420,-1.3333E-01, 1.1467E+00, 3.6667E+00,
19:46:54.81414425,-1.6667E-01, 1.1600E+00, 3.0000E+00,
19:46:54.81414430,-1.3333E-01, 1.1867E+00, 3.6667E+00,
19:46:54.81414435,-1.6667E-01, 1.1600E+00, 3.3333E+00,
19:46:54.81414440,-1.0000E-01, 1.1600E+00, 4.3333E+00,
19:46:54.81414445,-2.0000E-01, 1.1733E+00, 4.0000E+00,
19:46:54.81414450,-2.0000E-01, 1.1867E+00, 4.0000E+00,
19:46:54.81414455,-1.0000E-01, 1.1867E+00, 4.3333E+00,
19:46:54.81414460,-1.3333E-01, 1.1867E+00, 4.3333E+00,
19:46:54.81414465,-2.0000E-01, 1.1733E+00, 4.0000E+00,
19:46:54.81414470,-2.0000E-01, 1.2000E+00, 4.3333E+00,
19:46:54.81414475,-2.0000E-01, 1.2000E+00, 3.6667E+00,
19:46:54.81414480,-1.6667E-01, 1.2133E+00, 4.0000E+00,
19:46:54.81414485,-1.6667E-01, 1.2133E+00, 5.0000E+00,
19:46:54.81414490,-1.6667E-01, 1.2000E+00, 4.6667E+00,
19:46:54.81414495,-1.0000E-01, 1.1867E+00, 4.0000E+00,
19:46:54.81414500,-1.3333E-01, 1.2000E+00, 4.3333E+00,
19:46:54.81414505,-2.0000E-01, 1.2400E+00, 4.6667E+00,
19:46:54.81414510,-1.3333E-01, 1.2133E+00, 3.6667E+00,
19:46:54.81414515,-2.0000E-01, 1.2267E+00, 4.3333E+00,
19:46:54.81414520,-1.0000E-01, 1.2133E+00, 3.6667E+00,
19:46:54.81414525,-1.6667E-01, 1.2133E+00, 4.3333E+00,
19:46:54.81414530,-1.6667E-01, 1.2400E+00, 4.3333E+00,
19:46:54.81414535,-1.6667E-01, 1.2400E+00, 4.3333E+00,
19:46:54.81414540,-2.0000E-01, 1.2400E+00, 3.3333E+00,
19:46:54.81414545,-1.3333E-01, 1.2800E+00, 5.0000E+00,
19:46:54.81414550,-6.6667E-02, 1.2400E+00, 4.6667E+00,
19:46:54.81414555,-1.3333E-01, 1.2400E+00, 4.3333E+00,
19:46:54.81414560,-1.3333E-01, 1.2533E+00, 4.0000E+00,
19:46:54.81414565,-1.3333E-01, 1.2267E+00, 4.0000E+00,
19:46:54.81414570,-6.6667E-02, 1.2400E+00, 4.3333E+00,
19:46:54.81414575,-2.0000E-01, 1.2533E+00, 4.3333E+00,
19:46:54.81414580,-1.6667E-01, 1.2267E+00, 3.6667E+00,
19:46:54.81414585,-1.3333E-01, 1.2667E+00, 4.0000E+00,
19:46:54.81414590,-1.3333E-01, 1.2533E+00, 4.3333E+00,
19:46:54.81414595,-1.0000E-01, 1.2400E+00, 4.0000E+00,
19:46:54.81414600,-1.6667E-01, 1.2800E+00, 4.6667E+00,
19:46:54.81414605,-1.6667E-01, 1.2667E+00, 4.6667E+00,
19:46:54.81414610,-1.3333E-01, 1.2667E+00, 4.3333E+00,
19:46:54.81414615,-2.0000E-01, 1.2933E+00, 3.6667E+00,
19:46:54.81414620,-1.3333E-01, 1.2800E+00, 4.3333E+00,
19:46:54.81414625,-1.3333E-01, 1.2800E+00, 4.0000E+00,
19:46:54.81414630,-1.6667E-01, 1.2667E+00, 4.0000E+00,
19:46:54.81414635,-1.0000E-01, 1.2667E+00, 3.3333E+00,
19:46:54.81414640,-1.3333E-01, 1.2800E+00, 4.3333E+00,
19:46:54.81414645,-6.6667E-02, 1.2933E+00, 5.0000E+00,
19:46:54.81414650,-1.3333E-01, 1.2800E+00, 4.0000E+00,
19:46:54.81414655,-1.3333E-01, 1.2933E+00, 4.0000E+00,
19:46:54.81414660,-1.3333E-01, 1.2933E+00, 4.3333E+00,
19:46:54.81414665,-1.6667E-01, 1.2933E+00, 4.0000E+00,
19:46:54.81414670,-2.0000E-01, 1.2667E+00, 4.3333E+00,
19:46:54.81414675,-1.3333E-01, 1.2933E+00, 4.0000E+00,
19:46:54.81414680,-1.0000E-01, 1.2933E+00, 4.3333E+00,
19:46:54.81414685,-1.3333E-01, 1.2933E+00, 4.0000E+00,
19:46:54.81414690,-1.3333E-01, 1.2933E+00, 4.3333E+00,
19:46:54.81414695,-1.0000E-01, 1.2933E+00, 4.6667E+00,
19:46:54.81414700,-1.3333E-01, 1.3067E+00, 4.6667E+00,
19:46:54.81414705,-1.0000E-01, 1.2933E+00, 4.3333E+00,
19:46:54.81414710,-1.0000E-01, 1.3333E+00, 4.3333E+00,
19:46:54.81414715,-2.0000E-01, 1.2933E+00, 4.3333E+00,
19:46:54.81414720,-2.0000E-01, 1.3067E+00, 4.6667E+00,
19:46:54.81414725,-1.0000E-01, 1.2933E+00, 3.3333E+00,
19:46:54.81414730,-1.6667E-01, 1.3200E+00, 4.0000E+00,
19:46:54.81414735,-1.3333E-01, 1.3067E+00, 4.3333E+00,
19:46:54.81414740,-1.3333E-01, 1.3333E+00, 3.6667E+00,
19:46:54.81414745,-1.3333E-01, 1.3467E+00, 4.0000E+00,
19:46:54.81414750,-1.0000E-01, 1.3467E+00, 4.6667E+00,
19:46:54.81414755,-1.0000E-01, 1.3200E+00, 3.6667E+00,
19:46:54.81414760,-1.0000E-01, 1.3467E+00, 3.6667E+00,
19:46:54.81414765,-2.0000E-01, 1.3200E+00, 3.6667E+00,
19:46:54.81414770,-1.3333E-01, 1.3467E+00, 3.6667E+00,
19:46:54.81414775,-1.6667E-01, 1.3333E+00, 3.6667E+00,
19:46:54.81414780,-1.3333E-01, 1.4133E+00, 4.0000E+00,
19:46:54.81414785,-1.3333E-01, 1.3467E+00, 4.3333E+00,
19:46:54.81414790,-1.0000E-01, 1.3333E+00, 4.0000E+00,
19:46:54.81414795,-1.3333E-01, 1.3200E+00, 4.3333E+00,
19:46:54.81414800,-6.6667E-02, 1.3467E+00, 4.0000E+00,
19:46:54.81414805,-1.3333E-01, 1.3333E+00, 4.0000E+00,
19:46:54.81414810,-1.3333E-01, 1.3733E+00, 4.6667E+00,
19:46:54.81414815,-1.6667E-01, 1.3467E+00, 4.0000E+00,
19:46:54.81414820,-2.0000E-01, 1.3467E+00, 3.3333E+00,
19:46:54.81414825,-1.0000E-01, 1.3467E+00, 3.3333E+00,
19:46:54.81414830,-1.3333E-01, 1.3600E+00, 3.3333E+00,
19:46:54.81414835,-1.0000E-01, 1.3467E+00, 4.3333E+00,
19:46:54.81414840,-3.3333E-02, 1.3467E+00, 4.0000E+00,
19:46:54.81414845,-1.3333E-01, 1.3733E+00, 3.6667E+00,
19:46:54.81414850,-3.3333E-02, 1.3733E+00, 4.3333E+00,
19:46:54.81414855,-1.0000E-01, 1.3600E+00, 3.6667E+00,
19:46:54.81414860,-1.3333E-01, 1.3733E+00, 4.3333E+00,
19:46:54.81414865,-1.3333E-01, 1.3600E+00, 3.0000E+00,
19:46:54.81414870,-1.3333E-01, 1.3867E+00, 3.6667E+00,
19:46:54.81414875,-1.0000E-01, 1.3733E+00, 3.6667E+00,
19:46:54.81414880,-1.3333E-01, 1.3867E+00, 3.3333E+00,
19:46:54.81414885,-1.0000E-01, 1.3600E+00, 4.0000E+00,
19:46:54.81414890,-6.6667E-02, 1.4000E+00, 3.6667E+00,
19:46:54.81414895,-3.3333E-02, 1.4000E+00, 3.6667E+00,
19:46:54.81414900,-2.0000E-01, 1.3867E+00, 3.6667E+00,
19:46:54.81414905,-1.6667E-01, 1.4133E+00, 3.3333E+00,
19:46:54.81414910,-6.6667E-02, 1.4000E+00, 3.3333E+00,
19:46:54.81414915,-1.0000E-01, 1.4000E+00, 2.6667E+00,
19:46:54.81414920,-6.6667E-02, 1.3867E+00, 3.6667E+00,
19:46:54.81414925,-1.0000E-01, 1.4267E+00, 3.0000E+00,
19:46:54.81414930,-1.3333E-01, 1.4133E+00, 3.0000E+00,
19:46:54.81414935,-1.3333E-01, 1.4000E+00, 3.3333E+00,
19:46:54.81414940,-6.6667E-02, 1.4133E+00, 3.6667E+00,
19:46:54.81414945,-1.0000E-01, 1.4000E+00, 4.0000E+00,
19:46:54.81414950,-1.0000E-01, 1.4267E+00, 3.3333E+00,
19:46:54.81414955,-6.6667E-02, 1.4133E+00, 3.3333E+00,
19:46:54.81414960,-1.3333E-01, 1.4000E+00, 3.6667E+00,
19:46:54.81414965,-1.0000E-01, 1.4267E+00, 3.6667E+00,
19:46:54.81414970,-1.0000E-01, 1.4533E+00, 3.0000E+00,
19:46:54.81414975,-6.6667E-02, 1.4267E+00, 3.3333E+00,
19:46:54.81414980,-1.6667E-01, 1.4267E+00, 3.3333E+00,
19:46:54.81414985,-1.0000E-01, 1.4400E+00, 3.0000E+00,
19:46:54.81414990, 0.0000E+00, 1.4267E+00, 4.3333E+00,
19:46:54.81414995,-1.0000E-01, 1.4267E+00, 3.3333E+00,
19:46:54.81415000,-1.0000E-01, 1.4133E+00, 3.3333E+00,
19:46:54.81415005,-1.0000E-01, 1.4400E+00, 3.0000E+00,
19:46:54.81415010,-1.3333E-01, 1.4267E+00, 3.0000E+00,
19:46:54.81415015,-1.0000E-01, 1.4400E+00, 2.3333E+00,
19:46:54.81415020,-6.6667E-02, 1.4267E+00, 3.0000E+00,
19:46:54.81415025,-1.0000E-01, 1.4267E+00, 3.0000E+00,
19:46:54.81415030,-1.6667E-01, 1.4267E+00, 3.0000E+00,
19:46:54.81415035,-1.3333E-01, 1.4133E+00, 3.0000E+00,
19:46:54.81415040,-6.6667E-02, 1.4267E+00, 3.0000E+00,
19:46:54.81415045,-6.6667E-02, 1.4133E+00, 3.0000E+00,
19:46:54.81415050,-1.3333E-01, 1.4267E+00, 3.3333E+00,
19:46:54.81415055,-3.3333E-02, 1.4400E+00, 1.6667E+00,
19:46:54.81415060,-3.3333E-02, 1.4400E+00, 2.6667E+00,
19:46:54.81415065,-1.3333E-01, 1.4267E+00, 2.3333E+00,
19:46:54.81415070,-1.0000E-01, 1.4400E+00, 2.6667E+00,
19:46:54.81415075,-6.6667E-02, 1.4267E+00, 3.3333E+00,
19:46:54.81415080,-3.3333E-02, 1.4267E+00, 3.0000E+00,
19:46:54.81415085,-6.6667E-02, 1.4533E+00, 2.6667E+00,
19:46:54.81415090,-1.0000E-01, 1.4533E+00, 3.0000E+00,
19:46:54.81415095,-1.3333E-01, 1.4267E+00, 2.6667E+00,
19:46:54.81415100,-2.0000E-01, 1.4267E+00, 2.3333E+00,
19:46:54.81415105,-1.3333E-01, 1.4267E+00, 2.6667E+00,
19:46:54.81415110, 0.0000E+00, 1.4533E+00, 2.0000E+00,
19:46:54.81415115,-1.3333E-01, 1.4667E+00, 2.0000E+00,
19:46:54.81415120,-3.3333E-02, 1.4800E+00, 2.6667E+00,
19:46:54.81415125,-1.3333E-01, 1.4400E+00, 2.3333E+00,
19:46:54.81415130,-1.3333E-01, 1.4667E+00, 2.3333E+00,
19:46:54.81415135,-3.3333E-02, 1.4400E+00, 2.6667E+00,
19:46:54.81415140,-1.0000E-01, 1.4267E+00, 2.6667E+00,
19:46:54.81415145,-1.6667E-01, 1.4533E+00, 2.0000E+00,
19:46:54.81415150,-6.6667E-02, 1.4667E+00, 2.6667E+00,
19:46:54.81415155,-1.0000E-01, 1.4667E+00, 1.6667E+00,
19:46:54.81415160,-1.3333E-01, 1.4667E+00, 1.6667E+00,
19:46:54.81415165,-6.6667E-02, 1.4667E+00, 2.0000E+00,
19:46:54.81415170,-1.0000E-01, 1.4667E+00, 1.6667E+00,
19:46:54.81415175,-1.0000E-01, 1.4667E+00, 2.0000E+00,
19:46:54.81415180,-6.6667E-02, 1.4533E+00, 1.6667E+00,
19:46:54.81415185,-3.3333E-02, 1.4267E+00, 2.3333E+00,
19:46:54.81415190,-6.6667E-02, 1.4400E+00, 1.6667E+00,
19:46:54.81415195,-1.0000E-01, 1.4800E+00, 2.0000E+00,
19:46:54.81415200,-1.3333E-01, 1.4800E+00, 2.0000E+00,
19:46:54.81415205,-1.6667E-01, 1.4800E+00, 2.6667E+00,
19:46:54.81415210,-6.6667E-02, 1.4533E+00, 2.3333E+00,
19:46:54.81415215,-1.0000E-01, 1.4533E+00, 1.6667E+00,
19:46:54.81415220,-6.6667E-02, 1.4800E+00, 2.0000E+00,
19:46:54.81415225,-3.3333E-02, 1.4667E+00, 1.6667E+00,
19:46:54.81415230,-1.3333E-01, 1.4533E+00, 1.6667E+00,
19:46:54.81415235,-1.0000E-01, 1.4800E+00, 1.6667E+00,
19:46:54.81415240,-6.6667E-02, 1.4400E+00, 1.6667E+00,
19:46:54.81415245, 0.0000E+00, 1.4667E+00, 1.6667E+00,
19:46:54.81415250,-1.0000E-01, 1.4800E+00, 1.3333E+00,
19:46:54.81415255, 0.0000E+00, 1.4667E+00, 1.6667E+00,
19:46:54.81415260,-1.0000E-01, 1.4667E+00, 1.6667E+00,
19:46:54.81415265,-6.6667E-02, 1.4667E+00, 1.6667E+00,
19:46:54.81415270,-3.3333E-02, 1.4667E+00, 1.3333E+00,
19:46:54.81415275,-3.3333E-02, 1.5067E+00, 1.3333E+00,
19:46:54.81415280,-6.6667E-02, 1.4400E+00, 1.6667E+00,
19:46:54.81415285,-3.3333E-02, 1.4400E+00, 1.0000E+00,
19:46:54.81415290,-1.0000E-01, 1.4667E+00, 1.6667E+00,
19:46:54.81415295,-1.0000E-01, 1.4800E+00, 1.3333E+00,
19:46:54.81415300,-1.0000E-01, 1.4533E+00, 1.3333E+00,
19:46:54.81415305,-3.3333E-02, 1.4933E+00, 1.3333E+00,
19:46:54.81415310,-3.3333E-02, 1.4400E+00, 1.3333E+00,
19:46:54.81415315,-1.0000E-01, 1.4800E+00, 1.3333E+00,
19:46:54.81415320,-3.3333E-02, 1.4933E+00, 1.6667E+00,
19:46:54.81415325,-1.0000E-01, 1.4533E+00, 1.0000E+00,
19:46:54.81415330,-1.0000E-01, 1.4667E+00, 1.6667E+00,
19:46:54.81415335,-1.3333E-01, 1.4800E+00, 6.6667E-01,
19:46:54.81415340,-6.6667E-02, 1.4400E+00, 6.6667E-01,
19:46:54.81415345,-1.0000E-01, 1.4933E+00, 1.3333E+00,
19:46:54.81415350,-1.0000E-01, 1.4667E+00, 3.3333E-01,
19:46:54.81415355, 0.0000E+00, 1.4533E+00, 6.6667E-01,
19:46:54.81415360,-1.0000E-01, 1.4667E+00, 6.6667E-01,
19:46:54.81415365,-1.6667E-01, 1.4933E+00, 1.0000E+00,
19:46:54.81415370,-1.0000E-01, 1.4533E+00, 1.6667E+00,
19:46:54.81415375,-1.3333E-01, 1.4800E+00, 1.3333E+00,
19:46:54.81415380,-1.3333E-01, 1.4933E+00, 6.6667E-01,
19:46:54.81415385,-6.6667E-02, 1.4800E+00, 6.6667E-01,
19:46:54.81415390,-3.3333E-02, 1.4667E+00, 6.6667E-01,
19:46:54.81415395,-6.6667E-02, 1.4800E+00, 6.6667E-01,
19:46:54.81415400,-1.6667E-01, 1.4533E+00, 6.6667E-01,
19:46:54.81415405,-1.3333E-01, 1.4267E+00, 0.0000E+00,
19:46:54.81415410,-2.0000E-01, 1.4800E+00,-3.3333E-01,
19:46:54.81415415,-1.0000E-01, 1.4667E+00, 1.0000E+00,
19:46:54.81415420,-1.0000E-01, 1.4667E+00, 3.3333E-01,
19:46:54.81415425,-3.3333E-02, 1.4800E+00, 6.6667E-01,
19:46:54.81415430,-1.0000E-01, 1.4667E+00, 3.3333E-01,
19:46:54.81415435,-1.0000E-01, 1.4533E+00, 6.6667E-01,
19:46:54.81415440,-1.0000E-01, 1.4533E+00, 3.3333E-01,
19:46:54.81415445,-1.0000E-01, 1.4533E+00, 6.6667E-01,
19:46:54.81415450,-6.6667E-02, 1.4267E+00, 0.0000E+00,
19:46:54.81415455,-3.3333E-02, 1.4667E+00, 0.0000E+00,
19:46:54.81415460,-1.3333E-01, 1.4267E+00, 3.3333E-01,
19:46:54.81415465, 0.0000E+00, 1.4533E+00, 6.6667E-01,
19:46:54.81415470,-6.6667E-02, 1.4400E+00, 0.0000E+00,
19:46:54.81415475,-1.6667E-01, 1.4667E+00, 0.0000E+00,
19:46:54.81415480,-6.6667E-02, 1.4800E+00, 1.6667E+00,
19:46:54.81415485,-1.0000E-01, 1.4667E+00, 6.6667E-01,
19:46:54.81415490,-1.0000E-01, 1.4667E+00, 6.6667E-01,
19:46:54.81415495,-6.6667E-02, 1.4267E+00, 0.0000E+00,
19:46:54.81415500,-6.6667E-02, 1.4267E+00, 0.0000E+00,
19:46:54.81415505,-1.0000E-01, 1.4533E+00,-1.0000E+00,
19:46:54.81415510,-6.6667E-02, 1.4267E+00, 3.3333E-01,
19:46:54.81415515,-3.3333E-02, 1.4400E+00,-3.3333E-01,
19:46:54.81415520,-3.3333E-02, 1.4533E+00, 0.0000E+00,
19:46:54.81415525,-6.6667E-02, 1.4400E+00, 0.0000E+00,
19:46:54.81415530,-1.0000E-01, 1.4667E+00, 0.0000E+00,
19:46:54.81415535,-6.6667E-02, 1.4267E+00, 0.0000E+00,
19:46:54.81415540,-1.0000E-01, 1.4800E+00, 0.0000E+00,
19:46:54.81415545,-6.6667E-02, 1.4400E+00,-3.3333E-01,
19:46:54.81415550,-1.0000E-01, 1.4667E+00,-6.6667E-01,
19:46:54.81415555,-6.6667E-02, 1.4267E+00,-6.6667E-01,
19:46:54.81415560,-1.0000E-01, 1.4533E+00,-3.3333E-01,
19:46:54.81415565,-1.3333E-01, 1.4533E+00, 0.0000E+00,
19:46:54.81415570,-1.3333E-01, 1.4267E+00,-1.0000E+00,
19:46:54.81415575,-6.6667E-02, 1.4267E+00,-1.0000E+00,
19:46:54.81415580,-3.3333E-02, 1.4400E+00, 0.0000E+00,
19:46:54.81415585,-1.6667E-01, 1.4267E+00,-1.0000E+00,
19:46:54.81415590,-3.3333E-02, 1.4267E+00,-3.3333E-01,
19:46:54.81415595,-6.6667E-02, 1.4267E+00,-1.0000E+00,
19:46:54.81415600,-3.3333E-02, 1.4267E+00,-1.0000E+00,
19:46:54.81415605,-6.6667E-02, 1.4133E+00,-6.6667E-01,
19:46:54.81415610,-6.6667E-02, 1.4267E+00,-1.0000E+00,
19:46:54.81415615,-1.3333E-01, 1.4533E+00,-1.3333E+00,
19:46:54.81415620,-1.3333E-01, 1.4400E+00,-3.3333E-01,
19:46:54.81415625,-1.0000E-01, 1.4267E+00,-6.6667E-01,
19:46:54.81415630,-2.0000E-01, 1.4400E+00,-6.6667E-01,
19:46:54.81415635,-6.6667E-02, 1.4267E+00,-1.3333E+00,
19:46:54.81415640,-1.0000E-01, 1.4267E+00,-6.6667E-01,
19:46:54.81415645, 0.0000E+00, 1.4267E+00,-1.0000E+00,
19:46:54.81415650,-6.6667E-02, 1.4000E+00,-1.3333E+00,
19:46:54.81415655,-1.0000E-01, 1.4133E+00,-1.3333E+00,
19:46:54.81415660,-6.6667E-02, 1.4267E+00,-1.0000E+00,
19:46:54.81415665,-1.0000E-01, 1.4267E+00,-1.3333E+00,
19:46:54.81415670,-1.3333E-01, 1.4400E+00,-6.6667E-01,
19:46:54.81415675, 3.3333E-02, 1.4267E+00,-3.3333E-01,
19:46:54.81415680,-1.0000E-01, 1.4000E+00,-1.0000E+00,
19:46:54.81415685,-6.6667E-02, 1.4133E+00,-1.6667E+00,
19:46:54.81415690,-1.3333E-01, 1.4267E+00,-1.6667E+00,
19:46:54.81415695,-6.6667E-02, 1.4267E+00,-1.6667E+00,
19:46:54.81415700,-1.3333E-01, 1.4133E+00,-1.3333E+00,
19:46:54.81415705,-6.6667E-02, 1.4267E+00,-1.6667E+00,
19:46:54.81415710,-1.3333E-01, 1.4133E+00,-1.6667E+00,
19:46:54.81415715,-1.3333E-01, 1.3867E+00,-1.3333E+00,
19:46:54.81415720,-1.0000E-01, 1.4267E+00,-1.6667E+00,
19:46:54.81415725,-6.6667E-02, 1.4133E+00,-1.0000E+00,
19:46:54.81415730,-6.6667E-02, 1.4133E+00,-1.0000E+00,
19:46:54.81415735,-6.6667E-02, 1.4133E+00,-1.6667E+00,
19:46:54.81415740,-6.6667E-02, 1.4133E+00,-1.6667E+00,
19:46:54.81415745,-6.6667E-02, 1.4133E+00,-1.6667E+00,
19:46:54.81415750,-6.6667E-02, 1.4133E+00,-1.6667E+00,
19:46:54.81415755,-1.0000E-01, 1.4133E+00,-1.3333E+00,
19:46:54.81415760,-1.0000E-01, 1.4000E+00,-1.0000E+00,
19:46:54.81415765,-6.6667E-02, 1.4133E+00,-1.3333E+00,
19:46:54.81415770,-1.3333E-01, 1.3867E+00,-1.0000E+00,
19:46:54.81415775, 0.0000E+00, 1.3867E+00,-1.6667E+00,
19:46:54.81415780,-1.3333E-01, 1.3867E+00,-1.6667E+00,
19:46:54.81415785,-1.0000E-01, 1.3733E+00,-2.0000E+00,
19:46:54.81415790,-1.0000E-01, 1.4133E+00,-1.6667E+00,
19:46:54.81415795,-1.3333E-01, 1.4000E+00,-1.0000E+00,
19:46:54.81415800,-1.0000E-01, 1.4000E+00,-1.6667E+00,
19:46:54.81415805,-6.6667E-02, 1.3867E+00,-1.3333E+00,
19:46:54.81415810,-6.6667E-02, 1.4267E+00,-1.6667E+00,
19:46:54.81415815, 0.0000E+00, 1.4133E+00,-6.6667E-01,
19:46:54.81415820, 0.0000E+00, 1.4000E+00,-1.6667E+00,
19:46:54.81415825,-1.0000E-01, 1.4000E+00,-1.6667E+00,
19:46:54.81415830,-6.6667E-02, 1.3867E+00,-1.3333E+00,
19:46:54.81415835,-1.0000E-01, 1.3733E+00,-1.6667E+00,
19:46:54.81415840,-6.6667E-02, 1.3733E+00,-2.0000E+00,
19:46:54.81415845,-6.6667E-02, 1.3733E+00,-1.6667E+00,
19:46:54.81415850,-1.0000E-01, 1.3467E+00,-2.0000E+00,
19:46:54.81415855,-3.3333E-02, 1.3733E+00,-1.3333E+00,
19:46:54.81415860,-1.3333E-01, 1.3733E+00,-1.6667E+00,
19:46:54.81415865,-1.0000E-01, 1.4000E+00,-1.3333E+00,
19:46:54.81415870,-1.6667E-01, 1.3600E+00,-1.6667E+00,
19:46:54.81415875,-6.6667E-02, 1.3600E+00,-1.6667E+00,
19:46:54.81415880,-1.3333E-01, 1.3600E+00,-1.6667E+00,
19:46:54.81415885,-6.6667E-02, 1.3600E+00,-2.0000E+00,
19:46:54.81415890,-1.3333E-01, 1.3600E+00,-1.6667E+00,
19:46:54.81415895,-1.0000E-01, 1.3600E+00,-2.0000E+00,
19:46:54.81415900,-1.0000E-01, 1.3333E+00,-1.6667E+00,
19:46:54.81415905,-6.6667E-02, 1.3467E+00,-2.0000E+00,
19:46:54.81415910,-6.6667E-02, 1.3600E+00,-1.6667E+00,
19:46:54.81415915,-1.0000E-01, 1.3733E+00,-1.6667E+00,
19:46:54.81415920,-6.6667E-02, 1.3600E+00,-1.3333E+00,
19:46:54.81415925,-1.0000E-01, 1.3600E+00,-2.0000E+00,
19:46:54.81415930,-6.6667E-02, 1.3733E+00,-1.3333E+00,
19:46:54.81415935,-6.6667E-02, 1.3200E+00,-1.6667E+00,
19:46:54.81415940,-6.6667E-02, 1.3200E+00,-1.6667E+00,
19:46:54.81415945,-6.6667E-02, 1.3067E+00,-1.6667E+00,
19:46:54.81415950,-6.6667E-02, 1.3600E+00,-2.0000E+00,
19:46:54.81415955,-1.0000E-01, 1.3600E+00,-2.0000E+00,
19:46:54.81415960,-1.3333E-01, 1.3333E+00,-1.6667E+00,
19:46:54.81415965,-1.3333E-01, 1.3333E+00,-1.6667E+00,
19:46:54.81415970,-6.6667E-02, 1.3333E+00,-2.3333E+00,
19:46:54.81415975,-6.6667E-02, 1.2933E+00,-1.6667E+00,
19:46:54.81415980,-3.3333E-02, 1.3333E+00,-2.0000E+00,
19:46:54.81415985,-6.6667E-02, 1.3067E+00,-2.3333E+00,
19:46:54.81415990,-1.3333E-01, 1.3200E+00,-2.3333E+00,
19:46:54.81415995,-1.0000E-01, 1.2933E+00,-1.6667E+00,
19:46:54.81416000,-3.3333E-02, 1.3067E+00,-1.6667E+00,
19:46:54.81416005,-1.3333E-01, 1.3067E+00,-1.3333E+00,
19:46:54.81416010,-6.6667E-02, 1.3067E+00,-1.6667E+00,
19:46:54.81416015,-3.3333E-02, 1.3067E+00,-2.0000E+00,
19:46:54.81416020,-6.6667E-02, 1.3333E+00,-2.3333E+00,
19:46:54.81416025,-1.3333E-01, 1.3467E+00,-2.0000E+00,
19:46:54.81416030,-3.3333E-02, 1.3333E+00,-2.3333E+00,
19:46:54.81416035,-6.6667E-02, 1.2933E+00,-2.3333E+00,
19:46:54.81416040,-6.6667E-02, 1.3067E+00,-1.6667E+00,
19:46:54.81416045,-1.3333E-01, 1.3200E+00,-2.3333E+00,
19:46:54.81416050,-1.0000E-01, 1.2933E+00,-2.0000E+00,
19:46:54.81416055,-1.3333E-01, 1.3067E+00,-2.3333E+00,
19:46:54.81416060,-1.0000E-01, 1.3200E+00,-2.3333E+00,
19:46:54.81416065,-3.3333E-02, 1.3067E+00,-1.6667E+00,
19:46:54.81416070,-6.6667E-02, 1.3067E+00,-1.3333E+00,
19:46:54.81416075,-6.6667E-02, 1.2933E+00,-1.6667E+00,
19:46:54.81416080,-6.6667E-02, 1.3067E+00,-1.6667E+00,
19:46:54.81416085,-6.6667E-02, 1.2933E+00,-1.6667E+00,
19:46:54.81416090,-1.0000E-01, 1.3067E+00,-2.3333E+00,
19:46:54.81416095,-1.3333E-01, 1.3067E+00,-2.3333E+00,
19:46:54.81416100,-6.6667E-02, 1.2933E+00,-2.3333E+00,
19:46:54.81416105,-1.3333E-01, 1.3200E+00,-1.6667E+00,
19:46:54.81416110,-6.6667E-02, 1.2933E+00,-1.6667E+00,
19:46:54.81416115,-6.6667E-02, 1.2933E+00,-2.3333E+00,
19:46:54.81416120,-6.6667E-02, 1.2933E+00,-1.6667E+00,
19:46:54.81416125,-6.6667E-02, 1.2933E+00,-1.6667E+00,
19:46:54.81416130,-6.6667E-02, 1.2533E+00,-1.6667E+00,
19:46:54.81416135,-6.6667E-02, 1.2400E+00,-2.3333E+00,
19:46:54.81416140,-6.6667E-02, 1.2933E+00,-3.0000E+00,
19:46:54.81416145,-6.6667E-02, 1.2800E+00,-2.3333E+00,
19:46:54.81416150,-6.6667E-02, 1.2800E+00,-2.3333E+00,
19:46:54.81416155,-1.3333E-01, 1.2667E+00,-1.6667E+00,
19:46:54.81416160,-3.3333E-02, 1.2800E+00,-2.0000E+00,
19:46:54.81416165,-1.3333E-01, 1.3067E+00,-1.6667E+00,
19:46:54.81416170,-1.0000E-01, 1.2800E+00,-2.3333E+00,
19:46:54.81416175,-3.3333E-02, 1.2933E+00,-2.3333E+00,
19:46:54.81416180,-1.0000E-01, 1.2667E+00,-1.6667E+00,
19:46:54.81416185,-6.6667E-02, 1.2933E+00,-1.6667E+00,
19:46:54.81416190,-1.0000E-01, 1.2667E+00,-2.6667E+00,
19:46:54.81416195,-1.3333E-01, 1.2533E+00,-2.3333E+00,
19:46:54.81416200,-1.0000E-01, 1.2800E+00,-2.0000E+00,
19:46:54.81416205,-6.6667E-02, 1.2667E+00,-2.3333E+00,
19:46:54.81416210,-1.3333E-01, 1.2533E+00,-1.6667E+00,
19:46:54.81416215,-1.0000E-01, 1.2533E+00,-3.0000E+00,
19:46:54.81416220,-6.6667E-02, 1.2933E+00,-2.6667E+00,
19:46:54.81416225,-6.6667E-02, 1.2933E+00,-2.0000E+00,
19:46:54.81416230,-3.3333E-02, 1.2667E+00,-2.0000E+00,
19:46:54.81416235,-6.6667E-02, 1.2400E+00,-2.0000E+00,
19:46:54.81416240,-6.6667E-02, 1.2400E+00,-1.6667E+00,
19:46:54.81416245,-1.3333E-01, 1.2800E+00,-2.0000E+00,
19:46:54.81416250, 0.0000E+00, 1.2533E+00,-1.6667E+00,
19:46:54.81416255,-1.6667E-01, 1.2667E+00,-3.0000E+00,
19:46:54.81416260,-3.3333E-02, 1.2667E+00,-2.6667E+00,
19:46:54.81416265,-2.0000E-01, 1.2800E+00,-1.6667E+00,
19:46:54.81416270, 0.0000E+00, 1.2533E+00,-1.6667E+00,
19:46:54.81416275,-6.6667E-02, 1.2267E+00,-2.0000E+00,
19:46:54.81416280,-1.0000E-01, 1.2533E+00,-2.0000E+00,
19:46:54.81416285,-1.0000E-01, 1.2267E+00,-1.6667E+00,
19:46:54.81416290,-2.0000E-01, 1.2400E+00,-1.6667E+00,
19:46:54.81416295,-1.3333E-01, 1.2533E+00,-1.3333E+00,
19:46:54.81416300,-1.0000E-01, 1.2400E+00,-2.0000E+00,
19:46:54.81416305,-1.6667E-01, 1.2267E+00,-2.3333E+00,
19:46:54.81416310,-1.3333E-01, 1.2133E+00,-2.0000E+00,
19:46:54.81416315,-6.6667E-02, 1.2267E+00,-2.3333E+00,
19:46:54.81416320,-6.6667E-02, 1.2267E+00,-1.6667E+00,
19:46:54.81416325, 3.3333E-02, 1.2400E+00,-2.0000E+00,
19:46:54.81416330,-1.0000E-01, 1.2133E+00,-1.6667E+00,
19:46:54.81416335,-6.6667E-02, 1.2133E+00,-2.0000E+00,
19:46:54.81416340,-1.3333E-01, 1.2267E+00,-2.3333E+00,
19:46:54.81416345,-1.0000E-01, 1.2133E+00,-2.0000E+00,
19:46:54.81416350,-1.0000E-01, 1.2000E+00,-1.6667E+00,
19:46:54.81416355,-1.3333E-01, 1.2000E+00,-2.3333E+00,
19:46:54.81416360,-1.0000E-01, 1.2267E+00,-1.6667E+00,
19:46:54.81416365,-6.6667E-02, 1.2133E+00,-2.0000E+00,
19:46:54.81416370,-1.0000E-01, 1.2133E+00,-1.6667E+00,
19:46:54.81416375,-1.0000E-01, 1.2000E+00,-1.6667E+00,
19:46:54.81416380,-1.0000E-01, 1.2533E+00,-1.6667E+00,
19:46:54.81416385,-1.0000E-01, 1.2000E+00,-2.0000E+00,
19:46:54.81416390,-2.0000E-01, 1.2000E+00,-2.6667E+00,
19:46:54.81416395,-1.3333E-01, 1.2133E+00,-1.3333E+00,
19:46:54.81416400,-3.3333E-02, 1.1600E+00,-2.0000E+00,
19:46:54.81416405,-6.6667E-02, 1.2267E+00,-1.6667E+00,
19:46:54.81416410,-1.6667E-01, 1.2400E+00,-2.0000E+00,
19:46:54.81416415,-1.0000E-01, 1.2133E+00,-2.3333E+00,
19:46:54.81416420,-1.0000E-01, 1.2267E+00,-1.6667E+00,
19:46:54.81416425,-6.6667E-02, 1.2267E+00,-1.3333E+00,
19:46:54.81416430,-3.3333E-02, 1.1733E+00,-2.0000E+00,
19:46:54.81416435,-3.3333E-02, 1.1733E+00,-1.6667E+00,
19:46:54.81416440,-6.6667E-02, 1.2000E+00,-1.0000E+00,
19:46:54.81416445,-1.0000E-01, 1.2000E+00,-1.6667E+00,
19:46:54.81416450,-1.0000E-01, 1.2267E+00,-1.3333E+00,
19:46:54.81416455,-1.0000E-01, 1.2133E+00,-1.0000E+00,
19:46:54.81416460,-1.0000E-01, 1.2000E+00,-1.6667E+00,
19:46:54.81416465,-1.0000E-01, 1.2133E+00,-1.6667E+00,
19:46:54.81416470,-6.6667E-02, 1.1600E+00,-1.6667E+00,
19:46:54.81416475,-6.6667E-02, 1.2133E+00,-1.6667E+00,
19:46:54.81416480,-6.6667E-02, 1.1867E+00,-1.6667E+00,
19:46:54.81416485,-1.6667E-01, 1.2000E+00,-1.0000E+00,
19:46:54.81416490,-1.0000E-01, 1.1867E+00,-3.3333E-01,
19:46:54.81416495,-1.3333E-01, 1.2000E+00,-1.0000E+00,
19:46:54.81416500,-6.6667E-02, 1.1733E+00,-1.3333E+00,
19:46:54.81416505,-3.3333E-02, 1.1733E+00,-2.0000E+00,
19:46:54.81416510,-1.0000E-01, 1.2133E+00,-1.6667E+00,
19:46:54.81416515,-3.3333E-02, 1.1600E+00,-1.6667E+00,
19:46:54.81416520,-1.6667E-01, 1.2000E+00,-1.6667E+00,
19:46:54.81416525, 0.0000E+00, 1.1733E+00,-1.6667E+00,
19:46:54.81416530,-6.6667E-02, 1.2000E+00,-1.6667E+00,
19:46:54.81416535,-1.3333E-01, 1.1867E+00,-1.6667E+00,
19:46:54.81416540,-1.3333E-01, 1.1600E+00,-1.0000E+00,
19:46:54.81416545,-1.0000E-01, 1.2000E+00,-1.3333E+00,
19:46:54.81416550,-6.6667E-02, 1.1733E+00,-1.6667E+00,
19:46:54.81416555,-6.6667E-02, 1.1733E+00,-1.3333E+00,
19:46:54.81416560,-6.6667E-02, 1.1867E+00,-1.3333E+00,
19:46:54.81416565,-6.6667E-02, 1.1600E+00,-1.0000E+00,
19:46:54.81416570,-1.0000E-01, 1.2133E+00,-1.6667E+00,
19:46:54.81416575,-1.3333E-01, 1.1733E+00,-1.0000E+00,
19:46:54.81416580,-1.3333E-01, 1.1733E+00,-1.3333E+00,
19:46:54.81416585,-1.0000E-01, 1.1867E+00,-6.6667E-01,
19:46:54.81416590,-6.6667E-02, 1.1600E+00,-1.0000E+00,
19:46:54.81416595,-1.3333E-01, 1.1733E+00,-1.3333E+00,
19:46:54.81416600, 0.0000E+00, 1.1867E+00,-1.0000E+00,
19:46:54.81416605,-6.6667E-02, 1.1600E+00,-1.0000E+00,
19:46:54.81416610, 0.0000E+00, 1.1867E+00,-1.6667E+00,
19:46:54.81416615,-6.6667E-02, 1.1867E+00,-1.6667E+00,
19:46:54.81416620,-6.6667E-02, 1.1733E+00,-1.0000E+00,
19:46:54.81416625,-6.6667E-02, 1.1733E+00,-1.3333E+00,
19:46:54.81416630,-6.6667E-02, 1.1733E+00,-1.0000E+00,
19:46:54.81416635,-6.6667E-02, 1.1600E+00,-1.0000E+00,
19:46:54.81416640,-6.6667E-02, 1.1733E+00,-1.6667E+00,
19:46:54.81416645,-6.6667E-02, 1.1600E+00,-6.6667E-01,
19:46:54.81416650,-1.0000E-01, 1.1733E+00,-6.6667E-01,
19:46:54.81416655,-1.0000E-01, 1.1733E+00,-1.3333E+00,
19:46:54.81416660,-6.6667E-02, 1.1733E+00,-1.3333E+00,
19:46:54.81416665, 0.0000E+00, 1.1733E+00,-1.0000E+00,
19:46:54.81416670,-1.0000E-01, 1.1600E+00,-3.3333E-01,
19:46:54.81416675,-6.6667E-02, 1.1600E+00,-1.3333E+00,
19:46:54.81416680,-1.0000E-01, 1.1867E+00,-1.3333E+00,
19:46:54.81416685,-3.3333E-02, 1.1733E+00,-1.0000E+00,
19:46:54.81416690,-1.0000E-01, 1.1600E+00,-3.3333E-01,
19:46:54.81416695,-6.6667E-02, 1.1867E+00,-3.3333E-01,
19:46:54.81416700,-6.6667E-02, 1.1733E+00,-3.3333E-01,
19:46:54.81416705,-6.6667E-02, 1.1467E+00,-1.0000E+00,
19:46:54.81416710,-1.0000E-01, 1.1733E+00,-6.6667E-01,
19:46:54.81416715,-1.0000E-01, 1.1733E+00,-1.0000E+00,
19:46:54.81416720,-1.0000E-01, 1.1733E+00,-6.6667E-01,
19:46:54.81416725,-6.6667E-02, 1.1600E+00,-1.3333E+00,
19:46:54.81416730,-6.6667E-02, 1.1600E+00,-6.6667E-01,
19:46:54.81416735,-1.3333E-01, 1.1600E+00, 3.3333E-01,
19:46:54.81416740,-1.0000E-01, 1.1733E+00,-3.3333E-01,
19:46:54.81416745,-1.0000E-01, 1.1733E+00,-6.6667E-01,
19:46:54.81416750, 0.0000E+00, 1.1867E+00, 0.0000E+00,
19:46:54.81416755,-1.0000E-01, 1.1733E+00,-6.6667E-01,
19:46:54.81416760,-1.0000E-01, 1.1600E+00,-6.6667E-01,
19:46:54.81416765,-6.6667E-02, 1.1867E+00,-6.6667E-01,
19:46:54.81416770,-1.6667E-01, 1.1867E+00,-3.3333E-01,
19:46:54.81416775,-6.6667E-02, 1.1733E+00,-3.3333E-01,
19:46:54.81416780,-6.6667E-02, 1.1467E+00,-6.6667E-01,
19:46:54.81416785, 0.0000E+00, 1.1467E+00,-3.3333E-01,
19:46:54.81416790,-1.0000E-01, 1.1733E+00, 0.0000E+00,
19:46:54.81416795,-1.0000E-01, 1.1333E+00,-3.3333E-01,
19:46:54.81416800, 0.0000E+00, 1.1600E+00,-1.0000E+00,
19:46:54.81416805,-6.6667E-02, 1.1600E+00, 0.0000E+00,
19:46:54.81416810,-1.3333E-01, 1.1467E+00,-3.3333E-01,
19:46:54.81416815,-1.0000E-01, 1.1200E+00,-1.0000E+00,
19:46:54.81416820,-1.0000E-01, 1.1600E+00,-6.6667E-01,
19:46:54.81416825,-6.6667E-02, 1.1600E+00, 6.6667E-01,
19:46:54.81416830,-1.3333E-01, 1.1467E+00,-3.3333E-01,
19:46:54.81416835,-6.6667E-02, 1.1600E+00,-3.3333E-01,
19:46:54.81416840,-1.0000E-01, 1.1600E+00,-3.3333E-01,
19:46:54.81416845,-6.6667E-02, 1.1733E+00, 0.0000E+00,
19:46:54.81416850, 3.3333E-02, 1.1867E+00, 0.0000E+00,
19:46:54.81416855,-3.3333E-02, 1.1600E+00,-6.6667E-01,
19:46:54.81416860,-6.6667E-02, 1.1600E+00, 0.0000E+00,
19:46:54.81416865,-1.6667E-01, 1.1467E+00, 3.3333E-01,
19:46:54.81416870,-1.3333E-01, 1.1600E+00,-3.3333E-01,
19:46:54.81416875,-6.6667E-02, 1.1600E+00, 0.0000E+00,
19:46:54.81416880,-1.0000E-01, 1.1733E+00, 3.3333E-01,
19:46:54.81416885,-3.3333E-02, 1.1867E+00, 6.6667E-01,
19:46:54.81416890,-6.6667E-02, 1.1600E+00, 3.3333E-01,
19:46:54.81416895,-6.6667E-02, 1.1733E+00, 0.0000E+00,
19:46:54.81416900,-3.3333E-02, 1.1600E+00, 0.0000E+00,
19:46:54.81416905,-1.3333E-01, 1.1733E+00, 0.0000E+00,
19:46:54.81416910,-3.3333E-02, 1.1600E+00, 3.3333E-01,
19:46:54.81416915,-6.6667E-02, 1.1600E+00,-3.3333E-01,
19:46:54.81416920,-6.6667E-02, 1.1467E+00, 6.6667E-01,
19:46:54.81416925,-1.6667E-01, 1.1600E+00, 6.6667E-01,
19:46:54.81416930,-1.0000E-01, 1.1600E+00, 3.3333E-01,
19:46:54.81416935,-1.6667E-01, 1.1600E+00, 1.3333E+00,
19:46:54.81416940,-1.0000E-01, 1.1733E+00, 6.6667E-01,
19:46:54.81416945, 0.0000E+00, 1.1467E+00, 3.3333E-01,
19:46:54.81416950,-1.0000E-01, 1.1600E+00, 6.6667E-01,
19:46:54.81416955,-1.0000E-01, 1.1600E+00, 1.0000E+00,
19:46:54.81416960,-3.3333E-02, 1.1600E+00, 0.0000E+00,
19:46:54.81416965,-6.6667E-02, 1.1467E+00, 3.3333E-01,
19:46:54.81416970,-3.3333E-02, 1.1600E+00, 3.3333E-01,
19:46:54.81416975,-3.3333E-02, 1.1867E+00, 3.3333E-01,
19:46:54.81416980,-6.6667E-02, 1.1867E+00, 6.6667E-01,
19:46:54.81416985,-6.6667E-02, 1.1600E+00, 6.6667E-01,
19:46:54.81416990,-6.6667E-02, 1.1733E+00, 6.6667E-01,
19:46:54.81416995,-1.0000E-01, 1.1600E+00, 3.3333E-01,
19:46:54.81417000,-6.6667E-02, 1.1733E+00, 0.0000E+00,
19:46:54.81417005,-1.0000E-01, 1.1333E+00, 1.0000E+00,
19:46:54.81417010,-3.3333E-02, 1.1467E+00, 1.0000E+00,
19:46:54.81417015,-6.6667E-02, 1.1733E+00, 6.6667E-01,
19:46:54.81417020,-6.6667E-02, 1.1600E+00, 3.3333E-01,
19:46:54.81417025,-6.6667E-02, 1.1600E+00, 0.0000E+00,
19:46:54.81417030,-1.0000E-01, 1.1867E+00, 6.6667E-01,
19:46:54.81417035, 0.0000E+00, 1.1733E+00, 1.0000E+00,
19:46:54.81417040,-1.0000E-01, 1.1600E+00, 6.6667E-01,
19:46:54.81417045,-1.3333E-01, 1.1733E+00, 6.6667E-01,
19:46:54.81417050,-1.0000E-01, 1.1600E+00, 1.6667E+00,
19:46:54.81417055, 0.0000E+00, 1.1867E+00, 1.3333E+00,
19:46:54.81417060,-3.3333E-02, 1.2000E+00, 1.0000E+00,
19:46:54.81417065,-1.0000E-01, 1.2000E+00, 1.0000E+00,
19:46:54.81417070,-1.3333E-01, 1.1600E+00, 1.3333E+00,
19:46:54.81417075,-6.6667E-02, 1.1600E+00, 1.3333E+00,
19:46:54.81417080,-6.6667E-02, 1.1867E+00, 1.0000E+00,
19:46:54.81417085,-1.0000E-01, 1.2000E+00, 1.3333E+00,
19:46:54.81417090,-3.3333E-02, 1.2133E+00, 1.6667E+00,
19:46:54.81417095,-3.3333E-02, 1.1733E+00, 1.0000E+00,
19:46:54.81417100,-1.3333E-01, 1.1733E+00, 1.3333E+00,
19:46:54.81417105,-1.0000E-01, 1.1867E+00, 6.6667E-01,
19:46:54.81417110,-1.0000E-01, 1.1867E+00, 6.6667E-01,
19:46:54.81417115,-6.6667E-02, 1.1600E+00, 1.3333E+00,
19:46:54.81417120,-1.0000E-01, 1.1867E+00, 1.0000E+00,
19:46:54.81417125,-3.3333E-02, 1.1867E+00, 6.6667E-01,
19:46:54.81417130,-6.6667E-02, 1.1733E+00, 1.0000E+00,
19:46:54.81417135,-3.3333E-02, 1.1600E+00, 1.3333E+00,
19:46:54.81417140,-1.0000E-01, 1.1733E+00, 6.6667E-01,
19:46:54.81417145,-3.3333E-02, 1.2133E+00, 6.6667E-01,
19:46:54.81417150,-1.3333E-01, 1.2267E+00, 1.3333E+00,
19:46:54.81417155,-3.3333E-02, 1.1733E+00, 3.3333E-01,
19:46:54.81417160,-1.3333E-01, 1.1733E+00, 6.6667E-01,
19:46:54.81417165,-6.6667E-02, 1.1600E+00, 1.3333E+00,
19:46:54.81417170,-6.6667E-02, 1.2000E+00, 1.3333E+00,
19:46:54.81417175,-3.3333E-02, 1.2400E+00, 6.6667E-01,
19:46:54.81417180,-3.3333E-02, 1.2000E+00, 1.3333E+00,
19:46:54.81417185, 0.0000E+00, 1.1733E+00, 1.3333E+00,
19:46:54.81417190,-1.0000E-01, 1.2000E+00, 1.6667E+00,
19:46:54.81417195,-6.6667E-02, 1.2000E+00, 1.0000E+00,
19:46:54.81417200,-6.6667E-02, 1.2000E+00, 1.3333E+00,
19:46:54.81417205,-1.3333E-01, 1.2267E+00, 1.6667E+00,
19:46:54.81417210,-6.6667E-02, 1.2133E+00, 6.6667E-01,
19:46:54.81417215,-1.0000E-01, 1.2000E+00, 1.6667E+00,
19:46:54.81417220,-6.6667E-02, 1.1733E+00, 1.0000E+00,
19:46:54.81417225, 0.0000E+00, 1.2000E+00, 1.3333E+00,
19:46:54.81417230,-6.6667E-02, 1.2133E+00, 1.0000E+00,
19:46:54.81417235,-6.6667E-02, 1.1867E+00, 1.6667E+00,
19:46:54.81417240,-3.3333E-02, 1.2000E+00, 1.3333E+00,
19:46:54.81417245,-6.6667E-02, 1.2000E+00, 1.0000E+00,
19:46:54.81417250,-3.3333E-02, 1.2133E+00, 1.3333E+00,
19:46:54.81417255,-3.3333E-02, 1.2000E+00, 6.6667E-01,
19:46:54.81417260,-6.6667E-02, 1.2267E+00, 1.6667E+00,
19:46:54.81417265,-3.3333E-02, 1.1867E+00, 1.6667E+00,
19:46:54.81417270,-1.3333E-01, 1.2133E+00, 1.6667E+00,
19:46:54.81417275,-6.6667E-02, 1.2000E+00, 1.6667E+00,
19:46:54.81417280, 0.0000E+00, 1.2133E+00, 1.6667E+00,
19:46:54.81417285, 0.0000E+00, 1.2267E+00, 1.3333E+00,
19:46:54.81417290,-3.3333E-02, 1.2133E+00, 1.6667E+00,
19:46:54.81417295, 0.0000E+00, 1.2267E+00, 6.6667E-01,
19:46:54.81417300,-3.3333E-02, 1.2267E+00, 1.6667E+00,
19:46:54.81417305,-1.0000E-01, 1.2000E+00, 1.6667E+00,
19:46:54.81417310,-6.6667E-02, 1.2267E+00, 1.3333E+00,
19:46:54.81417315,-6.6667E-02, 1.2000E+00, 1.6667E+00,
19:46:54.81417320,-1.6667E-01, 1.2667E+00, 1.6667E+00,
19:46:54.81417325,-3.3333E-02, 1.2267E+00, 1.6667E+00,
19:46:54.81417330, 3.3333E-02, 1.2267E+00, 1.6667E+00,
19:46:54.81417335,-6.6667E-02, 1.2267E+00, 1.3333E+00,
19:46:54.81417340,-3.3333E-02, 1.2133E+00, 1.6667E+00,
19:46:54.81417345,-6.6667E-02, 1.2000E+00, 1.6667E+00,
19:46:54.81417350,-1.0000E-01, 1.2400E+00, 1.6667E+00,
19:46:54.81417355, 0.0000E+00, 1.2533E+00, 1.6667E+00,
19:46:54.81417360,-1.0000E-01, 1.2000E+00, 1.6667E+00,
19:46:54.81417365,-6.6667E-02, 1.2400E+00, 1.6667E+00,
19:46:54.81417370,-6.6667E-02, 1.2267E+00, 1.3333E+00,
19:46:54.81417375,-1.0000E-01, 1.2267E+00, 1.3333E+00,
19:46:54.81417380,-6.6667E-02, 1.2267E+00, 2.3333E+00,
19:46:54.81417385,-1.0000E-01, 1.2133E+00, 1.0000E+00,
19:46:54.81417390,-3.3333E-02, 1.2400E+00, 1.6667E+00,
19:46:54.81417395,-1.3333E-01, 1.2000E+00, 1.6667E+00,
19:46:54.81417400,-6.6667E-02, 1.2000E+00, 1.6667E+00,
19:46:54.81417405,-3.3333E-02, 1.2533E+00, 1.6667E+00,
19:46:54.81417410,-3.3333E-02, 1.2400E+00, 2.0000E+00,
19:46:54.81417415,-3.3333E-02, 1.2267E+00, 1.6667E+00,
19:46:54.81417420, 3.3333E-02, 1.2400E+00, 2.0000E+00,
19:46:54.81417425,-3.3333E-02, 1.2400E+00, 1.3333E+00,
19:46:54.81417430,-3.3333E-02, 1.2400E+00, 2.0000E+00,
19:46:54.81417435,-6.6667E-02, 1.2667E+00, 2.0000E+00,
19:46:54.81417440,-1.0000E-01, 1.2267E+00, 1.6667E+00,
19:46:54.81417445, 0.0000E+00, 1.2667E+00, 2.0000E+00,
19:46:54.81417450,-6.6667E-02, 1.2667E+00, 1.6667E+00,
19:46:54.81417455,-6.6667E-02, 1.2533E+00, 1.3333E+00,
19:46:54.81417460,-1.0000E-01, 1.2267E+00, 1.6667E+00,
19:46:54.81417465,-3.3333E-02, 1.2533E+00, 2.3333E+00,
19:46:54.81417470,-6.6667E-02, 1.2667E+00, 1.6667E+00,
19:46:54.81417475,-3.3333E-02, 1.2400E+00, 2.0000E+00,
19:46:54.81417480,-1.0000E-01, 1.2533E+00, 1.6667E+00,
19:46:54.81417485,-6.6667E-02, 1.2667E+00, 1.6667E+00,
19:46:54.81417490,-1.3333E-01, 1.2533E+00, 1.6667E+00,
19:46:54.81417495,-6.6667E-02, 1.2933E+00, 1.6667E+00,
19:46:54.81417500,-1.0000E-01, 1.2533E+00, 2.3333E+00,
19:46:54.81417505,-1.0000E-01, 1.2933E+00, 1.6667E+00,
19:46:54.81417510,-3.3333E-02, 1.2800E+00, 2.0000E+00,
19:46:54.81417515,-3.3333E-02, 1.2533E+00, 1.6667E+00,
19:46:54.81417520,-3.3333E-02, 1.2533E+00, 1.6667E+00,
19:46:54.81417525, 3.3333E-02, 1.2533E+00, 1.6667E+00,
19:46:54.81417530,-3.3333E-02, 1.2800E+00, 1.6667E+00,
19:46:54.81417535,-6.6667E-02, 1.2800E+00, 1.6667E+00,
19:46:54.81417540,-1.0000E-01, 1.2800E+00, 1.6667E+00,
19:46:54.81417545,-3.3333E-02, 1.2667E+00, 1.6667E+00,
19:46:54.81417550,-6.6667E-02, 1.2800E+00, 1.6667E+00,
19:46:54.81417555,-6.6667E-02, 1.2533E+00, 1.6667E+00,
19:46:54.81417560, 0.0000E+00, 1.2667E+00, 1.6667E+00,
19:46:54.81417565, 0.0000E+00, 1.2667E+00, 1.6667E+00,
19:46:54.81417570,-6.6667E-02, 1.2667E+00, 2.0000E+00,
19:46:54.81417575, 0.0000E+00, 1.2533E+00, 1.6667E+00,
19:46:54.81417580, 6.6667E-02, 1.2400E+00, 1.6667E+00,
19:46:54.81417585,-6.6667E-02, 1.2933E+00, 1.6667E+00,
19:46:54.81417590,-6.6667E-02, 1.2667E+00, 1.6667E+00,
19:46:54.81417595,-6.6667E-02, 1.2533E+00, 2.0000E+00,
19:46:54.81417600, 0.0000E+00, 1.2800E+00, 1.6667E+00,
19:46:54.81417605,-1.0000E-01, 1.3067E+00, 1.3333E+00,
19:46:54.81417610,-3.3333E-02, 1.2933E+00, 2.3333E+00,
19:46:54.81417615,-6.6667E-02, 1.2400E+00, 2.0000E+00,
19:46:54.81417620,-6.6667E-02, 1.2933E+00, 1.6667E+00,
19:46:54.81417625,-1.0000E-01, 1.2800E+00, 1.6667E+00,
19:46:54.81417630, 0.0000E+00, 1.2933E+00, 1.6667E+00,
19:46:54.81417635, 0.0000E+00, 1.2800E+00, 1.6667E+00,
19:46:54.81417640,-3.3333E-02, 1.2667E+00, 1.6667E+00,
19:46:54.81417645,-6.6667E-02, 1.2533E+00, 2.0000E+00,
19:46:54.81417650, 0.0000E+00, 1.2933E+00, 1.6667E+00,
19:46:54.81417655,-1.0000E-01, 1.2933E+00, 1.3333E+00,
19:46:54.81417660, 3.3333E-02, 1.2933E+00, 2.0000E+00,
19:46:54.81417665, 0.0000E+00, 1.2933E+00, 1.6667E+00,
19:46:54.81417670, 3.3333E-02, 1.2933E+00, 2.0000E+00,
19:46:54.81417675,-6.6667E-02, 1.2933E+00, 1.6667E+00,
19:46:54.81417680, 0.0000E+00, 1.2933E+00, 1.6667E+00,
19:46:54.81417685,-1.3333E-01, 1.3067E+00, 1.6667E+00,
19:46:54.81417690,-3.3333E-02, 1.2933E+00, 1.6667E+00,
