"Header Size"           ,15              
"Model Name"            ,"DL850EV       "
"Comment"               ,"                         "
"BlockNumber"           ,1               
"TraceName"             ,"Vgate         ","Vds           ","Id            "
"BlockSize"             ,4004            ,4004            ,4004            
"VUnit"                 ,"V             ","V             ","A             "
"SampleRate"            ,20000000.000000 ,20000000.000000 ,20000000.000000 
"HResolution"           ,5.000000e-08    ,5.000000e-08    ,5.000000e-08    
"HOffset"               ,-4.000000e-05   ,-4.000000e-05   ,-4.000000e-05   
"HUnit"                 ,"s             ","s             ","s             "
"DisplayPointNo."       ,1               ,1               ,1               
"PhaseShift"            ,1               ,1               ,1               
"Date"                  ,"2026/04/14    ","2026/04/14    ","2026/04/14    "
"Time"                  ,"18:34:02.94177232","18:34:02.94177232","18:34:02.94177232"

18:34:02.94173232, 1.3333E-02, 3.1333E+00, 0.0000E+00,
18:34:02.94173237,-1.3333E-02, 3.1667E+00,-1.3333E-01,
18:34:02.94173242, 0.0000E+00, 3.2333E+00, 0.0000E+00,
18:34:02.94173247, 1.3333E-02, 3.1667E+00,-1.3333E-01,
18:34:02.94173252, 0.0000E+00, 3.1333E+00,-1.3333E-01,
18:34:02.94173257, 0.0000E+00, 3.1333E+00, 0.0000E+00,
18:34:02.94173262, 1.3333E-02, 3.1333E+00,-1.3333E-01,
18:34:02.94173267, 0.0000E+00, 3.0667E+00, 1.3333E-01,
18:34:02.94173272, 1.3333E-02, 3.1000E+00, 2.6667E-01,
18:34:02.94173277, 2.6667E-02, 3.1000E+00,-2.6667E-01,
18:34:02.94173282, 0.0000E+00, 3.1333E+00, 1.3333E-01,
18:34:02.94173287, 0.0000E+00, 3.1333E+00, 1.3333E-01,
18:34:02.94173292,-1.3333E-02, 3.1667E+00,-1.3333E-01,
18:34:02.94173297,-1.3333E-02, 3.1000E+00,-2.6667E-01,
18:34:02.94173302, 1.3333E-02, 3.1000E+00,-1.3333E-01,
18:34:02.94173307, 0.0000E+00, 3.1667E+00,-1.3333E-01,
18:34:02.94173312,-1.3333E-02, 3.1333E+00, 2.6667E-01,
18:34:02.94173317, 2.6667E-02, 3.2000E+00, 1.3333E-01,
18:34:02.94173322,-2.6667E-02, 3.1333E+00, 0.0000E+00,
18:34:02.94173327, 2.6667E-02, 3.0333E+00, 1.3333E-01,
18:34:02.94173332, 0.0000E+00, 3.1667E+00, 0.0000E+00,
18:34:02.94173337,-2.6667E-02, 3.2000E+00,-1.3333E-01,
18:34:02.94173342,-1.3333E-02, 3.0667E+00, 0.0000E+00,
18:34:02.94173347, 0.0000E+00, 3.1667E+00,-1.3333E-01,
18:34:02.94173352,-4.0000E-02, 3.1333E+00, 2.6667E-01,
18:34:02.94173357,-2.6667E-02, 3.1333E+00, 0.0000E+00,
18:34:02.94173362, 0.0000E+00, 3.2333E+00, 0.0000E+00,
18:34:02.94173367, 1.3333E-02, 3.1000E+00, 2.6667E-01,
18:34:02.94173372,-1.3333E-02, 3.2000E+00, 2.6667E-01,
18:34:02.94173377, 0.0000E+00, 3.2000E+00,-1.3333E-01,
18:34:02.94173382, 0.0000E+00, 3.1667E+00,-1.3333E-01,
18:34:02.94173387,-2.6667E-02, 3.1333E+00, 2.6667E-01,
18:34:02.94173392,-4.0000E-02, 3.0333E+00, 1.3333E-01,
18:34:02.94173397,-2.6667E-02, 3.1333E+00, 0.0000E+00,
18:34:02.94173402, 0.0000E+00, 3.1667E+00, 0.0000E+00,
18:34:02.94173407,-1.3333E-02, 3.1667E+00,-1.3333E-01,
18:34:02.94173412,-2.6667E-02, 3.1333E+00, 1.3333E-01,
18:34:02.94173417, 1.3333E-02, 3.1667E+00,-1.3333E-01,
18:34:02.94173422, 1.3333E-02, 3.1667E+00, 2.6667E-01,
18:34:02.94173427,-1.3333E-02, 3.1000E+00, 2.6667E-01,
18:34:02.94173432,-1.3333E-02, 3.1333E+00,-2.6667E-01,
18:34:02.94173437,-5.3333E-02, 3.1667E+00, 0.0000E+00,
18:34:02.94173442, 0.0000E+00, 3.1000E+00, 0.0000E+00,
18:34:02.94173447, 0.0000E+00, 3.1333E+00,-2.6667E-01,
18:34:02.94173452, 1.3333E-02, 3.1333E+00,-1.3333E-01,
18:34:02.94173457,-1.3333E-02, 3.1000E+00, 1.3333E-01,
18:34:02.94173462, 1.3333E-02, 3.1667E+00,-2.6667E-01,
18:34:02.94173467,-1.3333E-02, 3.1000E+00,-2.6667E-01,
18:34:02.94173472,-2.6667E-02, 3.1667E+00, 0.0000E+00,
18:34:02.94173477,-1.3333E-02, 3.1667E+00,-1.3333E-01,
18:34:02.94173482,-1.3333E-02, 3.2000E+00,-1.3333E-01,
18:34:02.94173487,-1.3333E-02, 3.1000E+00,-2.6667E-01,
18:34:02.94173492,-4.0000E-02, 3.1667E+00,-2.6667E-01,
18:34:02.94173497,-2.6667E-02, 3.2000E+00,-1.3333E-01,
18:34:02.94173502, 0.0000E+00, 3.1667E+00, 0.0000E+00,
18:34:02.94173507, 1.3333E-02, 3.1000E+00, 1.3333E-01,
18:34:02.94173512,-4.0000E-02, 3.1000E+00, 0.0000E+00,
18:34:02.94173517,-1.3333E-02, 3.1333E+00, 1.3333E-01,
18:34:02.94173522, 0.0000E+00, 3.1000E+00, 0.0000E+00,
18:34:02.94173527,-4.0000E-02, 3.1333E+00, 0.0000E+00,
18:34:02.94173532, 1.3333E-02, 3.1333E+00, 0.0000E+00,
18:34:02.94173537,-1.3333E-02, 3.2333E+00, 1.3333E-01,
18:34:02.94173542, 2.6667E-02, 3.1000E+00, 0.0000E+00,
18:34:02.94173547,-1.3333E-02, 3.1667E+00, 1.3333E-01,
18:34:02.94173552, 0.0000E+00, 3.1333E+00, 1.3333E-01,
18:34:02.94173557,-1.3333E-02, 3.1667E+00,-1.3333E-01,
18:34:02.94173562, 0.0000E+00, 3.1667E+00, 2.6667E-01,
18:34:02.94173567, 0.0000E+00, 3.1333E+00, 0.0000E+00,
18:34:02.94173572,-2.6667E-02, 3.1000E+00,-2.6667E-01,
18:34:02.94173577,-4.0000E-02, 3.0667E+00,-1.3333E-01,
18:34:02.94173582,-2.6667E-02, 3.1667E+00, 0.0000E+00,
18:34:02.94173587,-4.0000E-02, 3.1667E+00, 0.0000E+00,
18:34:02.94173592,-1.3333E-02, 3.1333E+00, 0.0000E+00,
18:34:02.94173597,-1.3333E-02, 3.2000E+00,-1.3333E-01,
18:34:02.94173602, 2.6667E-02, 3.1667E+00,-2.6667E-01,
18:34:02.94173607, 1.3333E-02, 3.2333E+00, 0.0000E+00,
18:34:02.94173612, 2.6667E-02, 3.1667E+00,-1.3333E-01,
18:34:02.94173617, 4.0000E-02, 3.1667E+00, 0.0000E+00,
18:34:02.94173622,-1.3333E-02, 3.2000E+00, 2.6667E-01,
18:34:02.94173627, 2.6667E-02, 3.1000E+00, 1.3333E-01,
18:34:02.94173632,-2.6667E-02, 3.1667E+00, 1.3333E-01,
18:34:02.94173637,-1.3333E-02, 3.1000E+00,-2.6667E-01,
18:34:02.94173642, 1.3333E-02, 3.1667E+00, 0.0000E+00,
18:34:02.94173647, 0.0000E+00, 3.1000E+00, 0.0000E+00,
18:34:02.94173652,-2.6667E-02, 3.1000E+00,-1.3333E-01,
18:34:02.94173657, 0.0000E+00, 3.1333E+00, 0.0000E+00,
18:34:02.94173662, 0.0000E+00, 3.2000E+00,-2.6667E-01,
18:34:02.94173667,-1.3333E-02, 3.1333E+00,-1.3333E-01,
18:34:02.94173672, 0.0000E+00, 3.1667E+00, 0.0000E+00,
18:34:02.94173677,-1.3333E-02, 3.1667E+00,-1.3333E-01,
18:34:02.94173682,-4.0000E-02, 3.1333E+00,-2.6667E-01,
18:34:02.94173687,-4.0000E-02, 3.1000E+00,-1.3333E-01,
18:34:02.94173692, 0.0000E+00, 3.1333E+00, 0.0000E+00,
18:34:02.94173697,-1.3333E-02, 3.1667E+00,-1.3333E-01,
18:34:02.94173702,-1.3333E-02, 3.1333E+00, 1.3333E-01,
18:34:02.94173707, 0.0000E+00, 3.2000E+00, 1.3333E-01,
18:34:02.94173712, 1.3333E-02, 3.1333E+00, 0.0000E+00,
18:34:02.94173717,-2.6667E-02, 3.1333E+00, 2.6667E-01,
18:34:02.94173722,-1.3333E-02, 3.1667E+00,-1.3333E-01,
18:34:02.94173727,-1.3333E-02, 3.1667E+00, 0.0000E+00,
18:34:02.94173732, 0.0000E+00, 3.1667E+00,-2.6667E-01,
18:34:02.94173737, 0.0000E+00, 3.1667E+00, 1.3333E-01,
18:34:02.94173742,-1.3333E-02, 3.1000E+00, 0.0000E+00,
18:34:02.94173747, 1.3333E-02, 3.1667E+00,-1.3333E-01,
18:34:02.94173752, 1.3333E-02, 3.2000E+00, 0.0000E+00,
18:34:02.94173757, 0.0000E+00, 3.1667E+00, 2.6667E-01,
18:34:02.94173762,-2.6667E-02, 3.0667E+00, 2.6667E-01,
18:34:02.94173767, 0.0000E+00, 3.2000E+00, 0.0000E+00,
18:34:02.94173772,-1.3333E-02, 3.1000E+00, 0.0000E+00,
18:34:02.94173777, 0.0000E+00, 3.1333E+00,-1.3333E-01,
18:34:02.94173782,-4.0000E-02, 3.0667E+00, 0.0000E+00,
18:34:02.94173787,-1.3333E-02, 3.2000E+00,-1.3333E-01,
18:34:02.94173792, 1.3333E-02, 3.1333E+00,-1.3333E-01,
18:34:02.94173797, 1.3333E-02, 3.1667E+00, 1.3333E-01,
18:34:02.94173802,-1.3333E-02, 3.1333E+00, 0.0000E+00,
18:34:02.94173807, 0.0000E+00, 3.1333E+00, 2.6667E-01,
18:34:02.94173812,-1.3333E-02, 3.1333E+00, 2.6667E-01,
18:34:02.94173817,-4.0000E-02, 3.1667E+00, 0.0000E+00,
18:34:02.94173822,-5.3333E-02, 3.1333E+00, 1.3333E-01,
18:34:02.94173827, 0.0000E+00, 3.1667E+00, 1.3333E-01,
18:34:02.94173832, 0.0000E+00, 3.2000E+00,-1.3333E-01,
18:34:02.94173837,-1.3333E-02, 3.1333E+00,-2.6667E-01,
18:34:02.94173842, 0.0000E+00, 3.1333E+00,-1.3333E-01,
18:34:02.94173847, 2.6667E-02, 3.2000E+00,-1.3333E-01,
18:34:02.94173852, 0.0000E+00, 3.1333E+00, 1.3333E-01,
18:34:02.94173857,-1.3333E-02, 3.1333E+00, 1.3333E-01,
18:34:02.94173862,-1.3333E-02, 3.1333E+00, 0.0000E+00,
18:34:02.94173867,-4.0000E-02, 3.2000E+00, 0.0000E+00,
18:34:02.94173872, 0.0000E+00, 3.1000E+00, 0.0000E+00,
18:34:02.94173877, 1.3333E-02, 3.1667E+00, 0.0000E+00,
18:34:02.94173882, 0.0000E+00, 3.1333E+00, 1.3333E-01,
18:34:02.94173887,-2.6667E-02, 3.1333E+00, 0.0000E+00,
18:34:02.94173892, 0.0000E+00, 3.1667E+00, 0.0000E+00,
18:34:02.94173897,-1.3333E-02, 3.1667E+00, 4.0000E-01,
18:34:02.94173902,-1.3333E-02, 3.1333E+00, 2.6667E-01,
18:34:02.94173907,-1.3333E-02, 3.1333E+00,-1.3333E-01,
18:34:02.94173912,-1.3333E-02, 3.1667E+00, 0.0000E+00,
18:34:02.94173917,-5.3333E-02, 3.1667E+00,-1.3333E-01,
18:34:02.94173922,-2.6667E-02, 3.1667E+00, 1.3333E-01,
18:34:02.94173927,-4.0000E-02, 3.1333E+00,-2.6667E-01,
18:34:02.94173932,-1.3333E-02, 3.1667E+00, 0.0000E+00,
18:34:02.94173937,-1.3333E-02, 3.0667E+00, 1.3333E-01,
18:34:02.94173942,-1.3333E-02, 3.1333E+00, 2.6667E-01,
18:34:02.94173947, 1.3333E-02, 3.1667E+00,-1.3333E-01,
18:34:02.94173952,-1.3333E-02, 3.1333E+00, 1.3333E-01,
18:34:02.94173957,-1.3333E-02, 3.1333E+00,-2.6667E-01,
18:34:02.94173962,-2.6667E-02, 3.1333E+00, 1.3333E-01,
18:34:02.94173967,-4.0000E-02, 3.1333E+00, 0.0000E+00,
18:34:02.94173972, 1.3333E-02, 3.1333E+00,-2.6667E-01,
18:34:02.94173977, 4.0000E-02, 3.1000E+00, 0.0000E+00,
18:34:02.94173982, 0.0000E+00, 3.1333E+00, 4.0000E-01,
18:34:02.94173987,-1.3333E-02, 3.1667E+00, 0.0000E+00,
18:34:02.94173992,-1.3333E-02, 3.1667E+00, 2.6667E-01,
18:34:02.94173997,-1.3333E-02, 3.0333E+00, 0.0000E+00,
18:34:02.94174002,-1.3333E-02, 3.0333E+00, 0.0000E+00,
18:34:02.94174007,-1.3333E-02, 3.1667E+00, 0.0000E+00,
18:34:02.94174012,-5.3333E-02, 3.1333E+00, 1.3333E-01,
18:34:02.94174017, 1.3333E-02, 3.1667E+00, 0.0000E+00,
18:34:02.94174022,-1.3333E-02, 3.1333E+00,-2.6667E-01,
18:34:02.94174027, 1.3333E-02, 3.0667E+00,-1.3333E-01,
18:34:02.94174032,-2.6667E-02, 3.1667E+00,-2.6667E-01,
18:34:02.94174037, 0.0000E+00, 3.1000E+00,-1.3333E-01,
18:34:02.94174042,-4.0000E-02, 3.1667E+00, 0.0000E+00,
18:34:02.94174047,-1.3333E-02, 3.1667E+00, 1.3333E-01,
18:34:02.94174052,-1.3333E-02, 3.1000E+00, 4.0000E-01,
18:34:02.94174057,-1.3333E-02, 3.1333E+00, 0.0000E+00,
18:34:02.94174062,-1.3333E-02, 3.1000E+00, 0.0000E+00,
18:34:02.94174067,-1.3333E-02, 3.2333E+00, 1.3333E-01,
18:34:02.94174072,-4.0000E-02, 3.1333E+00,-1.3333E-01,
18:34:02.94174077, 1.3333E-02, 3.2000E+00,-1.3333E-01,
18:34:02.94174082, 1.3333E-02, 3.1000E+00,-2.6667E-01,
18:34:02.94174087, 0.0000E+00, 3.0667E+00, 0.0000E+00,
18:34:02.94174092, 0.0000E+00, 3.1667E+00, 0.0000E+00,
18:34:02.94174097,-1.3333E-02, 3.1333E+00,-1.3333E-01,
18:34:02.94174102, 0.0000E+00, 3.0333E+00, 4.0000E-01,
18:34:02.94174107,-1.3333E-02, 3.1000E+00, 1.3333E-01,
18:34:02.94174112,-2.6667E-02, 3.1667E+00, 1.3333E-01,
18:34:02.94174117, 1.3333E-02, 3.1667E+00, 1.3333E-01,
18:34:02.94174122, 1.3333E-02, 3.1333E+00,-2.6667E-01,
18:34:02.94174127, 0.0000E+00, 3.2000E+00, 0.0000E+00,
18:34:02.94174132,-1.3333E-02, 3.1333E+00, 0.0000E+00,
18:34:02.94174137, 1.3333E-02, 3.2000E+00, 0.0000E+00,
18:34:02.94174142, 0.0000E+00, 3.1333E+00,-1.3333E-01,
18:34:02.94174147, 0.0000E+00, 3.1667E+00, 0.0000E+00,
18:34:02.94174152,-5.3333E-02, 3.1333E+00, 1.3333E-01,
18:34:02.94174157, 0.0000E+00, 3.1333E+00, 0.0000E+00,
18:34:02.94174162, 1.3333E-02, 3.1000E+00, 1.3333E-01,
18:34:02.94174167,-1.3333E-02, 3.1667E+00,-1.3333E-01,
18:34:02.94174172, 0.0000E+00, 3.1000E+00,-2.6667E-01,
18:34:02.94174177, 1.3333E-02, 3.1333E+00, 4.0000E-01,
18:34:02.94174182, 1.3333E-02, 3.1000E+00, 0.0000E+00,
18:34:02.94174187, 1.3333E-02, 3.1667E+00, 1.3333E-01,
18:34:02.94174192,-4.0000E-02, 3.0667E+00, 4.0000E-01,
18:34:02.94174197,-1.3333E-02, 3.1333E+00, 4.0000E-01,
18:34:02.94174202,-4.0000E-02, 3.1333E+00, 0.0000E+00,
18:34:02.94174207,-2.6667E-02, 3.1667E+00, 1.3333E-01,
18:34:02.94174212,-4.0000E-02, 3.2000E+00, 1.3333E-01,
18:34:02.94174217,-1.3333E-02, 3.1333E+00, 1.3333E-01,
18:34:02.94174222,-2.6667E-02, 3.1000E+00, 0.0000E+00,
18:34:02.94174227,-1.3333E-02, 3.1333E+00, 1.3333E-01,
18:34:02.94174232,-1.3333E-02, 3.2333E+00,-1.3333E-01,
18:34:02.94174237, 2.6667E-02, 3.0667E+00, 0.0000E+00,
18:34:02.94174242, 4.0000E-02, 3.1667E+00, 1.3333E-01,
18:34:02.94174247,-2.6667E-02, 3.2333E+00,-1.3333E-01,
18:34:02.94174252,-1.3333E-02, 3.1667E+00, 0.0000E+00,
18:34:02.94174257,-4.0000E-02, 3.1000E+00, 2.6667E-01,
18:34:02.94174262, 1.3333E-02, 3.1667E+00,-1.3333E-01,
18:34:02.94174267,-1.3333E-02, 3.1333E+00, 0.0000E+00,
18:34:02.94174272, 0.0000E+00, 3.2000E+00,-1.3333E-01,
18:34:02.94174277,-2.6667E-02, 3.1333E+00, 0.0000E+00,
18:34:02.94174282, 4.0000E-02, 3.0667E+00, 0.0000E+00,
18:34:02.94174287, 0.0000E+00, 3.1333E+00,-2.6667E-01,
18:34:02.94174292, 4.0000E-02, 3.2000E+00, 1.3333E-01,
18:34:02.94174297,-1.3333E-02, 3.2000E+00, 0.0000E+00,
18:34:02.94174302,-4.0000E-02, 3.1333E+00, 0.0000E+00,
18:34:02.94174307,-4.0000E-02, 3.2000E+00, 0.0000E+00,
18:34:02.94174312,-1.3333E-02, 3.2000E+00,-2.6667E-01,
18:34:02.94174317,-4.0000E-02, 3.1333E+00,-1.3333E-01,
18:34:02.94174322, 1.3333E-02, 3.1667E+00, 1.3333E-01,
18:34:02.94174327, 1.3333E-02, 3.1000E+00,-1.3333E-01,
18:34:02.94174332, 1.3333E-02, 3.1000E+00, 0.0000E+00,
18:34:02.94174337, 1.3333E-02, 3.1667E+00,-1.3333E-01,
18:34:02.94174342,-4.0000E-02, 3.1333E+00, 0.0000E+00,
18:34:02.94174347,-2.6667E-02, 3.1333E+00, 0.0000E+00,
18:34:02.94174352,-5.3333E-02, 3.0667E+00, 0.0000E+00,
18:34:02.94174357,-1.3333E-02, 3.1333E+00,-1.3333E-01,
18:34:02.94174362,-1.3333E-02, 3.1667E+00,-1.3333E-01,
18:34:02.94174367,-1.3333E-02, 3.0667E+00, 2.6667E-01,
18:34:02.94174372, 1.3333E-02, 3.1000E+00, 4.0000E-01,
18:34:02.94174377, 2.6667E-02, 3.0667E+00, 1.3333E-01,
18:34:02.94174382,-1.3333E-02, 3.0667E+00, 1.3333E-01,
18:34:02.94174387,-1.3333E-02, 3.1000E+00, 1.3333E-01,
18:34:02.94174392, 0.0000E+00, 3.1667E+00, 2.6667E-01,
18:34:02.94174397,-4.0000E-02, 3.1667E+00, 2.6667E-01,
18:34:02.94174402,-2.6667E-02, 3.2000E+00, 0.0000E+00,
18:34:02.94174407,-1.3333E-02, 3.1333E+00, 2.6667E-01,
18:34:02.94174412, 0.0000E+00, 3.1333E+00, 0.0000E+00,
18:34:02.94174417, 1.3333E-02, 3.1000E+00, 1.3333E-01,
18:34:02.94174422, 1.3333E-02, 3.1333E+00,-2.6667E-01,
18:34:02.94174427,-1.3333E-02, 3.1667E+00, 0.0000E+00,
18:34:02.94174432, 1.3333E-02, 3.1667E+00, 0.0000E+00,
18:34:02.94174437,-2.6667E-02, 3.1333E+00, 0.0000E+00,
18:34:02.94174442,-2.6667E-02, 3.1333E+00, 0.0000E+00,
18:34:02.94174447,-2.6667E-02, 3.1000E+00,-1.3333E-01,
18:34:02.94174452, 0.0000E+00, 3.2000E+00,-2.6667E-01,
18:34:02.94174457, 0.0000E+00, 3.1000E+00,-1.3333E-01,
18:34:02.94174462, 0.0000E+00, 3.1333E+00,-1.3333E-01,
18:34:02.94174467, 0.0000E+00, 3.0667E+00, 0.0000E+00,
18:34:02.94174472, 2.6667E-02, 3.1000E+00,-1.3333E-01,
18:34:02.94174477, 0.0000E+00, 3.1333E+00,-1.3333E-01,
18:34:02.94174482, 1.3333E-02, 3.1333E+00,-1.3333E-01,
18:34:02.94174487,-1.3333E-02, 3.1333E+00, 1.3333E-01,
18:34:02.94174492,-2.6667E-02, 3.1667E+00, 2.6667E-01,
18:34:02.94174497,-1.3333E-02, 3.2000E+00, 0.0000E+00,
18:34:02.94174502, 0.0000E+00, 3.2333E+00, 0.0000E+00,
18:34:02.94174507,-1.3333E-02, 3.2000E+00, 0.0000E+00,
18:34:02.94174512, 0.0000E+00, 3.2000E+00,-1.3333E-01,
18:34:02.94174517, 2.6667E-02, 3.1333E+00, 2.6667E-01,
18:34:02.94174522,-2.6667E-02, 3.2000E+00, 0.0000E+00,
18:34:02.94174527, 2.6667E-02, 3.2000E+00,-2.6667E-01,
18:34:02.94174532,-1.3333E-02, 3.1667E+00, 0.0000E+00,
18:34:02.94174537, 0.0000E+00, 3.1667E+00, 2.6667E-01,
18:34:02.94174542,-5.3333E-02, 3.1333E+00,-1.3333E-01,
18:34:02.94174547, 0.0000E+00, 3.1667E+00,-1.3333E-01,
18:34:02.94174552, 0.0000E+00, 3.1333E+00,-2.6667E-01,
18:34:02.94174557,-2.6667E-02, 3.1000E+00, 1.3333E-01,
18:34:02.94174562,-2.6667E-02, 3.1333E+00, 0.0000E+00,
18:34:02.94174567, 1.3333E-02, 3.1333E+00, 0.0000E+00,
18:34:02.94174572, 0.0000E+00, 3.1000E+00, 1.3333E-01,
18:34:02.94174577,-1.3333E-02, 3.2000E+00,-1.3333E-01,
18:34:02.94174582, 0.0000E+00, 3.1000E+00, 1.3333E-01,
18:34:02.94174587,-2.6667E-02, 3.1333E+00, 1.3333E-01,
18:34:02.94174592,-1.3333E-02, 3.2000E+00, 2.6667E-01,
18:34:02.94174597, 0.0000E+00, 3.2000E+00, 1.3333E-01,
18:34:02.94174602, 0.0000E+00, 3.1667E+00, 2.6667E-01,
18:34:02.94174607, 1.3333E-02, 3.1333E+00, 0.0000E+00,
18:34:02.94174612, 2.6667E-02, 3.1333E+00, 1.3333E-01,
18:34:02.94174617, 1.3333E-02, 3.0667E+00,-2.6667E-01,
18:34:02.94174622,-1.3333E-02, 3.1000E+00,-5.3333E-01,
18:34:02.94174627,-1.3333E-02, 3.1000E+00,-2.6667E-01,
18:34:02.94174632,-2.6667E-02, 3.1333E+00,-2.6667E-01,
18:34:02.94174637,-1.3333E-02, 3.1000E+00, 1.3333E-01,
18:34:02.94174642, 0.0000E+00, 3.1333E+00, 0.0000E+00,
18:34:02.94174647, 1.3333E-02, 3.1667E+00, 2.6667E-01,
18:34:02.94174652, 2.6667E-02, 3.1333E+00, 2.6667E-01,
18:34:02.94174657, 0.0000E+00, 3.1333E+00, 0.0000E+00,
18:34:02.94174662, 2.6667E-02, 3.1667E+00,-2.6667E-01,
18:34:02.94174667,-1.3333E-02, 3.1333E+00, 2.6667E-01,
18:34:02.94174672, 0.0000E+00, 3.1667E+00, 0.0000E+00,
18:34:02.94174677, 0.0000E+00, 3.1333E+00,-1.3333E-01,
18:34:02.94174682,-1.3333E-02, 3.1333E+00, 0.0000E+00,
18:34:02.94174687,-6.6667E-02, 3.1333E+00,-1.3333E-01,
18:34:02.94174692,-1.3333E-02, 3.1667E+00, 0.0000E+00,
18:34:02.94174697,-1.3333E-02, 3.1333E+00, 1.3333E-01,
18:34:02.94174702, 2.6667E-02, 3.2000E+00, 2.6667E-01,
18:34:02.94174707,-2.6667E-02, 3.1333E+00,-2.6667E-01,
18:34:02.94174712,-2.6667E-02, 3.2000E+00, 2.6667E-01,
18:34:02.94174717, 0.0000E+00, 3.1333E+00, 0.0000E+00,
18:34:02.94174722, 1.3333E-02, 3.0667E+00,-1.3333E-01,
18:34:02.94174727,-1.3333E-02, 3.1667E+00, 0.0000E+00,
18:34:02.94174732,-1.3333E-02, 3.1333E+00, 2.6667E-01,
18:34:02.94174737,-1.3333E-02, 3.2000E+00, 1.3333E-01,
18:34:02.94174742, 1.3333E-02, 3.1667E+00, 0.0000E+00,
18:34:02.94174747,-1.3333E-02, 3.0667E+00, 0.0000E+00,
18:34:02.94174752, 2.6667E-02, 3.2000E+00, 2.6667E-01,
18:34:02.94174757, 1.3333E-02, 3.1000E+00, 1.3333E-01,
18:34:02.94174762, 1.3333E-02, 3.0333E+00,-1.3333E-01,
18:34:02.94174767, 0.0000E+00, 3.0667E+00, 0.0000E+00,
18:34:02.94174772,-2.6667E-02, 3.2333E+00, 0.0000E+00,
18:34:02.94174777,-1.3333E-02, 3.1667E+00, 0.0000E+00,
18:34:02.94174782,-4.0000E-02, 3.1667E+00, 1.3333E-01,
18:34:02.94174787,-1.3333E-02, 3.1333E+00, 1.3333E-01,
18:34:02.94174792,-2.6667E-02, 3.1333E+00, 1.3333E-01,
18:34:02.94174797, 2.6667E-02, 3.0667E+00, 1.3333E-01,
18:34:02.94174802, 0.0000E+00, 3.0667E+00, 1.3333E-01,
18:34:02.94174807,-1.3333E-02, 3.2000E+00, 2.6667E-01,
18:34:02.94174812, 2.6667E-02, 3.0333E+00, 0.0000E+00,
18:34:02.94174817, 1.3333E-02, 3.2000E+00, 1.3333E-01,
18:34:02.94174822,-4.0000E-02, 3.0667E+00, 1.3333E-01,
18:34:02.94174827,-2.6667E-02, 3.2000E+00, 2.6667E-01,
18:34:02.94174832,-1.3333E-02, 3.0667E+00, 0.0000E+00,
18:34:02.94174837,-2.6667E-02, 3.1000E+00,-1.3333E-01,
18:34:02.94174842,-2.6667E-02, 3.2000E+00,-1.3333E-01,
18:34:02.94174847, 0.0000E+00, 3.1333E+00,-1.3333E-01,
18:34:02.94174852, 0.0000E+00, 3.1667E+00,-1.3333E-01,
18:34:02.94174857,-1.3333E-02, 3.1333E+00, 0.0000E+00,
18:34:02.94174862, 0.0000E+00, 3.2000E+00, 1.3333E-01,
18:34:02.94174867, 1.3333E-02, 3.1333E+00,-2.6667E-01,
18:34:02.94174872,-1.3333E-02, 3.1667E+00, 0.0000E+00,
18:34:02.94174877,-1.3333E-02, 3.1000E+00, 0.0000E+00,
18:34:02.94174882, 0.0000E+00, 3.1333E+00, 0.0000E+00,
18:34:02.94174887,-1.3333E-02, 3.1000E+00,-2.6667E-01,
18:34:02.94174892, 2.6667E-02, 3.1000E+00, 2.6667E-01,
18:34:02.94174897, 0.0000E+00, 3.0667E+00,-1.3333E-01,
18:34:02.94174902,-1.3333E-02, 3.1000E+00, 2.6667E-01,
18:34:02.94174907,-2.6667E-02, 3.0667E+00, 1.3333E-01,
18:34:02.94174912, 2.6667E-02, 3.1000E+00, 0.0000E+00,
18:34:02.94174917,-1.3333E-02, 3.1000E+00,-2.6667E-01,
18:34:02.94174922,-5.3333E-02, 3.1333E+00, 0.0000E+00,
18:34:02.94174927,-4.0000E-02, 3.1667E+00, 0.0000E+00,
18:34:02.94174932,-1.3333E-02, 3.1000E+00,-2.6667E-01,
18:34:02.94174937, 0.0000E+00, 3.2000E+00,-1.3333E-01,
18:34:02.94174942, 0.0000E+00, 3.1000E+00, 0.0000E+00,
18:34:02.94174947, 2.6667E-02, 3.1333E+00,-4.0000E-01,
18:34:02.94174952, 4.0000E-02, 3.1667E+00, 1.3333E-01,
18:34:02.94174957,-4.0000E-02, 3.1667E+00, 1.3333E-01,
18:34:02.94174962, 1.3333E-02, 3.1667E+00, 2.6667E-01,
18:34:02.94174967,-2.6667E-02, 3.1667E+00, 0.0000E+00,
18:34:02.94174972,-4.0000E-02, 3.1333E+00, 0.0000E+00,
18:34:02.94174977,-1.3333E-02, 3.1333E+00, 0.0000E+00,
18:34:02.94174982, 0.0000E+00, 3.1000E+00, 0.0000E+00,
18:34:02.94174987, 0.0000E+00, 3.2000E+00, 1.3333E-01,
18:34:02.94174992,-1.3333E-02, 3.1000E+00, 0.0000E+00,
18:34:02.94174997, 1.3333E-02, 3.1667E+00,-1.3333E-01,
18:34:02.94175002,-1.3333E-02, 3.1000E+00, 0.0000E+00,
18:34:02.94175007, 2.6667E-02, 3.1333E+00, 1.3333E-01,
18:34:02.94175012,-1.3333E-02, 3.1000E+00,-1.3333E-01,
18:34:02.94175017,-1.3333E-02, 3.0667E+00, 1.3333E-01,
18:34:02.94175022,-2.6667E-02, 3.2000E+00,-1.3333E-01,
18:34:02.94175027,-1.3333E-02, 3.1333E+00, 1.3333E-01,
18:34:02.94175032,-2.6667E-02, 3.1333E+00, 2.6667E-01,
18:34:02.94175037, 0.0000E+00, 3.1667E+00,-1.3333E-01,
18:34:02.94175042,-1.3333E-02, 3.1333E+00, 1.3333E-01,
18:34:02.94175047,-1.3333E-02, 3.1333E+00, 0.0000E+00,
18:34:02.94175052, 0.0000E+00, 3.1333E+00, 1.3333E-01,
18:34:02.94175057,-2.6667E-02, 3.1667E+00, 2.6667E-01,
18:34:02.94175062,-1.3333E-02, 3.1333E+00,-1.3333E-01,
18:34:02.94175067, 0.0000E+00, 3.2000E+00, 1.3333E-01,
18:34:02.94175072,-1.3333E-02, 3.2333E+00, 4.0000E-01,
18:34:02.94175077, 1.3333E-02, 3.1667E+00, 1.3333E-01,
18:34:02.94175082, 0.0000E+00, 3.1667E+00, 1.3333E-01,
18:34:02.94175087, 1.3333E-02, 3.1667E+00,-1.3333E-01,
18:34:02.94175092,-1.3333E-02, 3.0667E+00,-1.3333E-01,
18:34:02.94175097,-1.3333E-02, 3.1000E+00, 0.0000E+00,
18:34:02.94175102,-2.6667E-02, 3.1333E+00,-4.0000E-01,
18:34:02.94175107,-1.3333E-02, 3.2000E+00, 0.0000E+00,
18:34:02.94175112,-2.6667E-02, 3.1333E+00, 2.6667E-01,
18:34:02.94175117, 0.0000E+00, 3.1333E+00,-1.3333E-01,
18:34:02.94175122,-2.6667E-02, 3.1667E+00, 1.3333E-01,
18:34:02.94175127,-1.3333E-02, 3.2000E+00, 0.0000E+00,
18:34:02.94175132, 0.0000E+00, 3.2000E+00, 1.3333E-01,
18:34:02.94175137, 0.0000E+00, 3.1667E+00, 0.0000E+00,
18:34:02.94175142,-1.3333E-02, 3.1333E+00, 2.6667E-01,
18:34:02.94175147,-1.3333E-02, 3.1000E+00, 2.6667E-01,
18:34:02.94175152,-1.3333E-02, 3.1667E+00,-2.6667E-01,
18:34:02.94175157,-2.6667E-02, 3.2333E+00,-1.3333E-01,
18:34:02.94175162,-2.6667E-02, 3.1333E+00, 4.0000E-01,
18:34:02.94175167,-2.6667E-02, 3.1667E+00, 0.0000E+00,
18:34:02.94175172,-1.3333E-02, 3.1667E+00, 1.3333E-01,
18:34:02.94175177, 0.0000E+00, 3.1000E+00, 0.0000E+00,
18:34:02.94175182,-2.6667E-02, 3.1667E+00, 1.3333E-01,
18:34:02.94175187, 1.3333E-02, 3.1333E+00,-1.3333E-01,
18:34:02.94175192, 2.6667E-02, 3.2000E+00,-1.3333E-01,
18:34:02.94175197, 2.6667E-02, 3.1333E+00, 0.0000E+00,
18:34:02.94175202, 2.6667E-02, 3.1333E+00,-2.6667E-01,
18:34:02.94175207, 0.0000E+00, 3.1667E+00, 0.0000E+00,
18:34:02.94175212,-1.3333E-02, 3.2000E+00,-2.6667E-01,
18:34:02.94175217, 0.0000E+00, 3.1000E+00, 1.3333E-01,
18:34:02.94175222,-1.3333E-02, 3.1333E+00, 0.0000E+00,
18:34:02.94175227, 1.3333E-02, 3.1333E+00, 1.3333E-01,
18:34:02.94175232, 2.6667E-02, 3.2000E+00, 0.0000E+00,
18:34:02.94175237,-1.3333E-02, 3.1333E+00,-1.3333E-01,
18:34:02.94175242,-2.6667E-02, 3.1000E+00,-1.3333E-01,
18:34:02.94175247, 0.0000E+00, 3.1333E+00, 0.0000E+00,
18:34:02.94175252, 1.3333E-02, 3.1333E+00,-2.6667E-01,
18:34:02.94175257,-2.6667E-02, 3.1000E+00,-2.6667E-01,
18:34:02.94175262,-1.3333E-02, 3.2000E+00, 4.0000E-01,
18:34:02.94175267,-1.3333E-02, 3.0000E+00, 1.3333E-01,
18:34:02.94175272, 0.0000E+00, 3.2000E+00,-1.3333E-01,
18:34:02.94175277, 0.0000E+00, 3.1667E+00, 1.3333E-01,
18:34:02.94175282,-4.0000E-02, 3.1333E+00, 4.0000E-01,
18:34:02.94175287, 1.3333E-02, 3.1333E+00, 1.3333E-01,
18:34:02.94175292,-1.3333E-02, 3.1333E+00,-1.3333E-01,
18:34:02.94175297,-1.3333E-02, 3.1333E+00, 1.3333E-01,
18:34:02.94175302,-5.3333E-02, 3.1667E+00,-2.6667E-01,
18:34:02.94175307,-2.6667E-02, 3.1000E+00,-1.3333E-01,
18:34:02.94175312, 0.0000E+00, 3.1000E+00, 0.0000E+00,
18:34:02.94175317,-1.3333E-02, 3.1000E+00, 1.3333E-01,
18:34:02.94175322, 0.0000E+00, 3.1667E+00, 1.3333E-01,
18:34:02.94175327,-2.6667E-02, 3.1333E+00, 1.3333E-01,
18:34:02.94175332, 0.0000E+00, 3.1333E+00, 0.0000E+00,
18:34:02.94175337, 1.3333E-02, 3.1333E+00, 0.0000E+00,
18:34:02.94175342, 1.3333E-02, 3.1333E+00,-2.6667E-01,
18:34:02.94175347, 0.0000E+00, 3.1333E+00,-1.3333E-01,
18:34:02.94175352, 0.0000E+00, 3.1333E+00, 1.3333E-01,
18:34:02.94175357,-2.6667E-02, 3.1667E+00, 1.3333E-01,
18:34:02.94175362,-1.3333E-02, 3.1333E+00, 0.0000E+00,
18:34:02.94175367,-1.3333E-02, 3.1333E+00,-1.3333E-01,
18:34:02.94175372,-1.3333E-02, 3.1667E+00,-1.3333E-01,
18:34:02.94175377, 1.3333E-02, 3.1333E+00,-1.3333E-01,
18:34:02.94175382, 1.3333E-02, 3.1000E+00,-2.6667E-01,
18:34:02.94175387, 0.0000E+00, 3.1667E+00, 1.3333E-01,
18:34:02.94175392,-2.6667E-02, 3.2000E+00, 1.3333E-01,
18:34:02.94175397,-2.6667E-02, 3.1333E+00, 4.0000E-01,
18:34:02.94175402,-1.3333E-02, 3.0667E+00,-1.3333E-01,
18:34:02.94175407,-2.6667E-02, 3.1333E+00, 0.0000E+00,
18:34:02.94175412, 0.0000E+00, 3.1667E+00, 1.3333E-01,
18:34:02.94175417, 1.3333E-02, 3.1333E+00, 1.3333E-01,
18:34:02.94175422,-1.3333E-02, 3.1000E+00,-1.3333E-01,
18:34:02.94175427, 1.3333E-02, 3.1000E+00, 0.0000E+00,
18:34:02.94175432, 0.0000E+00, 3.2000E+00,-2.6667E-01,
18:34:02.94175437,-2.6667E-02, 3.1333E+00,-1.3333E-01,
18:34:02.94175442, 1.3333E-02, 3.1333E+00,-1.3333E-01,
18:34:02.94175447,-1.3333E-02, 3.2333E+00,-1.3333E-01,
18:34:02.94175452, 0.0000E+00, 3.1000E+00,-2.6667E-01,
18:34:02.94175457,-2.6667E-02, 3.1000E+00, 1.3333E-01,
18:34:02.94175462,-1.3333E-02, 3.1333E+00, 0.0000E+00,
18:34:02.94175467,-2.6667E-02, 3.2000E+00,-1.3333E-01,
18:34:02.94175472, 0.0000E+00, 3.1667E+00, 2.6667E-01,
18:34:02.94175477,-2.6667E-02, 3.1333E+00, 0.0000E+00,
18:34:02.94175482, 0.0000E+00, 3.2000E+00, 2.6667E-01,
18:34:02.94175487, 0.0000E+00, 3.1333E+00,-1.3333E-01,
18:34:02.94175492, 0.0000E+00, 3.1667E+00, 1.3333E-01,
18:34:02.94175497,-1.3333E-02, 3.1667E+00,-1.3333E-01,
18:34:02.94175502, 0.0000E+00, 3.1667E+00,-1.3333E-01,
18:34:02.94175507, 0.0000E+00, 3.1667E+00,-2.6667E-01,
18:34:02.94175512, 1.3333E-02, 3.1333E+00,-2.6667E-01,
18:34:02.94175517, 0.0000E+00, 3.1000E+00, 1.3333E-01,
18:34:02.94175522, 4.0000E-02, 3.1333E+00, 2.6667E-01,
18:34:02.94175527, 0.0000E+00, 3.1333E+00, 1.3333E-01,
18:34:02.94175532,-1.3333E-02, 3.1333E+00,-1.3333E-01,
18:34:02.94175537, 1.3333E-02, 3.1333E+00, 1.3333E-01,
18:34:02.94175542,-5.3333E-02, 3.1667E+00, 0.0000E+00,
18:34:02.94175547,-1.3333E-02, 3.2000E+00, 4.0000E-01,
18:34:02.94175552,-1.3333E-02, 3.1667E+00,-1.3333E-01,
18:34:02.94175557, 0.0000E+00, 3.1000E+00, 1.3333E-01,
18:34:02.94175562,-2.6667E-02, 3.1333E+00, 1.3333E-01,
18:34:02.94175567, 0.0000E+00, 3.1333E+00,-2.6667E-01,
18:34:02.94175572, 0.0000E+00, 3.1333E+00, 0.0000E+00,
18:34:02.94175577, 2.6667E-02, 3.2333E+00,-1.3333E-01,
18:34:02.94175582, 1.3333E-02, 3.1333E+00, 1.3333E-01,
18:34:02.94175587,-4.0000E-02, 3.1333E+00, 0.0000E+00,
18:34:02.94175592,-1.3333E-02, 3.1333E+00,-2.6667E-01,
18:34:02.94175597,-4.0000E-02, 3.1000E+00, 1.3333E-01,
18:34:02.94175602,-1.3333E-02, 3.1667E+00, 0.0000E+00,
18:34:02.94175607,-2.6667E-02, 3.1000E+00,-1.3333E-01,
18:34:02.94175612, 1.3333E-02, 3.1667E+00,-2.6667E-01,
18:34:02.94175617, 2.6667E-02, 3.2000E+00,-1.3333E-01,
18:34:02.94175622, 2.6667E-02, 3.1000E+00, 1.3333E-01,
18:34:02.94175627, 0.0000E+00, 3.0667E+00,-2.6667E-01,
18:34:02.94175632,-1.3333E-02, 3.1667E+00, 0.0000E+00,
18:34:02.94175637,-2.6667E-02, 3.1000E+00,-1.3333E-01,
18:34:02.94175642,-1.3333E-02, 3.0667E+00,-1.3333E-01,
18:34:02.94175647,-1.3333E-02, 3.1000E+00,-2.6667E-01,
18:34:02.94175652, 0.0000E+00, 3.1667E+00, 0.0000E+00,
18:34:02.94175657,-2.6667E-02, 3.1667E+00,-1.3333E-01,
18:34:02.94175662, 2.6667E-02, 3.1000E+00,-1.3333E-01,
18:34:02.94175667, 0.0000E+00, 3.1667E+00, 1.3333E-01,
18:34:02.94175672, 1.3333E-02, 3.0667E+00, 2.6667E-01,
18:34:02.94175677, 2.6667E-02, 3.0333E+00, 1.3333E-01,
18:34:02.94175682,-2.6667E-02, 3.2000E+00, 0.0000E+00,
18:34:02.94175687, 0.0000E+00, 3.1667E+00, 0.0000E+00,
18:34:02.94175692, 0.0000E+00, 3.2000E+00,-2.6667E-01,
18:34:02.94175697, 2.6667E-02, 3.1000E+00, 0.0000E+00,
18:34:02.94175702,-4.0000E-02, 3.2000E+00, 0.0000E+00,
18:34:02.94175707, 2.6667E-02, 3.1333E+00, 2.6667E-01,
18:34:02.94175712,-1.3333E-02, 3.1667E+00, 4.0000E-01,
18:34:02.94175717, 0.0000E+00, 3.1667E+00,-1.3333E-01,
18:34:02.94175722,-2.6667E-02, 3.1333E+00,-1.3333E-01,
18:34:02.94175727, 0.0000E+00, 3.1333E+00,-1.3333E-01,
18:34:02.94175732, 0.0000E+00, 3.1667E+00,-2.6667E-01,
18:34:02.94175737, 1.3333E-02, 3.1000E+00,-4.0000E-01,
18:34:02.94175742,-4.0000E-02, 3.1667E+00, 0.0000E+00,
18:34:02.94175747,-2.6667E-02, 3.1333E+00, 4.0000E-01,
18:34:02.94175752,-1.3333E-02, 3.1000E+00,-1.3333E-01,
18:34:02.94175757, 1.3333E-02, 3.2000E+00, 1.3333E-01,
18:34:02.94175762, 0.0000E+00, 3.1000E+00, 4.0000E-01,
18:34:02.94175767, 0.0000E+00, 3.1333E+00, 2.6667E-01,
18:34:02.94175772, 0.0000E+00, 3.2000E+00, 0.0000E+00,
18:34:02.94175777,-1.3333E-02, 3.1000E+00,-1.3333E-01,
18:34:02.94175782, 0.0000E+00, 3.2333E+00, 1.3333E-01,
18:34:02.94175787,-1.3333E-02, 3.1667E+00,-1.3333E-01,
18:34:02.94175792, 0.0000E+00, 3.2000E+00, 0.0000E+00,
18:34:02.94175797, 1.3333E-02, 3.1000E+00, 0.0000E+00,
18:34:02.94175802, 1.3333E-02, 3.0667E+00, 0.0000E+00,
18:34:02.94175807,-1.3333E-02, 3.1333E+00, 0.0000E+00,
18:34:02.94175812, 4.0000E-02, 3.1333E+00,-1.3333E-01,
18:34:02.94175817, 1.3333E-02, 3.1000E+00, 1.3333E-01,
18:34:02.94175822,-1.3333E-02, 3.1000E+00, 0.0000E+00,
18:34:02.94175827, 0.0000E+00, 3.1667E+00, 1.3333E-01,
18:34:02.94175832,-1.3333E-02, 3.2333E+00,-1.3333E-01,
18:34:02.94175837,-2.6667E-02, 3.1333E+00, 0.0000E+00,
18:34:02.94175842, 0.0000E+00, 3.2000E+00, 4.0000E-01,
18:34:02.94175847, 0.0000E+00, 3.1333E+00, 0.0000E+00,
18:34:02.94175852, 0.0000E+00, 3.1000E+00, 1.3333E-01,
18:34:02.94175857, 2.6667E-02, 3.1000E+00, 2.6667E-01,
18:34:02.94175862, 0.0000E+00, 3.1667E+00, 0.0000E+00,
18:34:02.94175867, 4.0000E-02, 3.2000E+00, 1.3333E-01,
18:34:02.94175872, 1.3333E-02, 3.1000E+00, 1.3333E-01,
18:34:02.94175877,-1.3333E-02, 3.1333E+00,-1.3333E-01,
18:34:02.94175882,-2.6667E-02, 3.2000E+00,-2.6667E-01,
18:34:02.94175887, 2.6667E-02, 3.0667E+00,-4.0000E-01,
18:34:02.94175892,-2.6667E-02, 3.1000E+00, 1.3333E-01,
18:34:02.94175897,-2.6667E-02, 3.1000E+00, 0.0000E+00,
18:34:02.94175902,-1.3333E-02, 3.1000E+00,-2.6667E-01,
18:34:02.94175907, 2.6667E-02, 3.0333E+00, 2.6667E-01,
18:34:02.94175912, 0.0000E+00, 3.2000E+00, 1.3333E-01,
18:34:02.94175917, 1.3333E-02, 3.1667E+00,-1.3333E-01,
18:34:02.94175922, 0.0000E+00, 3.1667E+00, 0.0000E+00,
18:34:02.94175927,-2.6667E-02, 3.1667E+00, 1.3333E-01,
18:34:02.94175932,-1.3333E-02, 3.1333E+00,-2.6667E-01,
18:34:02.94175937,-1.3333E-02, 3.1333E+00,-1.3333E-01,
18:34:02.94175942, 2.6667E-02, 3.1667E+00, 2.6667E-01,
18:34:02.94175947,-1.3333E-02, 3.1667E+00, 1.3333E-01,
18:34:02.94175952,-1.3333E-02, 3.1333E+00, 0.0000E+00,
18:34:02.94175957, 1.3333E-02, 3.1333E+00, 5.3333E-01,
18:34:02.94175962, 0.0000E+00, 3.1000E+00, 1.3333E-01,
18:34:02.94175967,-1.3333E-02, 3.1667E+00, 0.0000E+00,
18:34:02.94175972,-1.3333E-02, 3.1000E+00,-1.3333E-01,
18:34:02.94175977,-4.0000E-02, 3.1333E+00, 0.0000E+00,
18:34:02.94175982, 0.0000E+00, 3.1333E+00, 0.0000E+00,
18:34:02.94175987, 1.3333E-02, 3.1333E+00,-1.3333E-01,
18:34:02.94175992, 0.0000E+00, 3.2000E+00, 0.0000E+00,
18:34:02.94175997,-1.3333E-02, 3.2333E+00,-1.3333E-01,
18:34:02.94176002, 1.3333E-02, 3.1000E+00, 2.6667E-01,
18:34:02.94176007,-2.6667E-02, 3.2000E+00, 4.0000E-01,
18:34:02.94176012, 2.6667E-02, 3.1333E+00, 1.3333E-01,
18:34:02.94176017, 0.0000E+00, 3.1333E+00, 1.3333E-01,
18:34:02.94176022,-4.0000E-02, 3.1333E+00, 0.0000E+00,
18:34:02.94176027,-4.0000E-02, 3.1333E+00,-1.3333E-01,
18:34:02.94176032,-1.3333E-02, 3.1000E+00, 1.3333E-01,
18:34:02.94176037, 0.0000E+00, 3.1333E+00,-4.0000E-01,
18:34:02.94176042, 0.0000E+00, 3.1667E+00, 2.6667E-01,
18:34:02.94176047, 1.3333E-02, 3.2000E+00, 4.0000E-01,
18:34:02.94176052, 0.0000E+00, 3.1667E+00,-1.3333E-01,
18:34:02.94176057,-4.0000E-02, 3.1000E+00, 2.6667E-01,
18:34:02.94176062, 1.3333E-02, 3.0667E+00, 0.0000E+00,
18:34:02.94176067, 1.3333E-02, 3.1667E+00,-2.6667E-01,
18:34:02.94176072,-2.6667E-02, 3.1333E+00, 0.0000E+00,
18:34:02.94176077,-1.3333E-02, 3.1333E+00, 2.6667E-01,
18:34:02.94176082,-1.3333E-02, 3.1333E+00, 0.0000E+00,
18:34:02.94176087, 0.0000E+00, 3.0667E+00, 1.3333E-01,
18:34:02.94176092,-1.3333E-02, 3.1667E+00, 0.0000E+00,
18:34:02.94176097,-1.3333E-02, 3.1333E+00, 1.3333E-01,
18:34:02.94176102, 1.3333E-02, 3.1667E+00, 0.0000E+00,
18:34:02.94176107,-1.3333E-02, 3.1667E+00, 1.3333E-01,
18:34:02.94176112, 2.6667E-02, 3.1000E+00,-1.3333E-01,
18:34:02.94176117, 0.0000E+00, 3.1333E+00, 0.0000E+00,
18:34:02.94176122,-5.3333E-02, 3.1333E+00, 1.3333E-01,
18:34:02.94176127,-2.6667E-02, 3.1000E+00, 0.0000E+00,
18:34:02.94176132,-1.3333E-02, 3.1333E+00, 1.3333E-01,
18:34:02.94176137, 0.0000E+00, 3.2000E+00, 1.3333E-01,
18:34:02.94176142,-2.6667E-02, 3.1667E+00,-1.3333E-01,
18:34:02.94176147, 0.0000E+00, 3.1667E+00, 4.0000E-01,
18:34:02.94176152, 1.3333E-02, 3.2000E+00, 2.6667E-01,
18:34:02.94176157, 1.3333E-02, 3.1667E+00,-1.3333E-01,
18:34:02.94176162,-1.3333E-02, 3.1000E+00,-1.3333E-01,
18:34:02.94176167,-2.6667E-02, 3.1333E+00,-2.6667E-01,
18:34:02.94176172,-1.3333E-02, 3.1000E+00,-1.3333E-01,
18:34:02.94176177, 1.3333E-02, 3.2000E+00,-1.3333E-01,
18:34:02.94176182,-1.3333E-02, 3.1333E+00, 0.0000E+00,
18:34:02.94176187, 0.0000E+00, 3.1333E+00, 5.3333E-01,
18:34:02.94176192, 0.0000E+00, 3.1333E+00, 0.0000E+00,
18:34:02.94176197,-1.3333E-02, 3.2000E+00, 1.3333E-01,
18:34:02.94176202,-1.3333E-02, 3.1333E+00,-1.3333E-01,
18:34:02.94176207,-1.3333E-02, 3.1333E+00, 2.6667E-01,
18:34:02.94176212, 0.0000E+00, 3.2000E+00,-1.3333E-01,
18:34:02.94176217,-2.6667E-02, 3.0667E+00, 1.3333E-01,
18:34:02.94176222,-1.3333E-02, 3.1333E+00,-1.3333E-01,
18:34:02.94176227, 4.0000E-02, 3.1000E+00,-1.3333E-01,
18:34:02.94176232, 1.3333E-02, 3.1667E+00,-1.3333E-01,
18:34:02.94176237,-1.3333E-02, 3.1000E+00, 0.0000E+00,
18:34:02.94176242, 0.0000E+00, 3.1667E+00, 2.6667E-01,
18:34:02.94176247,-1.3333E-02, 3.2000E+00, 0.0000E+00,
18:34:02.94176252,-1.3333E-02, 3.1000E+00,-1.3333E-01,
18:34:02.94176257, 2.6667E-02, 3.2000E+00, 2.6667E-01,
18:34:02.94176262,-2.6667E-02, 3.1000E+00, 2.6667E-01,
18:34:02.94176267,-4.0000E-02, 3.1667E+00, 0.0000E+00,
18:34:02.94176272,-1.3333E-02, 3.1000E+00, 0.0000E+00,
18:34:02.94176277,-1.3333E-02, 3.2000E+00,-1.3333E-01,
18:34:02.94176282, 1.3333E-02, 3.1000E+00, 2.6667E-01,
18:34:02.94176287,-2.6667E-02, 3.1333E+00,-1.3333E-01,
18:34:02.94176292, 5.3333E-02, 3.1667E+00, 1.3333E-01,
18:34:02.94176297, 1.3333E-02, 3.1333E+00, 1.3333E-01,
18:34:02.94176302,-1.3333E-02, 3.1667E+00, 2.6667E-01,
18:34:02.94176307, 1.3333E-02, 3.1000E+00, 6.6667E-01,
18:34:02.94176312, 1.3333E-02, 3.1000E+00, 0.0000E+00,
18:34:02.94176317,-1.3333E-02, 3.1333E+00,-2.6667E-01,
18:34:02.94176322, 0.0000E+00, 3.1000E+00,-1.3333E-01,
18:34:02.94176327,-1.3333E-02, 3.1667E+00,-1.3333E-01,
18:34:02.94176332, 0.0000E+00, 3.1000E+00, 1.3333E-01,
18:34:02.94176337, 1.3333E-02, 3.1333E+00,-1.3333E-01,
18:34:02.94176342, 1.3333E-02, 3.2000E+00, 1.3333E-01,
18:34:02.94176347, 1.3333E-02, 3.2000E+00, 1.3333E-01,
18:34:02.94176352, 1.3333E-02, 3.1000E+00, 1.3333E-01,
18:34:02.94176357,-2.6667E-02, 3.1667E+00, 2.6667E-01,
18:34:02.94176362, 0.0000E+00, 3.1667E+00, 1.3333E-01,
18:34:02.94176367,-2.6667E-02, 3.1333E+00, 1.3333E-01,
18:34:02.94176372,-2.6667E-02, 3.1333E+00,-1.3333E-01,
18:34:02.94176377,-1.3333E-02, 3.1333E+00, 1.3333E-01,
18:34:02.94176382, 0.0000E+00, 3.1333E+00, 2.6667E-01,
18:34:02.94176387, 1.3333E-02, 3.1333E+00, 1.3333E-01,
18:34:02.94176392, 0.0000E+00, 3.1667E+00, 1.3333E-01,
18:34:02.94176397, 0.0000E+00, 3.1667E+00, 0.0000E+00,
18:34:02.94176402,-1.3333E-02, 3.1000E+00,-1.3333E-01,
18:34:02.94176407,-2.6667E-02, 3.1667E+00,-2.6667E-01,
18:34:02.94176412, 0.0000E+00, 3.1000E+00, 0.0000E+00,
18:34:02.94176417, 0.0000E+00, 3.1333E+00, 1.3333E-01,
18:34:02.94176422, 0.0000E+00, 3.2000E+00, 0.0000E+00,
18:34:02.94176427, 0.0000E+00, 3.1000E+00,-1.3333E-01,
18:34:02.94176432, 0.0000E+00, 3.1667E+00, 0.0000E+00,
18:34:02.94176437, 0.0000E+00, 3.1667E+00, 1.3333E-01,
18:34:02.94176442, 0.0000E+00, 3.1000E+00,-1.3333E-01,
18:34:02.94176447,-2.6667E-02, 3.1000E+00, 0.0000E+00,
18:34:02.94176452, 0.0000E+00, 3.1667E+00, 1.3333E-01,
18:34:02.94176457, 0.0000E+00, 3.1333E+00, 0.0000E+00,
18:34:02.94176462,-2.6667E-02, 3.1333E+00, 0.0000E+00,
18:34:02.94176467, 0.0000E+00, 3.1333E+00,-1.3333E-01,
18:34:02.94176472,-1.3333E-02, 3.1000E+00, 0.0000E+00,
18:34:02.94176477, 0.0000E+00, 3.1333E+00,-2.6667E-01,
18:34:02.94176482,-2.6667E-02, 3.2000E+00,-1.3333E-01,
18:34:02.94176487, 0.0000E+00, 3.1667E+00, 4.0000E-01,
18:34:02.94176492, 0.0000E+00, 3.1333E+00,-2.6667E-01,
18:34:02.94176497,-2.6667E-02, 3.1667E+00, 2.6667E-01,
18:34:02.94176502, 0.0000E+00, 3.1667E+00, 1.3333E-01,
18:34:02.94176507,-4.0000E-02, 3.2000E+00,-4.0000E-01,
18:34:02.94176512,-4.0000E-02, 3.1333E+00, 0.0000E+00,
18:34:02.94176517,-1.3333E-02, 3.2000E+00, 0.0000E+00,
18:34:02.94176522, 1.3333E-02, 3.2000E+00, 1.3333E-01,
18:34:02.94176527, 0.0000E+00, 3.1667E+00, 1.3333E-01,
18:34:02.94176532, 0.0000E+00, 3.2000E+00, 1.3333E-01,
18:34:02.94176537, 2.6667E-02, 3.1667E+00, 0.0000E+00,
18:34:02.94176542,-5.3333E-02, 3.1000E+00, 0.0000E+00,
18:34:02.94176547, 0.0000E+00, 3.1000E+00, 0.0000E+00,
18:34:02.94176552,-2.6667E-02, 3.2000E+00, 1.3333E-01,
18:34:02.94176557,-2.6667E-02, 3.2000E+00, 1.3333E-01,
18:34:02.94176562, 0.0000E+00, 3.1667E+00,-2.6667E-01,
18:34:02.94176567, 0.0000E+00, 3.1000E+00, 1.3333E-01,
18:34:02.94176572, 0.0000E+00, 3.1333E+00,-1.3333E-01,
18:34:02.94176577,-1.3333E-02, 3.2000E+00, 0.0000E+00,
18:34:02.94176582, 4.0000E-02, 3.1000E+00, 0.0000E+00,
18:34:02.94176587,-1.3333E-02, 3.1333E+00, 2.6667E-01,
18:34:02.94176592,-1.3333E-02, 3.1333E+00,-1.3333E-01,
18:34:02.94176597,-2.6667E-02, 3.1333E+00, 0.0000E+00,
18:34:02.94176602,-1.3333E-02, 3.1667E+00,-2.6667E-01,
18:34:02.94176607,-1.3333E-02, 3.1667E+00,-1.3333E-01,
18:34:02.94176612, 0.0000E+00, 3.1000E+00,-1.3333E-01,
18:34:02.94176617, 2.6667E-02, 3.2333E+00,-1.3333E-01,
18:34:02.94176622, 0.0000E+00, 3.1333E+00, 0.0000E+00,
18:34:02.94176627, 1.3333E-02, 3.1000E+00, 0.0000E+00,
18:34:02.94176632,-1.3333E-02, 3.1333E+00,-2.6667E-01,
18:34:02.94176637, 1.3333E-02, 3.1000E+00, 1.3333E-01,
18:34:02.94176642,-1.3333E-02, 3.1333E+00, 0.0000E+00,
18:34:02.94176647,-1.3333E-02, 3.1333E+00, 1.3333E-01,
18:34:02.94176652,-2.6667E-02, 3.1333E+00,-1.3333E-01,
18:34:02.94176657,-4.0000E-02, 3.1667E+00,-1.3333E-01,
18:34:02.94176662, 1.3333E-02, 3.1667E+00,-2.6667E-01,
18:34:02.94176667, 0.0000E+00, 3.1333E+00, 0.0000E+00,
18:34:02.94176672, 0.0000E+00, 3.1667E+00, 0.0000E+00,
18:34:02.94176677, 4.0000E-02, 3.2333E+00,-1.3333E-01,
18:34:02.94176682, 0.0000E+00, 3.1333E+00, 1.3333E-01,
18:34:02.94176687, 0.0000E+00, 3.1000E+00, 1.3333E-01,
18:34:02.94176692, 0.0000E+00, 3.1333E+00,-1.3333E-01,
18:34:02.94176697,-2.6667E-02, 3.1667E+00, 2.6667E-01,
18:34:02.94176702,-1.3333E-02, 3.2667E+00, 4.0000E-01,
18:34:02.94176707,-1.3333E-02, 3.2000E+00, 0.0000E+00,
18:34:02.94176712, 0.0000E+00, 3.1000E+00,-1.3333E-01,
18:34:02.94176717,-1.3333E-02, 3.1667E+00, 2.6667E-01,
18:34:02.94176722,-1.3333E-02, 3.1333E+00, 0.0000E+00,
18:34:02.94176727, 1.3333E-02, 3.1667E+00, 2.6667E-01,
18:34:02.94176732,-2.6667E-02, 3.1333E+00, 4.0000E-01,
18:34:02.94176737,-2.6667E-02, 3.1333E+00, 0.0000E+00,
18:34:02.94176742,-1.3333E-02, 3.1000E+00, 0.0000E+00,
18:34:02.94176747,-1.3333E-02, 3.1333E+00,-2.6667E-01,
18:34:02.94176752,-4.0000E-02, 3.1667E+00, 2.6667E-01,
18:34:02.94176757, 0.0000E+00, 3.1000E+00,-2.6667E-01,
18:34:02.94176762, 1.3333E-02, 3.1667E+00,-2.6667E-01,
18:34:02.94176767, 1.3333E-02, 3.1333E+00,-1.3333E-01,
18:34:02.94176772, 1.3333E-02, 3.1333E+00, 1.3333E-01,
18:34:02.94176777,-1.3333E-02, 3.1667E+00, 4.0000E-01,
18:34:02.94176782,-2.6667E-02, 3.1000E+00, 0.0000E+00,
18:34:02.94176787,-2.6667E-02, 3.1667E+00, 2.6667E-01,
18:34:02.94176792,-2.6667E-02, 3.1333E+00,-4.0000E-01,
18:34:02.94176797,-1.3333E-02, 3.1333E+00, 1.3333E-01,
18:34:02.94176802,-2.6667E-02, 3.1667E+00, 1.3333E-01,
18:34:02.94176807,-1.3333E-02, 3.1000E+00,-2.6667E-01,
18:34:02.94176812, 1.3333E-02, 3.1667E+00, 2.6667E-01,
18:34:02.94176817, 1.3333E-02, 3.1000E+00, 1.3333E-01,
18:34:02.94176822,-1.3333E-02, 3.1333E+00, 0.0000E+00,
18:34:02.94176827, 0.0000E+00, 3.1333E+00, 0.0000E+00,
18:34:02.94176832,-2.6667E-02, 3.0667E+00, 1.3333E-01,
18:34:02.94176837,-2.6667E-02, 3.1333E+00, 1.3333E-01,
18:34:02.94176842,-1.3333E-02, 3.1667E+00, 0.0000E+00,
18:34:02.94176847,-2.6667E-02, 3.1333E+00,-1.3333E-01,
18:34:02.94176852,-1.3333E-02, 3.2000E+00, 0.0000E+00,
18:34:02.94176857,-4.0000E-02, 3.1333E+00, 1.3333E-01,
18:34:02.94176862,-1.3333E-02, 3.1333E+00, 0.0000E+00,
18:34:02.94176867, 1.3333E-02, 3.1333E+00, 1.3333E-01,
18:34:02.94176872,-1.3333E-02, 3.1667E+00,-1.3333E-01,
18:34:02.94176877,-1.3333E-02, 3.1333E+00,-2.6667E-01,
18:34:02.94176882,-1.3333E-02, 3.1667E+00, 2.6667E-01,
18:34:02.94176887,-1.3333E-02, 3.1333E+00, 1.3333E-01,
18:34:02.94176892,-4.0000E-02, 3.1667E+00, 0.0000E+00,
18:34:02.94176897, 0.0000E+00, 3.1333E+00,-1.3333E-01,
18:34:02.94176902,-4.0000E-02, 3.1667E+00, 2.6667E-01,
18:34:02.94176907, 0.0000E+00, 3.2333E+00,-1.3333E-01,
18:34:02.94176912,-1.3333E-02, 3.1000E+00,-1.3333E-01,
18:34:02.94176917, 0.0000E+00, 3.1333E+00,-1.3333E-01,
18:34:02.94176922, 2.6667E-02, 3.1667E+00, 1.3333E-01,
18:34:02.94176927, 2.6667E-02, 3.0667E+00, 0.0000E+00,
18:34:02.94176932,-1.3333E-02, 3.0667E+00, 0.0000E+00,
18:34:02.94176937, 0.0000E+00, 3.1333E+00,-1.3333E-01,
18:34:02.94176942,-1.3333E-02, 3.1667E+00, 1.3333E-01,
18:34:02.94176947, 2.6667E-02, 3.1000E+00,-1.3333E-01,
18:34:02.94176952,-1.3333E-02, 3.2667E+00, 1.3333E-01,
18:34:02.94176957, 1.3333E-02, 3.1000E+00, 0.0000E+00,
18:34:02.94176962, 2.6667E-02, 3.1667E+00,-1.3333E-01,
18:34:02.94176967, 2.6667E-02, 3.1667E+00, 0.0000E+00,
18:34:02.94176972, 0.0000E+00, 3.1333E+00, 2.6667E-01,
18:34:02.94176977,-1.3333E-02, 3.1333E+00, 4.0000E-01,
18:34:02.94176982,-4.0000E-02, 3.1333E+00, 1.3333E-01,
18:34:02.94176987,-2.6667E-02, 3.1333E+00, 1.3333E-01,
18:34:02.94176992, 0.0000E+00, 3.1667E+00, 0.0000E+00,
18:34:02.94176997, 1.3333E-02, 3.1667E+00, 1.3333E-01,
18:34:02.94177002, 1.3333E-02, 3.1333E+00, 0.0000E+00,
18:34:02.94177007, 0.0000E+00, 3.1333E+00,-2.6667E-01,
18:34:02.94177012, 0.0000E+00, 3.1667E+00, 0.0000E+00,
18:34:02.94177017, 0.0000E+00, 3.1333E+00, 0.0000E+00,
18:34:02.94177022, 0.0000E+00, 3.2000E+00, 0.0000E+00,
18:34:02.94177027,-4.0000E-02, 3.1333E+00, 1.3333E-01,
18:34:02.94177032, 0.0000E+00, 3.1333E+00, 0.0000E+00,
18:34:02.94177037,-2.6667E-02, 3.0667E+00,-1.3333E-01,
18:34:02.94177042, 1.3333E-02, 3.1333E+00, 2.6667E-01,
18:34:02.94177047, 0.0000E+00, 3.1333E+00,-1.3333E-01,
18:34:02.94177052, 1.3333E-02, 3.1333E+00,-1.3333E-01,
18:34:02.94177057,-2.6667E-02, 3.1333E+00,-1.3333E-01,
18:34:02.94177062,-1.3333E-02, 3.1667E+00,-1.3333E-01,
18:34:02.94177067,-1.3333E-02, 3.1333E+00,-1.3333E-01,
18:34:02.94177072, 2.6667E-02, 3.1000E+00, 2.6667E-01,
18:34:02.94177077,-1.3333E-02, 3.1000E+00, 1.3333E-01,
18:34:02.94177082,-1.3333E-02, 3.1667E+00, 2.6667E-01,
18:34:02.94177087, 2.6667E-02, 3.1667E+00,-4.0000E-01,
18:34:02.94177092,-1.3333E-02, 3.2000E+00, 1.3333E-01,
18:34:02.94177097,-1.3333E-02, 3.1000E+00,-2.6667E-01,
18:34:02.94177102, 0.0000E+00, 3.2000E+00,-2.6667E-01,
18:34:02.94177107,-1.3333E-02, 3.1667E+00,-2.6667E-01,
18:34:02.94177112, 0.0000E+00, 3.1333E+00,-2.6667E-01,
18:34:02.94177117,-1.3333E-02, 3.1667E+00, 0.0000E+00,
18:34:02.94177122,-1.3333E-02, 3.0667E+00, 1.3333E-01,
18:34:02.94177127, 0.0000E+00, 3.1333E+00, 0.0000E+00,
18:34:02.94177132,-1.3333E-02, 3.2000E+00, 1.3333E-01,
18:34:02.94177137, 1.3333E-02, 3.1333E+00, 1.3333E-01,
18:34:02.94177142,-1.3333E-02, 3.1667E+00,-1.3333E-01,
18:34:02.94177147, 0.0000E+00, 3.2333E+00,-1.3333E-01,
18:34:02.94177152,-1.3333E-02, 3.1667E+00,-5.3333E-01,
18:34:02.94177157, 0.0000E+00, 3.1333E+00, 2.6667E-01,
18:34:02.94177162, 1.3333E-02, 3.1000E+00,-1.3333E-01,
18:34:02.94177167, 1.3333E-02, 3.1000E+00,-1.3333E-01,
18:34:02.94177172,-1.3333E-02, 3.1333E+00, 0.0000E+00,
18:34:02.94177177,-1.3333E-02, 3.2333E+00, 1.3333E-01,
18:34:02.94177182,-2.6667E-02, 3.1333E+00, 1.3333E-01,
18:34:02.94177187, 0.0000E+00, 3.2000E+00, 0.0000E+00,
18:34:02.94177192,-1.3333E-02, 3.1667E+00, 0.0000E+00,
18:34:02.94177197, 0.0000E+00, 3.1000E+00, 1.3333E-01,
18:34:02.94177202, 1.3333E-02, 3.2000E+00,-1.3333E-01,
18:34:02.94177207, 0.0000E+00, 3.2000E+00,-1.3333E-01,
18:34:02.94177212,-1.3333E-02, 3.1000E+00, 0.0000E+00,
18:34:02.94177217, 0.0000E+00, 3.1000E+00, 1.3333E-01,
18:34:02.94177222, 1.3333E-02, 3.1667E+00, 1.3333E-01,
18:34:02.94177227, 2.0000E-01, 3.1000E+00, 2.6667E-01,
18:34:02.94177232, 8.1333E-01, 3.2000E+00, 1.3333E-01,
18:34:02.94177237, 1.4400E+00, 3.1667E+00, 2.6667E-01,
18:34:02.94177242, 1.9467E+00, 3.1333E+00,-1.3333E-01,
18:34:02.94177247, 2.1467E+00, 3.1000E+00, 1.3333E-01,
18:34:02.94177252, 2.2133E+00, 3.1333E+00, 0.0000E+00,
18:34:02.94177257, 2.2267E+00, 3.2000E+00, 0.0000E+00,
18:34:02.94177262, 2.2000E+00, 3.2333E+00, 0.0000E+00,
18:34:02.94177267, 2.1733E+00, 3.1000E+00, 1.3333E-01,
18:34:02.94177272, 2.1867E+00, 3.1667E+00,-1.3333E-01,
18:34:02.94177277, 2.1600E+00, 3.1000E+00,-1.3333E-01,
18:34:02.94177282, 2.1733E+00, 3.1000E+00,-4.0000E-01,
18:34:02.94177287, 2.1467E+00, 3.2000E+00,-1.3333E-01,
18:34:02.94177292, 2.1867E+00, 3.1667E+00,-1.3333E-01,
18:34:02.94177297, 2.1867E+00, 3.0667E+00, 0.0000E+00,
18:34:02.94177302, 2.2000E+00, 3.1667E+00,-2.6667E-01,
18:34:02.94177307, 2.1600E+00, 3.1000E+00,-1.3333E-01,
18:34:02.94177312, 2.1733E+00, 3.1667E+00, 4.0000E-01,
18:34:02.94177317, 2.1333E+00, 3.1000E+00, 0.0000E+00,
18:34:02.94177322, 2.1467E+00, 3.0667E+00,-1.3333E-01,
18:34:02.94177327, 2.1200E+00, 3.1667E+00, 1.3333E-01,
18:34:02.94177332, 2.1600E+00, 3.1333E+00,-4.0000E-01,
18:34:02.94177337, 2.1333E+00, 3.1000E+00,-1.3333E-01,
18:34:02.94177342, 2.1333E+00, 3.1333E+00,-1.3333E-01,
18:34:02.94177347, 2.1200E+00, 3.1000E+00,-1.3333E-01,
18:34:02.94177352, 2.1333E+00, 3.1667E+00, 0.0000E+00,
18:34:02.94177357, 2.1333E+00, 3.1667E+00, 2.6667E-01,
18:34:02.94177362, 2.1067E+00, 3.2000E+00, 0.0000E+00,
18:34:02.94177367, 2.1200E+00, 3.1000E+00, 1.3333E-01,
18:34:02.94177372, 2.1067E+00, 3.1667E+00, 2.6667E-01,
18:34:02.94177377, 2.1200E+00, 3.1667E+00,-2.6667E-01,
18:34:02.94177382, 2.1200E+00, 3.1000E+00, 2.6667E-01,
18:34:02.94177387, 2.1333E+00, 3.1333E+00, 0.0000E+00,
18:34:02.94177392, 2.1333E+00, 3.1333E+00,-2.6667E-01,
18:34:02.94177397, 2.1067E+00, 3.1000E+00,-1.3333E-01,
18:34:02.94177402, 2.0933E+00, 3.2000E+00, 1.3333E-01,
18:34:02.94177407, 2.1067E+00, 3.1667E+00,-1.3333E-01,
18:34:02.94177412, 2.0667E+00, 3.1333E+00,-2.6667E-01,
18:34:02.94177417, 2.0667E+00, 3.2000E+00,-1.3333E-01,
18:34:02.94177422, 2.0933E+00, 3.1667E+00, 2.6667E-01,
18:34:02.94177427, 2.0800E+00, 3.1000E+00, 4.0000E-01,
18:34:02.94177432, 2.0800E+00, 3.1333E+00,-1.3333E-01,
18:34:02.94177437, 2.0667E+00, 3.1667E+00,-2.6667E-01,
18:34:02.94177442, 2.0400E+00, 3.1000E+00,-1.3333E-01,
18:34:02.94177447, 2.0800E+00, 3.1333E+00,-1.3333E-01,
18:34:02.94177452, 2.0667E+00, 3.2333E+00, 0.0000E+00,
18:34:02.94177457, 2.0533E+00, 3.1667E+00, 0.0000E+00,
18:34:02.94177462, 2.0133E+00, 3.1667E+00, 1.3333E-01,
18:34:02.94177467, 2.0000E+00, 3.1333E+00,-2.6667E-01,
18:34:02.94177472, 2.0267E+00, 3.1333E+00,-1.3333E-01,
18:34:02.94177477, 2.0667E+00, 3.1000E+00, 2.6667E-01,
18:34:02.94177482, 2.0400E+00, 3.1000E+00, 1.3333E-01,
18:34:02.94177487, 2.0533E+00, 3.1000E+00, 1.3333E-01,
18:34:02.94177492, 2.0400E+00, 3.1333E+00, 4.0000E-01,
18:34:02.94177497, 2.0400E+00, 3.1333E+00, 0.0000E+00,
18:34:02.94177502, 2.0400E+00, 3.1333E+00, 1.3333E-01,
18:34:02.94177507, 2.0267E+00, 3.1333E+00, 1.3333E-01,
18:34:02.94177512, 2.0000E+00, 3.1333E+00, 0.0000E+00,
18:34:02.94177517, 2.0000E+00, 3.1000E+00, 0.0000E+00,
18:34:02.94177522, 2.0133E+00, 3.0667E+00, 1.3333E-01,
18:34:02.94177527, 2.0267E+00, 3.1333E+00,-2.6667E-01,
18:34:02.94177532, 2.0133E+00, 3.1333E+00, 0.0000E+00,
18:34:02.94177537, 1.9867E+00, 3.2000E+00,-2.6667E-01,
18:34:02.94177542, 2.0267E+00, 3.1667E+00, 2.6667E-01,
18:34:02.94177547, 2.0133E+00, 3.1333E+00,-2.6667E-01,
18:34:02.94177552, 2.0000E+00, 3.1000E+00,-1.3333E-01,
18:34:02.94177557, 1.9733E+00, 3.1667E+00, 0.0000E+00,
18:34:02.94177562, 1.9867E+00, 3.1333E+00, 0.0000E+00,
18:34:02.94177567, 1.9867E+00, 3.1000E+00, 4.0000E-01,
18:34:02.94177572, 1.9867E+00, 3.1333E+00, 0.0000E+00,
18:34:02.94177577, 1.9867E+00, 3.1333E+00,-1.3333E-01,
18:34:02.94177582, 2.0133E+00, 3.1667E+00,-2.6667E-01,
18:34:02.94177587, 2.0000E+00, 3.1667E+00, 0.0000E+00,
18:34:02.94177592, 2.0133E+00, 3.1667E+00,-1.3333E-01,
18:34:02.94177597, 1.9867E+00, 3.1333E+00, 1.3333E-01,
18:34:02.94177602, 1.9867E+00, 3.1000E+00,-2.6667E-01,
18:34:02.94177607, 2.0000E+00, 3.1667E+00, 2.6667E-01,
18:34:02.94177612, 1.9867E+00, 3.2333E+00, 2.6667E-01,
18:34:02.94177617, 2.0133E+00, 3.1333E+00, 2.6667E-01,
18:34:02.94177622, 1.9867E+00, 3.2000E+00, 1.3333E-01,
18:34:02.94177627, 1.9867E+00, 3.1000E+00, 1.3333E-01,
18:34:02.94177632, 1.9867E+00, 3.0667E+00,-1.3333E-01,
18:34:02.94177637, 2.0400E+00, 3.2333E+00,-1.3333E-01,
18:34:02.94177642, 2.0000E+00, 3.1667E+00, 1.3333E-01,
18:34:02.94177647, 2.0267E+00, 3.1667E+00, 1.3333E-01,
18:34:02.94177652, 1.9867E+00, 3.2000E+00,-1.3333E-01,
18:34:02.94177657, 1.9867E+00, 3.1667E+00, 1.3333E-01,
18:34:02.94177662, 2.0133E+00, 3.0667E+00, 0.0000E+00,
18:34:02.94177667, 2.0000E+00, 3.1333E+00,-1.3333E-01,
18:34:02.94177672, 2.0000E+00, 3.1000E+00,-1.3333E-01,
18:34:02.94177677, 2.0000E+00, 3.2333E+00, 1.3333E-01,
18:34:02.94177682, 2.0000E+00, 3.0667E+00, 0.0000E+00,
18:34:02.94177687, 2.0000E+00, 3.1667E+00, 0.0000E+00,
18:34:02.94177692, 1.9867E+00, 3.1333E+00, 2.6667E-01,
18:34:02.94177697, 2.0000E+00, 3.1000E+00, 0.0000E+00,
18:34:02.94177702, 1.9867E+00, 3.1667E+00, 1.3333E-01,
18:34:02.94177707, 1.9867E+00, 3.1333E+00, 1.3333E-01,
18:34:02.94177712, 1.9600E+00, 3.1667E+00, 0.0000E+00,
18:34:02.94177717, 2.0000E+00, 3.1667E+00,-2.6667E-01,
18:34:02.94177722, 2.0000E+00, 3.1333E+00, 1.3333E-01,
18:34:02.94177727, 2.0133E+00, 3.2000E+00,-1.3333E-01,
18:34:02.94177732, 2.0000E+00, 3.1667E+00,-2.6667E-01,
18:34:02.94177737, 2.0133E+00, 3.1000E+00,-1.3333E-01,
18:34:02.94177742, 1.9867E+00, 3.2000E+00, 0.0000E+00,
18:34:02.94177747, 1.9867E+00, 3.2000E+00, 1.3333E-01,
18:34:02.94177752, 1.9867E+00, 3.1333E+00, 1.3333E-01,
18:34:02.94177757, 1.9867E+00, 3.1667E+00, 1.3333E-01,
18:34:02.94177762, 2.0000E+00, 3.1333E+00, 0.0000E+00,
18:34:02.94177767, 1.9867E+00, 3.2000E+00, 0.0000E+00,
18:34:02.94177772, 2.0267E+00, 3.1667E+00, 0.0000E+00,
18:34:02.94177777, 2.0000E+00, 3.1667E+00,-1.3333E-01,
18:34:02.94177782, 1.9867E+00, 3.1000E+00,-1.3333E-01,
18:34:02.94177787, 1.9867E+00, 3.0667E+00, 0.0000E+00,
18:34:02.94177792, 2.0000E+00, 3.1667E+00,-1.3333E-01,
18:34:02.94177797, 2.0133E+00, 3.1333E+00, 1.3333E-01,
18:34:02.94177802, 1.9733E+00, 3.1667E+00, 1.3333E-01,
18:34:02.94177807, 1.9867E+00, 3.0667E+00, 2.6667E-01,
18:34:02.94177812, 1.9867E+00, 3.1667E+00,-2.6667E-01,
18:34:02.94177817, 2.0133E+00, 3.2000E+00, 1.3333E-01,
18:34:02.94177822, 2.0400E+00, 3.1333E+00,-1.3333E-01,
18:34:02.94177827, 1.9733E+00, 3.1667E+00,-4.0000E-01,
18:34:02.94177832, 2.0133E+00, 3.2000E+00, 0.0000E+00,
18:34:02.94177837, 2.0133E+00, 3.1333E+00, 1.3333E-01,
18:34:02.94177842, 2.0133E+00, 3.1667E+00, 1.3333E-01,
18:34:02.94177847, 1.9867E+00, 3.2000E+00,-1.3333E-01,
18:34:02.94177852, 2.0000E+00, 3.0667E+00, 1.3333E-01,
18:34:02.94177857, 1.9867E+00, 3.1667E+00, 2.6667E-01,
18:34:02.94177862, 2.0000E+00, 3.1667E+00,-1.3333E-01,
18:34:02.94177867, 2.0133E+00, 3.1667E+00, 2.6667E-01,
18:34:02.94177872, 2.0133E+00, 3.1667E+00, 2.6667E-01,
18:34:02.94177877, 2.0133E+00, 3.2000E+00,-2.6667E-01,
18:34:02.94177882, 1.9867E+00, 3.1000E+00, 0.0000E+00,
18:34:02.94177887, 2.0000E+00, 3.2000E+00, 2.6667E-01,
18:34:02.94177892, 2.0000E+00, 3.1333E+00, 1.3333E-01,
18:34:02.94177897, 2.0000E+00, 3.1000E+00, 2.6667E-01,
18:34:02.94177902, 1.9867E+00, 3.1333E+00, 2.6667E-01,
18:34:02.94177907, 1.9733E+00, 3.2000E+00,-1.3333E-01,
18:34:02.94177912, 1.9867E+00, 3.1667E+00, 1.3333E-01,
18:34:02.94177917, 2.0000E+00, 3.2333E+00, 4.0000E-01,
18:34:02.94177922, 2.0267E+00, 3.2000E+00, 1.3333E-01,
18:34:02.94177927, 2.0267E+00, 3.1000E+00, 4.0000E-01,
18:34:02.94177932, 2.0400E+00, 3.1667E+00, 1.3333E-01,
18:34:02.94177937, 2.0133E+00, 3.1000E+00, 0.0000E+00,
18:34:02.94177942, 2.0133E+00, 3.1333E+00,-1.3333E-01,
18:34:02.94177947, 2.0000E+00, 3.1333E+00, 1.3333E-01,
18:34:02.94177952, 2.0133E+00, 3.1667E+00, 1.3333E-01,
18:34:02.94177957, 2.0400E+00, 3.0667E+00, 0.0000E+00,
18:34:02.94177962, 1.9867E+00, 3.1333E+00, 1.3333E-01,
18:34:02.94177967, 2.0133E+00, 3.1667E+00, 0.0000E+00,
18:34:02.94177972, 2.0400E+00, 3.1000E+00, 1.3333E-01,
18:34:02.94177977, 2.0267E+00, 3.2000E+00,-5.3333E-01,
18:34:02.94177982, 2.0000E+00, 3.0667E+00,-2.6667E-01,
18:34:02.94177987, 1.9867E+00, 3.2000E+00, 2.6667E-01,
18:34:02.94177992, 2.0133E+00, 3.1667E+00, 2.6667E-01,
18:34:02.94177997, 1.9867E+00, 3.1333E+00, 1.3333E-01,
18:34:02.94178002, 2.0133E+00, 3.2000E+00, 0.0000E+00,
18:34:02.94178007, 2.0000E+00, 3.2000E+00,-1.3333E-01,
18:34:02.94178012, 2.0000E+00, 3.0667E+00, 1.3333E-01,
18:34:02.94178017, 2.0133E+00, 3.0667E+00, 2.6667E-01,
18:34:02.94178022, 2.0133E+00, 3.1333E+00, 1.3333E-01,
18:34:02.94178027, 2.0000E+00, 3.1333E+00,-1.3333E-01,
18:34:02.94178032, 2.0000E+00, 3.2000E+00,-1.3333E-01,
18:34:02.94178037, 2.0000E+00, 3.1667E+00, 1.3333E-01,
18:34:02.94178042, 1.9867E+00, 3.1333E+00, 1.3333E-01,
18:34:02.94178047, 1.9867E+00, 3.1667E+00, 5.3333E-01,
18:34:02.94178052, 2.0133E+00, 3.1000E+00, 1.3333E-01,
18:34:02.94178057, 2.0000E+00, 3.1333E+00, 0.0000E+00,
18:34:02.94178062, 2.0000E+00, 3.1000E+00, 4.0000E-01,
18:34:02.94178067, 2.0133E+00, 3.2000E+00, 1.3333E-01,
18:34:02.94178072, 2.0000E+00, 3.1667E+00,-1.3333E-01,
18:34:02.94178077, 2.0133E+00, 3.1667E+00, 2.6667E-01,
18:34:02.94178082, 1.9867E+00, 3.1667E+00,-1.3333E-01,
18:34:02.94178087, 2.0000E+00, 3.2333E+00,-1.3333E-01,
18:34:02.94178092, 2.0000E+00, 3.1333E+00, 0.0000E+00,
18:34:02.94178097, 2.0133E+00, 3.1667E+00, 0.0000E+00,
18:34:02.94178102, 2.0133E+00, 3.1333E+00, 4.0000E-01,
18:34:02.94178107, 2.0267E+00, 3.0333E+00,-1.3333E-01,
18:34:02.94178112, 2.0133E+00, 3.0667E+00, 1.3333E-01,
18:34:02.94178117, 2.0267E+00, 3.1667E+00,-1.3333E-01,
18:34:02.94178122, 2.0000E+00, 3.1667E+00,-1.3333E-01,
18:34:02.94178127, 2.0000E+00, 3.1667E+00, 2.6667E-01,
18:34:02.94178132, 1.9867E+00, 3.1333E+00, 1.3333E-01,
18:34:02.94178137, 2.0267E+00, 3.1667E+00, 0.0000E+00,
18:34:02.94178142, 1.9867E+00, 3.0667E+00, 0.0000E+00,
18:34:02.94178147, 2.0133E+00, 3.2000E+00, 0.0000E+00,
18:34:02.94178152, 2.0267E+00, 3.1667E+00, 0.0000E+00,
18:34:02.94178157, 2.0000E+00, 3.1333E+00, 4.0000E-01,
18:34:02.94178162, 2.0267E+00, 3.1667E+00, 1.3333E-01,
18:34:02.94178167, 2.0267E+00, 3.1333E+00, 0.0000E+00,
18:34:02.94178172, 2.0400E+00, 3.1000E+00,-2.6667E-01,
18:34:02.94178177, 2.0000E+00, 3.2000E+00, 1.3333E-01,
18:34:02.94178182, 2.0000E+00, 3.2000E+00, 0.0000E+00,
18:34:02.94178187, 2.0000E+00, 3.1000E+00, 1.3333E-01,
18:34:02.94178192, 2.0400E+00, 3.2000E+00,-1.3333E-01,
18:34:02.94178197, 2.0267E+00, 3.1333E+00,-1.3333E-01,
18:34:02.94178202, 2.0400E+00, 3.1000E+00, 0.0000E+00,
18:34:02.94178207, 2.0133E+00, 3.2000E+00, 1.3333E-01,
18:34:02.94178212, 2.0133E+00, 3.1000E+00, 1.3333E-01,
18:34:02.94178217, 2.0133E+00, 3.1667E+00,-1.3333E-01,
18:34:02.94178222, 2.0400E+00, 3.1667E+00,-1.3333E-01,
18:34:02.94178227, 2.0133E+00, 3.1333E+00, 0.0000E+00,
18:34:02.94178232, 2.0133E+00, 3.1000E+00, 0.0000E+00,
18:34:02.94178237, 2.0267E+00, 3.2000E+00, 0.0000E+00,
18:34:02.94178242, 2.0000E+00, 3.1000E+00, 0.0000E+00,
18:34:02.94178247, 2.0133E+00, 3.2000E+00, 1.3333E-01,
18:34:02.94178252, 2.0133E+00, 3.1667E+00,-1.3333E-01,
18:34:02.94178257, 2.0267E+00, 3.2000E+00, 0.0000E+00,
18:34:02.94178262, 2.0133E+00, 3.1667E+00,-1.3333E-01,
18:34:02.94178267, 2.0000E+00, 3.1667E+00, 0.0000E+00,
18:34:02.94178272, 2.0267E+00, 3.1333E+00, 0.0000E+00,
18:34:02.94178277, 2.0000E+00, 3.1667E+00, 1.3333E-01,
18:34:02.94178282, 2.0000E+00, 3.1333E+00, 1.3333E-01,
18:34:02.94178287, 2.0267E+00, 3.1667E+00, 1.3333E-01,
18:34:02.94178292, 2.0000E+00, 3.2000E+00, 1.3333E-01,
18:34:02.94178297, 2.0267E+00, 3.1333E+00, 1.3333E-01,
18:34:02.94178302, 2.0400E+00, 3.1333E+00,-1.3333E-01,
18:34:02.94178307, 2.0267E+00, 3.2000E+00, 0.0000E+00,
18:34:02.94178312, 2.0133E+00, 3.1667E+00, 4.0000E-01,
18:34:02.94178317, 2.0400E+00, 3.1667E+00,-2.6667E-01,
18:34:02.94178322, 2.0267E+00, 3.1667E+00,-1.3333E-01,
18:34:02.94178327, 2.0000E+00, 3.2000E+00, 0.0000E+00,
18:34:02.94178332, 1.9867E+00, 3.2000E+00, 4.0000E-01,
18:34:02.94178337, 1.9867E+00, 3.1333E+00, 2.6667E-01,
18:34:02.94178342, 2.0000E+00, 3.1333E+00, 1.3333E-01,
18:34:02.94178347, 2.0267E+00, 3.2000E+00, 2.6667E-01,
18:34:02.94178352, 2.0267E+00, 3.1333E+00, 2.6667E-01,
18:34:02.94178357, 2.0133E+00, 3.2000E+00, 0.0000E+00,
18:34:02.94178362, 2.0267E+00, 3.1333E+00, 0.0000E+00,
18:34:02.94178367, 2.0400E+00, 3.1667E+00, 0.0000E+00,
18:34:02.94178372, 2.0000E+00, 3.1000E+00,-2.6667E-01,
18:34:02.94178377, 2.0267E+00, 3.1667E+00, 0.0000E+00,
18:34:02.94178382, 2.0267E+00, 3.1667E+00,-2.6667E-01,
18:34:02.94178387, 2.0400E+00, 3.1000E+00, 0.0000E+00,
18:34:02.94178392, 2.0267E+00, 3.1667E+00, 1.3333E-01,
18:34:02.94178397, 2.0133E+00, 3.1333E+00, 1.3333E-01,
18:34:02.94178402, 2.0267E+00, 3.1667E+00, 0.0000E+00,
18:34:02.94178407, 2.0400E+00, 3.2000E+00, 1.3333E-01,
18:34:02.94178412, 2.0133E+00, 3.1667E+00, 2.6667E-01,
18:34:02.94178417, 2.0267E+00, 3.1667E+00, 0.0000E+00,
18:34:02.94178422, 2.0267E+00, 3.0667E+00, 1.3333E-01,
18:34:02.94178427, 2.0133E+00, 3.1333E+00, 0.0000E+00,
18:34:02.94178432, 2.0133E+00, 3.1000E+00,-1.3333E-01,
18:34:02.94178437, 2.0000E+00, 3.1667E+00, 2.6667E-01,
18:34:02.94178442, 2.0267E+00, 3.1333E+00, 0.0000E+00,
18:34:02.94178447, 2.0400E+00, 3.2000E+00, 1.3333E-01,
18:34:02.94178452, 2.0267E+00, 3.1333E+00, 0.0000E+00,
18:34:02.94178457, 2.0267E+00, 3.1333E+00, 0.0000E+00,
18:34:02.94178462, 2.0267E+00, 3.1333E+00, 0.0000E+00,
18:34:02.94178467, 2.0533E+00, 3.1333E+00, 0.0000E+00,
18:34:02.94178472, 2.0400E+00, 3.1333E+00, 2.6667E-01,
18:34:02.94178477, 2.0133E+00, 3.1333E+00, 0.0000E+00,
18:34:02.94178482, 2.0133E+00, 3.1000E+00,-1.3333E-01,
18:34:02.94178487, 2.0533E+00, 3.1000E+00, 1.3333E-01,
18:34:02.94178492, 2.0267E+00, 3.1667E+00, 5.3333E-01,
18:34:02.94178497, 2.0400E+00, 3.2000E+00, 0.0000E+00,
18:34:02.94178502, 2.0267E+00, 3.2333E+00, 4.0000E-01,
18:34:02.94178507, 2.0267E+00, 3.2333E+00, 0.0000E+00,
18:34:02.94178512, 2.0000E+00, 3.1333E+00,-4.0000E-01,
18:34:02.94178517, 2.0400E+00, 3.2000E+00,-1.3333E-01,
18:34:02.94178522, 1.9867E+00, 3.2000E+00, 1.3333E-01,
18:34:02.94178527, 2.0267E+00, 3.1333E+00,-1.3333E-01,
18:34:02.94178532, 2.0267E+00, 3.1667E+00, 1.3333E-01,
18:34:02.94178537, 2.0267E+00, 3.2000E+00, 0.0000E+00,
18:34:02.94178542, 2.0267E+00, 3.2333E+00, 0.0000E+00,
18:34:02.94178547, 2.0533E+00, 3.1333E+00,-2.6667E-01,
18:34:02.94178552, 2.0133E+00, 3.1333E+00, 0.0000E+00,
18:34:02.94178557, 2.0267E+00, 3.1333E+00, 0.0000E+00,
18:34:02.94178562, 2.0000E+00, 3.1667E+00, 1.3333E-01,
18:34:02.94178567, 2.0133E+00, 3.1000E+00,-1.3333E-01,
18:34:02.94178572, 2.0133E+00, 3.1333E+00,-1.3333E-01,
18:34:02.94178577, 1.9867E+00, 3.1000E+00, 0.0000E+00,
18:34:02.94178582, 2.0267E+00, 3.1000E+00, 2.6667E-01,
18:34:02.94178587, 2.0267E+00, 3.1000E+00, 1.3333E-01,
18:34:02.94178592, 2.0267E+00, 3.1333E+00,-2.6667E-01,
18:34:02.94178597, 2.0667E+00, 3.1000E+00,-1.3333E-01,
18:34:02.94178602, 2.0667E+00, 3.1667E+00,-2.6667E-01,
18:34:02.94178607, 2.0267E+00, 3.1333E+00, 0.0000E+00,
18:34:02.94178612, 2.0000E+00, 3.1000E+00,-1.3333E-01,
18:34:02.94178617, 2.0133E+00, 3.1333E+00, 0.0000E+00,
18:34:02.94178622, 2.0133E+00, 3.1000E+00,-1.3333E-01,
18:34:02.94178627, 2.0400E+00, 3.1333E+00, 1.3333E-01,
18:34:02.94178632, 2.0400E+00, 3.1667E+00, 0.0000E+00,
18:34:02.94178637, 2.0400E+00, 3.1333E+00, 2.6667E-01,
18:34:02.94178642, 2.0267E+00, 3.1333E+00, 1.3333E-01,
18:34:02.94178647, 2.0267E+00, 3.1333E+00, 0.0000E+00,
18:34:02.94178652, 2.0533E+00, 3.0667E+00, 4.0000E-01,
18:34:02.94178657, 2.0667E+00, 3.1333E+00,-1.3333E-01,
18:34:02.94178662, 2.0400E+00, 3.1667E+00,-2.6667E-01,
18:34:02.94178667, 2.0400E+00, 3.1000E+00,-1.3333E-01,
18:34:02.94178672, 2.0133E+00, 3.1667E+00, 0.0000E+00,
18:34:02.94178677, 2.0400E+00, 3.1333E+00,-2.6667E-01,
18:34:02.94178682, 2.0400E+00, 3.1333E+00, 2.6667E-01,
18:34:02.94178687, 2.0400E+00, 3.1667E+00, 0.0000E+00,
18:34:02.94178692, 2.0267E+00, 3.1667E+00, 0.0000E+00,
18:34:02.94178697, 2.0400E+00, 3.1333E+00, 1.3333E-01,
18:34:02.94178702, 2.0400E+00, 3.1000E+00,-1.3333E-01,
18:34:02.94178707, 2.0000E+00, 3.1333E+00,-1.3333E-01,
18:34:02.94178712, 2.0267E+00, 3.2000E+00, 0.0000E+00,
18:34:02.94178717, 2.0267E+00, 3.1000E+00, 1.3333E-01,
18:34:02.94178722, 2.0133E+00, 3.1000E+00, 1.3333E-01,
18:34:02.94178727, 2.0400E+00, 3.1667E+00, 0.0000E+00,
18:34:02.94178732, 2.0267E+00, 3.2000E+00, 0.0000E+00,
18:34:02.94178737, 2.0533E+00, 3.1000E+00, 1.3333E-01,
18:34:02.94178742, 2.0533E+00, 3.1000E+00,-1.3333E-01,
18:34:02.94178747, 2.0533E+00, 3.1000E+00, 0.0000E+00,
18:34:02.94178752, 2.0133E+00, 3.1667E+00, 0.0000E+00,
18:34:02.94178757, 2.0133E+00, 3.1667E+00, 2.6667E-01,
18:34:02.94178762, 2.0133E+00, 3.1667E+00,-1.3333E-01,
18:34:02.94178767, 2.0267E+00, 3.1333E+00, 0.0000E+00,
18:34:02.94178772, 2.0267E+00, 3.2000E+00, 1.3333E-01,
18:34:02.94178777, 2.0667E+00, 3.1667E+00,-2.6667E-01,
18:34:02.94178782, 2.0267E+00, 3.1333E+00, 0.0000E+00,
18:34:02.94178787, 2.0400E+00, 3.1667E+00, 1.3333E-01,
18:34:02.94178792, 2.0267E+00, 3.1667E+00,-2.6667E-01,
18:34:02.94178797, 2.0000E+00, 3.0667E+00,-1.3333E-01,
18:34:02.94178802, 2.0400E+00, 3.1000E+00, 0.0000E+00,
18:34:02.94178807, 2.0400E+00, 3.1667E+00, 0.0000E+00,
18:34:02.94178812, 2.0267E+00, 3.0333E+00, 1.3333E-01,
18:34:02.94178817, 2.0133E+00, 3.1333E+00, 0.0000E+00,
18:34:02.94178822, 2.0533E+00, 3.1333E+00,-1.3333E-01,
18:34:02.94178827, 2.0400E+00, 3.1333E+00, 2.6667E-01,
18:34:02.94178832, 2.0400E+00, 3.1333E+00, 1.3333E-01,
18:34:02.94178837, 2.0400E+00, 3.0667E+00,-1.3333E-01,
18:34:02.94178842, 2.0267E+00, 3.1000E+00, 0.0000E+00,
18:34:02.94178847, 2.0400E+00, 3.1000E+00, 1.3333E-01,
18:34:02.94178852, 2.0267E+00, 3.1333E+00, 0.0000E+00,
18:34:02.94178857, 2.0133E+00, 3.1333E+00, 1.3333E-01,
18:34:02.94178862, 2.0267E+00, 3.1333E+00,-1.3333E-01,
18:34:02.94178867, 2.0533E+00, 3.1667E+00, 0.0000E+00,
18:34:02.94178872, 2.0400E+00, 3.1333E+00, 1.3333E-01,
18:34:02.94178877, 2.0533E+00, 3.1333E+00, 1.3333E-01,
18:34:02.94178882, 2.0667E+00, 3.1667E+00, 0.0000E+00,
18:34:02.94178887, 2.0533E+00, 3.2000E+00,-1.3333E-01,
18:34:02.94178892, 2.0400E+00, 3.1000E+00,-2.6667E-01,
18:34:02.94178897, 2.0133E+00, 3.0667E+00, 0.0000E+00,
18:34:02.94178902, 2.0267E+00, 3.1000E+00, 1.3333E-01,
18:34:02.94178907, 2.0267E+00, 3.1333E+00, 0.0000E+00,
18:34:02.94178912, 2.0400E+00, 3.2000E+00,-2.6667E-01,
18:34:02.94178917, 2.0667E+00, 3.1000E+00, 1.3333E-01,
18:34:02.94178922, 2.0400E+00, 3.1667E+00, 0.0000E+00,
18:34:02.94178927, 2.0533E+00, 3.1667E+00,-2.6667E-01,
18:34:02.94178932, 2.0533E+00, 3.1667E+00, 1.3333E-01,
18:34:02.94178937, 2.0533E+00, 3.1000E+00, 0.0000E+00,
18:34:02.94178942, 2.0400E+00, 3.1667E+00, 0.0000E+00,
18:34:02.94178947, 2.0133E+00, 3.1000E+00,-4.0000E-01,
18:34:02.94178952, 2.0133E+00, 3.1667E+00,-2.6667E-01,
18:34:02.94178957, 2.0133E+00, 3.0667E+00,-1.3333E-01,
18:34:02.94178962, 2.0267E+00, 3.1000E+00,-2.6667E-01,
18:34:02.94178967, 2.0267E+00, 3.2000E+00,-1.3333E-01,
18:34:02.94178972, 2.0533E+00, 3.1000E+00,-2.6667E-01,
18:34:02.94178977, 2.0533E+00, 3.1667E+00, 0.0000E+00,
18:34:02.94178982, 2.0000E+00, 3.1000E+00, 2.6667E-01,
18:34:02.94178987, 2.0267E+00, 3.1000E+00,-1.3333E-01,
18:34:02.94178992, 2.0533E+00, 3.1333E+00, 0.0000E+00,
18:34:02.94178997, 2.0000E+00, 3.1333E+00,-1.3333E-01,
18:34:02.94179002, 2.0133E+00, 3.1000E+00,-2.6667E-01,
18:34:02.94179007, 2.0400E+00, 3.1333E+00,-2.6667E-01,
18:34:02.94179012, 2.0400E+00, 3.1667E+00, 0.0000E+00,
18:34:02.94179017, 2.0267E+00, 3.2667E+00, 0.0000E+00,
18:34:02.94179022, 2.0400E+00, 3.1667E+00,-1.3333E-01,
18:34:02.94179027, 2.0533E+00, 3.1000E+00, 1.3333E-01,
18:34:02.94179032, 2.0400E+00, 3.0667E+00,-1.3333E-01,
18:34:02.94179037, 2.0400E+00, 3.1667E+00,-2.6667E-01,
18:34:02.94179042, 2.0267E+00, 3.1667E+00,-1.3333E-01,
18:34:02.94179047, 2.0133E+00, 3.1000E+00,-2.6667E-01,
18:34:02.94179052, 2.0133E+00, 3.1667E+00,-1.3333E-01,
18:34:02.94179057, 2.0533E+00, 3.1667E+00, 0.0000E+00,
18:34:02.94179062, 2.0667E+00, 3.1667E+00,-1.3333E-01,
18:34:02.94179067, 2.0133E+00, 3.2000E+00, 2.6667E-01,
18:34:02.94179072, 2.0533E+00, 3.1667E+00,-1.3333E-01,
18:34:02.94179077, 2.0667E+00, 3.1333E+00, 2.6667E-01,
18:34:02.94179082, 2.0667E+00, 3.1000E+00, 4.0000E-01,
18:34:02.94179087, 2.0133E+00, 3.1000E+00, 0.0000E+00,
18:34:02.94179092, 2.0533E+00, 3.1667E+00, 0.0000E+00,
18:34:02.94179097, 2.0533E+00, 3.1667E+00, 2.6667E-01,
18:34:02.94179102, 2.0267E+00, 3.1000E+00,-4.0000E-01,
18:34:02.94179107, 2.0667E+00, 3.2333E+00, 1.3333E-01,
18:34:02.94179112, 2.0667E+00, 3.1333E+00, 1.3333E-01,
18:34:02.94179117, 2.0400E+00, 3.1333E+00, 1.3333E-01,
18:34:02.94179122, 2.0400E+00, 3.1000E+00, 1.3333E-01,
18:34:02.94179127, 2.0667E+00, 3.1333E+00, 1.3333E-01,
18:34:02.94179132, 2.0533E+00, 3.1000E+00, 0.0000E+00,
18:34:02.94179137, 2.0400E+00, 3.1667E+00, 1.3333E-01,
18:34:02.94179142, 2.0400E+00, 3.1000E+00,-1.3333E-01,
18:34:02.94179147, 2.0267E+00, 3.1000E+00,-1.3333E-01,
18:34:02.94179152, 2.0533E+00, 3.1333E+00,-1.3333E-01,
18:34:02.94179157, 2.0400E+00, 3.1667E+00, 0.0000E+00,
18:34:02.94179162, 2.0533E+00, 3.1667E+00, 0.0000E+00,
18:34:02.94179167, 2.0533E+00, 3.0333E+00, 1.3333E-01,
18:34:02.94179172, 2.0533E+00, 3.1000E+00, 2.6667E-01,
18:34:02.94179177, 2.0267E+00, 3.0667E+00, 1.3333E-01,
18:34:02.94179182, 2.0267E+00, 3.1000E+00,-1.3333E-01,
18:34:02.94179187, 2.0267E+00, 3.2000E+00, 0.0000E+00,
18:34:02.94179192, 2.0267E+00, 3.1667E+00,-2.6667E-01,
18:34:02.94179197, 2.0267E+00, 3.1333E+00,-1.3333E-01,
18:34:02.94179202, 2.0267E+00, 3.1333E+00, 2.6667E-01,
18:34:02.94179207, 2.0400E+00, 3.1000E+00,-1.3333E-01,
18:34:02.94179212, 2.0533E+00, 3.1333E+00,-1.3333E-01,
18:34:02.94179217, 2.0400E+00, 3.1667E+00, 2.6667E-01,
18:34:02.94179222, 2.0667E+00, 3.1333E+00,-1.3333E-01,
18:34:02.94179227, 2.0400E+00, 3.1000E+00, 4.0000E-01,
18:34:02.94179232, 2.0133E+00, 3.1667E+00,-1.3333E-01,
18:34:02.94179237, 2.0133E+00, 3.1333E+00, 0.0000E+00,
18:34:02.94179242, 2.0667E+00, 3.1667E+00,-1.3333E-01,
18:34:02.94179247, 2.0533E+00, 3.1000E+00,-1.3333E-01,
18:34:02.94179252, 2.0400E+00, 3.1000E+00,-1.3333E-01,
18:34:02.94179257, 2.0267E+00, 3.1000E+00,-1.3333E-01,
18:34:02.94179262, 2.0533E+00, 3.2000E+00, 0.0000E+00,
18:34:02.94179267, 2.0533E+00, 3.1667E+00, 0.0000E+00,
18:34:02.94179272, 2.0533E+00, 3.0667E+00,-2.6667E-01,
18:34:02.94179277, 2.0400E+00, 3.1000E+00, 1.3333E-01,
18:34:02.94179282, 2.0533E+00, 3.1667E+00,-2.6667E-01,
18:34:02.94179287, 2.0400E+00, 3.2000E+00, 1.3333E-01,
18:34:02.94179292, 2.0267E+00, 3.1333E+00,-2.6667E-01,
18:34:02.94179297, 2.0400E+00, 3.2000E+00,-2.6667E-01,
18:34:02.94179302, 2.0667E+00, 3.1333E+00,-4.0000E-01,
18:34:02.94179307, 2.0533E+00, 3.2000E+00,-1.3333E-01,
18:34:02.94179312, 2.0800E+00, 3.2333E+00, 1.3333E-01,
18:34:02.94179317, 2.0800E+00, 3.1333E+00, 0.0000E+00,
18:34:02.94179322, 2.0267E+00, 3.1333E+00,-1.3333E-01,
18:34:02.94179327, 2.0533E+00, 3.1000E+00,-1.3333E-01,
18:34:02.94179332, 2.0533E+00, 3.2333E+00, 0.0000E+00,
18:34:02.94179337, 2.0667E+00, 3.1000E+00, 0.0000E+00,
18:34:02.94179342, 2.0533E+00, 3.1667E+00, 0.0000E+00,
18:34:02.94179347, 2.0267E+00, 3.1333E+00, 0.0000E+00,
18:34:02.94179352, 2.0400E+00, 3.1667E+00,-1.3333E-01,
18:34:02.94179357, 2.0533E+00, 3.2000E+00, 0.0000E+00,
18:34:02.94179362, 2.0800E+00, 3.1333E+00, 2.6667E-01,
18:34:02.94179367, 2.0800E+00, 3.1667E+00, 2.6667E-01,
18:34:02.94179372, 2.0933E+00, 3.1000E+00,-1.3333E-01,
18:34:02.94179377, 2.0533E+00, 3.1667E+00, 0.0000E+00,
18:34:02.94179382, 2.0400E+00, 3.1333E+00,-1.3333E-01,
18:34:02.94179387, 2.0133E+00, 3.1333E+00,-2.6667E-01,
18:34:02.94179392, 2.0667E+00, 3.1000E+00, 2.6667E-01,
18:34:02.94179397, 2.0667E+00, 3.1333E+00, 0.0000E+00,
18:34:02.94179402, 2.0533E+00, 3.2000E+00, 0.0000E+00,
18:34:02.94179407, 2.0800E+00, 3.2000E+00,-1.3333E-01,
18:34:02.94179412, 2.0933E+00, 3.2000E+00, 1.3333E-01,
18:34:02.94179417, 2.0533E+00, 3.1333E+00, 1.3333E-01,
18:34:02.94179422, 2.0400E+00, 3.1000E+00, 2.6667E-01,
18:34:02.94179427, 2.0800E+00, 3.1667E+00,-1.3333E-01,
18:34:02.94179432, 2.0400E+00, 3.1333E+00,-2.6667E-01,
18:34:02.94179437, 2.0667E+00, 3.1667E+00, 0.0000E+00,
18:34:02.94179442, 2.0667E+00, 3.1667E+00, 0.0000E+00,
18:34:02.94179447, 2.0800E+00, 3.1667E+00, 1.3333E-01,
18:34:02.94179452, 2.0533E+00, 3.1667E+00, 1.3333E-01,
18:34:02.94179457, 2.0533E+00, 3.1667E+00,-2.6667E-01,
18:34:02.94179462, 2.0400E+00, 3.1333E+00, 0.0000E+00,
18:34:02.94179467, 2.0400E+00, 3.1667E+00,-1.3333E-01,
18:34:02.94179472, 2.0533E+00, 3.1333E+00, 4.0000E-01,
18:34:02.94179477, 2.0533E+00, 3.1000E+00,-1.3333E-01,
18:34:02.94179482, 2.0533E+00, 3.1000E+00,-2.6667E-01,
18:34:02.94179487, 2.0400E+00, 3.0667E+00, 0.0000E+00,
18:34:02.94179492, 2.0400E+00, 3.2000E+00,-1.3333E-01,
18:34:02.94179497, 2.0400E+00, 3.1000E+00, 0.0000E+00,
18:34:02.94179502, 2.0667E+00, 3.1667E+00, 1.3333E-01,
18:34:02.94179507, 2.0533E+00, 3.0667E+00, 1.3333E-01,
18:34:02.94179512, 2.0667E+00, 3.1000E+00,-1.3333E-01,
18:34:02.94179517, 2.0533E+00, 3.1000E+00,-1.3333E-01,
18:34:02.94179522, 2.0533E+00, 3.1000E+00, 1.3333E-01,
18:34:02.94179527, 2.0400E+00, 3.1333E+00, 2.6667E-01,
18:34:02.94179532, 2.0533E+00, 3.0667E+00,-1.3333E-01,
18:34:02.94179537, 2.0667E+00, 3.1333E+00,-1.3333E-01,
18:34:02.94179542, 2.0533E+00, 3.2000E+00, 0.0000E+00,
18:34:02.94179547, 2.0400E+00, 3.1667E+00, 1.3333E-01,
18:34:02.94179552, 2.0533E+00, 3.1333E+00,-1.3333E-01,
18:34:02.94179557, 2.0667E+00, 3.1000E+00,-1.3333E-01,
18:34:02.94179562, 2.0667E+00, 3.0667E+00, 0.0000E+00,
18:34:02.94179567, 2.0800E+00, 3.1000E+00, 1.3333E-01,
18:34:02.94179572, 2.0533E+00, 3.1333E+00,-1.3333E-01,
18:34:02.94179577, 2.0533E+00, 3.1333E+00, 2.6667E-01,
18:34:02.94179582, 2.0400E+00, 3.0667E+00,-1.3333E-01,
18:34:02.94179587, 2.0400E+00, 3.1333E+00,-2.6667E-01,
18:34:02.94179592, 2.0800E+00, 3.1333E+00,-2.6667E-01,
18:34:02.94179597, 2.0533E+00, 3.1333E+00,-2.6667E-01,
18:34:02.94179602, 2.0533E+00, 3.1333E+00, 1.3333E-01,
18:34:02.94179607, 2.1067E+00, 3.1333E+00, 1.3333E-01,
18:34:02.94179612, 2.0667E+00, 3.1333E+00,-1.3333E-01,
18:34:02.94179617, 2.0667E+00, 3.1000E+00,-1.3333E-01,
18:34:02.94179622, 2.0400E+00, 3.2000E+00, 0.0000E+00,
18:34:02.94179627, 2.0667E+00, 3.1333E+00,-1.3333E-01,
18:34:02.94179632, 2.0667E+00, 3.0667E+00,-1.3333E-01,
18:34:02.94179637, 2.0400E+00, 3.1333E+00, 4.0000E-01,
18:34:02.94179642, 2.0667E+00, 3.1667E+00, 1.3333E-01,
18:34:02.94179647, 2.1067E+00, 3.1667E+00, 1.3333E-01,
18:34:02.94179652, 2.0800E+00, 3.0667E+00, 1.3333E-01,
18:34:02.94179657, 2.0667E+00, 3.0667E+00, 0.0000E+00,
18:34:02.94179662, 2.0667E+00, 3.1000E+00, 2.6667E-01,
18:34:02.94179667, 2.0667E+00, 3.0667E+00, 0.0000E+00,
18:34:02.94179672, 2.0267E+00, 3.1333E+00,-2.6667E-01,
18:34:02.94179677, 2.0533E+00, 3.1333E+00, 0.0000E+00,
18:34:02.94179682, 2.0667E+00, 3.1667E+00,-1.3333E-01,
18:34:02.94179687, 2.0400E+00, 3.2000E+00, 2.6667E-01,
18:34:02.94179692, 2.0533E+00, 3.1000E+00, 0.0000E+00,
18:34:02.94179697, 2.0533E+00, 3.2000E+00, 4.0000E-01,
18:34:02.94179702, 2.0667E+00, 3.1000E+00, 2.6667E-01,
18:34:02.94179707, 2.0667E+00, 3.1000E+00, 1.3333E-01,
18:34:02.94179712, 2.0267E+00, 3.1333E+00, 0.0000E+00,
18:34:02.94179717, 2.0533E+00, 3.1333E+00,-1.3333E-01,
18:34:02.94179722, 2.0400E+00, 3.1667E+00, 1.3333E-01,
18:34:02.94179727, 2.0533E+00, 3.1667E+00, 0.0000E+00,
18:34:02.94179732, 2.0933E+00, 3.1333E+00,-2.6667E-01,
18:34:02.94179737, 2.0533E+00, 3.1333E+00,-1.3333E-01,
18:34:02.94179742, 2.0533E+00, 3.1000E+00,-1.3333E-01,
18:34:02.94179747, 2.0533E+00, 3.1667E+00, 0.0000E+00,
18:34:02.94179752, 2.0667E+00, 3.1667E+00, 1.3333E-01,
18:34:02.94179757, 2.0400E+00, 3.1667E+00, 0.0000E+00,
18:34:02.94179762, 2.0533E+00, 3.1667E+00, 0.0000E+00,
18:34:02.94179767, 2.0400E+00, 3.1333E+00,-1.3333E-01,
18:34:02.94179772, 2.0800E+00, 3.1000E+00, 0.0000E+00,
18:34:02.94179777, 2.0667E+00, 3.1000E+00, 1.3333E-01,
18:34:02.94179782, 2.0667E+00, 3.1000E+00,-2.6667E-01,
18:34:02.94179787, 2.1200E+00, 3.1667E+00,-1.3333E-01,
18:34:02.94179792, 2.0933E+00, 3.1000E+00,-1.3333E-01,
18:34:02.94179797, 2.0667E+00, 3.1000E+00, 1.3333E-01,
18:34:02.94179802, 2.1067E+00, 3.1667E+00,-1.3333E-01,
18:34:02.94179807, 2.0533E+00, 3.1000E+00, 0.0000E+00,
18:34:02.94179812, 2.0400E+00, 3.1667E+00,-2.6667E-01,
18:34:02.94179817, 2.0667E+00, 3.1333E+00, 2.6667E-01,
18:34:02.94179822, 2.0400E+00, 3.1333E+00, 1.3333E-01,
18:34:02.94179827, 2.0533E+00, 3.1000E+00, 0.0000E+00,
18:34:02.94179832, 2.0800E+00, 3.2000E+00,-1.3333E-01,
18:34:02.94179837, 2.0800E+00, 3.1333E+00, 0.0000E+00,
18:34:02.94179842, 2.0800E+00, 3.1667E+00, 0.0000E+00,
18:34:02.94179847, 2.0800E+00, 3.1333E+00, 2.6667E-01,
18:34:02.94179852, 2.0800E+00, 3.1667E+00, 0.0000E+00,
18:34:02.94179857, 2.0533E+00, 3.1667E+00, 0.0000E+00,
18:34:02.94179862, 2.0667E+00, 3.2000E+00,-1.3333E-01,
18:34:02.94179867, 2.0533E+00, 3.1000E+00, 2.6667E-01,
18:34:02.94179872, 2.0533E+00, 3.1000E+00, 0.0000E+00,
18:34:02.94179877, 2.0933E+00, 3.1667E+00, 0.0000E+00,
18:34:02.94179882, 2.0400E+00, 3.1000E+00,-2.6667E-01,
18:34:02.94179887, 2.0533E+00, 3.1333E+00,-1.3333E-01,
18:34:02.94179892, 2.0533E+00, 3.1333E+00,-4.0000E-01,
18:34:02.94179897, 2.0533E+00, 3.1000E+00, 2.6667E-01,
18:34:02.94179902, 2.0667E+00, 3.0667E+00, 1.3333E-01,
18:34:02.94179907, 2.0800E+00, 3.1333E+00,-2.6667E-01,
18:34:02.94179912, 2.0533E+00, 3.1667E+00, 1.3333E-01,
18:34:02.94179917, 2.0800E+00, 3.1667E+00,-1.3333E-01,
18:34:02.94179922, 2.0533E+00, 3.1333E+00, 0.0000E+00,
18:34:02.94179927, 2.0533E+00, 3.0667E+00,-1.3333E-01,
18:34:02.94179932, 2.0667E+00, 3.1667E+00,-2.6667E-01,
18:34:02.94179937, 2.0800E+00, 3.0667E+00, 1.3333E-01,
18:34:02.94179942, 2.0800E+00, 3.1000E+00, 1.3333E-01,
18:34:02.94179947, 2.0933E+00, 3.1000E+00, 1.3333E-01,
18:34:02.94179952, 2.0800E+00, 3.2000E+00, 1.3333E-01,
18:34:02.94179957, 2.0400E+00, 3.2333E+00, 1.3333E-01,
18:34:02.94179962, 2.0667E+00, 3.1333E+00, 1.3333E-01,
18:34:02.94179967, 2.0267E+00, 3.1667E+00, 4.0000E-01,
18:34:02.94179972, 2.0533E+00, 3.1667E+00,-1.3333E-01,
18:34:02.94179977, 2.0667E+00, 3.1667E+00,-2.6667E-01,
18:34:02.94179982, 2.0800E+00, 3.1667E+00,-5.3333E-01,
18:34:02.94179987, 2.0933E+00, 3.1333E+00,-1.3333E-01,
18:34:02.94179992, 2.0800E+00, 3.1667E+00, 2.6667E-01,
18:34:02.94179997, 2.0800E+00, 3.1333E+00, 0.0000E+00,
18:34:02.94180002, 2.0667E+00, 3.1667E+00, 2.6667E-01,
18:34:02.94180007, 2.0133E+00, 3.1667E+00,-1.3333E-01,
18:34:02.94180012, 2.0800E+00, 3.1333E+00, 4.0000E-01,
18:34:02.94180017, 2.0800E+00, 3.1333E+00, 1.3333E-01,
18:34:02.94180022, 2.0533E+00, 3.1333E+00, 1.3333E-01,
18:34:02.94180027, 2.0800E+00, 3.1333E+00, 2.6667E-01,
18:34:02.94180032, 2.0933E+00, 3.1000E+00,-1.3333E-01,
18:34:02.94180037, 2.0800E+00, 3.2000E+00,-1.3333E-01,
18:34:02.94180042, 2.0267E+00, 3.0667E+00, 0.0000E+00,
18:34:02.94180047, 2.0667E+00, 3.2000E+00, 2.6667E-01,
18:34:02.94180052, 2.0400E+00, 3.2000E+00,-1.3333E-01,
18:34:02.94180057, 2.0533E+00, 3.1667E+00, 0.0000E+00,
18:34:02.94180062, 2.0800E+00, 3.0667E+00, 1.3333E-01,
18:34:02.94180067, 2.0667E+00, 3.1000E+00,-1.3333E-01,
18:34:02.94180072, 2.0667E+00, 3.1333E+00,-1.3333E-01,
18:34:02.94180077, 2.0933E+00, 3.1333E+00, 0.0000E+00,
18:34:02.94180082, 2.0933E+00, 3.1333E+00, 1.3333E-01,
18:34:02.94180087, 2.0800E+00, 3.1333E+00,-2.6667E-01,
18:34:02.94180092, 2.0533E+00, 3.2000E+00, 4.0000E-01,
18:34:02.94180097, 2.0667E+00, 3.1667E+00, 1.3333E-01,
18:34:02.94180102, 2.0533E+00, 3.1667E+00, 2.6667E-01,
18:34:02.94180107, 2.0667E+00, 3.1667E+00, 1.3333E-01,
18:34:02.94180112, 2.0800E+00, 3.1667E+00, 0.0000E+00,
18:34:02.94180117, 2.1067E+00, 3.1333E+00,-2.6667E-01,
18:34:02.94180122, 2.1067E+00, 3.1667E+00, 0.0000E+00,
18:34:02.94180127, 2.0933E+00, 3.1000E+00,-2.6667E-01,
18:34:02.94180132, 2.0533E+00, 3.1333E+00, 2.6667E-01,
18:34:02.94180137, 2.0533E+00, 3.1667E+00, 0.0000E+00,
18:34:02.94180142, 2.0667E+00, 3.1667E+00, 2.6667E-01,
18:34:02.94180147, 2.0533E+00, 3.1333E+00, 1.3333E-01,
18:34:02.94180152, 2.0667E+00, 3.0667E+00, 0.0000E+00,
18:34:02.94180157, 2.0667E+00, 3.1667E+00, 0.0000E+00,
18:34:02.94180162, 2.0400E+00, 3.1333E+00, 1.3333E-01,
18:34:02.94180167, 2.0667E+00, 3.1667E+00, 1.3333E-01,
18:34:02.94180172, 2.0933E+00, 3.1667E+00,-1.3333E-01,
18:34:02.94180177, 2.0933E+00, 3.1667E+00,-1.3333E-01,
18:34:02.94180182, 2.0800E+00, 3.1667E+00, 0.0000E+00,
18:34:02.94180187, 2.0933E+00, 3.1667E+00,-2.6667E-01,
18:34:02.94180192, 2.0800E+00, 3.1667E+00,-2.6667E-01,
18:34:02.94180197, 2.0400E+00, 3.1333E+00, 1.3333E-01,
18:34:02.94180202, 2.0533E+00, 3.1667E+00,-4.0000E-01,
18:34:02.94180207, 2.0800E+00, 3.1667E+00, 2.6667E-01,
18:34:02.94180212, 2.0667E+00, 3.1333E+00,-4.0000E-01,
18:34:02.94180217, 2.0667E+00, 3.0667E+00, 2.6667E-01,
18:34:02.94180222, 2.0667E+00, 3.2000E+00,-4.0000E-01,
18:34:02.94180227, 2.1067E+00, 3.1000E+00, 0.0000E+00,
18:34:02.94180232, 2.0933E+00, 3.2000E+00,-1.3333E-01,
18:34:02.94180237, 2.0667E+00, 3.1000E+00, 1.3333E-01,
18:34:02.94180242, 2.0933E+00, 3.1000E+00, 0.0000E+00,
18:34:02.94180247, 2.0667E+00, 3.1667E+00, 2.6667E-01,
18:34:02.94180252, 2.0800E+00, 3.1333E+00, 0.0000E+00,
18:34:02.94180257, 2.1067E+00, 3.0667E+00,-4.0000E-01,
18:34:02.94180262, 2.0667E+00, 3.1333E+00, 1.3333E-01,
18:34:02.94180267, 2.0800E+00, 3.1333E+00,-1.3333E-01,
18:34:02.94180272, 2.0667E+00, 3.1667E+00,-2.6667E-01,
18:34:02.94180277, 2.0933E+00, 3.0333E+00,-4.0000E-01,
18:34:02.94180282, 2.0933E+00, 3.1333E+00,-1.3333E-01,
18:34:02.94180287, 2.0933E+00, 3.2000E+00, 0.0000E+00,
18:34:02.94180292, 2.0800E+00, 3.2000E+00,-1.3333E-01,
18:34:02.94180297, 2.0800E+00, 3.1000E+00, 0.0000E+00,
18:34:02.94180302, 2.0800E+00, 3.0667E+00, 0.0000E+00,
18:34:02.94180307, 2.0800E+00, 3.1667E+00, 2.6667E-01,
18:34:02.94180312, 2.0667E+00, 3.1333E+00, 1.3333E-01,
18:34:02.94180317, 2.0800E+00, 3.0667E+00, 0.0000E+00,
18:34:02.94180322, 2.1200E+00, 3.1000E+00, 0.0000E+00,
18:34:02.94180327, 2.0800E+00, 3.1000E+00,-1.3333E-01,
18:34:02.94180332, 2.0933E+00, 3.1667E+00, 0.0000E+00,
18:34:02.94180337, 2.0667E+00, 3.1333E+00, 1.3333E-01,
18:34:02.94180342, 2.0533E+00, 3.1000E+00, 2.6667E-01,
18:34:02.94180347, 2.0667E+00, 3.0667E+00, 2.6667E-01,
18:34:02.94180352, 2.0667E+00, 3.1667E+00, 1.3333E-01,
18:34:02.94180357, 2.0667E+00, 3.1000E+00, 2.6667E-01,
18:34:02.94180362, 2.0800E+00, 3.1000E+00, 1.3333E-01,
18:34:02.94180367, 2.0800E+00, 3.1000E+00,-1.3333E-01,
18:34:02.94180372, 2.0800E+00, 3.2000E+00,-4.0000E-01,
18:34:02.94180377, 2.0800E+00, 3.1333E+00, 1.3333E-01,
18:34:02.94180382, 2.0800E+00, 3.0667E+00, 0.0000E+00,
18:34:02.94180387, 2.0533E+00, 3.2333E+00, 2.6667E-01,
18:34:02.94180392, 2.0800E+00, 3.1333E+00, 1.3333E-01,
18:34:02.94180397, 2.0800E+00, 3.1333E+00, 2.6667E-01,
18:34:02.94180402, 2.0933E+00, 3.1333E+00, 1.3333E-01,
18:34:02.94180407, 2.0533E+00, 3.1000E+00,-2.6667E-01,
18:34:02.94180412, 2.0400E+00, 3.1333E+00,-1.3333E-01,
18:34:02.94180417, 2.1067E+00, 3.1333E+00, 0.0000E+00,
18:34:02.94180422, 2.1067E+00, 3.1333E+00, 1.3333E-01,
18:34:02.94180427, 2.0800E+00, 3.1333E+00, 0.0000E+00,
18:34:02.94180432, 2.0667E+00, 3.1333E+00, 0.0000E+00,
18:34:02.94180437, 2.0533E+00, 3.2000E+00,-2.6667E-01,
18:34:02.94180442, 2.0933E+00, 3.1000E+00, 4.0000E-01,
18:34:02.94180447, 2.0933E+00, 3.1667E+00, 0.0000E+00,
18:34:02.94180452, 2.0667E+00, 3.1000E+00,-2.6667E-01,
18:34:02.94180457, 2.0800E+00, 3.1333E+00,-2.6667E-01,
18:34:02.94180462, 2.0667E+00, 3.1333E+00, 1.3333E-01,
18:34:02.94180467, 2.0667E+00, 3.1333E+00, 0.0000E+00,
18:34:02.94180472, 2.0667E+00, 3.0333E+00,-2.6667E-01,
18:34:02.94180477, 2.0933E+00, 3.1333E+00,-1.3333E-01,
18:34:02.94180482, 2.0667E+00, 3.1333E+00, 0.0000E+00,
18:34:02.94180487, 2.0400E+00, 3.1000E+00, 2.6667E-01,
18:34:02.94180492, 2.0667E+00, 3.1000E+00, 1.3333E-01,
18:34:02.94180497, 2.0800E+00, 3.1667E+00, 2.6667E-01,
18:34:02.94180502, 2.0933E+00, 3.1333E+00, 1.3333E-01,
18:34:02.94180507, 2.1067E+00, 3.1667E+00, 2.6667E-01,
18:34:02.94180512, 2.0533E+00, 3.1000E+00, 1.3333E-01,
18:34:02.94180517, 2.0933E+00, 3.1667E+00, 0.0000E+00,
18:34:02.94180522, 2.0533E+00, 3.2000E+00, 2.6667E-01,
18:34:02.94180527, 2.0667E+00, 3.2000E+00, 1.3333E-01,
18:34:02.94180532, 2.0667E+00, 3.1667E+00, 1.3333E-01,
18:34:02.94180537, 2.0667E+00, 3.1000E+00, 0.0000E+00,
18:34:02.94180542, 2.0933E+00, 3.1000E+00,-1.3333E-01,
18:34:02.94180547, 2.0933E+00, 3.2000E+00, 0.0000E+00,
18:34:02.94180552, 2.0800E+00, 3.1333E+00, 1.3333E-01,
18:34:02.94180557, 2.0800E+00, 3.0333E+00, 0.0000E+00,
18:34:02.94180562, 2.1067E+00, 3.1333E+00,-2.6667E-01,
18:34:02.94180567, 2.0933E+00, 3.1333E+00, 0.0000E+00,
18:34:02.94180572, 2.0667E+00, 3.1667E+00, 2.6667E-01,
18:34:02.94180577, 2.1067E+00, 3.1667E+00, 1.3333E-01,
18:34:02.94180582, 2.0400E+00, 3.1000E+00, 0.0000E+00,
18:34:02.94180587, 2.0933E+00, 3.1667E+00, 2.6667E-01,
18:34:02.94180592, 2.1067E+00, 3.2000E+00, 2.6667E-01,
18:34:02.94180597, 2.0933E+00, 3.0667E+00, 1.3333E-01,
18:34:02.94180602, 2.0933E+00, 3.2000E+00, 1.3333E-01,
18:34:02.94180607, 2.1067E+00, 3.1667E+00, 1.3333E-01,
18:34:02.94180612, 2.0667E+00, 3.1667E+00, 0.0000E+00,
18:34:02.94180617, 2.0667E+00, 3.1333E+00, 1.3333E-01,
18:34:02.94180622, 2.0667E+00, 3.2000E+00, 2.6667E-01,
18:34:02.94180627, 2.0933E+00, 3.1333E+00, 2.6667E-01,
18:34:02.94180632, 2.0800E+00, 3.1333E+00,-5.3333E-01,
18:34:02.94180637, 2.1067E+00, 3.1333E+00,-1.3333E-01,
18:34:02.94180642, 2.0933E+00, 3.1667E+00, 0.0000E+00,
18:34:02.94180647, 2.0933E+00, 3.1000E+00, 1.3333E-01,
18:34:02.94180652, 2.1067E+00, 3.0667E+00, 0.0000E+00,
18:34:02.94180657, 2.1067E+00, 3.1667E+00,-1.3333E-01,
18:34:02.94180662, 2.1067E+00, 3.2000E+00, 0.0000E+00,
18:34:02.94180667, 2.0933E+00, 3.1667E+00,-2.6667E-01,
18:34:02.94180672, 2.0667E+00, 3.1667E+00,-1.3333E-01,
18:34:02.94180677, 2.0533E+00, 3.1667E+00, 1.3333E-01,
18:34:02.94180682, 2.0800E+00, 3.1000E+00, 0.0000E+00,
18:34:02.94180687, 2.0933E+00, 3.1000E+00, 0.0000E+00,
18:34:02.94180692, 2.0933E+00, 3.1333E+00, 2.6667E-01,
18:34:02.94180697, 2.0933E+00, 3.1667E+00, 1.3333E-01,
18:34:02.94180702, 2.1067E+00, 3.1333E+00,-1.3333E-01,
18:34:02.94180707, 2.0933E+00, 3.1667E+00, 0.0000E+00,
18:34:02.94180712, 2.1200E+00, 3.1333E+00, 0.0000E+00,
18:34:02.94180717, 2.1067E+00, 3.1667E+00, 0.0000E+00,
18:34:02.94180722, 2.0800E+00, 3.1000E+00, 1.3333E-01,
18:34:02.94180727, 2.0667E+00, 3.0000E+00, 0.0000E+00,
18:34:02.94180732, 2.0933E+00, 3.0333E+00,-4.0000E-01,
18:34:02.94180737, 2.0800E+00, 3.1000E+00, 2.6667E-01,
18:34:02.94180742, 2.0933E+00, 3.1333E+00, 2.6667E-01,
18:34:02.94180747, 2.0667E+00, 3.2000E+00,-2.6667E-01,
18:34:02.94180752, 2.1067E+00, 3.0667E+00, 1.3333E-01,
18:34:02.94180757, 2.0800E+00, 3.1000E+00, 5.3333E-01,
18:34:02.94180762, 2.1067E+00, 3.1000E+00, 0.0000E+00,
18:34:02.94180767, 2.0800E+00, 3.1667E+00,-2.6667E-01,
18:34:02.94180772, 2.0933E+00, 3.1000E+00,-2.6667E-01,
18:34:02.94180777, 2.0533E+00, 3.1333E+00, 1.3333E-01,
18:34:02.94180782, 2.0800E+00, 3.1333E+00, 1.3333E-01,
18:34:02.94180787, 2.0933E+00, 3.1667E+00, 2.6667E-01,
18:34:02.94180792, 2.0800E+00, 3.2333E+00,-1.3333E-01,
18:34:02.94180797, 2.1067E+00, 3.2000E+00, 1.3333E-01,
18:34:02.94180802, 2.1067E+00, 3.1000E+00, 2.6667E-01,
18:34:02.94180807, 2.0933E+00, 3.1667E+00, 0.0000E+00,
18:34:02.94180812, 2.0933E+00, 3.2333E+00, 1.3333E-01,
18:34:02.94180817, 2.0667E+00, 3.2000E+00,-1.3333E-01,
18:34:02.94180822, 2.0933E+00, 3.1333E+00, 2.6667E-01,
18:34:02.94180827, 2.1067E+00, 3.1333E+00,-1.3333E-01,
18:34:02.94180832, 2.0933E+00, 3.1000E+00, 0.0000E+00,
18:34:02.94180837, 2.0800E+00, 3.0667E+00, 0.0000E+00,
18:34:02.94180842, 2.0667E+00, 3.1333E+00, 1.3333E-01,
18:34:02.94180847, 2.1067E+00, 3.2000E+00, 1.3333E-01,
18:34:02.94180852, 2.0933E+00, 3.1333E+00,-1.3333E-01,
18:34:02.94180857, 2.0933E+00, 3.1000E+00, 0.0000E+00,
18:34:02.94180862, 2.0667E+00, 3.2333E+00,-1.3333E-01,
18:34:02.94180867, 2.0933E+00, 3.1000E+00, 0.0000E+00,
18:34:02.94180872, 2.0800E+00, 3.1333E+00, 1.3333E-01,
18:34:02.94180877, 2.1067E+00, 3.1667E+00, 1.3333E-01,
18:34:02.94180882, 2.1333E+00, 3.1667E+00, 1.3333E-01,
18:34:02.94180887, 2.1200E+00, 3.1000E+00, 0.0000E+00,
18:34:02.94180892, 2.1067E+00, 3.1667E+00,-2.6667E-01,
18:34:02.94180897, 2.1333E+00, 3.1333E+00, 4.0000E-01,
18:34:02.94180902, 2.0667E+00, 3.1333E+00, 1.3333E-01,
18:34:02.94180907, 2.0933E+00, 3.1333E+00, 4.0000E-01,
18:34:02.94180912, 2.0933E+00, 3.1000E+00, 0.0000E+00,
18:34:02.94180917, 2.0800E+00, 3.1667E+00, 2.6667E-01,
18:34:02.94180922, 2.0800E+00, 3.1333E+00,-2.6667E-01,
18:34:02.94180927, 2.0800E+00, 3.1000E+00,-2.6667E-01,
18:34:02.94180932, 2.0933E+00, 3.0667E+00, 4.0000E-01,
18:34:02.94180937, 2.0933E+00, 3.1000E+00, 0.0000E+00,
18:34:02.94180942, 2.1200E+00, 3.1333E+00,-2.6667E-01,
18:34:02.94180947, 2.0800E+00, 3.1000E+00,-1.3333E-01,
18:34:02.94180952, 2.1067E+00, 3.1333E+00, 1.3333E-01,
18:34:02.94180957, 2.1067E+00, 3.1333E+00, 1.3333E-01,
18:34:02.94180962, 2.0533E+00, 3.2000E+00, 2.6667E-01,
18:34:02.94180967, 2.0933E+00, 3.1333E+00,-1.3333E-01,
18:34:02.94180972, 2.0800E+00, 3.0667E+00,-5.3333E-01,
18:34:02.94180977, 2.0933E+00, 3.2000E+00, 1.3333E-01,
18:34:02.94180982, 2.0933E+00, 3.1333E+00, 0.0000E+00,
18:34:02.94180987, 2.1067E+00, 3.1667E+00,-1.3333E-01,
18:34:02.94180992, 2.0933E+00, 3.1333E+00,-1.3333E-01,
18:34:02.94180997, 2.1067E+00, 3.1000E+00, 0.0000E+00,
18:34:02.94181002, 2.1067E+00, 3.1333E+00, 1.3333E-01,
18:34:02.94181007, 2.0933E+00, 3.0667E+00,-2.6667E-01,
18:34:02.94181012, 2.0933E+00, 3.1000E+00,-1.3333E-01,
18:34:02.94181017, 2.0933E+00, 3.1333E+00, 2.6667E-01,
18:34:02.94181022, 2.0800E+00, 3.1333E+00,-1.3333E-01,
18:34:02.94181027, 2.1200E+00, 3.1000E+00,-1.3333E-01,
18:34:02.94181032, 2.1067E+00, 3.1000E+00, 2.6667E-01,
18:34:02.94181037, 2.0933E+00, 3.1000E+00, 1.3333E-01,
18:34:02.94181042, 2.1200E+00, 3.1000E+00,-1.3333E-01,
18:34:02.94181047, 2.1067E+00, 3.1000E+00, 1.3333E-01,
18:34:02.94181052, 2.1333E+00, 3.1667E+00, 2.6667E-01,
18:34:02.94181057, 2.1200E+00, 3.1333E+00, 1.3333E-01,
18:34:02.94181062, 2.0933E+00, 3.1333E+00,-1.3333E-01,
18:34:02.94181067, 2.0800E+00, 3.1333E+00, 1.3333E-01,
18:34:02.94181072, 2.0533E+00, 3.1667E+00, 1.3333E-01,
18:34:02.94181077, 2.0933E+00, 3.1333E+00, 2.6667E-01,
18:34:02.94181082, 2.1067E+00, 3.1000E+00,-1.3333E-01,
18:34:02.94181087, 2.1067E+00, 3.1333E+00, 1.3333E-01,
18:34:02.94181092, 2.1067E+00, 3.2000E+00, 0.0000E+00,
18:34:02.94181097, 2.0933E+00, 3.2000E+00,-1.3333E-01,
18:34:02.94181102, 2.0933E+00, 3.2000E+00, 1.3333E-01,
18:34:02.94181107, 2.1067E+00, 3.1333E+00, 1.3333E-01,
18:34:02.94181112, 2.0800E+00, 3.1667E+00, 0.0000E+00,
18:34:02.94181117, 2.0667E+00, 3.1333E+00, 1.3333E-01,
18:34:02.94181122, 2.1200E+00, 3.0667E+00, 0.0000E+00,
18:34:02.94181127, 2.0800E+00, 3.2000E+00,-1.3333E-01,
18:34:02.94181132, 2.1200E+00, 3.1667E+00, 1.3333E-01,
18:34:02.94181137, 2.1200E+00, 3.1000E+00, 1.3333E-01,
18:34:02.94181142, 2.1200E+00, 3.1333E+00,-2.6667E-01,
18:34:02.94181147, 2.0933E+00, 3.1667E+00, 0.0000E+00,
18:34:02.94181152, 2.0933E+00, 3.1000E+00, 0.0000E+00,
18:34:02.94181157, 2.0933E+00, 3.1667E+00, 0.0000E+00,
18:34:02.94181162, 2.0933E+00, 3.1667E+00, 1.3333E-01,
18:34:02.94181167, 2.0800E+00, 3.1000E+00, 0.0000E+00,
18:34:02.94181172, 2.1200E+00, 3.2000E+00,-1.3333E-01,
18:34:02.94181177, 2.1200E+00, 3.1667E+00, 1.3333E-01,
18:34:02.94181182, 2.1067E+00, 3.1333E+00, 0.0000E+00,
18:34:02.94181187, 2.1333E+00, 3.1667E+00, 1.3333E-01,
18:34:02.94181192, 2.0933E+00, 3.1667E+00,-2.6667E-01,
18:34:02.94181197, 2.0800E+00, 3.1000E+00,-2.6667E-01,
18:34:02.94181202, 2.0933E+00, 3.1000E+00,-1.3333E-01,
18:34:02.94181207, 2.0667E+00, 3.0667E+00, 0.0000E+00,
18:34:02.94181212, 2.1067E+00, 3.1333E+00, 1.3333E-01,
18:34:02.94181217, 2.0933E+00, 3.1000E+00, 0.0000E+00,
18:34:02.94181222, 2.1200E+00, 3.1667E+00, 0.0000E+00,
18:34:02.94181227, 2.1200E+00, 3.1333E+00, 1.3333E-01,
18:34:02.94181232, 2.1067E+00, 3.1667E+00,-1.3333E-01,
18:34:02.94181237, 2.0933E+00, 3.1333E+00, 0.0000E+00,
18:34:02.94181242, 2.1067E+00, 3.2000E+00, 2.6667E-01,
18:34:02.94181247, 2.1200E+00, 3.1000E+00,-1.3333E-01,
18:34:02.94181252, 2.0400E+00, 3.1000E+00, 1.3333E-01,
18:34:02.94181257, 2.1200E+00, 3.1667E+00, 0.0000E+00,
18:34:02.94181262, 2.0800E+00, 3.1667E+00, 0.0000E+00,
18:34:02.94181267, 2.1333E+00, 3.1667E+00, 1.3333E-01,
18:34:02.94181272, 2.0933E+00, 3.1333E+00,-1.3333E-01,
18:34:02.94181277, 2.0933E+00, 3.1000E+00,-2.6667E-01,
18:34:02.94181282, 2.1333E+00, 3.0667E+00, 2.6667E-01,
18:34:02.94181287, 2.1067E+00, 3.1667E+00, 2.6667E-01,
18:34:02.94181292, 2.1333E+00, 3.1667E+00, 1.3333E-01,
18:34:02.94181297, 2.0933E+00, 3.1333E+00,-1.3333E-01,
18:34:02.94181302, 2.0800E+00, 3.1333E+00, 0.0000E+00,
18:34:02.94181307, 2.0800E+00, 3.1000E+00, 0.0000E+00,
18:34:02.94181312, 2.1200E+00, 3.2000E+00, 0.0000E+00,
18:34:02.94181317, 2.1200E+00, 3.1000E+00, 4.0000E-01,
18:34:02.94181322, 2.1200E+00, 3.1333E+00,-1.3333E-01,
18:34:02.94181327, 2.0933E+00, 3.2000E+00, 2.6667E-01,
18:34:02.94181332, 2.1067E+00, 3.0667E+00, 1.3333E-01,
18:34:02.94181337, 2.1200E+00, 3.1000E+00, 0.0000E+00,
18:34:02.94181342, 2.1333E+00, 3.1333E+00, 0.0000E+00,
18:34:02.94181347, 2.0933E+00, 3.1333E+00, 0.0000E+00,
18:34:02.94181352, 2.0667E+00, 3.1000E+00, 1.3333E-01,
18:34:02.94181357, 2.0667E+00, 3.2000E+00, 0.0000E+00,
18:34:02.94181362, 2.1067E+00, 3.1000E+00, 1.3333E-01,
18:34:02.94181367, 2.1067E+00, 3.1333E+00, 4.0000E-01,
18:34:02.94181372, 2.1067E+00, 3.0667E+00, 0.0000E+00,
18:34:02.94181377, 2.1200E+00, 3.1667E+00,-1.3333E-01,
18:34:02.94181382, 2.0933E+00, 3.1000E+00, 0.0000E+00,
18:34:02.94181387, 2.1333E+00, 3.1333E+00,-1.3333E-01,
18:34:02.94181392, 2.1333E+00, 3.1667E+00, 0.0000E+00,
18:34:02.94181397, 2.0800E+00, 3.1333E+00,-1.3333E-01,
18:34:02.94181402, 2.0933E+00, 3.1000E+00, 0.0000E+00,
18:34:02.94181407, 2.1067E+00, 3.1667E+00, 1.3333E-01,
18:34:02.94181412, 2.1200E+00, 3.2667E+00, 0.0000E+00,
18:34:02.94181417, 2.0933E+00, 3.1667E+00,-1.3333E-01,
18:34:02.94181422, 2.1200E+00, 3.1000E+00,-4.0000E-01,
18:34:02.94181427, 2.1333E+00, 3.1333E+00,-1.3333E-01,
18:34:02.94181432, 2.0933E+00, 3.1333E+00, 2.6667E-01,
18:34:02.94181437, 2.1200E+00, 3.1667E+00,-2.6667E-01,
18:34:02.94181442, 2.1200E+00, 3.1333E+00, 2.6667E-01,
18:34:02.94181447, 2.1067E+00, 3.1333E+00,-1.3333E-01,
18:34:02.94181452, 2.0800E+00, 3.1000E+00,-1.3333E-01,
18:34:02.94181457, 2.1067E+00, 3.1333E+00, 0.0000E+00,
18:34:02.94181462, 2.1200E+00, 3.1667E+00, 0.0000E+00,
18:34:02.94181467, 2.1067E+00, 3.1333E+00, 0.0000E+00,
18:34:02.94181472, 2.0933E+00, 3.1000E+00, 1.3333E-01,
18:34:02.94181477, 2.1200E+00, 3.1333E+00, 0.0000E+00,
18:34:02.94181482, 2.1333E+00, 3.1000E+00,-1.3333E-01,
18:34:02.94181487, 2.1067E+00, 3.1667E+00,-2.6667E-01,
18:34:02.94181492, 2.0933E+00, 3.1000E+00, 0.0000E+00,
18:34:02.94181497, 2.1067E+00, 3.1333E+00, 0.0000E+00,
18:34:02.94181502, 2.1067E+00, 3.1667E+00, 1.3333E-01,
18:34:02.94181507, 2.1333E+00, 3.1333E+00, 0.0000E+00,
18:34:02.94181512, 2.1333E+00, 3.2333E+00, 1.3333E-01,
18:34:02.94181517, 2.1067E+00, 3.1000E+00, 2.6667E-01,
18:34:02.94181522, 2.1200E+00, 3.1000E+00, 0.0000E+00,
18:34:02.94181527, 2.1200E+00, 3.1667E+00, 1.3333E-01,
18:34:02.94181532, 2.1067E+00, 3.1333E+00, 0.0000E+00,
18:34:02.94181537, 2.1067E+00, 3.1333E+00, 1.3333E-01,
18:34:02.94181542, 2.0800E+00, 3.1000E+00, 2.6667E-01,
18:34:02.94181547, 2.1067E+00, 3.1667E+00, 1.3333E-01,
18:34:02.94181552, 2.1200E+00, 3.0333E+00, 0.0000E+00,
18:34:02.94181557, 2.0800E+00, 3.1333E+00,-2.6667E-01,
18:34:02.94181562, 2.1067E+00, 3.1333E+00, 0.0000E+00,
18:34:02.94181567, 2.1333E+00, 3.2000E+00, 1.3333E-01,
18:34:02.94181572, 2.0933E+00, 3.1667E+00,-1.3333E-01,
18:34:02.94181577, 2.1200E+00, 3.0667E+00, 0.0000E+00,
18:34:02.94181582, 2.0933E+00, 3.1333E+00,-1.3333E-01,
18:34:02.94181587, 2.1067E+00, 3.0667E+00, 0.0000E+00,
18:34:02.94181592, 2.0933E+00, 3.0667E+00, 0.0000E+00,
18:34:02.94181597, 2.1067E+00, 3.1333E+00,-2.6667E-01,
18:34:02.94181602, 2.1200E+00, 3.1333E+00, 0.0000E+00,
18:34:02.94181607, 2.1067E+00, 3.1667E+00, 0.0000E+00,
18:34:02.94181612, 2.1467E+00, 3.1000E+00, 1.3333E-01,
18:34:02.94181617, 2.1333E+00, 3.2000E+00, 1.3333E-01,
18:34:02.94181622, 2.1067E+00, 3.1333E+00, 1.3333E-01,
18:34:02.94181627, 2.1067E+00, 3.0667E+00,-2.6667E-01,
18:34:02.94181632, 2.1067E+00, 3.1333E+00,-1.3333E-01,
18:34:02.94181637, 2.1067E+00, 3.1333E+00,-2.6667E-01,
18:34:02.94181642, 2.0933E+00, 3.1000E+00,-2.6667E-01,
18:34:02.94181647, 2.0933E+00, 3.1667E+00,-1.3333E-01,
18:34:02.94181652, 2.1333E+00, 3.1333E+00,-1.3333E-01,
18:34:02.94181657, 2.1333E+00, 3.0333E+00, 2.6667E-01,
18:34:02.94181662, 2.1200E+00, 3.2000E+00, 0.0000E+00,
18:34:02.94181667, 2.1333E+00, 3.1667E+00, 2.6667E-01,
18:34:02.94181672, 2.1333E+00, 3.1667E+00, 1.3333E-01,
18:34:02.94181677, 2.1067E+00, 3.1333E+00, 1.3333E-01,
18:34:02.94181682, 2.1333E+00, 3.1667E+00,-2.6667E-01,
18:34:02.94181687, 2.1333E+00, 3.1333E+00, 0.0000E+00,
18:34:02.94181692, 2.1200E+00, 3.1667E+00,-1.3333E-01,
18:34:02.94181697, 2.1333E+00, 3.1333E+00,-2.6667E-01,
18:34:02.94181702, 2.1333E+00, 3.1333E+00, 4.0000E-01,
18:34:02.94181707, 2.1067E+00, 3.1667E+00, 0.0000E+00,
18:34:02.94181712, 2.1067E+00, 3.2333E+00, 0.0000E+00,
18:34:02.94181717, 2.1200E+00, 3.1000E+00, 0.0000E+00,
18:34:02.94181722, 2.1200E+00, 3.1333E+00, 2.6667E-01,
18:34:02.94181727, 2.0933E+00, 3.1667E+00, 0.0000E+00,
18:34:02.94181732, 2.1333E+00, 3.1000E+00,-1.3333E-01,
18:34:02.94181737, 2.1067E+00, 3.1333E+00, 1.3333E-01,
18:34:02.94181742, 2.1333E+00, 3.2333E+00,-2.6667E-01,
18:34:02.94181747, 2.1333E+00, 3.1667E+00,-1.3333E-01,
18:34:02.94181752, 2.1200E+00, 3.1667E+00, 1.3333E-01,
18:34:02.94181757, 2.1600E+00, 3.1000E+00, 0.0000E+00,
18:34:02.94181762, 2.1600E+00, 3.1333E+00, 0.0000E+00,
18:34:02.94181767, 2.1333E+00, 3.1333E+00, 4.0000E-01,
18:34:02.94181772, 2.1200E+00, 3.1333E+00, 1.3333E-01,
18:34:02.94181777, 2.1200E+00, 3.1333E+00, 0.0000E+00,
18:34:02.94181782, 2.1067E+00, 3.1000E+00,-1.3333E-01,
18:34:02.94181787, 2.1067E+00, 3.1333E+00, 1.3333E-01,
18:34:02.94181792, 2.1333E+00, 3.1000E+00, 2.6667E-01,
18:34:02.94181797, 2.1200E+00, 3.1000E+00, 1.3333E-01,
18:34:02.94181802, 2.1200E+00, 3.1667E+00, 0.0000E+00,
18:34:02.94181807, 2.1333E+00, 3.1000E+00, 2.6667E-01,
18:34:02.94181812, 2.1067E+00, 3.0667E+00, 2.6667E-01,
18:34:02.94181817, 2.1467E+00, 3.1333E+00, 0.0000E+00,
18:34:02.94181822, 2.1067E+00, 3.2000E+00,-2.6667E-01,
18:34:02.94181827, 2.1333E+00, 3.2000E+00, 1.3333E-01,
18:34:02.94181832, 2.1333E+00, 3.1000E+00, 1.3333E-01,
18:34:02.94181837, 2.1200E+00, 3.1667E+00, 2.6667E-01,
18:34:02.94181842, 2.1200E+00, 3.1000E+00, 1.3333E-01,
18:34:02.94181847, 2.1467E+00, 3.1333E+00, 1.3333E-01,
18:34:02.94181852, 2.1333E+00, 3.1333E+00, 2.6667E-01,
18:34:02.94181857, 2.1200E+00, 3.1333E+00,-2.6667E-01,
18:34:02.94181862, 2.1333E+00, 3.1667E+00,-1.3333E-01,
18:34:02.94181867, 2.1200E+00, 3.1000E+00, 0.0000E+00,
18:34:02.94181872, 2.1067E+00, 3.1667E+00,-4.0000E-01,
18:34:02.94181877, 2.0800E+00, 3.1333E+00, 0.0000E+00,
18:34:02.94181882, 2.1067E+00, 3.0667E+00, 2.6667E-01,
18:34:02.94181887, 2.1333E+00, 3.1000E+00,-2.6667E-01,
18:34:02.94181892, 2.1333E+00, 3.0333E+00, 0.0000E+00,
18:34:02.94181897, 2.0933E+00, 3.1333E+00,-2.6667E-01,
18:34:02.94181902, 2.1333E+00, 3.1333E+00, 0.0000E+00,
18:34:02.94181907, 2.1333E+00, 3.1000E+00, 4.0000E-01,
18:34:02.94181912, 2.1333E+00, 3.1333E+00, 2.6667E-01,
18:34:02.94181917, 2.1333E+00, 3.2000E+00, 1.3333E-01,
18:34:02.94181922, 2.0933E+00, 3.1667E+00, 0.0000E+00,
18:34:02.94181927, 2.1333E+00, 3.1000E+00, 0.0000E+00,
18:34:02.94181932, 2.1067E+00, 3.1333E+00, 4.0000E-01,
18:34:02.94181937, 2.1200E+00, 3.1000E+00, 0.0000E+00,
18:34:02.94181942, 2.1333E+00, 3.1667E+00, 2.6667E-01,
18:34:02.94181947, 2.1333E+00, 3.1667E+00, 0.0000E+00,
18:34:02.94181952, 2.1067E+00, 3.1333E+00,-5.3333E-01,
18:34:02.94181957, 2.1067E+00, 3.1000E+00,-2.6667E-01,
18:34:02.94181962, 2.1333E+00, 3.1000E+00, 0.0000E+00,
18:34:02.94181967, 2.0933E+00, 3.1667E+00, 1.3333E-01,
18:34:02.94181972, 2.1200E+00, 3.1000E+00,-2.6667E-01,
18:34:02.94181977, 2.1067E+00, 3.1667E+00, 0.0000E+00,
18:34:02.94181982, 2.1200E+00, 3.1667E+00, 1.3333E-01,
18:34:02.94181987, 2.0800E+00, 3.1667E+00,-1.3333E-01,
18:34:02.94181992, 2.1333E+00, 3.2000E+00, 2.6667E-01,
18:34:02.94181997, 2.1200E+00, 3.1000E+00,-1.3333E-01,
18:34:02.94182002, 2.1333E+00, 3.1333E+00, 2.6667E-01,
18:34:02.94182007, 2.1600E+00, 3.1667E+00, 0.0000E+00,
18:34:02.94182012, 2.1333E+00, 3.1667E+00, 2.6667E-01,
18:34:02.94182017, 2.1067E+00, 3.1000E+00, 1.3333E-01,
18:34:02.94182022, 2.0800E+00, 3.1000E+00,-1.3333E-01,
18:34:02.94182027, 2.1333E+00, 3.2000E+00, 0.0000E+00,
18:34:02.94182032, 2.1200E+00, 3.1667E+00,-4.0000E-01,
18:34:02.94182037, 2.1333E+00, 3.1333E+00, 0.0000E+00,
18:34:02.94182042, 2.1333E+00, 3.1333E+00,-1.3333E-01,
18:34:02.94182047, 2.1333E+00, 3.1333E+00,-2.6667E-01,
18:34:02.94182052, 2.1333E+00, 3.1667E+00, 0.0000E+00,
18:34:02.94182057, 2.1333E+00, 3.1667E+00,-1.3333E-01,
18:34:02.94182062, 2.1333E+00, 3.1667E+00,-1.3333E-01,
18:34:02.94182067, 2.1067E+00, 3.1667E+00, 0.0000E+00,
18:34:02.94182072, 2.1333E+00, 3.1667E+00, 1.3333E-01,
18:34:02.94182077, 2.1333E+00, 3.1333E+00,-4.0000E-01,
18:34:02.94182082, 2.1200E+00, 3.1333E+00, 0.0000E+00,
18:34:02.94182087, 2.1333E+00, 3.1667E+00,-1.3333E-01,
18:34:02.94182092, 2.1333E+00, 3.1333E+00, 1.3333E-01,
18:34:02.94182097, 2.1333E+00, 3.2000E+00, 0.0000E+00,
18:34:02.94182102, 2.1333E+00, 3.1667E+00, 2.6667E-01,
18:34:02.94182107, 2.1333E+00, 3.1333E+00, 1.3333E-01,
18:34:02.94182112, 2.1067E+00, 3.2000E+00,-2.6667E-01,
18:34:02.94182117, 2.1333E+00, 3.2333E+00, 1.3333E-01,
18:34:02.94182122, 2.1333E+00, 3.1000E+00, 0.0000E+00,
18:34:02.94182127, 2.1333E+00, 3.1667E+00, 0.0000E+00,
18:34:02.94182132, 2.1200E+00, 3.1667E+00,-2.6667E-01,
18:34:02.94182137, 2.1200E+00, 3.1000E+00, 1.3333E-01,
18:34:02.94182142, 2.1333E+00, 3.1000E+00, 4.0000E-01,
18:34:02.94182147, 2.1333E+00, 3.1333E+00, 0.0000E+00,
18:34:02.94182152, 2.1467E+00, 3.2000E+00, 1.3333E-01,
18:34:02.94182157, 2.1200E+00, 3.1000E+00, 0.0000E+00,
18:34:02.94182162, 2.1200E+00, 3.1333E+00,-1.3333E-01,
18:34:02.94182167, 2.1067E+00, 3.2000E+00, 2.6667E-01,
18:34:02.94182172, 2.1067E+00, 3.2000E+00, 0.0000E+00,
18:34:02.94182177, 2.1333E+00, 3.2333E+00,-1.3333E-01,
18:34:02.94182182, 2.1333E+00, 3.1000E+00, 0.0000E+00,
18:34:02.94182187, 2.1200E+00, 3.0667E+00,-1.3333E-01,
18:34:02.94182192, 2.1333E+00, 3.1667E+00,-2.6667E-01,
18:34:02.94182197, 2.1467E+00, 3.0667E+00,-1.3333E-01,
18:34:02.94182202, 2.1200E+00, 3.0667E+00, 0.0000E+00,
18:34:02.94182207, 2.1467E+00, 3.1333E+00,-2.6667E-01,
18:34:02.94182212, 2.1333E+00, 3.1333E+00, 1.3333E-01,
18:34:02.94182217, 2.1333E+00, 3.1667E+00, 0.0000E+00,
18:34:02.94182222, 2.1333E+00, 3.1667E+00, 0.0000E+00,
18:34:02.94182227, 2.1067E+00, 3.0667E+00, 0.0000E+00,
18:34:02.94182232, 2.1333E+00, 3.1333E+00, 0.0000E+00,
18:34:02.94182237, 2.1333E+00, 3.1333E+00,-1.3333E-01,
18:34:02.94182242, 2.1600E+00, 3.1000E+00, 1.3333E-01,
18:34:02.94182247, 2.1200E+00, 3.2000E+00, 2.6667E-01,
18:34:02.94182252, 2.1333E+00, 3.1333E+00, 2.6667E-01,
18:34:02.94182257, 2.1333E+00, 3.1000E+00, 2.6667E-01,
18:34:02.94182262, 2.1333E+00, 3.1000E+00, 1.3333E-01,
18:34:02.94182267, 2.1467E+00, 3.1333E+00, 1.3333E-01,
18:34:02.94182272, 2.1333E+00, 3.1333E+00, 0.0000E+00,
18:34:02.94182277, 2.1467E+00, 3.1667E+00, 4.0000E-01,
18:34:02.94182282, 2.1333E+00, 3.1333E+00, 1.3333E-01,
18:34:02.94182287, 2.1333E+00, 3.1000E+00,-1.3333E-01,
18:34:02.94182292, 2.0933E+00, 3.1333E+00, 2.6667E-01,
18:34:02.94182297, 2.1333E+00, 3.1667E+00, 0.0000E+00,
18:34:02.94182302, 2.1200E+00, 3.1667E+00, 1.3333E-01,
18:34:02.94182307, 2.1200E+00, 3.1000E+00, 0.0000E+00,
18:34:02.94182312, 2.1333E+00, 3.1000E+00,-1.3333E-01,
18:34:02.94182317, 2.1600E+00, 3.1333E+00, 2.6667E-01,
18:34:02.94182322, 2.1333E+00, 3.2000E+00, 0.0000E+00,
18:34:02.94182327, 2.1333E+00, 3.1000E+00,-1.3333E-01,
18:34:02.94182332, 2.1333E+00, 3.1000E+00, 1.3333E-01,
18:34:02.94182337, 2.1600E+00, 3.1000E+00, 4.0000E-01,
18:34:02.94182342, 2.1333E+00, 3.1000E+00, 5.3333E-01,
18:34:02.94182347, 2.1333E+00, 3.1667E+00, 2.6667E-01,
18:34:02.94182352, 2.1067E+00, 3.1667E+00, 1.3333E-01,
18:34:02.94182357, 2.1333E+00, 3.1667E+00, 0.0000E+00,
18:34:02.94182362, 2.1333E+00, 3.1333E+00, 0.0000E+00,
18:34:02.94182367, 2.1200E+00, 3.1000E+00,-1.3333E-01,
18:34:02.94182372, 2.1467E+00, 3.1333E+00, 0.0000E+00,
18:34:02.94182377, 2.1333E+00, 3.1667E+00, 1.3333E-01,
18:34:02.94182382, 2.1333E+00, 3.1667E+00, 1.3333E-01,
18:34:02.94182387, 2.1467E+00, 3.1333E+00, 4.0000E-01,
18:34:02.94182392, 2.1333E+00, 3.2333E+00, 0.0000E+00,
18:34:02.94182397, 2.1333E+00, 3.1667E+00, 0.0000E+00,
18:34:02.94182402, 2.1333E+00, 3.2000E+00, 0.0000E+00,
18:34:02.94182407, 2.1333E+00, 3.1667E+00, 0.0000E+00,
18:34:02.94182412, 2.1333E+00, 3.1333E+00, 0.0000E+00,
18:34:02.94182417, 2.1333E+00, 3.1333E+00, 0.0000E+00,
18:34:02.94182422, 2.1467E+00, 3.1667E+00,-2.6667E-01,
18:34:02.94182427, 2.1467E+00, 3.1333E+00, 1.3333E-01,
18:34:02.94182432, 2.1600E+00, 3.1333E+00, 4.0000E-01,
18:34:02.94182437, 2.1600E+00, 3.1667E+00, 1.3333E-01,
18:34:02.94182442, 2.1333E+00, 3.1333E+00, 1.3333E-01,
18:34:02.94182447, 2.1333E+00, 3.1333E+00, 0.0000E+00,
18:34:02.94182452, 2.1333E+00, 3.1667E+00, 0.0000E+00,
18:34:02.94182457, 2.1333E+00, 3.2333E+00, 2.6667E-01,
18:34:02.94182462, 2.1333E+00, 3.1667E+00,-2.6667E-01,
18:34:02.94182467, 2.1333E+00, 3.1333E+00, 2.6667E-01,
18:34:02.94182472, 2.1333E+00, 3.0333E+00, 0.0000E+00,
18:34:02.94182477, 2.1600E+00, 3.2000E+00,-4.0000E-01,
18:34:02.94182482, 2.1467E+00, 3.1667E+00, 0.0000E+00,
18:34:02.94182487, 2.1333E+00, 3.1333E+00,-1.3333E-01,
18:34:02.94182492, 2.1467E+00, 3.1667E+00,-4.0000E-01,
18:34:02.94182497, 2.1467E+00, 3.1667E+00, 2.6667E-01,
18:34:02.94182502, 2.1333E+00, 3.2000E+00, 1.3333E-01,
18:34:02.94182507, 2.1733E+00, 3.1667E+00,-1.3333E-01,
18:34:02.94182512, 2.1333E+00, 3.1667E+00, 0.0000E+00,
18:34:02.94182517, 2.1200E+00, 3.1667E+00, 0.0000E+00,
18:34:02.94182522, 2.1333E+00, 3.1333E+00, 1.3333E-01,
18:34:02.94182527, 2.1733E+00, 3.2000E+00, 0.0000E+00,
18:34:02.94182532, 2.1333E+00, 3.2000E+00, 1.3333E-01,
18:34:02.94182537, 2.1733E+00, 3.1667E+00, 2.6667E-01,
18:34:02.94182542, 2.1333E+00, 3.2000E+00, 2.6667E-01,
18:34:02.94182547, 2.1200E+00, 3.1000E+00, 1.3333E-01,
18:34:02.94182552, 2.1333E+00, 3.1667E+00, 6.6667E-01,
18:34:02.94182557, 2.1333E+00, 3.1333E+00, 0.0000E+00,
18:34:02.94182562, 2.1067E+00, 3.1000E+00, 0.0000E+00,
18:34:02.94182567, 2.1333E+00, 3.1667E+00,-1.3333E-01,
18:34:02.94182572, 2.1200E+00, 3.1333E+00, 2.6667E-01,
18:34:02.94182577, 2.1467E+00, 3.1000E+00, 1.3333E-01,
18:34:02.94182582, 2.1200E+00, 3.0333E+00, 2.6667E-01,
18:34:02.94182587, 2.1333E+00, 3.1333E+00, 0.0000E+00,
18:34:02.94182592, 2.1333E+00, 3.2000E+00, 0.0000E+00,
18:34:02.94182597, 2.1067E+00, 3.1667E+00,-1.3333E-01,
18:34:02.94182602, 2.1333E+00, 3.1333E+00,-1.3333E-01,
18:34:02.94182607, 2.1333E+00, 3.0333E+00,-4.0000E-01,
18:34:02.94182612, 2.1333E+00, 3.1333E+00,-1.3333E-01,
18:34:02.94182617, 2.1467E+00, 3.1667E+00, 1.3333E-01,
18:34:02.94182622, 2.1333E+00, 3.1333E+00, 1.3333E-01,
18:34:02.94182627, 2.1733E+00, 3.1333E+00, 0.0000E+00,
18:34:02.94182632, 2.1200E+00, 3.1000E+00,-1.3333E-01,
18:34:02.94182637, 2.1333E+00, 3.1000E+00,-1.3333E-01,
18:34:02.94182642, 2.1200E+00, 3.1333E+00, 0.0000E+00,
18:34:02.94182647, 2.1333E+00, 3.1333E+00, 0.0000E+00,
18:34:02.94182652, 2.1333E+00, 3.1333E+00, 1.3333E-01,
18:34:02.94182657, 2.1333E+00, 3.1000E+00,-1.3333E-01,
18:34:02.94182662, 2.1333E+00, 3.1000E+00, 1.3333E-01,
18:34:02.94182667, 2.1600E+00, 3.1333E+00, 2.6667E-01,
18:34:02.94182672, 2.1333E+00, 3.1000E+00, 0.0000E+00,
18:34:02.94182677, 2.1333E+00, 3.1333E+00, 2.6667E-01,
18:34:02.94182682, 2.1600E+00, 3.1000E+00,-1.3333E-01,
18:34:02.94182687, 2.1333E+00, 3.2000E+00, 4.0000E-01,
18:34:02.94182692, 2.1333E+00, 3.1333E+00, 5.3333E-01,
18:34:02.94182697, 2.1600E+00, 3.1667E+00, 4.0000E-01,
18:34:02.94182702, 2.1467E+00, 3.1333E+00,-2.6667E-01,
18:34:02.94182707, 2.1333E+00, 3.1667E+00, 0.0000E+00,
18:34:02.94182712, 2.1600E+00, 3.1333E+00, 1.3333E-01,
18:34:02.94182717, 2.1600E+00, 3.1000E+00,-4.0000E-01,
18:34:02.94182722, 2.1600E+00, 3.1333E+00, 1.3333E-01,
18:34:02.94182727, 2.1600E+00, 3.1667E+00, 0.0000E+00,
18:34:02.94182732, 2.1467E+00, 3.1000E+00, 1.3333E-01,
18:34:02.94182737, 2.1467E+00, 3.1333E+00, 2.6667E-01,
18:34:02.94182742, 2.1333E+00, 3.1333E+00, 0.0000E+00,
18:34:02.94182747, 2.1333E+00, 3.1333E+00,-1.3333E-01,
18:34:02.94182752, 2.1467E+00, 3.1333E+00,-1.3333E-01,
18:34:02.94182757, 2.1333E+00, 3.1000E+00, 0.0000E+00,
18:34:02.94182762, 2.1333E+00, 3.1667E+00, 1.3333E-01,
18:34:02.94182767, 2.1467E+00, 3.1000E+00,-1.3333E-01,
18:34:02.94182772, 2.1600E+00, 3.1333E+00,-1.3333E-01,
18:34:02.94182777, 2.1600E+00, 3.1667E+00,-1.3333E-01,
18:34:02.94182782, 2.1333E+00, 3.1667E+00, 1.3333E-01,
18:34:02.94182787, 2.1067E+00, 3.1667E+00, 4.0000E-01,
18:34:02.94182792, 2.1333E+00, 3.1000E+00,-1.3333E-01,
18:34:02.94182797, 2.1200E+00, 3.2000E+00, 0.0000E+00,
18:34:02.94182802, 2.1467E+00, 3.1667E+00,-1.3333E-01,
18:34:02.94182807, 2.1333E+00, 3.1000E+00,-2.6667E-01,
18:34:02.94182812, 2.1333E+00, 3.1667E+00, 0.0000E+00,
18:34:02.94182817, 2.1333E+00, 3.1333E+00, 1.3333E-01,
18:34:02.94182822, 2.1467E+00, 3.1667E+00, 0.0000E+00,
18:34:02.94182827, 2.1333E+00, 3.2000E+00, 0.0000E+00,
18:34:02.94182832, 2.1333E+00, 3.1333E+00,-2.6667E-01,
18:34:02.94182837, 2.1333E+00, 3.1333E+00, 0.0000E+00,
18:34:02.94182842, 2.1467E+00, 3.1333E+00,-1.3333E-01,
18:34:02.94182847, 2.1600E+00, 3.1000E+00, 2.6667E-01,
18:34:02.94182852, 2.1467E+00, 3.1333E+00, 0.0000E+00,
18:34:02.94182857, 2.1600E+00, 3.1333E+00,-2.6667E-01,
18:34:02.94182862, 2.1467E+00, 3.1333E+00, 1.3333E-01,
18:34:02.94182867, 2.1733E+00, 3.1333E+00, 1.3333E-01,
18:34:02.94182872, 2.1467E+00, 3.1667E+00, 1.3333E-01,
18:34:02.94182877, 2.1333E+00, 3.1000E+00, 4.0000E-01,
18:34:02.94182882, 2.1467E+00, 3.1333E+00, 1.3333E-01,
18:34:02.94182887, 2.1467E+00, 3.2000E+00, 1.3333E-01,
18:34:02.94182892, 2.1333E+00, 3.2000E+00, 2.6667E-01,
18:34:02.94182897, 2.1333E+00, 3.0667E+00, 0.0000E+00,
18:34:02.94182902, 2.1600E+00, 3.1667E+00,-2.6667E-01,
18:34:02.94182907, 2.1467E+00, 3.2000E+00, 1.3333E-01,
18:34:02.94182912, 2.1333E+00, 3.1000E+00,-4.0000E-01,
18:34:02.94182917, 2.1467E+00, 3.1333E+00,-1.3333E-01,
18:34:02.94182922, 2.1600E+00, 3.2000E+00, 1.3333E-01,
18:34:02.94182927, 2.1467E+00, 3.0667E+00,-1.3333E-01,
18:34:02.94182932, 2.1333E+00, 3.1667E+00, 2.6667E-01,
18:34:02.94182937, 2.1333E+00, 3.2333E+00, 0.0000E+00,
18:34:02.94182942, 2.1333E+00, 3.2000E+00, 4.0000E-01,
18:34:02.94182947, 2.1867E+00, 3.1667E+00,-1.3333E-01,
18:34:02.94182952, 2.1333E+00, 3.1667E+00, 0.0000E+00,
18:34:02.94182957, 2.1600E+00, 3.1667E+00, 1.3333E-01,
18:34:02.94182962, 2.1600E+00, 3.2000E+00, 1.3333E-01,
18:34:02.94182967, 2.1333E+00, 3.1333E+00, 4.0000E-01,
18:34:02.94182972, 2.1333E+00, 3.2000E+00, 1.3333E-01,
18:34:02.94182977, 2.1467E+00, 3.0667E+00, 0.0000E+00,
18:34:02.94182982, 2.1333E+00, 3.1333E+00, 2.6667E-01,
18:34:02.94182987, 2.1333E+00, 3.1000E+00,-2.6667E-01,
18:34:02.94182992, 2.1867E+00, 3.1333E+00, 1.3333E-01,
18:34:02.94182997, 2.1600E+00, 3.1333E+00, 1.3333E-01,
18:34:02.94183002, 2.1333E+00, 3.1667E+00, 1.3333E-01,
18:34:02.94183007, 2.1867E+00, 3.1333E+00, 0.0000E+00,
18:34:02.94183012, 2.1600E+00, 3.1667E+00, 0.0000E+00,
18:34:02.94183017, 2.1333E+00, 3.1333E+00, 0.0000E+00,
18:34:02.94183022, 2.1333E+00, 3.1667E+00, 2.6667E-01,
18:34:02.94183027, 2.1333E+00, 3.1667E+00, 1.3333E-01,
18:34:02.94183032, 2.1333E+00, 3.2333E+00,-1.3333E-01,
18:34:02.94183037, 2.1733E+00, 3.1667E+00,-2.6667E-01,
18:34:02.94183042, 2.1600E+00, 3.1667E+00, 1.3333E-01,
18:34:02.94183047, 2.1733E+00, 3.1333E+00,-1.3333E-01,
18:34:02.94183052, 2.1733E+00, 3.1667E+00, 0.0000E+00,
18:34:02.94183057, 2.1733E+00, 3.0667E+00,-1.3333E-01,
18:34:02.94183062, 2.1733E+00, 3.1667E+00, 0.0000E+00,
18:34:02.94183067, 2.1600E+00, 3.1667E+00, 0.0000E+00,
18:34:02.94183072, 2.1467E+00, 3.1333E+00, 2.6667E-01,
18:34:02.94183077, 2.1467E+00, 3.1333E+00, 0.0000E+00,
18:34:02.94183082, 2.1600E+00, 3.1333E+00, 0.0000E+00,
18:34:02.94183087, 2.1467E+00, 3.0667E+00, 1.3333E-01,
18:34:02.94183092, 2.1333E+00, 3.1667E+00, 0.0000E+00,
18:34:02.94183097, 2.1600E+00, 3.1333E+00, 0.0000E+00,
18:34:02.94183102, 2.1600E+00, 3.1333E+00, 0.0000E+00,
18:34:02.94183107, 2.1867E+00, 3.2000E+00,-1.3333E-01,
18:34:02.94183112, 2.1467E+00, 3.1333E+00, 0.0000E+00,
18:34:02.94183117, 2.1333E+00, 3.2000E+00,-2.6667E-01,
18:34:02.94183122, 2.1467E+00, 3.1667E+00, 2.6667E-01,
18:34:02.94183127, 2.1600E+00, 3.1333E+00, 4.0000E-01,
18:34:02.94183132, 2.1467E+00, 3.1667E+00, 1.3333E-01,
18:34:02.94183137, 2.1467E+00, 3.1000E+00, 2.6667E-01,
18:34:02.94183142, 2.1733E+00, 3.1000E+00, 0.0000E+00,
18:34:02.94183147, 2.2000E+00, 3.1667E+00, 0.0000E+00,
18:34:02.94183152, 2.1600E+00, 3.1333E+00, 0.0000E+00,
18:34:02.94183157, 2.1467E+00, 3.1667E+00, 0.0000E+00,
18:34:02.94183162, 2.1600E+00, 3.1667E+00, 1.3333E-01,
18:34:02.94183167, 2.1467E+00, 3.1333E+00, 0.0000E+00,
18:34:02.94183172, 2.1467E+00, 3.0667E+00, 0.0000E+00,
18:34:02.94183177, 2.1467E+00, 3.2333E+00, 2.6667E-01,
18:34:02.94183182, 2.1467E+00, 3.1667E+00, 2.6667E-01,
18:34:02.94183187, 2.1600E+00, 3.1333E+00, 1.3333E-01,
18:34:02.94183192, 2.1600E+00, 3.2000E+00,-1.3333E-01,
18:34:02.94183197, 2.1600E+00, 3.1333E+00,-1.3333E-01,
18:34:02.94183202, 2.1733E+00, 3.1667E+00,-1.3333E-01,
18:34:02.94183207, 2.1467E+00, 3.1667E+00, 0.0000E+00,
18:34:02.94183212, 2.1600E+00, 3.0667E+00, 1.3333E-01,
18:34:02.94183217, 2.1867E+00, 3.2000E+00, 0.0000E+00,
18:34:02.94183222, 2.1733E+00, 3.2000E+00, 1.3333E-01,
18:34:02.94183227, 2.1467E+00, 3.1000E+00,-1.3333E-01,
18:34:02.94183232, 2.1600E+00, 3.1333E+00, 1.3333E-01,
18:34:02.94183237, 2.1467E+00, 3.1333E+00, 1.3333E-01,
18:34:02.94183242, 2.1733E+00, 3.1333E+00, 0.0000E+00,
18:34:02.94183247, 2.1733E+00, 3.2000E+00,-1.3333E-01,
18:34:02.94183252, 2.1733E+00, 3.2000E+00,-1.3333E-01,
18:34:02.94183257, 2.1467E+00, 3.1667E+00, 1.3333E-01,
18:34:02.94183262, 2.1200E+00, 3.1667E+00,-1.3333E-01,
18:34:02.94183267, 2.1333E+00, 3.1333E+00, 2.6667E-01,
18:34:02.94183272, 2.1467E+00, 3.1000E+00, 4.0000E-01,
18:34:02.94183277, 2.1600E+00, 3.2000E+00, 4.0000E-01,
18:34:02.94183282, 2.1733E+00, 3.1667E+00, 1.3333E-01,
18:34:02.94183287, 2.1867E+00, 3.1333E+00, 1.3333E-01,
18:34:02.94183292, 2.1600E+00, 3.1000E+00,-4.0000E-01,
18:34:02.94183297, 2.1733E+00, 3.1000E+00,-1.3333E-01,
18:34:02.94183302, 2.1867E+00, 3.2000E+00,-1.3333E-01,
18:34:02.94183307, 2.1733E+00, 3.1000E+00,-1.3333E-01,
18:34:02.94183312, 2.1733E+00, 3.1333E+00, 1.3333E-01,
18:34:02.94183317, 2.1600E+00, 3.1333E+00, 0.0000E+00,
18:34:02.94183322, 2.1333E+00, 3.2333E+00, 1.3333E-01,
18:34:02.94183327, 2.1600E+00, 3.2333E+00,-1.3333E-01,
18:34:02.94183332, 2.1733E+00, 3.1333E+00,-1.3333E-01,
18:34:02.94183337, 2.1733E+00, 3.2000E+00, 0.0000E+00,
18:34:02.94183342, 2.1600E+00, 3.1667E+00, 2.6667E-01,
18:34:02.94183347, 2.2133E+00, 3.2333E+00, 0.0000E+00,
18:34:02.94183352, 2.1600E+00, 3.0667E+00,-1.3333E-01,
18:34:02.94183357, 2.1600E+00, 3.1667E+00, 2.6667E-01,
18:34:02.94183362, 2.1733E+00, 3.1333E+00, 2.6667E-01,
18:34:02.94183367, 2.1600E+00, 3.1667E+00, 0.0000E+00,
18:34:02.94183372, 2.1733E+00, 3.1333E+00, 1.3333E-01,
18:34:02.94183377, 2.1467E+00, 3.1667E+00, 0.0000E+00,
18:34:02.94183382, 2.1867E+00, 3.1333E+00, 1.3333E-01,
18:34:02.94183387, 2.1600E+00, 3.1000E+00, 1.3333E-01,
18:34:02.94183392, 2.1467E+00, 3.1000E+00, 0.0000E+00,
18:34:02.94183397, 2.1600E+00, 3.1667E+00,-2.6667E-01,
18:34:02.94183402, 2.1733E+00, 3.2000E+00,-1.3333E-01,
18:34:02.94183407, 2.1733E+00, 3.2000E+00, 0.0000E+00,
18:34:02.94183412, 2.1333E+00, 3.1000E+00,-2.6667E-01,
18:34:02.94183417, 2.1600E+00, 3.1667E+00, 1.3333E-01,
18:34:02.94183422, 2.1867E+00, 3.1667E+00, 1.3333E-01,
18:34:02.94183427, 2.1467E+00, 3.2000E+00,-1.3333E-01,
18:34:02.94183432, 2.1733E+00, 3.1000E+00, 2.6667E-01,
18:34:02.94183437, 2.1733E+00, 3.1333E+00,-1.3333E-01,
18:34:02.94183442, 2.1867E+00, 3.2000E+00, 0.0000E+00,
18:34:02.94183447, 2.1600E+00, 3.1667E+00, 1.3333E-01,
18:34:02.94183452, 2.1733E+00, 3.1000E+00, 4.0000E-01,
18:34:02.94183457, 2.1333E+00, 3.1333E+00, 0.0000E+00,
18:34:02.94183462, 2.1600E+00, 3.0667E+00, 0.0000E+00,
18:34:02.94183467, 2.1733E+00, 3.1333E+00, 1.3333E-01,
18:34:02.94183472, 2.1600E+00, 3.1000E+00, 0.0000E+00,
18:34:02.94183477, 2.1867E+00, 3.1000E+00,-1.3333E-01,
18:34:02.94183482, 2.1600E+00, 3.1667E+00,-1.3333E-01,
18:34:02.94183487, 2.1600E+00, 3.1667E+00, 0.0000E+00,
18:34:02.94183492, 2.1733E+00, 3.1333E+00, 1.3333E-01,
18:34:02.94183497, 2.1600E+00, 3.1667E+00, 0.0000E+00,
18:34:02.94183502, 2.1333E+00, 3.1000E+00, 2.6667E-01,
18:34:02.94183507, 2.1467E+00, 3.1000E+00,-1.3333E-01,
18:34:02.94183512, 2.1600E+00, 3.0333E+00, 1.3333E-01,
18:34:02.94183517, 2.1733E+00, 3.2000E+00, 2.6667E-01,
18:34:02.94183522, 2.1733E+00, 3.2000E+00, 1.3333E-01,
18:34:02.94183527, 2.1733E+00, 3.1667E+00,-1.3333E-01,
18:34:02.94183532, 2.1867E+00, 3.1667E+00, 0.0000E+00,
18:34:02.94183537, 2.1600E+00, 3.2333E+00, 0.0000E+00,
18:34:02.94183542, 2.1600E+00, 3.2333E+00, 2.6667E-01,
18:34:02.94183547, 2.1733E+00, 3.2333E+00,-1.3333E-01,
18:34:02.94183552, 2.1467E+00, 3.1667E+00, 0.0000E+00,
18:34:02.94183557, 2.1733E+00, 3.1667E+00, 0.0000E+00,
18:34:02.94183562, 2.1333E+00, 3.0667E+00,-1.3333E-01,
18:34:02.94183567, 2.1467E+00, 3.1667E+00,-1.3333E-01,
18:34:02.94183572, 2.1333E+00, 3.2000E+00, 0.0000E+00,
18:34:02.94183577, 2.1733E+00, 3.2000E+00, 1.3333E-01,
18:34:02.94183582, 2.2000E+00, 3.1000E+00, 0.0000E+00,
18:34:02.94183587, 2.1733E+00, 3.1667E+00,-2.6667E-01,
18:34:02.94183592, 2.1600E+00, 3.1667E+00, 1.3333E-01,
18:34:02.94183597, 2.1733E+00, 3.1667E+00,-2.6667E-01,
18:34:02.94183602, 2.1600E+00, 3.1333E+00, 1.3333E-01,
18:34:02.94183607, 2.1733E+00, 3.1000E+00, 2.6667E-01,
18:34:02.94183612, 2.1600E+00, 3.2000E+00,-1.3333E-01,
18:34:02.94183617, 2.1733E+00, 3.1000E+00, 1.3333E-01,
18:34:02.94183622, 2.1600E+00, 3.1000E+00, 0.0000E+00,
18:34:02.94183627, 2.1867E+00, 3.1667E+00,-1.3333E-01,
18:34:02.94183632, 2.2000E+00, 3.2000E+00, 1.3333E-01,
18:34:02.94183637, 2.1600E+00, 3.1667E+00, 1.3333E-01,
18:34:02.94183642, 2.1867E+00, 3.1333E+00, 2.6667E-01,
18:34:02.94183647, 2.1733E+00, 3.1333E+00, 2.6667E-01,
18:34:02.94183652, 2.1733E+00, 3.0667E+00, 2.6667E-01,
18:34:02.94183657, 2.1467E+00, 3.1667E+00, 0.0000E+00,
18:34:02.94183662, 2.1867E+00, 3.1333E+00, 4.0000E-01,
18:34:02.94183667, 2.1600E+00, 3.1667E+00, 2.6667E-01,
18:34:02.94183672, 2.1600E+00, 3.1333E+00, 0.0000E+00,
18:34:02.94183677, 2.1867E+00, 3.1333E+00, 4.0000E-01,
18:34:02.94183682, 2.1867E+00, 3.2000E+00, 2.6667E-01,
18:34:02.94183687, 2.1867E+00, 3.1667E+00, 0.0000E+00,
18:34:02.94183692, 2.1600E+00, 3.1667E+00, 0.0000E+00,
18:34:02.94183697, 2.1333E+00, 3.1000E+00, 1.3333E-01,
18:34:02.94183702, 2.1733E+00, 3.1667E+00, 2.6667E-01,
18:34:02.94183707, 2.1733E+00, 3.1667E+00, 4.0000E-01,
18:34:02.94183712, 2.1867E+00, 3.1333E+00, 0.0000E+00,
18:34:02.94183717, 2.1467E+00, 3.1333E+00, 1.3333E-01,
18:34:02.94183722, 2.1867E+00, 3.1333E+00, 2.6667E-01,
18:34:02.94183727, 2.2000E+00, 3.2333E+00, 2.6667E-01,
18:34:02.94183732, 2.1600E+00, 3.2000E+00, 0.0000E+00,
18:34:02.94183737, 2.1867E+00, 3.1333E+00, 1.3333E-01,
18:34:02.94183742, 2.1467E+00, 3.1000E+00, 4.0000E-01,
18:34:02.94183747, 2.1467E+00, 3.1667E+00, 1.3333E-01,
18:34:02.94183752, 2.1600E+00, 3.1333E+00, 1.3333E-01,
18:34:02.94183757, 2.2000E+00, 3.1667E+00, 2.6667E-01,
18:34:02.94183762, 2.1733E+00, 3.0667E+00, 2.6667E-01,
18:34:02.94183767, 2.1600E+00, 3.1000E+00, 0.0000E+00,
18:34:02.94183772, 2.2133E+00, 3.1000E+00,-2.6667E-01,
18:34:02.94183777, 2.2000E+00, 3.1667E+00, 0.0000E+00,
18:34:02.94183782, 2.1733E+00, 3.0667E+00,-1.3333E-01,
18:34:02.94183787, 2.1733E+00, 3.1333E+00, 0.0000E+00,
18:34:02.94183792, 2.1600E+00, 3.1333E+00,-1.3333E-01,
18:34:02.94183797, 2.1867E+00, 3.0667E+00,-1.3333E-01,
18:34:02.94183802, 2.1333E+00, 3.1000E+00, 4.0000E-01,
18:34:02.94183807, 2.2000E+00, 3.1000E+00,-1.3333E-01,
18:34:02.94183812, 2.1733E+00, 3.1333E+00, 1.3333E-01,
18:34:02.94183817, 2.1733E+00, 3.1333E+00,-1.3333E-01,
18:34:02.94183822, 2.1867E+00, 3.1333E+00,-1.3333E-01,
18:34:02.94183827, 2.2000E+00, 3.1667E+00, 0.0000E+00,
18:34:02.94183832, 2.1867E+00, 3.1667E+00,-2.6667E-01,
18:34:02.94183837, 2.1733E+00, 3.1333E+00,-1.3333E-01,
18:34:02.94183842, 2.1600E+00, 3.1333E+00, 0.0000E+00,
18:34:02.94183847, 2.1600E+00, 3.1333E+00, 1.3333E-01,
18:34:02.94183852, 2.1867E+00, 3.1333E+00, 2.6667E-01,
18:34:02.94183857, 2.1867E+00, 3.2000E+00, 0.0000E+00,
18:34:02.94183862, 2.1733E+00, 3.1333E+00, 1.3333E-01,
18:34:02.94183867, 2.1733E+00, 3.2000E+00, 1.3333E-01,
18:34:02.94183872, 2.1467E+00, 3.2667E+00,-2.6667E-01,
18:34:02.94183877, 2.1867E+00, 3.1333E+00, 1.3333E-01,
18:34:02.94183882, 2.1600E+00, 3.1000E+00, 0.0000E+00,
18:34:02.94183887, 2.1867E+00, 3.2000E+00, 1.3333E-01,
18:34:02.94183892, 2.1600E+00, 3.1667E+00,-4.0000E-01,
18:34:02.94183897, 2.1733E+00, 3.1667E+00, 4.0000E-01,
18:34:02.94183902, 2.1733E+00, 3.1333E+00, 1.3333E-01,
18:34:02.94183907, 2.1600E+00, 3.2000E+00, 2.6667E-01,
18:34:02.94183912, 2.1867E+00, 3.0667E+00, 1.3333E-01,
18:34:02.94183917, 2.2000E+00, 3.1333E+00, 1.3333E-01,
18:34:02.94183922, 2.1867E+00, 3.1000E+00, 5.3333E-01,
18:34:02.94183927, 2.1733E+00, 3.0667E+00,-2.6667E-01,
18:34:02.94183932, 2.1733E+00, 3.1000E+00, 0.0000E+00,
18:34:02.94183937, 2.1733E+00, 3.1000E+00,-1.3333E-01,
18:34:02.94183942, 2.1467E+00, 3.1667E+00, 1.3333E-01,
18:34:02.94183947, 2.1600E+00, 3.2000E+00, 0.0000E+00,
18:34:02.94183952, 2.2000E+00, 3.1000E+00, 0.0000E+00,
18:34:02.94183957, 2.1733E+00, 3.1667E+00, 1.3333E-01,
18:34:02.94183962, 2.2000E+00, 3.1667E+00, 0.0000E+00,
18:34:02.94183967, 2.1867E+00, 3.1667E+00, 0.0000E+00,
18:34:02.94183972, 2.1867E+00, 3.1000E+00, 0.0000E+00,
18:34:02.94183977, 2.1867E+00, 3.1667E+00, 1.3333E-01,
18:34:02.94183982, 2.1600E+00, 3.1333E+00,-2.6667E-01,
18:34:02.94183987, 2.1467E+00, 3.1000E+00,-1.3333E-01,
18:34:02.94183992, 2.1600E+00, 3.1667E+00, 1.3333E-01,
18:34:02.94183997, 2.1733E+00, 3.1333E+00, 1.3333E-01,
18:34:02.94184002, 2.1867E+00, 3.1667E+00, 0.0000E+00,
18:34:02.94184007, 2.1733E+00, 3.1000E+00, 2.6667E-01,
18:34:02.94184012, 2.1600E+00, 3.1667E+00, 1.3333E-01,
18:34:02.94184017, 2.2133E+00, 3.1000E+00, 0.0000E+00,
18:34:02.94184022, 2.2000E+00, 3.1000E+00, 1.3333E-01,
18:34:02.94184027, 2.1733E+00, 3.1667E+00, 1.3333E-01,
18:34:02.94184032, 2.1600E+00, 3.1000E+00, 2.6667E-01,
18:34:02.94184037, 2.1867E+00, 3.0667E+00,-1.3333E-01,
18:34:02.94184042, 2.1867E+00, 3.1333E+00,-2.6667E-01,
18:34:02.94184047, 2.1867E+00, 3.1333E+00, 0.0000E+00,
18:34:02.94184052, 2.1867E+00, 3.1000E+00, 4.0000E-01,
18:34:02.94184057, 2.1867E+00, 3.1667E+00, 0.0000E+00,
18:34:02.94184062, 2.1867E+00, 3.1667E+00, 2.6667E-01,
18:34:02.94184067, 2.1600E+00, 3.1333E+00, 1.3333E-01,
18:34:02.94184072, 2.1867E+00, 3.1667E+00,-1.3333E-01,
18:34:02.94184077, 2.2000E+00, 3.0667E+00,-1.3333E-01,
18:34:02.94184082, 2.1600E+00, 3.1667E+00, 4.0000E-01,
18:34:02.94184087, 2.1733E+00, 3.1667E+00, 2.6667E-01,
18:34:02.94184092, 2.1600E+00, 3.0667E+00, 4.0000E-01,
18:34:02.94184097, 2.2000E+00, 3.1333E+00, 2.6667E-01,
18:34:02.94184102, 2.2000E+00, 3.1333E+00,-2.6667E-01,
18:34:02.94184107, 2.1733E+00, 3.1000E+00, 2.6667E-01,
18:34:02.94184112, 2.1867E+00, 3.1333E+00, 1.3333E-01,
18:34:02.94184117, 2.1867E+00, 3.1333E+00, 1.3333E-01,
18:34:02.94184122, 2.1733E+00, 3.0667E+00,-1.3333E-01,
18:34:02.94184127, 2.1867E+00, 3.1333E+00, 1.3333E-01,
18:34:02.94184132, 2.1467E+00, 3.0667E+00, 0.0000E+00,
18:34:02.94184137, 2.1733E+00, 3.0667E+00,-1.3333E-01,
18:34:02.94184142, 2.1733E+00, 3.1000E+00, 1.3333E-01,
18:34:02.94184147, 2.2000E+00, 3.1333E+00, 1.3333E-01,
18:34:02.94184152, 2.1867E+00, 3.1333E+00,-2.6667E-01,
18:34:02.94184157, 2.1867E+00, 3.2000E+00,-1.3333E-01,
18:34:02.94184162, 2.1600E+00, 3.2000E+00, 1.3333E-01,
18:34:02.94184167, 2.2000E+00, 3.1333E+00,-1.3333E-01,
18:34:02.94184172, 2.2000E+00, 3.1333E+00, 0.0000E+00,
18:34:02.94184177, 2.1600E+00, 3.1000E+00, 1.3333E-01,
18:34:02.94184182, 2.1867E+00, 3.0667E+00, 1.3333E-01,
18:34:02.94184187, 2.1733E+00, 3.1333E+00,-2.6667E-01,
18:34:02.94184192, 2.1733E+00, 3.1000E+00,-1.3333E-01,
18:34:02.94184197, 2.1867E+00, 3.1333E+00, 1.3333E-01,
18:34:02.94184202, 2.1867E+00, 3.1333E+00, 0.0000E+00,
18:34:02.94184207, 2.1867E+00, 3.1000E+00,-1.3333E-01,
18:34:02.94184212, 2.1867E+00, 3.1667E+00, 1.3333E-01,
18:34:02.94184217, 2.2000E+00, 3.2000E+00, 2.6667E-01,
18:34:02.94184222, 2.1467E+00, 3.2000E+00, 1.3333E-01,
18:34:02.94184227, 2.1600E+00, 3.1000E+00,-1.3333E-01,
18:34:02.94184232, 2.1733E+00, 3.1333E+00,-1.3333E-01,
18:34:02.94184237, 2.1733E+00, 3.1000E+00, 0.0000E+00,
18:34:02.94184242, 2.1867E+00, 3.1333E+00, 2.6667E-01,
18:34:02.94184247, 2.1867E+00, 3.1333E+00, 1.3333E-01,
18:34:02.94184252, 2.2000E+00, 3.2000E+00,-1.3333E-01,
18:34:02.94184257, 2.1600E+00, 3.1333E+00, 1.3333E-01,
18:34:02.94184262, 2.1600E+00, 3.1667E+00, 0.0000E+00,
18:34:02.94184267, 2.1867E+00, 3.1000E+00,-1.3333E-01,
18:34:02.94184272, 2.1733E+00, 3.1000E+00, 0.0000E+00,
18:34:02.94184277, 2.1733E+00, 3.0667E+00, 0.0000E+00,
18:34:02.94184282, 2.1733E+00, 3.1000E+00, 0.0000E+00,
18:34:02.94184287, 2.1867E+00, 3.1000E+00,-1.3333E-01,
18:34:02.94184292, 2.2000E+00, 3.1333E+00, 1.3333E-01,
18:34:02.94184297, 2.1867E+00, 3.1667E+00, 0.0000E+00,
18:34:02.94184302, 2.2133E+00, 3.1333E+00, 1.3333E-01,
18:34:02.94184307, 2.2000E+00, 3.1667E+00, 1.3333E-01,
18:34:02.94184312, 2.2000E+00, 3.1333E+00, 0.0000E+00,
18:34:02.94184317, 2.1867E+00, 3.1667E+00, 2.6667E-01,
18:34:02.94184322, 2.1867E+00, 3.1667E+00, 4.0000E-01,
18:34:02.94184327, 2.1733E+00, 3.1667E+00,-1.3333E-01,
18:34:02.94184332, 2.2000E+00, 3.1667E+00, 2.6667E-01,
18:34:02.94184337, 2.2133E+00, 3.1333E+00, 1.3333E-01,
18:34:02.94184342, 2.2000E+00, 3.1667E+00, 1.3333E-01,
18:34:02.94184347, 2.2000E+00, 3.2000E+00, 4.0000E-01,
18:34:02.94184352, 2.1867E+00, 3.1667E+00, 1.3333E-01,
18:34:02.94184357, 2.1867E+00, 3.2000E+00, 2.6667E-01,
18:34:02.94184362, 2.1600E+00, 3.1667E+00, 1.3333E-01,
18:34:02.94184367, 2.1733E+00, 3.1333E+00, 2.6667E-01,
18:34:02.94184372, 2.2000E+00, 3.1333E+00, 1.3333E-01,
18:34:02.94184377, 2.2133E+00, 3.1667E+00,-2.6667E-01,
18:34:02.94184382, 2.1867E+00, 3.1333E+00, 1.3333E-01,
18:34:02.94184387, 2.2000E+00, 3.1667E+00, 2.6667E-01,
18:34:02.94184392, 2.2133E+00, 3.1333E+00, 1.3333E-01,
18:34:02.94184397, 2.2133E+00, 3.1000E+00, 2.6667E-01,
18:34:02.94184402, 2.1867E+00, 3.1667E+00, 1.3333E-01,
18:34:02.94184407, 2.1867E+00, 3.1667E+00,-1.3333E-01,
18:34:02.94184412, 2.1600E+00, 3.1667E+00, 2.6667E-01,
18:34:02.94184417, 2.1867E+00, 3.1333E+00,-1.3333E-01,
18:34:02.94184422, 2.2000E+00, 3.1333E+00, 4.0000E-01,
18:34:02.94184427, 2.1733E+00, 3.2000E+00, 2.6667E-01,
18:34:02.94184432, 2.1733E+00, 3.2000E+00, 1.3333E-01,
18:34:02.94184437, 2.1867E+00, 3.0667E+00, 1.3333E-01,
18:34:02.94184442, 2.2267E+00, 3.1667E+00, 2.6667E-01,
18:34:02.94184447, 2.1867E+00, 3.0667E+00, 1.3333E-01,
18:34:02.94184452, 2.1867E+00, 3.1333E+00, 0.0000E+00,
18:34:02.94184457, 2.2133E+00, 3.1000E+00, 2.6667E-01,
18:34:02.94184462, 2.1867E+00, 3.1000E+00, 0.0000E+00,
18:34:02.94184467, 2.1733E+00, 3.0667E+00,-1.3333E-01,
18:34:02.94184472, 2.1733E+00, 3.1333E+00, 0.0000E+00,
18:34:02.94184477, 2.2133E+00, 3.1000E+00,-1.3333E-01,
18:34:02.94184482, 2.2133E+00, 3.1333E+00,-1.3333E-01,
18:34:02.94184487, 2.1600E+00, 3.1000E+00, 0.0000E+00,
18:34:02.94184492, 2.2000E+00, 3.1000E+00, 1.3333E-01,
18:34:02.94184497, 2.1867E+00, 3.1333E+00, 0.0000E+00,
18:34:02.94184502, 2.1600E+00, 3.0667E+00, 1.3333E-01,
18:34:02.94184507, 2.2133E+00, 3.1667E+00, 1.3333E-01,
18:34:02.94184512, 2.1600E+00, 3.1667E+00, 1.3333E-01,
18:34:02.94184517, 2.1867E+00, 3.1333E+00,-1.3333E-01,
18:34:02.94184522, 2.1867E+00, 3.2000E+00, 1.3333E-01,
18:34:02.94184527, 2.1867E+00, 3.1667E+00,-2.6667E-01,
18:34:02.94184532, 2.1867E+00, 3.1333E+00,-1.3333E-01,
18:34:02.94184537, 2.2000E+00, 3.1000E+00, 1.3333E-01,
18:34:02.94184542, 2.1733E+00, 3.2000E+00, 0.0000E+00,
18:34:02.94184547, 2.2000E+00, 3.1000E+00, 1.3333E-01,
18:34:02.94184552, 2.2133E+00, 3.1333E+00, 0.0000E+00,
18:34:02.94184557, 2.1600E+00, 3.1333E+00,-1.3333E-01,
18:34:02.94184562, 2.1733E+00, 3.1333E+00,-2.6667E-01,
18:34:02.94184567, 2.2000E+00, 3.1667E+00,-1.3333E-01,
18:34:02.94184572, 2.2133E+00, 3.2000E+00, 2.6667E-01,
18:34:02.94184577, 2.1867E+00, 3.1667E+00, 0.0000E+00,
18:34:02.94184582, 2.1733E+00, 3.1333E+00, 1.3333E-01,
18:34:02.94184587, 2.2133E+00, 3.1333E+00, 0.0000E+00,
18:34:02.94184592, 2.1600E+00, 3.2000E+00, 2.6667E-01,
18:34:02.94184597, 2.1867E+00, 3.1000E+00, 0.0000E+00,
18:34:02.94184602, 2.2000E+00, 3.1000E+00, 1.3333E-01,
18:34:02.94184607, 2.1867E+00, 3.2000E+00, 2.6667E-01,
18:34:02.94184612, 2.2133E+00, 3.2333E+00, 1.3333E-01,
18:34:02.94184617, 2.2000E+00, 3.1333E+00,-1.3333E-01,
18:34:02.94184622, 2.1600E+00, 3.1333E+00, 0.0000E+00,
18:34:02.94184627, 2.2133E+00, 3.1667E+00, 1.3333E-01,
18:34:02.94184632, 2.1867E+00, 3.1333E+00, 1.3333E-01,
18:34:02.94184637, 2.1733E+00, 3.1333E+00, 4.0000E-01,
18:34:02.94184642, 2.2000E+00, 3.1000E+00, 2.6667E-01,
18:34:02.94184647, 2.2133E+00, 3.1667E+00, 1.3333E-01,
18:34:02.94184652, 2.2000E+00, 3.1667E+00,-1.3333E-01,
18:34:02.94184657, 2.1867E+00, 3.0667E+00,-1.3333E-01,
18:34:02.94184662, 2.2000E+00, 3.1667E+00,-1.3333E-01,
18:34:02.94184667, 2.2400E+00, 3.1333E+00,-1.3333E-01,
18:34:02.94184672, 2.2400E+00, 3.1000E+00, 0.0000E+00,
18:34:02.94184677, 2.1867E+00, 3.2000E+00, 2.6667E-01,
18:34:02.94184682, 2.2000E+00, 3.1333E+00, 1.3333E-01,
18:34:02.94184687, 2.2133E+00, 3.2333E+00, 0.0000E+00,
18:34:02.94184692, 2.2267E+00, 3.1333E+00, 0.0000E+00,
18:34:02.94184697, 2.2000E+00, 3.1000E+00, 1.3333E-01,
18:34:02.94184702, 2.1733E+00, 3.1667E+00, 4.0000E-01,
18:34:02.94184707, 2.1600E+00, 3.1667E+00, 1.3333E-01,
18:34:02.94184712, 2.1867E+00, 3.1000E+00,-1.3333E-01,
18:34:02.94184717, 2.2267E+00, 3.1333E+00, 4.0000E-01,
18:34:02.94184722, 2.1867E+00, 3.1333E+00, 1.3333E-01,
18:34:02.94184727, 2.2133E+00, 3.1667E+00, 0.0000E+00,
18:34:02.94184732, 2.1867E+00, 3.2000E+00,-2.6667E-01,
18:34:02.94184737, 2.2133E+00, 3.1667E+00, 2.6667E-01,
18:34:02.94184742, 2.1867E+00, 3.1333E+00, 0.0000E+00,
18:34:02.94184747, 2.1867E+00, 3.0667E+00, 2.6667E-01,
18:34:02.94184752, 2.1867E+00, 3.1333E+00, 0.0000E+00,
18:34:02.94184757, 2.2000E+00, 3.1333E+00,-1.3333E-01,
18:34:02.94184762, 2.2133E+00, 3.1667E+00,-2.6667E-01,
18:34:02.94184767, 2.1600E+00, 3.1667E+00, 4.0000E-01,
18:34:02.94184772, 2.2133E+00, 3.1333E+00, 4.0000E-01,
18:34:02.94184777, 2.2000E+00, 3.1333E+00,-1.3333E-01,
18:34:02.94184782, 2.1867E+00, 3.1667E+00,-1.3333E-01,
18:34:02.94184787, 2.1867E+00, 3.1000E+00, 2.6667E-01,
18:34:02.94184792, 2.2133E+00, 3.1667E+00, 1.3333E-01,
18:34:02.94184797, 2.2000E+00, 3.2333E+00, 0.0000E+00,
18:34:02.94184802, 2.2000E+00, 3.1000E+00, 2.6667E-01,
18:34:02.94184807, 2.1867E+00, 3.1667E+00, 0.0000E+00,
18:34:02.94184812, 2.2533E+00, 3.0667E+00, 4.0000E-01,
18:34:02.94184817, 2.2133E+00, 3.1667E+00, 2.6667E-01,
18:34:02.94184822, 2.2133E+00, 3.1333E+00, 1.3333E-01,
18:34:02.94184827, 2.2133E+00, 3.0667E+00, 5.3333E-01,
18:34:02.94184832, 2.2133E+00, 3.2000E+00, 5.3333E-01,
18:34:02.94184837, 2.2000E+00, 3.1000E+00, 1.3333E-01,
18:34:02.94184842, 2.2133E+00, 3.1000E+00, 0.0000E+00,
18:34:02.94184847, 2.2267E+00, 3.1000E+00, 0.0000E+00,
18:34:02.94184852, 2.1867E+00, 3.1000E+00, 0.0000E+00,
18:34:02.94184857, 2.2000E+00, 3.1333E+00, 1.3333E-01,
18:34:02.94184862, 2.2000E+00, 3.1667E+00, 1.3333E-01,
18:34:02.94184867, 2.2000E+00, 3.1667E+00,-2.6667E-01,
18:34:02.94184872, 2.2133E+00, 3.1667E+00,-1.3333E-01,
18:34:02.94184877, 2.2000E+00, 3.1333E+00, 1.3333E-01,
18:34:02.94184882, 2.2267E+00, 3.1667E+00, 1.3333E-01,
18:34:02.94184887, 2.2400E+00, 3.1333E+00, 2.6667E-01,
18:34:02.94184892, 2.2267E+00, 3.0667E+00, 4.0000E-01,
18:34:02.94184897, 2.2267E+00, 3.1667E+00,-1.3333E-01,
18:34:02.94184902, 2.2000E+00, 3.1000E+00, 0.0000E+00,
18:34:02.94184907, 2.2267E+00, 3.1333E+00, 5.3333E-01,
18:34:02.94184912, 2.2133E+00, 3.1333E+00, 2.6667E-01,
18:34:02.94184917, 2.2000E+00, 3.0667E+00, 1.3333E-01,
18:34:02.94184922, 2.2133E+00, 3.1333E+00, 0.0000E+00,
18:34:02.94184927, 2.2400E+00, 3.0667E+00, 1.3333E-01,
18:34:02.94184932, 2.2000E+00, 3.1000E+00, 0.0000E+00,
18:34:02.94184937, 2.2133E+00, 3.2000E+00, 1.3333E-01,
18:34:02.94184942, 2.1867E+00, 3.1667E+00, 4.0000E-01,
18:34:02.94184947, 2.2133E+00, 3.1333E+00, 0.0000E+00,
18:34:02.94184952, 2.2267E+00, 3.1000E+00, 0.0000E+00,
18:34:02.94184957, 2.1867E+00, 3.1000E+00, 2.6667E-01,
18:34:02.94184962, 2.1867E+00, 3.0667E+00, 0.0000E+00,
18:34:02.94184967, 2.1867E+00, 3.1667E+00, 0.0000E+00,
18:34:02.94184972, 2.2400E+00, 3.1333E+00, 0.0000E+00,
18:34:02.94184977, 2.2133E+00, 3.1333E+00, 0.0000E+00,
18:34:02.94184982, 2.2133E+00, 3.1000E+00, 1.3333E-01,
18:34:02.94184987, 2.2000E+00, 3.2000E+00, 4.0000E-01,
18:34:02.94184992, 2.1867E+00, 3.1667E+00, 2.6667E-01,
18:34:02.94184997, 2.2000E+00, 3.1333E+00,-1.3333E-01,
18:34:02.94185002, 2.1733E+00, 3.1333E+00,-2.6667E-01,
18:34:02.94185007, 2.1733E+00, 3.1667E+00, 0.0000E+00,
18:34:02.94185012, 2.2133E+00, 3.1000E+00, 0.0000E+00,
18:34:02.94185017, 2.2400E+00, 3.1000E+00, 1.3333E-01,
18:34:02.94185022, 2.2400E+00, 3.1000E+00, 0.0000E+00,
18:34:02.94185027, 2.2133E+00, 3.1667E+00, 1.3333E-01,
18:34:02.94185032, 2.2133E+00, 3.1000E+00, 1.3333E-01,
18:34:02.94185037, 2.1733E+00, 3.0667E+00, 1.3333E-01,
18:34:02.94185042, 2.1867E+00, 3.1000E+00, 2.6667E-01,
18:34:02.94185047, 2.2000E+00, 3.1000E+00, 1.3333E-01,
18:34:02.94185052, 2.2133E+00, 3.1667E+00, 1.3333E-01,
18:34:02.94185057, 2.2400E+00, 3.1333E+00, 0.0000E+00,
18:34:02.94185062, 2.2000E+00, 3.1000E+00, 2.6667E-01,
18:34:02.94185067, 2.2000E+00, 3.2000E+00, 4.0000E-01,
18:34:02.94185072, 2.2133E+00, 3.2333E+00, 4.0000E-01,
18:34:02.94185077, 2.2000E+00, 3.1667E+00, 4.0000E-01,
18:34:02.94185082, 2.2267E+00, 3.1000E+00, 2.6667E-01,
18:34:02.94185087, 2.2000E+00, 3.1000E+00, 0.0000E+00,
18:34:02.94185092, 2.1867E+00, 3.2333E+00, 1.3333E-01,
18:34:02.94185097, 2.2133E+00, 3.1333E+00,-1.3333E-01,
18:34:02.94185102, 2.2267E+00, 3.1000E+00, 0.0000E+00,
18:34:02.94185107, 2.2000E+00, 3.1667E+00, 1.3333E-01,
18:34:02.94185112, 2.2133E+00, 3.1000E+00,-1.3333E-01,
18:34:02.94185117, 2.2267E+00, 3.2000E+00, 0.0000E+00,
18:34:02.94185122, 2.1333E+00, 3.2333E+00, 1.3333E-01,
18:34:02.94185127, 1.2533E+00, 3.1667E+00,-1.3333E-01,
18:34:02.94185132, 7.2000E-01, 3.2667E+00, 2.6667E-01,
18:34:02.94185137, 6.0000E-01, 3.1000E+00, 5.3333E-01,
18:34:02.94185142, 5.4667E-01, 3.1000E+00, 4.0000E-01,
18:34:02.94185147, 5.8667E-01, 3.1000E+00, 4.0000E-01,
18:34:02.94185152, 5.8667E-01, 3.0667E+00, 1.3333E-01,
18:34:02.94185157, 5.4667E-01, 3.1000E+00, 2.6667E-01,
18:34:02.94185162, 6.0000E-01, 3.1000E+00, 4.0000E-01,
18:34:02.94185167, 6.0000E-01, 3.1333E+00,-1.3333E-01,
18:34:02.94185172, 5.6000E-01, 3.1333E+00, 2.6667E-01,
18:34:02.94185177, 5.8667E-01, 3.1667E+00, 1.3333E-01,
18:34:02.94185182, 5.3333E-01, 3.1000E+00, 2.6667E-01,
18:34:02.94185187, 5.3333E-01, 3.1000E+00, 0.0000E+00,
18:34:02.94185192, 5.6000E-01, 3.1667E+00, 2.6667E-01,
18:34:02.94185197, 5.4667E-01, 3.1667E+00, 2.6667E-01,
18:34:02.94185202, 5.4667E-01, 3.2000E+00, 2.6667E-01,
18:34:02.94185207, 5.4667E-01, 3.1667E+00, 5.3333E-01,
18:34:02.94185212, 5.3333E-01, 3.1333E+00,-1.3333E-01,
18:34:02.94185217, 5.6000E-01, 3.1000E+00, 0.0000E+00,
18:34:02.94185222, 5.6000E-01, 3.2000E+00, 2.6667E-01,
18:34:02.94185227, 5.3333E-01, 3.1667E+00, 1.3333E-01,
18:34:02.94185232, 5.2000E-01, 3.1667E+00, 0.0000E+00,
18:34:02.94185237, 5.2000E-01, 3.1333E+00, 0.0000E+00,
18:34:02.94185242, 5.4667E-01, 3.1667E+00,-2.6667E-01,
18:34:02.94185247, 5.3333E-01, 3.1000E+00, 0.0000E+00,
18:34:02.94185252, 5.4667E-01, 3.0667E+00, 0.0000E+00,
18:34:02.94185257, 5.2000E-01, 3.1667E+00, 0.0000E+00,
18:34:02.94185262, 5.3333E-01, 3.1333E+00, 1.3333E-01,
18:34:02.94185267, 5.2000E-01, 3.2000E+00, 1.3333E-01,
18:34:02.94185272, 5.3333E-01, 3.1333E+00, 2.6667E-01,
18:34:02.94185277, 5.2000E-01, 3.0667E+00, 2.6667E-01,
18:34:02.94185282, 5.2000E-01, 3.1333E+00, 0.0000E+00,
18:34:02.94185287, 5.2000E-01, 3.1333E+00, 1.3333E-01,
18:34:02.94185292, 5.2000E-01, 3.1000E+00, 0.0000E+00,
18:34:02.94185297, 5.2000E-01, 3.1000E+00, 0.0000E+00,
18:34:02.94185302, 5.0667E-01, 3.1333E+00, 0.0000E+00,
18:34:02.94185307, 5.3333E-01, 3.1333E+00, 1.3333E-01,
18:34:02.94185312, 5.2000E-01, 3.1333E+00, 2.6667E-01,
18:34:02.94185317, 5.2000E-01, 3.2000E+00, 1.3333E-01,
18:34:02.94185322, 5.2000E-01, 3.1667E+00, 1.3333E-01,
18:34:02.94185327, 5.0667E-01, 3.1000E+00, 1.3333E-01,
18:34:02.94185332, 4.8000E-01, 3.1000E+00, 4.0000E-01,
18:34:02.94185337, 4.9333E-01, 3.2000E+00, 1.3333E-01,
18:34:02.94185342, 5.2000E-01, 3.1000E+00, 1.3333E-01,
18:34:02.94185347, 4.9333E-01, 3.1667E+00, 1.3333E-01,
18:34:02.94185352, 5.2000E-01, 3.1333E+00, 0.0000E+00,
18:34:02.94185357, 5.2000E-01, 3.1000E+00, 2.6667E-01,
18:34:02.94185362, 4.9333E-01, 3.1000E+00, 0.0000E+00,
18:34:02.94185367, 5.0667E-01, 3.1667E+00, 1.3333E-01,
18:34:02.94185372, 4.8000E-01, 3.2000E+00, 2.6667E-01,
18:34:02.94185377, 5.0667E-01, 3.1667E+00, 4.0000E-01,
18:34:02.94185382, 5.0667E-01, 3.1333E+00, 0.0000E+00,
18:34:02.94185387, 4.8000E-01, 3.0667E+00, 1.3333E-01,
18:34:02.94185392, 5.0667E-01, 3.0667E+00,-1.3333E-01,
18:34:02.94185397, 5.0667E-01, 3.0667E+00, 1.3333E-01,
18:34:02.94185402, 4.9333E-01, 3.1333E+00, 0.0000E+00,
18:34:02.94185407, 5.2000E-01, 3.0667E+00, 0.0000E+00,
18:34:02.94185412, 5.0667E-01, 3.1000E+00,-1.3333E-01,
18:34:02.94185417, 5.2000E-01, 3.1000E+00, 0.0000E+00,
18:34:02.94185422, 5.0667E-01, 3.1667E+00, 4.0000E-01,
18:34:02.94185427, 5.0667E-01, 3.1667E+00, 0.0000E+00,
18:34:02.94185432, 4.9333E-01, 3.1000E+00, 0.0000E+00,
18:34:02.94185437, 4.8000E-01, 3.1000E+00, 0.0000E+00,
18:34:02.94185442, 5.0667E-01, 3.1667E+00, 1.3333E-01,
18:34:02.94185447, 5.0667E-01, 3.1667E+00, 1.3333E-01,
18:34:02.94185452, 5.0667E-01, 3.1333E+00, 1.3333E-01,
18:34:02.94185457, 4.9333E-01, 3.2333E+00,-1.3333E-01,
18:34:02.94185462, 4.8000E-01, 3.1000E+00, 4.0000E-01,
18:34:02.94185467, 5.0667E-01, 3.1333E+00, 0.0000E+00,
18:34:02.94185472, 4.6667E-01, 3.1000E+00, 2.6667E-01,
18:34:02.94185477, 4.9333E-01, 3.1000E+00,-1.3333E-01,
18:34:02.94185482, 4.8000E-01, 3.1333E+00, 0.0000E+00,
18:34:02.94185487, 5.2000E-01, 3.1667E+00,-2.6667E-01,
18:34:02.94185492, 5.0667E-01, 3.1667E+00, 0.0000E+00,
18:34:02.94185497, 4.8000E-01, 3.1333E+00, 1.3333E-01,
18:34:02.94185502, 4.9333E-01, 3.0667E+00,-1.3333E-01,
18:34:02.94185507, 5.0667E-01, 3.1333E+00, 1.3333E-01,
18:34:02.94185512, 4.9333E-01, 3.2000E+00, 1.3333E-01,
18:34:02.94185517, 4.8000E-01, 3.2000E+00, 1.3333E-01,
18:34:02.94185522, 4.8000E-01, 3.2000E+00, 2.6667E-01,
18:34:02.94185527, 4.8000E-01, 3.1000E+00, 1.3333E-01,
18:34:02.94185532, 4.6667E-01, 3.2000E+00,-2.6667E-01,
18:34:02.94185537, 4.8000E-01, 3.1667E+00,-2.6667E-01,
18:34:02.94185542, 4.5333E-01, 3.1000E+00,-1.3333E-01,
18:34:02.94185547, 4.8000E-01, 3.1333E+00, 1.3333E-01,
18:34:02.94185552, 4.6667E-01, 3.1333E+00,-4.0000E-01,
18:34:02.94185557, 4.6667E-01, 3.1333E+00, 1.3333E-01,
18:34:02.94185562, 4.8000E-01, 3.1667E+00,-1.3333E-01,
18:34:02.94185567, 4.4000E-01, 3.1000E+00,-1.3333E-01,
18:34:02.94185572, 4.5333E-01, 3.1667E+00, 1.3333E-01,
18:34:02.94185577, 4.5333E-01, 3.2000E+00,-1.3333E-01,
18:34:02.94185582, 4.5333E-01, 3.1333E+00, 0.0000E+00,
18:34:02.94185587, 4.5333E-01, 3.1000E+00,-2.6667E-01,
18:34:02.94185592, 4.4000E-01, 3.1667E+00, 2.6667E-01,
18:34:02.94185597, 4.6667E-01, 3.1667E+00, 1.3333E-01,
18:34:02.94185602, 4.8000E-01, 3.1333E+00,-2.6667E-01,
18:34:02.94185607, 4.2667E-01, 3.1333E+00, 0.0000E+00,
18:34:02.94185612, 4.6667E-01, 3.1000E+00, 0.0000E+00,
18:34:02.94185617, 4.5333E-01, 3.1333E+00, 0.0000E+00,
18:34:02.94185622, 4.2667E-01, 3.1000E+00, 2.6667E-01,
18:34:02.94185627, 4.6667E-01, 3.2333E+00,-2.6667E-01,
18:34:02.94185632, 4.8000E-01, 3.1667E+00,-1.3333E-01,
18:34:02.94185637, 4.4000E-01, 3.0667E+00, 1.3333E-01,
18:34:02.94185642, 4.8000E-01, 3.1333E+00, 2.6667E-01,
18:34:02.94185647, 4.8000E-01, 3.1667E+00, 1.3333E-01,
18:34:02.94185652, 4.6667E-01, 3.2000E+00, 0.0000E+00,
18:34:02.94185657, 4.6667E-01, 3.1667E+00, 4.0000E-01,
18:34:02.94185662, 4.5333E-01, 3.2333E+00, 1.3333E-01,
18:34:02.94185667, 4.4000E-01, 3.1333E+00, 1.3333E-01,
18:34:02.94185672, 4.5333E-01, 3.2000E+00, 2.6667E-01,
18:34:02.94185677, 4.5333E-01, 3.1333E+00,-1.3333E-01,
18:34:02.94185682, 4.4000E-01, 3.2000E+00, 0.0000E+00,
18:34:02.94185687, 4.2667E-01, 3.2333E+00, 1.3333E-01,
18:34:02.94185692, 4.5333E-01, 3.2000E+00,-1.3333E-01,
18:34:02.94185697, 4.8000E-01, 3.1667E+00,-1.3333E-01,
18:34:02.94185702, 4.5333E-01, 3.1667E+00, 1.3333E-01,
18:34:02.94185707, 4.2667E-01, 3.1667E+00, 2.6667E-01,
18:34:02.94185712, 4.2667E-01, 3.1667E+00, 1.3333E-01,
18:34:02.94185717, 4.4000E-01, 3.1667E+00, 1.3333E-01,
18:34:02.94185722, 4.4000E-01, 3.1667E+00, 1.3333E-01,
18:34:02.94185727, 4.1333E-01, 3.1333E+00,-1.3333E-01,
18:34:02.94185732, 4.5333E-01, 3.1000E+00, 0.0000E+00,
18:34:02.94185737, 4.4000E-01, 3.1333E+00, 2.6667E-01,
18:34:02.94185742, 4.1333E-01, 3.1333E+00, 0.0000E+00,
18:34:02.94185747, 4.2667E-01, 3.2000E+00, 1.3333E-01,
18:34:02.94185752, 3.8667E-01, 3.1000E+00, 2.6667E-01,
18:34:02.94185757, 4.2667E-01, 3.1000E+00,-1.3333E-01,
18:34:02.94185762, 4.2667E-01, 3.1667E+00,-1.3333E-01,
18:34:02.94185767, 4.2667E-01, 3.1667E+00, 1.3333E-01,
18:34:02.94185772, 4.4000E-01, 3.0667E+00, 4.0000E-01,
18:34:02.94185777, 4.2667E-01, 3.1667E+00,-1.3333E-01,
18:34:02.94185782, 4.1333E-01, 3.1333E+00,-2.6667E-01,
18:34:02.94185787, 4.8000E-01, 3.1333E+00,-2.6667E-01,
18:34:02.94185792, 4.8000E-01, 3.1333E+00, 1.3333E-01,
18:34:02.94185797, 4.4000E-01, 3.1333E+00, 1.3333E-01,
18:34:02.94185802, 4.2667E-01, 3.2333E+00,-2.6667E-01,
18:34:02.94185807, 4.1333E-01, 3.1667E+00,-4.0000E-01,
18:34:02.94185812, 4.1333E-01, 3.1333E+00, 1.3333E-01,
18:34:02.94185817, 4.1333E-01, 3.1667E+00,-1.3333E-01,
18:34:02.94185822, 4.2667E-01, 3.1333E+00, 0.0000E+00,
18:34:02.94185827, 4.1333E-01, 3.1000E+00, 1.3333E-01,
18:34:02.94185832, 4.1333E-01, 3.1667E+00, 0.0000E+00,
18:34:02.94185837, 4.2667E-01, 3.1333E+00, 0.0000E+00,
18:34:02.94185842, 4.4000E-01, 3.1667E+00, 0.0000E+00,
18:34:02.94185847, 4.2667E-01, 3.1333E+00, 2.6667E-01,
18:34:02.94185852, 4.4000E-01, 3.1667E+00,-1.3333E-01,
18:34:02.94185857, 4.1333E-01, 3.1333E+00, 2.6667E-01,
18:34:02.94185862, 4.2667E-01, 3.1667E+00, 2.6667E-01,
18:34:02.94185867, 4.1333E-01, 3.1667E+00,-1.3333E-01,
18:34:02.94185872, 4.0000E-01, 3.1333E+00, 0.0000E+00,
18:34:02.94185877, 4.2667E-01, 3.1333E+00,-1.3333E-01,
18:34:02.94185882, 4.2667E-01, 3.1333E+00,-1.3333E-01,
18:34:02.94185887, 3.8667E-01, 3.2000E+00,-1.3333E-01,
18:34:02.94185892, 4.4000E-01, 3.2333E+00, 1.3333E-01,
18:34:02.94185897, 4.8000E-01, 3.1667E+00, 1.3333E-01,
18:34:02.94185902, 3.7333E-01, 3.1333E+00,-1.3333E-01,
18:34:02.94185907, 3.7333E-01, 3.2000E+00,-1.3333E-01,
18:34:02.94185912, 4.0000E-01, 3.1667E+00,-1.3333E-01,
18:34:02.94185917, 4.2667E-01, 3.2333E+00, 0.0000E+00,
18:34:02.94185922, 4.1333E-01, 3.1667E+00, 1.3333E-01,
18:34:02.94185927, 4.4000E-01, 3.1000E+00,-1.3333E-01,
18:34:02.94185932, 4.1333E-01, 3.1333E+00, 1.3333E-01,
18:34:02.94185937, 4.4000E-01, 3.1000E+00,-1.3333E-01,
18:34:02.94185942, 4.2667E-01, 3.1333E+00, 0.0000E+00,
18:34:02.94185947, 3.8667E-01, 3.1333E+00,-2.6667E-01,
18:34:02.94185952, 3.7333E-01, 3.1000E+00, 0.0000E+00,
18:34:02.94185957, 4.2667E-01, 3.1667E+00, 0.0000E+00,
18:34:02.94185962, 3.7333E-01, 3.1667E+00,-1.3333E-01,
18:34:02.94185967, 3.8667E-01, 3.1667E+00,-2.6667E-01,
18:34:02.94185972, 3.8667E-01, 3.0667E+00,-4.0000E-01,
18:34:02.94185977, 3.7333E-01, 3.1333E+00, 0.0000E+00,
18:34:02.94185982, 4.0000E-01, 3.1333E+00,-4.0000E-01,
18:34:02.94185987, 4.1333E-01, 3.1667E+00, 1.3333E-01,
18:34:02.94185992, 3.7333E-01, 3.2000E+00, 1.3333E-01,
18:34:02.94185997, 4.0000E-01, 3.1333E+00, 0.0000E+00,
18:34:02.94186002, 3.7333E-01, 3.1333E+00, 0.0000E+00,
18:34:02.94186007, 3.7333E-01, 3.1667E+00, 0.0000E+00,
18:34:02.94186012, 3.8667E-01, 3.1333E+00, 0.0000E+00,
18:34:02.94186017, 3.8667E-01, 3.1333E+00,-1.3333E-01,
18:34:02.94186022, 4.1333E-01, 3.0667E+00,-1.3333E-01,
18:34:02.94186027, 3.7333E-01, 3.1333E+00, 0.0000E+00,
18:34:02.94186032, 4.0000E-01, 3.1000E+00,-1.3333E-01,
18:34:02.94186037, 3.7333E-01, 3.1333E+00,-2.6667E-01,
18:34:02.94186042, 4.0000E-01, 3.1667E+00,-1.3333E-01,
18:34:02.94186047, 3.7333E-01, 3.1000E+00, 0.0000E+00,
18:34:02.94186052, 3.8667E-01, 3.1667E+00, 0.0000E+00,
18:34:02.94186057, 3.7333E-01, 3.1667E+00, 0.0000E+00,
18:34:02.94186062, 3.7333E-01, 3.1000E+00,-1.3333E-01,
18:34:02.94186067, 3.7333E-01, 3.2333E+00,-2.6667E-01,
18:34:02.94186072, 4.1333E-01, 3.1333E+00, 0.0000E+00,
18:34:02.94186077, 3.7333E-01, 3.1333E+00, 1.3333E-01,
18:34:02.94186082, 3.7333E-01, 3.2333E+00, 0.0000E+00,
18:34:02.94186087, 4.2667E-01, 3.1333E+00, 0.0000E+00,
18:34:02.94186092, 3.8667E-01, 3.2000E+00,-1.3333E-01,
18:34:02.94186097, 3.7333E-01, 3.2333E+00, 0.0000E+00,
18:34:02.94186102, 3.7333E-01, 3.1000E+00, 1.3333E-01,
18:34:02.94186107, 3.7333E-01, 3.1333E+00, 0.0000E+00,
18:34:02.94186112, 3.7333E-01, 3.2333E+00, 0.0000E+00,
18:34:02.94186117, 3.7333E-01, 3.1333E+00,-1.3333E-01,
18:34:02.94186122, 4.2667E-01, 3.1000E+00,-1.3333E-01,
18:34:02.94186127, 3.7333E-01, 3.1333E+00,-1.3333E-01,
18:34:02.94186132, 3.8667E-01, 3.1333E+00, 0.0000E+00,
18:34:02.94186137, 3.7333E-01, 3.1000E+00,-2.6667E-01,
18:34:02.94186142, 3.6000E-01, 3.1000E+00,-1.3333E-01,
18:34:02.94186147, 3.7333E-01, 3.1333E+00,-1.3333E-01,
18:34:02.94186152, 3.7333E-01, 3.1333E+00,-2.6667E-01,
18:34:02.94186157, 3.8667E-01, 3.1333E+00,-4.0000E-01,
18:34:02.94186162, 3.7333E-01, 3.2333E+00, 0.0000E+00,
18:34:02.94186167, 3.8667E-01, 3.1667E+00,-2.6667E-01,
18:34:02.94186172, 3.7333E-01, 3.1333E+00, 1.3333E-01,
18:34:02.94186177, 3.6000E-01, 3.1667E+00,-2.6667E-01,
18:34:02.94186182, 3.8667E-01, 3.1667E+00,-1.3333E-01,
18:34:02.94186187, 3.7333E-01, 3.1667E+00, 1.3333E-01,
18:34:02.94186192, 3.3333E-01, 3.1333E+00, 1.3333E-01,
18:34:02.94186197, 3.7333E-01, 3.1667E+00,-1.3333E-01,
18:34:02.94186202, 4.0000E-01, 3.1333E+00, 1.3333E-01,
18:34:02.94186207, 3.6000E-01, 3.1000E+00,-2.6667E-01,
18:34:02.94186212, 3.7333E-01, 3.2333E+00,-4.0000E-01,
18:34:02.94186217, 3.7333E-01, 3.2000E+00,-2.6667E-01,
18:34:02.94186222, 3.7333E-01, 3.1000E+00,-4.0000E-01,
18:34:02.94186227, 3.7333E-01, 3.1667E+00,-1.3333E-01,
18:34:02.94186232, 3.6000E-01, 3.1667E+00,-2.6667E-01,
18:34:02.94186237, 3.7333E-01, 3.1333E+00,-2.6667E-01,
18:34:02.94186242, 3.4667E-01, 3.2333E+00,-2.6667E-01,
18:34:02.94186247, 3.7333E-01, 3.2000E+00, 0.0000E+00,
18:34:02.94186252, 3.7333E-01, 3.1667E+00, 0.0000E+00,
18:34:02.94186257, 3.7333E-01, 3.1333E+00, 0.0000E+00,
18:34:02.94186262, 3.7333E-01, 3.1333E+00,-1.3333E-01,
18:34:02.94186267, 3.7333E-01, 3.1000E+00,-1.3333E-01,
18:34:02.94186272, 3.7333E-01, 3.1000E+00,-1.3333E-01,
18:34:02.94186277, 3.4667E-01, 3.2000E+00,-1.3333E-01,
18:34:02.94186282, 3.3333E-01, 3.1667E+00,-2.6667E-01,
18:34:02.94186287, 3.4667E-01, 3.1333E+00, 0.0000E+00,
18:34:02.94186292, 3.3333E-01, 3.1333E+00,-2.6667E-01,
18:34:02.94186297, 3.6000E-01, 3.1333E+00, 0.0000E+00,
18:34:02.94186302, 3.4667E-01, 3.1000E+00,-1.3333E-01,
18:34:02.94186307, 3.4667E-01, 3.1667E+00, 1.3333E-01,
18:34:02.94186312, 3.4667E-01, 3.1333E+00, 0.0000E+00,
18:34:02.94186317, 3.4667E-01, 3.2000E+00,-2.6667E-01,
18:34:02.94186322, 3.7333E-01, 3.1333E+00, 0.0000E+00,
18:34:02.94186327, 3.4667E-01, 3.1000E+00,-1.3333E-01,
18:34:02.94186332, 3.3333E-01, 3.2000E+00,-2.6667E-01,
18:34:02.94186337, 3.6000E-01, 3.1333E+00, 1.3333E-01,
18:34:02.94186342, 3.7333E-01, 3.0667E+00, 1.3333E-01,
18:34:02.94186347, 3.0667E-01, 3.1667E+00, 0.0000E+00,
18:34:02.94186352, 3.4667E-01, 3.1000E+00, 0.0000E+00,
18:34:02.94186357, 3.6000E-01, 3.2000E+00,-2.6667E-01,
18:34:02.94186362, 3.8667E-01, 3.1333E+00, 0.0000E+00,
18:34:02.94186367, 3.4667E-01, 3.1333E+00, 1.3333E-01,
18:34:02.94186372, 3.4667E-01, 3.1333E+00, 0.0000E+00,
18:34:02.94186377, 3.4667E-01, 3.2000E+00, 0.0000E+00,
18:34:02.94186382, 3.6000E-01, 3.1333E+00,-2.6667E-01,
18:34:02.94186387, 3.6000E-01, 3.1000E+00, 1.3333E-01,
18:34:02.94186392, 3.4667E-01, 3.1333E+00, 2.6667E-01,
18:34:02.94186397, 3.2000E-01, 3.1000E+00, 0.0000E+00,
18:34:02.94186402, 3.4667E-01, 3.1000E+00, 2.6667E-01,
18:34:02.94186407, 3.4667E-01, 3.1667E+00, 1.3333E-01,
18:34:02.94186412, 3.4667E-01, 3.1667E+00,-1.3333E-01,
18:34:02.94186417, 3.3333E-01, 3.1333E+00,-2.6667E-01,
18:34:02.94186422, 3.6000E-01, 3.1333E+00,-5.3333E-01,
18:34:02.94186427, 3.3333E-01, 3.1333E+00, 1.3333E-01,
18:34:02.94186432, 3.6000E-01, 3.1000E+00, 0.0000E+00,
18:34:02.94186437, 3.3333E-01, 3.1333E+00, 0.0000E+00,
18:34:02.94186442, 3.4667E-01, 3.1667E+00, 0.0000E+00,
18:34:02.94186447, 3.3333E-01, 3.1333E+00,-1.3333E-01,
18:34:02.94186452, 3.2000E-01, 3.2000E+00, 0.0000E+00,
18:34:02.94186457, 3.4667E-01, 3.1333E+00,-1.3333E-01,
18:34:02.94186462, 3.6000E-01, 3.1667E+00,-2.6667E-01,
18:34:02.94186467, 3.4667E-01, 3.0333E+00,-1.3333E-01,
18:34:02.94186472, 3.7333E-01, 3.1667E+00,-2.6667E-01,
18:34:02.94186477, 3.4667E-01, 3.0667E+00, 0.0000E+00,
18:34:02.94186482, 3.0667E-01, 3.1333E+00,-1.3333E-01,
18:34:02.94186487, 2.9333E-01, 3.1667E+00,-1.3333E-01,
18:34:02.94186492, 3.2000E-01, 3.1667E+00, 1.3333E-01,
18:34:02.94186497, 3.6000E-01, 3.1333E+00,-1.3333E-01,
18:34:02.94186502, 3.2000E-01, 3.1667E+00, 0.0000E+00,
18:34:02.94186507, 3.2000E-01, 3.1667E+00, 0.0000E+00,
18:34:02.94186512, 3.2000E-01, 3.1333E+00, 0.0000E+00,
18:34:02.94186517, 3.4667E-01, 3.1333E+00, 0.0000E+00,
18:34:02.94186522, 3.4667E-01, 3.1000E+00,-2.6667E-01,
18:34:02.94186527, 3.0667E-01, 3.2000E+00, 0.0000E+00,
18:34:02.94186532, 3.2000E-01, 3.1667E+00,-4.0000E-01,
18:34:02.94186537, 3.4667E-01, 3.1333E+00, 4.0000E-01,
18:34:02.94186542, 3.2000E-01, 3.2333E+00,-1.3333E-01,
18:34:02.94186547, 3.2000E-01, 3.1667E+00,-1.3333E-01,
18:34:02.94186552, 3.0667E-01, 3.2333E+00,-2.6667E-01,
18:34:02.94186557, 3.4667E-01, 3.1667E+00, 1.3333E-01,
18:34:02.94186562, 3.3333E-01, 3.2000E+00,-1.3333E-01,
18:34:02.94186567, 3.4667E-01, 3.1667E+00,-1.3333E-01,
18:34:02.94186572, 3.0667E-01, 3.0667E+00,-4.0000E-01,
18:34:02.94186577, 2.9333E-01, 3.1333E+00,-1.3333E-01,
18:34:02.94186582, 2.9333E-01, 3.1333E+00,-2.6667E-01,
18:34:02.94186587, 3.2000E-01, 3.1333E+00,-2.6667E-01,
18:34:02.94186592, 3.2000E-01, 3.1333E+00, 1.3333E-01,
18:34:02.94186597, 3.2000E-01, 3.0667E+00, 1.3333E-01,
18:34:02.94186602, 3.2000E-01, 3.1333E+00, 1.3333E-01,
18:34:02.94186607, 3.2000E-01, 3.1333E+00,-2.6667E-01,
18:34:02.94186612, 3.4667E-01, 3.0667E+00, 0.0000E+00,
18:34:02.94186617, 3.3333E-01, 3.1333E+00,-4.0000E-01,
18:34:02.94186622, 2.9333E-01, 3.1333E+00,-1.3333E-01,
18:34:02.94186627, 3.2000E-01, 3.1333E+00,-1.3333E-01,
18:34:02.94186632, 3.2000E-01, 3.1000E+00,-1.3333E-01,
18:34:02.94186637, 3.2000E-01, 3.0667E+00, 0.0000E+00,
18:34:02.94186642, 3.2000E-01, 3.1333E+00, 2.6667E-01,
18:34:02.94186647, 3.3333E-01, 3.1000E+00,-2.6667E-01,
18:34:02.94186652, 3.3333E-01, 3.1667E+00, 1.3333E-01,
18:34:02.94186657, 3.4667E-01, 3.1333E+00,-4.0000E-01,
18:34:02.94186662, 3.0667E-01, 3.1333E+00,-1.3333E-01,
18:34:02.94186667, 2.6667E-01, 3.1333E+00, 1.3333E-01,
18:34:02.94186672, 3.4667E-01, 3.1667E+00,-1.3333E-01,
18:34:02.94186677, 2.6667E-01, 3.1667E+00,-4.0000E-01,
18:34:02.94186682, 3.4667E-01, 3.0667E+00, 0.0000E+00,
18:34:02.94186687, 3.2000E-01, 3.1667E+00, 1.3333E-01,
18:34:02.94186692, 2.9333E-01, 3.1333E+00,-2.6667E-01,
18:34:02.94186697, 3.4667E-01, 3.1000E+00,-1.3333E-01,
18:34:02.94186702, 3.4667E-01, 3.2000E+00,-1.3333E-01,
18:34:02.94186707, 3.3333E-01, 3.0333E+00,-2.6667E-01,
18:34:02.94186712, 3.3333E-01, 3.1333E+00,-1.3333E-01,
18:34:02.94186717, 2.6667E-01, 3.1333E+00,-5.3333E-01,
18:34:02.94186722, 2.9333E-01, 3.1667E+00, 0.0000E+00,
18:34:02.94186727, 2.9333E-01, 3.1333E+00,-2.6667E-01,
18:34:02.94186732, 3.3333E-01, 3.1667E+00,-2.6667E-01,
18:34:02.94186737, 3.0667E-01, 3.0667E+00,-2.6667E-01,
18:34:02.94186742, 3.0667E-01, 3.1000E+00, 0.0000E+00,
18:34:02.94186747, 3.2000E-01, 3.1667E+00,-1.3333E-01,
18:34:02.94186752, 3.0667E-01, 3.1667E+00,-4.0000E-01,
18:34:02.94186757, 3.2000E-01, 3.0667E+00,-5.3333E-01,
18:34:02.94186762, 3.2000E-01, 3.1333E+00,-2.6667E-01,
18:34:02.94186767, 3.0667E-01, 3.1000E+00, 0.0000E+00,
18:34:02.94186772, 2.6667E-01, 3.1667E+00,-2.6667E-01,
18:34:02.94186777, 2.9333E-01, 3.1667E+00,-2.6667E-01,
18:34:02.94186782, 2.9333E-01, 3.1333E+00,-1.3333E-01,
18:34:02.94186787, 3.4667E-01, 3.1667E+00,-1.3333E-01,
18:34:02.94186792, 2.9333E-01, 3.0667E+00,-1.3333E-01,
18:34:02.94186797, 3.4667E-01, 3.2333E+00, 0.0000E+00,
18:34:02.94186802, 3.0667E-01, 3.1333E+00,-1.3333E-01,
18:34:02.94186807, 3.2000E-01, 3.0667E+00, 1.3333E-01,
18:34:02.94186812, 3.2000E-01, 3.1000E+00, 2.6667E-01,
18:34:02.94186817, 2.9333E-01, 3.1333E+00, 1.3333E-01,
18:34:02.94186822, 2.9333E-01, 3.2000E+00, 1.3333E-01,
18:34:02.94186827, 2.9333E-01, 3.2000E+00,-4.0000E-01,
18:34:02.94186832, 2.9333E-01, 3.1000E+00,-1.3333E-01,
18:34:02.94186837, 3.0667E-01, 3.1667E+00, 0.0000E+00,
18:34:02.94186842, 2.8000E-01, 3.0667E+00, 0.0000E+00,
18:34:02.94186847, 3.2000E-01, 3.2333E+00,-2.6667E-01,
18:34:02.94186852, 3.0667E-01, 3.2333E+00,-2.6667E-01,
18:34:02.94186857, 2.9333E-01, 3.1667E+00, 2.6667E-01,
18:34:02.94186862, 2.8000E-01, 3.1333E+00, 0.0000E+00,
18:34:02.94186867, 2.9333E-01, 3.1333E+00,-1.3333E-01,
18:34:02.94186872, 3.0667E-01, 3.1667E+00,-1.3333E-01,
18:34:02.94186877, 2.8000E-01, 3.2000E+00, 2.6667E-01,
18:34:02.94186882, 2.9333E-01, 3.2000E+00, 1.3333E-01,
18:34:02.94186887, 3.0667E-01, 3.1667E+00,-2.6667E-01,
18:34:02.94186892, 2.9333E-01, 3.1333E+00,-1.3333E-01,
18:34:02.94186897, 2.9333E-01, 3.1000E+00, 0.0000E+00,
18:34:02.94186902, 2.8000E-01, 3.1667E+00,-2.6667E-01,
18:34:02.94186907, 2.8000E-01, 3.1333E+00,-2.6667E-01,
18:34:02.94186912, 2.6667E-01, 3.1000E+00, 2.6667E-01,
18:34:02.94186917, 2.8000E-01, 3.1667E+00, 1.3333E-01,
18:34:02.94186922, 2.6667E-01, 3.1333E+00, 0.0000E+00,
18:34:02.94186927, 2.8000E-01, 3.1333E+00, 0.0000E+00,
18:34:02.94186932, 3.0667E-01, 3.2000E+00, 0.0000E+00,
18:34:02.94186937, 2.9333E-01, 3.1333E+00,-1.3333E-01,
18:34:02.94186942, 3.2000E-01, 3.1000E+00, 2.6667E-01,
18:34:02.94186947, 2.8000E-01, 3.1667E+00,-2.6667E-01,
18:34:02.94186952, 2.8000E-01, 3.1667E+00, 1.3333E-01,
18:34:02.94186957, 2.4000E-01, 3.1333E+00, 0.0000E+00,
18:34:02.94186962, 2.9333E-01, 3.1000E+00,-2.6667E-01,
18:34:02.94186967, 2.6667E-01, 3.1333E+00, 1.3333E-01,
18:34:02.94186972, 2.9333E-01, 3.1000E+00, 2.6667E-01,
18:34:02.94186977, 2.8000E-01, 3.1667E+00, 1.3333E-01,
18:34:02.94186982, 2.9333E-01, 3.1333E+00, 0.0000E+00,
18:34:02.94186987, 2.9333E-01, 3.1667E+00,-1.3333E-01,
18:34:02.94186992, 2.5333E-01, 3.1000E+00, 0.0000E+00,
18:34:02.94186997, 2.5333E-01, 3.1000E+00,-1.3333E-01,
18:34:02.94187002, 2.5333E-01, 3.1667E+00, 2.6667E-01,
18:34:02.94187007, 2.5333E-01, 3.1000E+00,-1.3333E-01,
18:34:02.94187012, 2.8000E-01, 3.1000E+00,-2.6667E-01,
18:34:02.94187017, 2.6667E-01, 3.2000E+00, 1.3333E-01,
18:34:02.94187022, 2.8000E-01, 3.2000E+00, 2.6667E-01,
18:34:02.94187027, 2.9333E-01, 3.1333E+00, 1.3333E-01,
18:34:02.94187032, 2.6667E-01, 3.1000E+00, 1.3333E-01,
18:34:02.94187037, 2.9333E-01, 3.1333E+00, 1.3333E-01,
18:34:02.94187042, 2.5333E-01, 3.1000E+00,-1.3333E-01,
18:34:02.94187047, 2.4000E-01, 3.1667E+00,-1.3333E-01,
18:34:02.94187052, 2.6667E-01, 3.2000E+00,-1.3333E-01,
18:34:02.94187057, 2.5333E-01, 3.0333E+00,-2.6667E-01,
18:34:02.94187062, 2.5333E-01, 3.1667E+00, 0.0000E+00,
18:34:02.94187067, 2.6667E-01, 3.2000E+00,-1.3333E-01,
18:34:02.94187072, 2.8000E-01, 3.1667E+00, 0.0000E+00,
18:34:02.94187077, 2.8000E-01, 3.1333E+00, 0.0000E+00,
18:34:02.94187082, 2.9333E-01, 3.1333E+00, 0.0000E+00,
18:34:02.94187087, 2.8000E-01, 3.1000E+00, 1.3333E-01,
18:34:02.94187092, 2.8000E-01, 3.2000E+00,-2.6667E-01,
18:34:02.94187097, 2.9333E-01, 3.1333E+00, 4.0000E-01,
18:34:02.94187102, 2.6667E-01, 3.1333E+00,-2.6667E-01,
18:34:02.94187107, 2.6667E-01, 3.1000E+00,-1.3333E-01,
18:34:02.94187112, 2.5333E-01, 3.1667E+00, 1.3333E-01,
18:34:02.94187117, 2.8000E-01, 3.1667E+00, 2.6667E-01,
18:34:02.94187122, 2.8000E-01, 3.1667E+00, 1.3333E-01,
18:34:02.94187127, 2.6667E-01, 3.1333E+00,-1.3333E-01,
18:34:02.94187132, 2.4000E-01, 3.1333E+00, 0.0000E+00,
18:34:02.94187137, 2.5333E-01, 3.1333E+00, 0.0000E+00,
18:34:02.94187142, 2.6667E-01, 3.1333E+00,-1.3333E-01,
18:34:02.94187147, 2.5333E-01, 3.1667E+00, 2.6667E-01,
18:34:02.94187152, 2.6667E-01, 3.1333E+00, 1.3333E-01,
18:34:02.94187157, 2.5333E-01, 3.2000E+00,-1.3333E-01,
18:34:02.94187162, 2.2667E-01, 3.1667E+00, 0.0000E+00,
18:34:02.94187167, 2.5333E-01, 3.1333E+00,-2.6667E-01,
18:34:02.94187172, 2.6667E-01, 3.1667E+00, 0.0000E+00,
18:34:02.94187177, 2.6667E-01, 3.1333E+00, 2.6667E-01,
18:34:02.94187182, 2.9333E-01, 3.1333E+00, 0.0000E+00,
18:34:02.94187187, 2.5333E-01, 3.1333E+00,-1.3333E-01,
18:34:02.94187192, 2.5333E-01, 3.1667E+00,-1.3333E-01,
18:34:02.94187197, 2.1333E-01, 3.2000E+00,-5.3333E-01,
18:34:02.94187202, 2.2667E-01, 3.1667E+00,-2.6667E-01,
18:34:02.94187207, 2.5333E-01, 3.1667E+00,-2.6667E-01,
18:34:02.94187212, 2.4000E-01, 3.1333E+00, 1.3333E-01,
18:34:02.94187217, 2.9333E-01, 3.1333E+00, 1.3333E-01,
18:34:02.94187222, 2.4000E-01, 3.1667E+00,-1.3333E-01,
18:34:02.94187227, 2.4000E-01, 3.1333E+00, 0.0000E+00,
18:34:02.94187232, 2.4000E-01, 3.1000E+00, 0.0000E+00,
18:34:02.94187237, 2.5333E-01, 3.1667E+00, 1.3333E-01,
18:34:02.94187242, 2.5333E-01, 3.1667E+00,-1.3333E-01,
18:34:02.94187247, 2.2667E-01, 3.1000E+00,-1.3333E-01,
18:34:02.94187252, 2.4000E-01, 3.1667E+00,-1.3333E-01,
18:34:02.94187257, 2.2667E-01, 3.1333E+00,-2.6667E-01,
18:34:02.94187262, 2.6667E-01, 3.1333E+00,-1.3333E-01,
18:34:02.94187267, 2.5333E-01, 3.1667E+00, 1.3333E-01,
18:34:02.94187272, 2.5333E-01, 3.1667E+00, 1.3333E-01,
18:34:02.94187277, 2.8000E-01, 3.1333E+00, 2.6667E-01,
18:34:02.94187282, 2.5333E-01, 3.1000E+00, 0.0000E+00,
18:34:02.94187287, 2.5333E-01, 3.1667E+00, 1.3333E-01,
18:34:02.94187292, 2.5333E-01, 3.1667E+00, 1.3333E-01,
18:34:02.94187297, 2.2667E-01, 3.1000E+00,-1.3333E-01,
18:34:02.94187302, 2.6667E-01, 3.1667E+00, 1.3333E-01,
18:34:02.94187307, 2.5333E-01, 3.1000E+00, 2.6667E-01,
18:34:02.94187312, 2.4000E-01, 3.1667E+00, 0.0000E+00,
18:34:02.94187317, 2.2667E-01, 3.1667E+00, 2.6667E-01,
18:34:02.94187322, 2.4000E-01, 3.1333E+00,-2.6667E-01,
18:34:02.94187327, 2.6667E-01, 3.1667E+00, 2.6667E-01,
18:34:02.94187332, 2.6667E-01, 3.1667E+00,-2.6667E-01,
18:34:02.94187337, 2.2667E-01, 3.1667E+00, 0.0000E+00,
18:34:02.94187342, 2.2667E-01, 3.2000E+00,-2.6667E-01,
18:34:02.94187347, 2.4000E-01, 3.1333E+00, 0.0000E+00,
18:34:02.94187352, 2.5333E-01, 3.2000E+00,-1.3333E-01,
18:34:02.94187357, 2.2667E-01, 3.1333E+00, 1.3333E-01,
18:34:02.94187362, 2.2667E-01, 3.1667E+00, 0.0000E+00,
18:34:02.94187367, 2.2667E-01, 3.1333E+00,-1.3333E-01,
18:34:02.94187372, 2.4000E-01, 3.1000E+00, 1.3333E-01,
18:34:02.94187377, 2.5333E-01, 3.1333E+00, 1.3333E-01,
18:34:02.94187382, 2.2667E-01, 3.1667E+00, 0.0000E+00,
18:34:02.94187387, 2.2667E-01, 3.1000E+00, 1.3333E-01,
18:34:02.94187392, 2.2667E-01, 3.2000E+00, 0.0000E+00,
18:34:02.94187397, 2.2667E-01, 3.0667E+00, 0.0000E+00,
18:34:02.94187402, 2.2667E-01, 3.1667E+00, 0.0000E+00,
18:34:02.94187407, 2.5333E-01, 3.1000E+00, 0.0000E+00,
18:34:02.94187412, 2.2667E-01, 3.1000E+00,-2.6667E-01,
18:34:02.94187417, 2.5333E-01, 3.1000E+00, 1.3333E-01,
18:34:02.94187422, 2.9333E-01, 3.2000E+00, 2.6667E-01,
18:34:02.94187427, 2.4000E-01, 3.1333E+00,-1.3333E-01,
18:34:02.94187432, 2.1333E-01, 3.1000E+00,-2.6667E-01,
18:34:02.94187437, 2.4000E-01, 3.1667E+00, 1.3333E-01,
18:34:02.94187442, 2.1333E-01, 3.1000E+00, 0.0000E+00,
18:34:02.94187447, 2.2667E-01, 3.0667E+00, 2.6667E-01,
18:34:02.94187452, 2.4000E-01, 3.1000E+00, 0.0000E+00,
18:34:02.94187457, 2.4000E-01, 3.1333E+00, 0.0000E+00,
18:34:02.94187462, 2.4000E-01, 3.0667E+00, 2.6667E-01,
18:34:02.94187467, 2.2667E-01, 3.1000E+00, 0.0000E+00,
18:34:02.94187472, 2.4000E-01, 3.1000E+00, 2.6667E-01,
18:34:02.94187477, 2.5333E-01, 3.1000E+00, 4.0000E-01,
18:34:02.94187482, 2.0000E-01, 3.1667E+00,-2.6667E-01,
18:34:02.94187487, 2.2667E-01, 3.1000E+00, 0.0000E+00,
18:34:02.94187492, 2.5333E-01, 3.2333E+00, 2.6667E-01,
18:34:02.94187497, 2.1333E-01, 3.1333E+00,-1.3333E-01,
18:34:02.94187502, 2.4000E-01, 3.1000E+00,-1.3333E-01,
18:34:02.94187507, 2.4000E-01, 3.1000E+00,-4.0000E-01,
18:34:02.94187512, 2.6667E-01, 3.0667E+00, 0.0000E+00,
18:34:02.94187517, 2.4000E-01, 3.1000E+00, 0.0000E+00,
18:34:02.94187522, 2.5333E-01, 3.1000E+00, 1.3333E-01,
18:34:02.94187527, 2.2667E-01, 3.2000E+00, 2.6667E-01,
18:34:02.94187532, 2.2667E-01, 3.1000E+00, 0.0000E+00,
18:34:02.94187537, 2.2667E-01, 3.1333E+00, 2.6667E-01,
18:34:02.94187542, 2.2667E-01, 3.2000E+00, 0.0000E+00,
18:34:02.94187547, 2.1333E-01, 3.1667E+00,-1.3333E-01,
18:34:02.94187552, 2.2667E-01, 3.0333E+00, 1.3333E-01,
18:34:02.94187557, 2.5333E-01, 3.1000E+00,-2.6667E-01,
18:34:02.94187562, 2.4000E-01, 3.1000E+00, 0.0000E+00,
18:34:02.94187567, 2.2667E-01, 3.0667E+00, 2.6667E-01,
18:34:02.94187572, 2.1333E-01, 3.1000E+00, 1.3333E-01,
18:34:02.94187577, 2.2667E-01, 3.1667E+00, 1.3333E-01,
18:34:02.94187582, 2.2667E-01, 3.2000E+00, 0.0000E+00,
18:34:02.94187587, 2.2667E-01, 3.1667E+00, 2.6667E-01,
18:34:02.94187592, 2.1333E-01, 3.1333E+00,-1.3333E-01,
18:34:02.94187597, 2.2667E-01, 3.1000E+00, 0.0000E+00,
18:34:02.94187602, 2.1333E-01, 3.1000E+00, 2.6667E-01,
18:34:02.94187607, 2.5333E-01, 3.0667E+00, 1.3333E-01,
18:34:02.94187612, 2.2667E-01, 3.1000E+00,-1.3333E-01,
18:34:02.94187617, 2.1333E-01, 3.1667E+00, 2.6667E-01,
18:34:02.94187622, 2.2667E-01, 3.1667E+00, 0.0000E+00,
18:34:02.94187627, 2.4000E-01, 3.1333E+00, 0.0000E+00,
18:34:02.94187632, 2.1333E-01, 3.1000E+00, 1.3333E-01,
18:34:02.94187637, 2.2667E-01, 3.1000E+00, 2.6667E-01,
18:34:02.94187642, 2.1333E-01, 3.1000E+00,-4.0000E-01,
18:34:02.94187647, 2.1333E-01, 3.1333E+00, 0.0000E+00,
18:34:02.94187652, 2.0000E-01, 3.1333E+00, 1.3333E-01,
18:34:02.94187657, 2.5333E-01, 3.1667E+00,-1.3333E-01,
18:34:02.94187662, 2.2667E-01, 3.1333E+00, 2.6667E-01,
18:34:02.94187667, 2.4000E-01, 3.1333E+00, 4.0000E-01,
18:34:02.94187672, 2.4000E-01, 3.1667E+00, 1.3333E-01,
18:34:02.94187677, 2.1333E-01, 3.1667E+00,-1.3333E-01,
18:34:02.94187682, 2.1333E-01, 3.1333E+00, 0.0000E+00,
18:34:02.94187687, 2.2667E-01, 3.2000E+00, 0.0000E+00,
18:34:02.94187692, 2.2667E-01, 3.1000E+00, 1.3333E-01,
18:34:02.94187697, 2.1333E-01, 3.2000E+00, 1.3333E-01,
18:34:02.94187702, 2.4000E-01, 3.1333E+00,-1.3333E-01,
18:34:02.94187707, 2.2667E-01, 3.1333E+00, 4.0000E-01,
18:34:02.94187712, 2.5333E-01, 3.1667E+00,-4.0000E-01,
18:34:02.94187717, 2.4000E-01, 3.1333E+00, 2.6667E-01,
18:34:02.94187722, 2.1333E-01, 3.1667E+00,-1.3333E-01,
18:34:02.94187727, 1.8667E-01, 3.1667E+00,-4.0000E-01,
18:34:02.94187732, 2.2667E-01, 3.1667E+00,-1.3333E-01,
18:34:02.94187737, 2.2667E-01, 3.1333E+00, 0.0000E+00,
18:34:02.94187742, 2.2667E-01, 3.1667E+00, 0.0000E+00,
18:34:02.94187747, 2.5333E-01, 3.0667E+00, 0.0000E+00,
18:34:02.94187752, 2.1333E-01, 3.0667E+00, 1.3333E-01,
18:34:02.94187757, 2.2667E-01, 3.1000E+00, 0.0000E+00,
18:34:02.94187762, 2.2667E-01, 3.1000E+00, 2.6667E-01,
18:34:02.94187767, 2.2667E-01, 3.1000E+00, 4.0000E-01,
18:34:02.94187772, 2.2667E-01, 3.1000E+00, 0.0000E+00,
18:34:02.94187777, 2.1333E-01, 3.1000E+00,-2.6667E-01,
18:34:02.94187782, 2.1333E-01, 3.1000E+00,-1.3333E-01,
18:34:02.94187787, 2.2667E-01, 3.1333E+00, 0.0000E+00,
18:34:02.94187792, 2.2667E-01, 3.1333E+00, 0.0000E+00,
18:34:02.94187797, 2.1333E-01, 3.1667E+00,-1.3333E-01,
18:34:02.94187802, 2.2667E-01, 3.1000E+00,-1.3333E-01,
18:34:02.94187807, 2.2667E-01, 3.2000E+00,-1.3333E-01,
18:34:02.94187812, 2.0000E-01, 3.2000E+00, 1.3333E-01,
18:34:02.94187817, 2.0000E-01, 3.1000E+00, 1.3333E-01,
18:34:02.94187822, 1.8667E-01, 3.1667E+00, 0.0000E+00,
18:34:02.94187827, 2.0000E-01, 3.2000E+00, 1.3333E-01,
18:34:02.94187832, 2.0000E-01, 3.1667E+00,-1.3333E-01,
18:34:02.94187837, 2.0000E-01, 3.1667E+00,-1.3333E-01,
18:34:02.94187842, 2.2667E-01, 3.1667E+00, 0.0000E+00,
18:34:02.94187847, 2.0000E-01, 3.1333E+00, 1.3333E-01,
18:34:02.94187852, 2.2667E-01, 3.0667E+00, 1.3333E-01,
18:34:02.94187857, 2.4000E-01, 3.1333E+00, 0.0000E+00,
18:34:02.94187862, 1.8667E-01, 3.2000E+00, 0.0000E+00,
18:34:02.94187867, 1.7333E-01, 3.1333E+00, 0.0000E+00,
18:34:02.94187872, 2.0000E-01, 3.2000E+00, 0.0000E+00,
18:34:02.94187877, 1.8667E-01, 3.1667E+00, 1.3333E-01,
18:34:02.94187882, 2.0000E-01, 3.1333E+00, 0.0000E+00,
18:34:02.94187887, 2.0000E-01, 3.1000E+00, 2.6667E-01,
18:34:02.94187892, 2.1333E-01, 3.0667E+00, 5.3333E-01,
18:34:02.94187897, 2.2667E-01, 3.0667E+00, 1.3333E-01,
18:34:02.94187902, 2.1333E-01, 3.1000E+00, 1.3333E-01,
18:34:02.94187907, 2.0000E-01, 3.0667E+00, 0.0000E+00,
18:34:02.94187912, 1.8667E-01, 3.1333E+00,-2.6667E-01,
18:34:02.94187917, 1.8667E-01, 3.1000E+00, 1.3333E-01,
18:34:02.94187922, 2.1333E-01, 3.0667E+00,-1.3333E-01,
18:34:02.94187927, 2.2667E-01, 3.2000E+00, 0.0000E+00,
18:34:02.94187932, 1.8667E-01, 3.1333E+00, 1.3333E-01,
18:34:02.94187937, 2.1333E-01, 3.2000E+00,-1.3333E-01,
18:34:02.94187942, 2.0000E-01, 3.1333E+00, 4.0000E-01,
18:34:02.94187947, 2.1333E-01, 3.1333E+00, 2.6667E-01,
18:34:02.94187952, 2.0000E-01, 3.0667E+00, 0.0000E+00,
18:34:02.94187957, 1.8667E-01, 3.1667E+00, 2.6667E-01,
18:34:02.94187962, 2.2667E-01, 3.1667E+00, 0.0000E+00,
18:34:02.94187967, 1.8667E-01, 3.1667E+00,-1.3333E-01,
18:34:02.94187972, 2.0000E-01, 3.1667E+00, 2.6667E-01,
18:34:02.94187977, 1.8667E-01, 3.1667E+00, 1.3333E-01,
18:34:02.94187982, 1.8667E-01, 3.1333E+00, 0.0000E+00,
18:34:02.94187987, 2.1333E-01, 3.1667E+00, 1.3333E-01,
18:34:02.94187992, 2.1333E-01, 3.1667E+00, 1.3333E-01,
18:34:02.94187997, 2.2667E-01, 3.1667E+00,-1.3333E-01,
18:34:02.94188002, 2.1333E-01, 3.1667E+00, 1.3333E-01,
18:34:02.94188007, 2.0000E-01, 3.1667E+00, 0.0000E+00,
18:34:02.94188012, 2.2667E-01, 3.1000E+00, 0.0000E+00,
18:34:02.94188017, 2.1333E-01, 3.2000E+00, 1.3333E-01,
18:34:02.94188022, 2.0000E-01, 3.2000E+00, 0.0000E+00,
18:34:02.94188027, 2.0000E-01, 3.1000E+00, 1.3333E-01,
18:34:02.94188032, 2.0000E-01, 3.1000E+00, 1.3333E-01,
18:34:02.94188037, 2.2667E-01, 3.1333E+00,-2.6667E-01,
18:34:02.94188042, 2.2667E-01, 3.1333E+00,-1.3333E-01,
18:34:02.94188047, 1.8667E-01, 3.1333E+00, 1.3333E-01,
18:34:02.94188052, 2.2667E-01, 3.1333E+00, 1.3333E-01,
18:34:02.94188057, 2.0000E-01, 3.1667E+00, 1.3333E-01,
18:34:02.94188062, 1.6000E-01, 3.2000E+00, 1.3333E-01,
18:34:02.94188067, 1.8667E-01, 3.1000E+00, 0.0000E+00,
18:34:02.94188072, 1.7333E-01, 3.1667E+00, 0.0000E+00,
18:34:02.94188077, 1.8667E-01, 3.2000E+00, 0.0000E+00,
18:34:02.94188082, 1.8667E-01, 3.1333E+00, 0.0000E+00,
18:34:02.94188087, 1.8667E-01, 3.1667E+00,-1.3333E-01,
18:34:02.94188092, 2.1333E-01, 3.1333E+00, 1.3333E-01,
18:34:02.94188097, 2.1333E-01, 3.1333E+00, 4.0000E-01,
18:34:02.94188102, 1.7333E-01, 3.1333E+00, 1.3333E-01,
18:34:02.94188107, 1.7333E-01, 3.1333E+00, 1.3333E-01,
18:34:02.94188112, 1.4667E-01, 3.1333E+00,-1.3333E-01,
18:34:02.94188117, 1.6000E-01, 3.0667E+00,-2.6667E-01,
18:34:02.94188122, 2.0000E-01, 3.1667E+00, 1.3333E-01,
18:34:02.94188127, 2.0000E-01, 3.1000E+00,-1.3333E-01,
18:34:02.94188132, 2.0000E-01, 3.1667E+00,-1.3333E-01,
18:34:02.94188137, 2.2667E-01, 3.2000E+00, 0.0000E+00,
18:34:02.94188142, 2.0000E-01, 3.1333E+00, 2.6667E-01,
18:34:02.94188147, 2.0000E-01, 3.1333E+00, 0.0000E+00,
18:34:02.94188152, 2.0000E-01, 3.1333E+00,-1.3333E-01,
18:34:02.94188157, 2.0000E-01, 3.2000E+00, 5.3333E-01,
18:34:02.94188162, 1.6000E-01, 3.1000E+00,-4.0000E-01,
18:34:02.94188167, 1.7333E-01, 3.1000E+00,-4.0000E-01,
18:34:02.94188172, 2.0000E-01, 3.2000E+00, 0.0000E+00,
18:34:02.94188177, 2.0000E-01, 3.1667E+00, 1.3333E-01,
18:34:02.94188182, 2.1333E-01, 3.1667E+00, 1.3333E-01,
18:34:02.94188187, 1.7333E-01, 3.1333E+00, 1.3333E-01,
18:34:02.94188192, 2.1333E-01, 3.1333E+00,-1.3333E-01,
18:34:02.94188197, 2.1333E-01, 3.1667E+00, 2.6667E-01,
18:34:02.94188202, 1.8667E-01, 3.1667E+00, 2.6667E-01,
18:34:02.94188207, 1.8667E-01, 3.2000E+00, 1.3333E-01,
18:34:02.94188212, 1.8667E-01, 3.1000E+00, 0.0000E+00,
18:34:02.94188217, 1.8667E-01, 3.1333E+00,-1.3333E-01,
18:34:02.94188222, 1.6000E-01, 3.0667E+00, 1.3333E-01,
18:34:02.94188227, 1.8667E-01, 3.1667E+00, 0.0000E+00,
18:34:02.94188232, 2.2667E-01, 3.1333E+00, 1.3333E-01,
18:34:02.94188237, 1.8667E-01, 3.2000E+00,-1.3333E-01,
18:34:02.94188242, 1.7333E-01, 3.1333E+00,-1.3333E-01,
18:34:02.94188247, 1.4667E-01, 3.1333E+00, 1.3333E-01,
18:34:02.94188252, 1.7333E-01, 3.1000E+00, 1.3333E-01,
18:34:02.94188257, 1.8667E-01, 3.1333E+00, 0.0000E+00,
18:34:02.94188262, 2.0000E-01, 3.2000E+00, 1.3333E-01,
18:34:02.94188267, 1.8667E-01, 3.1333E+00,-1.3333E-01,
18:34:02.94188272, 1.7333E-01, 3.1667E+00, 0.0000E+00,
18:34:02.94188277, 2.0000E-01, 3.1333E+00, 0.0000E+00,
18:34:02.94188282, 2.2667E-01, 3.1333E+00,-2.6667E-01,
18:34:02.94188287, 1.8667E-01, 3.2000E+00,-4.0000E-01,
18:34:02.94188292, 2.0000E-01, 3.0667E+00, 1.3333E-01,
18:34:02.94188297, 1.8667E-01, 3.1333E+00, 2.6667E-01,
18:34:02.94188302, 1.7333E-01, 3.1667E+00, 0.0000E+00,
18:34:02.94188307, 1.8667E-01, 3.1000E+00, 0.0000E+00,
18:34:02.94188312, 1.7333E-01, 3.1667E+00, 1.3333E-01,
18:34:02.94188317, 2.0000E-01, 3.1000E+00,-2.6667E-01,
18:34:02.94188322, 1.8667E-01, 3.1000E+00, 0.0000E+00,
18:34:02.94188327, 1.7333E-01, 3.1333E+00,-2.6667E-01,
18:34:02.94188332, 2.0000E-01, 3.1333E+00, 0.0000E+00,
18:34:02.94188337, 1.8667E-01, 3.1333E+00, 2.6667E-01,
18:34:02.94188342, 2.0000E-01, 3.2000E+00, 1.3333E-01,
18:34:02.94188347, 1.6000E-01, 3.1000E+00, 1.3333E-01,
18:34:02.94188352, 1.6000E-01, 3.1667E+00,-1.3333E-01,
18:34:02.94188357, 1.6000E-01, 3.2000E+00, 1.3333E-01,
18:34:02.94188362, 1.7333E-01, 3.1000E+00, 0.0000E+00,
18:34:02.94188367, 1.8667E-01, 3.1667E+00,-1.3333E-01,
18:34:02.94188372, 1.7333E-01, 3.1333E+00, 0.0000E+00,
18:34:02.94188377, 1.7333E-01, 3.1333E+00, 1.3333E-01,
18:34:02.94188382, 1.7333E-01, 3.1000E+00, 0.0000E+00,
18:34:02.94188387, 2.0000E-01, 3.1333E+00,-2.6667E-01,
18:34:02.94188392, 1.6000E-01, 3.2000E+00, 2.6667E-01,
18:34:02.94188397, 1.7333E-01, 3.1333E+00, 1.3333E-01,
18:34:02.94188402, 1.8667E-01, 3.1000E+00, 0.0000E+00,
18:34:02.94188407, 1.6000E-01, 3.1333E+00, 0.0000E+00,
18:34:02.94188412, 1.7333E-01, 3.1333E+00, 1.3333E-01,
18:34:02.94188417, 2.0000E-01, 3.2000E+00, 2.6667E-01,
18:34:02.94188422, 1.7333E-01, 3.1667E+00, 4.0000E-01,
18:34:02.94188427, 1.8667E-01, 3.1333E+00, 0.0000E+00,
18:34:02.94188432, 2.0000E-01, 3.2000E+00, 1.3333E-01,
18:34:02.94188437, 1.7333E-01, 3.1000E+00,-1.3333E-01,
18:34:02.94188442, 1.7333E-01, 3.2000E+00, 2.6667E-01,
18:34:02.94188447, 1.4667E-01, 3.1667E+00,-2.6667E-01,
18:34:02.94188452, 1.7333E-01, 3.2000E+00,-1.3333E-01,
18:34:02.94188457, 1.8667E-01, 3.2000E+00, 0.0000E+00,
18:34:02.94188462, 1.4667E-01, 3.1333E+00,-1.3333E-01,
18:34:02.94188467, 1.6000E-01, 3.1000E+00, 1.3333E-01,
18:34:02.94188472, 1.7333E-01, 3.2333E+00,-1.3333E-01,
18:34:02.94188477, 1.7333E-01, 3.1000E+00,-1.3333E-01,
18:34:02.94188482, 1.8667E-01, 3.0667E+00,-1.3333E-01,
18:34:02.94188487, 1.6000E-01, 3.1667E+00, 1.3333E-01,
18:34:02.94188492, 1.8667E-01, 3.2000E+00,-1.3333E-01,
18:34:02.94188497, 1.6000E-01, 3.2333E+00, 0.0000E+00,
18:34:02.94188502, 1.6000E-01, 3.1667E+00, 0.0000E+00,
18:34:02.94188507, 1.7333E-01, 3.1667E+00,-2.6667E-01,
18:34:02.94188512, 1.8667E-01, 3.1000E+00, 1.3333E-01,
18:34:02.94188517, 1.8667E-01, 3.1333E+00,-1.3333E-01,
18:34:02.94188522, 1.8667E-01, 3.1000E+00, 0.0000E+00,
18:34:02.94188527, 1.7333E-01, 3.1333E+00, 0.0000E+00,
18:34:02.94188532, 1.8667E-01, 3.1000E+00, 0.0000E+00,
18:34:02.94188537, 1.4667E-01, 3.2000E+00, 2.6667E-01,
18:34:02.94188542, 1.4667E-01, 3.1667E+00, 4.0000E-01,
18:34:02.94188547, 1.4667E-01, 3.1333E+00, 0.0000E+00,
18:34:02.94188552, 1.7333E-01, 3.1333E+00, 1.3333E-01,
18:34:02.94188557, 1.8667E-01, 3.2333E+00, 1.3333E-01,
18:34:02.94188562, 1.7333E-01, 3.1667E+00,-1.3333E-01,
18:34:02.94188567, 1.6000E-01, 3.2000E+00, 2.6667E-01,
18:34:02.94188572, 2.0000E-01, 3.1333E+00,-1.3333E-01,
18:34:02.94188577, 1.7333E-01, 3.1333E+00, 2.6667E-01,
18:34:02.94188582, 1.6000E-01, 3.2333E+00, 0.0000E+00,
18:34:02.94188587, 1.4667E-01, 3.0333E+00, 2.6667E-01,
18:34:02.94188592, 1.4667E-01, 3.2000E+00, 1.3333E-01,
18:34:02.94188597, 1.7333E-01, 3.1333E+00, 0.0000E+00,
18:34:02.94188602, 1.4667E-01, 3.1333E+00,-2.6667E-01,
18:34:02.94188607, 1.6000E-01, 3.0667E+00, 0.0000E+00,
18:34:02.94188612, 1.3333E-01, 3.2000E+00, 0.0000E+00,
18:34:02.94188617, 1.7333E-01, 3.2000E+00,-1.3333E-01,
18:34:02.94188622, 1.7333E-01, 3.0667E+00,-1.3333E-01,
18:34:02.94188627, 1.6000E-01, 3.1667E+00, 0.0000E+00,
18:34:02.94188632, 1.6000E-01, 3.2000E+00, 0.0000E+00,
18:34:02.94188637, 1.0667E-01, 3.1333E+00,-1.3333E-01,
18:34:02.94188642, 1.4667E-01, 3.1000E+00,-1.3333E-01,
18:34:02.94188647, 1.4667E-01, 3.1667E+00, 1.3333E-01,
18:34:02.94188652, 1.6000E-01, 3.1333E+00, 1.3333E-01,
18:34:02.94188657, 1.6000E-01, 3.1333E+00, 0.0000E+00,
18:34:02.94188662, 1.4667E-01, 3.1667E+00,-2.6667E-01,
18:34:02.94188667, 1.6000E-01, 3.1000E+00,-1.3333E-01,
18:34:02.94188672, 1.7333E-01, 3.1667E+00, 0.0000E+00,
18:34:02.94188677, 1.6000E-01, 3.0667E+00,-4.0000E-01,
18:34:02.94188682, 1.4667E-01, 3.1000E+00, 0.0000E+00,
18:34:02.94188687, 1.3333E-01, 3.1000E+00, 1.3333E-01,
18:34:02.94188692, 1.3333E-01, 3.1667E+00, 1.3333E-01,
18:34:02.94188697, 1.8667E-01, 3.1333E+00, 0.0000E+00,
18:34:02.94188702, 1.7333E-01, 3.1333E+00, 2.6667E-01,
18:34:02.94188707, 1.8667E-01, 3.1333E+00, 1.3333E-01,
18:34:02.94188712, 1.8667E-01, 3.1333E+00, 1.3333E-01,
18:34:02.94188717, 1.6000E-01, 3.2000E+00, 1.3333E-01,
18:34:02.94188722, 1.8667E-01, 3.1667E+00, 2.6667E-01,
18:34:02.94188727, 1.7333E-01, 3.1000E+00, 1.3333E-01,
18:34:02.94188732, 1.3333E-01, 3.2000E+00, 1.3333E-01,
18:34:02.94188737, 1.3333E-01, 3.0667E+00, 0.0000E+00,
18:34:02.94188742, 1.6000E-01, 3.1667E+00, 1.3333E-01,
18:34:02.94188747, 1.3333E-01, 3.1667E+00,-2.6667E-01,
18:34:02.94188752, 1.4667E-01, 3.2000E+00,-1.3333E-01,
18:34:02.94188757, 1.3333E-01, 3.1333E+00, 2.6667E-01,
18:34:02.94188762, 1.4667E-01, 3.1333E+00,-1.3333E-01,
18:34:02.94188767, 1.7333E-01, 3.1333E+00, 2.6667E-01,
18:34:02.94188772, 1.4667E-01, 3.1333E+00, 1.3333E-01,
18:34:02.94188777, 1.4667E-01, 3.0667E+00,-1.3333E-01,
18:34:02.94188782, 1.3333E-01, 3.1333E+00,-1.3333E-01,
18:34:02.94188787, 1.6000E-01, 3.2000E+00, 4.0000E-01,
18:34:02.94188792, 1.4667E-01, 3.1000E+00, 0.0000E+00,
18:34:02.94188797, 1.6000E-01, 3.1000E+00, 1.3333E-01,
18:34:02.94188802, 1.6000E-01, 3.2000E+00,-1.3333E-01,
18:34:02.94188807, 1.6000E-01, 3.1333E+00, 0.0000E+00,
18:34:02.94188812, 1.3333E-01, 3.1667E+00, 0.0000E+00,
18:34:02.94188817, 1.2000E-01, 3.1667E+00, 0.0000E+00,
18:34:02.94188822, 1.3333E-01, 3.1667E+00, 0.0000E+00,
18:34:02.94188827, 1.6000E-01, 3.2333E+00, 0.0000E+00,
18:34:02.94188832, 1.6000E-01, 3.1667E+00, 1.3333E-01,
18:34:02.94188837, 1.3333E-01, 3.0667E+00, 0.0000E+00,
18:34:02.94188842, 1.2000E-01, 3.1333E+00,-1.3333E-01,
18:34:02.94188847, 1.4667E-01, 3.1333E+00,-1.3333E-01,
18:34:02.94188852, 1.4667E-01, 3.1667E+00, 2.6667E-01,
18:34:02.94188857, 1.2000E-01, 3.2000E+00, 1.3333E-01,
18:34:02.94188862, 1.7333E-01, 3.2000E+00,-1.3333E-01,
18:34:02.94188867, 1.7333E-01, 3.1333E+00,-4.0000E-01,
18:34:02.94188872, 1.3333E-01, 3.1333E+00, 1.3333E-01,
18:34:02.94188877, 1.3333E-01, 3.2000E+00,-1.3333E-01,
18:34:02.94188882, 1.0667E-01, 3.2000E+00,-1.3333E-01,
18:34:02.94188887, 1.0667E-01, 3.1667E+00, 0.0000E+00,
18:34:02.94188892, 1.3333E-01, 3.1000E+00, 0.0000E+00,
18:34:02.94188897, 1.3333E-01, 3.1667E+00, 0.0000E+00,
18:34:02.94188902, 1.6000E-01, 3.1667E+00, 1.3333E-01,
18:34:02.94188907, 1.6000E-01, 3.1333E+00,-1.3333E-01,
18:34:02.94188912, 1.6000E-01, 3.1333E+00, 1.3333E-01,
18:34:02.94188917, 1.2000E-01, 3.1667E+00, 0.0000E+00,
18:34:02.94188922, 1.4667E-01, 3.1667E+00,-2.6667E-01,
18:34:02.94188927, 1.2000E-01, 3.1667E+00, 2.6667E-01,
18:34:02.94188932, 1.3333E-01, 3.1333E+00, 0.0000E+00,
18:34:02.94188937, 1.4667E-01, 3.1333E+00, 1.3333E-01,
18:34:02.94188942, 1.6000E-01, 3.2000E+00,-2.6667E-01,
18:34:02.94188947, 1.2000E-01, 3.1667E+00,-1.3333E-01,
18:34:02.94188952, 1.6000E-01, 3.1333E+00, 0.0000E+00,
18:34:02.94188957, 1.8667E-01, 3.2000E+00, 1.3333E-01,
18:34:02.94188962, 1.3333E-01, 3.2333E+00,-1.3333E-01,
18:34:02.94188967, 1.2000E-01, 3.1000E+00, 2.6667E-01,
18:34:02.94188972, 1.4667E-01, 3.1333E+00, 2.6667E-01,
18:34:02.94188977, 1.3333E-01, 3.1333E+00, 0.0000E+00,
18:34:02.94188982, 1.4667E-01, 3.1667E+00,-2.6667E-01,
18:34:02.94188987, 1.3333E-01, 3.0667E+00,-1.3333E-01,
18:34:02.94188992, 1.2000E-01, 3.2000E+00, 0.0000E+00,
18:34:02.94188997, 1.4667E-01, 3.1667E+00,-1.3333E-01,
18:34:02.94189002, 1.3333E-01, 3.1333E+00, 0.0000E+00,
18:34:02.94189007, 1.6000E-01, 3.1333E+00, 0.0000E+00,
18:34:02.94189012, 1.8667E-01, 3.1000E+00, 0.0000E+00,
18:34:02.94189017, 1.4667E-01, 3.1333E+00,-1.3333E-01,
18:34:02.94189022, 1.2000E-01, 3.1000E+00,-1.3333E-01,
18:34:02.94189027, 1.3333E-01, 3.1000E+00, 4.0000E-01,
18:34:02.94189032, 1.4667E-01, 3.1667E+00, 1.3333E-01,
18:34:02.94189037, 1.2000E-01, 3.1000E+00,-1.3333E-01,
18:34:02.94189042, 1.6000E-01, 3.1667E+00,-1.3333E-01,
18:34:02.94189047, 1.4667E-01, 3.1667E+00, 0.0000E+00,
18:34:02.94189052, 1.6000E-01, 3.1333E+00, 0.0000E+00,
18:34:02.94189057, 1.4667E-01, 3.1667E+00,-1.3333E-01,
18:34:02.94189062, 1.3333E-01, 3.1000E+00,-1.3333E-01,
18:34:02.94189067, 1.3333E-01, 3.1333E+00, 0.0000E+00,
18:34:02.94189072, 1.3333E-01, 3.1000E+00, 0.0000E+00,
18:34:02.94189077, 1.2000E-01, 3.1333E+00, 0.0000E+00,
18:34:02.94189082, 1.4667E-01, 3.2000E+00,-1.3333E-01,
18:34:02.94189087, 1.6000E-01, 3.1333E+00, 0.0000E+00,
18:34:02.94189092, 1.4667E-01, 3.1667E+00, 1.3333E-01,
18:34:02.94189097, 1.4667E-01, 3.1667E+00,-1.3333E-01,
18:34:02.94189102, 1.4667E-01, 3.1333E+00, 2.6667E-01,
18:34:02.94189107, 1.6000E-01, 3.1000E+00, 2.6667E-01,
18:34:02.94189112, 1.4667E-01, 3.1667E+00, 1.3333E-01,
18:34:02.94189117, 9.3333E-02, 3.1333E+00,-1.3333E-01,
18:34:02.94189122, 9.3333E-02, 3.1667E+00, 1.3333E-01,
18:34:02.94189127, 1.2000E-01, 3.1667E+00, 0.0000E+00,
18:34:02.94189132, 1.4667E-01, 3.1000E+00, 2.6667E-01,
18:34:02.94189137, 1.6000E-01, 3.1333E+00,-1.3333E-01,
18:34:02.94189142, 1.3333E-01, 3.2333E+00,-1.3333E-01,
18:34:02.94189147, 1.6000E-01, 3.1333E+00, 1.3333E-01,
18:34:02.94189152, 1.3333E-01, 3.0667E+00, 0.0000E+00,
18:34:02.94189157, 1.4667E-01, 3.1000E+00, 0.0000E+00,
18:34:02.94189162, 1.3333E-01, 3.1333E+00,-1.3333E-01,
18:34:02.94189167, 1.0667E-01, 3.1667E+00, 1.3333E-01,
18:34:02.94189172, 1.3333E-01, 3.0667E+00,-1.3333E-01,
18:34:02.94189177, 1.3333E-01, 3.1333E+00, 0.0000E+00,
18:34:02.94189182, 1.2000E-01, 3.1333E+00, 0.0000E+00,
18:34:02.94189187, 1.4667E-01, 3.2000E+00, 2.6667E-01,
18:34:02.94189192, 1.3333E-01, 3.1333E+00,-4.0000E-01,
18:34:02.94189197, 1.2000E-01, 3.1667E+00, 2.6667E-01,
18:34:02.94189202, 1.3333E-01, 3.1667E+00, 1.3333E-01,
18:34:02.94189207, 1.0667E-01, 3.1333E+00, 0.0000E+00,
18:34:02.94189212, 1.0667E-01, 3.0667E+00,-2.6667E-01,
18:34:02.94189217, 1.3333E-01, 3.1333E+00, 2.6667E-01,
18:34:02.94189222, 1.3333E-01, 3.1667E+00, 1.3333E-01,
18:34:02.94189227, 1.6000E-01, 3.0667E+00, 1.3333E-01,
18:34:02.94189232, 1.3333E-01, 3.0667E+00,-1.3333E-01,
18:34:02.94189237, 1.3333E-01, 3.1667E+00,-1.3333E-01,
18:34:02.94189242, 1.4667E-01, 3.0667E+00, 0.0000E+00,
18:34:02.94189247, 1.3333E-01, 3.1667E+00,-2.6667E-01,
18:34:02.94189252, 1.3333E-01, 3.1667E+00,-1.3333E-01,
18:34:02.94189257, 1.3333E-01, 3.1000E+00,-1.3333E-01,
18:34:02.94189262, 1.2000E-01, 3.2333E+00, 1.3333E-01,
18:34:02.94189267, 1.0667E-01, 3.1333E+00,-1.3333E-01,
18:34:02.94189272, 1.2000E-01, 3.1667E+00, 2.6667E-01,
18:34:02.94189277, 1.3333E-01, 3.2000E+00,-1.3333E-01,
18:34:02.94189282, 1.2000E-01, 3.2333E+00,-2.6667E-01,
18:34:02.94189287, 1.2000E-01, 3.1667E+00,-1.3333E-01,
18:34:02.94189292, 1.3333E-01, 3.1000E+00,-1.3333E-01,
18:34:02.94189297, 1.2000E-01, 3.0667E+00, 1.3333E-01,
18:34:02.94189302, 1.2000E-01, 3.1000E+00, 0.0000E+00,
18:34:02.94189307, 1.0667E-01, 3.1667E+00, 1.3333E-01,
18:34:02.94189312, 1.3333E-01, 3.1333E+00,-2.6667E-01,
18:34:02.94189317, 9.3333E-02, 3.1333E+00, 0.0000E+00,
18:34:02.94189322, 1.4667E-01, 3.1333E+00, 1.3333E-01,
18:34:02.94189327, 1.2000E-01, 3.1333E+00,-1.3333E-01,
18:34:02.94189332, 1.2000E-01, 3.1333E+00, 0.0000E+00,
18:34:02.94189337, 1.3333E-01, 3.1667E+00,-2.6667E-01,
18:34:02.94189342, 1.2000E-01, 3.1667E+00, 1.3333E-01,
18:34:02.94189347, 1.0667E-01, 3.1667E+00, 0.0000E+00,
18:34:02.94189352, 9.3333E-02, 3.0667E+00, 0.0000E+00,
18:34:02.94189357, 1.2000E-01, 3.1000E+00, 0.0000E+00,
18:34:02.94189362, 1.2000E-01, 3.0667E+00, 2.6667E-01,
18:34:02.94189367, 1.2000E-01, 3.0667E+00,-2.6667E-01,
18:34:02.94189372, 1.3333E-01, 3.1667E+00, 2.6667E-01,
18:34:02.94189377, 1.6000E-01, 3.1667E+00, 0.0000E+00,
18:34:02.94189382, 1.0667E-01, 3.1333E+00, 0.0000E+00,
18:34:02.94189387, 1.2000E-01, 3.2000E+00,-1.3333E-01,
18:34:02.94189392, 1.4667E-01, 3.1333E+00,-4.0000E-01,
18:34:02.94189397, 1.3333E-01, 3.2000E+00,-1.3333E-01,
18:34:02.94189402, 9.3333E-02, 3.1667E+00, 0.0000E+00,
18:34:02.94189407, 9.3333E-02, 3.1000E+00, 0.0000E+00,
18:34:02.94189412, 9.3333E-02, 3.1333E+00, 2.6667E-01,
18:34:02.94189417, 1.0667E-01, 3.1000E+00, 2.6667E-01,
18:34:02.94189422, 1.0667E-01, 3.0333E+00,-1.3333E-01,
18:34:02.94189427, 1.0667E-01, 3.2000E+00, 0.0000E+00,
18:34:02.94189432, 1.4667E-01, 3.1000E+00,-1.3333E-01,
18:34:02.94189437, 1.4667E-01, 3.0667E+00,-2.6667E-01,
18:34:02.94189442, 1.2000E-01, 3.1333E+00,-1.3333E-01,
18:34:02.94189447, 1.4667E-01, 3.1667E+00, 1.3333E-01,
18:34:02.94189452, 1.0667E-01, 3.1333E+00,-1.3333E-01,
18:34:02.94189457, 9.3333E-02, 3.1000E+00,-1.3333E-01,
18:34:02.94189462, 8.0000E-02, 3.1333E+00, 1.3333E-01,
18:34:02.94189467, 1.4667E-01, 3.1000E+00, 0.0000E+00,
18:34:02.94189472, 1.0667E-01, 3.0667E+00, 2.6667E-01,
18:34:02.94189477, 1.4667E-01, 3.1000E+00, 0.0000E+00,
18:34:02.94189482, 1.2000E-01, 3.1333E+00,-1.3333E-01,
18:34:02.94189487, 1.2000E-01, 3.1000E+00,-5.3333E-01,
18:34:02.94189492, 1.0667E-01, 3.1333E+00, 0.0000E+00,
18:34:02.94189497, 1.0667E-01, 3.1333E+00, 2.6667E-01,
18:34:02.94189502, 1.2000E-01, 3.1667E+00,-1.3333E-01,
18:34:02.94189507, 1.0667E-01, 3.1333E+00,-1.3333E-01,
18:34:02.94189512, 1.0667E-01, 3.1333E+00, 0.0000E+00,
18:34:02.94189517, 1.2000E-01, 3.1333E+00,-4.0000E-01,
18:34:02.94189522, 1.3333E-01, 3.1000E+00,-1.3333E-01,
18:34:02.94189527, 1.3333E-01, 3.1333E+00,-2.6667E-01,
18:34:02.94189532, 8.0000E-02, 3.0667E+00,-2.6667E-01,
18:34:02.94189537, 1.0667E-01, 3.1333E+00,-1.3333E-01,
18:34:02.94189542, 9.3333E-02, 3.1333E+00, 1.3333E-01,
18:34:02.94189547, 9.3333E-02, 3.0667E+00,-1.3333E-01,
18:34:02.94189552, 1.3333E-01, 3.1667E+00,-2.6667E-01,
18:34:02.94189557, 1.2000E-01, 3.1333E+00, 0.0000E+00,
18:34:02.94189562, 8.0000E-02, 3.1333E+00,-1.3333E-01,
18:34:02.94189567, 1.0667E-01, 3.1667E+00, 1.3333E-01,
18:34:02.94189572, 9.3333E-02, 3.1333E+00, 1.3333E-01,
18:34:02.94189577, 1.2000E-01, 3.1333E+00, 1.3333E-01,
18:34:02.94189582, 1.3333E-01, 3.1333E+00,-2.6667E-01,
18:34:02.94189587, 1.2000E-01, 3.1333E+00,-1.3333E-01,
18:34:02.94189592, 1.0667E-01, 3.1333E+00, 2.6667E-01,
18:34:02.94189597, 1.2000E-01, 3.1333E+00,-2.6667E-01,
18:34:02.94189602, 1.2000E-01, 3.1333E+00, 2.6667E-01,
18:34:02.94189607, 8.0000E-02, 3.1333E+00, 1.3333E-01,
18:34:02.94189612, 8.0000E-02, 3.1000E+00, 1.3333E-01,
18:34:02.94189617, 1.3333E-01, 3.1000E+00, 1.3333E-01,
18:34:02.94189622, 1.2000E-01, 3.1667E+00, 0.0000E+00,
18:34:02.94189627, 1.2000E-01, 3.1000E+00, 2.6667E-01,
18:34:02.94189632, 1.3333E-01, 3.1333E+00, 0.0000E+00,
18:34:02.94189637, 8.0000E-02, 3.1000E+00, 1.3333E-01,
18:34:02.94189642, 9.3333E-02, 3.1333E+00,-1.3333E-01,
18:34:02.94189647, 8.0000E-02, 3.2000E+00, 0.0000E+00,
18:34:02.94189652, 9.3333E-02, 3.1000E+00, 2.6667E-01,
18:34:02.94189657, 9.3333E-02, 3.1000E+00, 0.0000E+00,
18:34:02.94189662, 9.3333E-02, 3.1000E+00, 1.3333E-01,
18:34:02.94189667, 1.0667E-01, 3.1667E+00, 0.0000E+00,
18:34:02.94189672, 1.0667E-01, 3.1667E+00, 0.0000E+00,
18:34:02.94189677, 1.0667E-01, 3.1667E+00, 2.6667E-01,
18:34:02.94189682, 1.0667E-01, 3.1667E+00,-1.3333E-01,
18:34:02.94189687, 1.0667E-01, 3.1667E+00, 4.0000E-01,
18:34:02.94189692, 1.0667E-01, 3.1333E+00, 0.0000E+00,
18:34:02.94189697, 9.3333E-02, 3.1000E+00, 0.0000E+00,
18:34:02.94189702, 9.3333E-02, 3.1333E+00, 1.3333E-01,
18:34:02.94189707, 9.3333E-02, 3.1000E+00, 1.3333E-01,
18:34:02.94189712, 9.3333E-02, 3.2333E+00, 0.0000E+00,
18:34:02.94189717, 1.0667E-01, 3.1667E+00,-1.3333E-01,
18:34:02.94189722, 1.0667E-01, 3.1000E+00, 0.0000E+00,
18:34:02.94189727, 9.3333E-02, 3.1333E+00, 0.0000E+00,
18:34:02.94189732, 1.2000E-01, 3.1000E+00,-1.3333E-01,
18:34:02.94189737, 9.3333E-02, 3.1667E+00, 1.3333E-01,
18:34:02.94189742, 1.0667E-01, 3.1000E+00,-2.6667E-01,
18:34:02.94189747, 1.2000E-01, 3.1667E+00,-1.3333E-01,
18:34:02.94189752, 9.3333E-02, 3.1333E+00, 2.6667E-01,
18:34:02.94189757, 1.2000E-01, 3.1667E+00,-1.3333E-01,
18:34:02.94189762, 1.0667E-01, 3.1333E+00,-1.3333E-01,
18:34:02.94189767, 8.0000E-02, 3.1000E+00, 2.6667E-01,
18:34:02.94189772, 1.2000E-01, 3.0667E+00, 0.0000E+00,
18:34:02.94189777, 9.3333E-02, 3.1333E+00, 0.0000E+00,
18:34:02.94189782, 9.3333E-02, 3.1667E+00, 2.6667E-01,
18:34:02.94189787, 8.0000E-02, 3.0667E+00,-2.6667E-01,
18:34:02.94189792, 9.3333E-02, 3.1333E+00, 0.0000E+00,
18:34:02.94189797, 9.3333E-02, 3.1333E+00,-1.3333E-01,
18:34:02.94189802, 1.0667E-01, 3.0667E+00,-4.0000E-01,
18:34:02.94189807, 9.3333E-02, 3.1667E+00, 0.0000E+00,
18:34:02.94189812, 1.2000E-01, 3.1333E+00, 0.0000E+00,
18:34:02.94189817, 8.0000E-02, 3.1000E+00, 0.0000E+00,
18:34:02.94189822, 9.3333E-02, 3.1000E+00,-4.0000E-01,
18:34:02.94189827, 1.2000E-01, 3.0667E+00,-1.3333E-01,
18:34:02.94189832, 1.2000E-01, 3.1667E+00, 1.3333E-01,
18:34:02.94189837, 8.0000E-02, 3.1333E+00, 1.3333E-01,
18:34:02.94189842, 8.0000E-02, 3.2000E+00, 1.3333E-01,
18:34:02.94189847, 9.3333E-02, 3.1000E+00, 2.6667E-01,
18:34:02.94189852, 8.0000E-02, 3.2000E+00,-1.3333E-01,
18:34:02.94189857, 9.3333E-02, 3.1667E+00, 0.0000E+00,
18:34:02.94189862, 1.0667E-01, 3.1000E+00, 1.3333E-01,
18:34:02.94189867, 1.2000E-01, 3.1667E+00,-2.6667E-01,
18:34:02.94189872, 9.3333E-02, 3.1667E+00,-2.6667E-01,
18:34:02.94189877, 1.0667E-01, 3.0667E+00, 0.0000E+00,
18:34:02.94189882, 8.0000E-02, 3.2000E+00, 0.0000E+00,
18:34:02.94189887, 9.3333E-02, 3.1333E+00,-2.6667E-01,
18:34:02.94189892, 1.0667E-01, 3.1667E+00, 1.3333E-01,
18:34:02.94189897, 1.0667E-01, 3.1667E+00, 0.0000E+00,
18:34:02.94189902, 1.2000E-01, 3.1333E+00, 0.0000E+00,
18:34:02.94189907, 1.0667E-01, 3.1333E+00, 0.0000E+00,
18:34:02.94189912, 9.3333E-02, 3.2000E+00,-2.6667E-01,
18:34:02.94189917, 9.3333E-02, 3.1000E+00, 2.6667E-01,
18:34:02.94189922, 1.2000E-01, 3.1000E+00,-1.3333E-01,
18:34:02.94189927, 8.0000E-02, 3.1667E+00,-2.6667E-01,
18:34:02.94189932, 8.0000E-02, 3.1333E+00, 0.0000E+00,
18:34:02.94189937, 1.0667E-01, 3.1000E+00,-1.3333E-01,
18:34:02.94189942, 1.0667E-01, 3.1667E+00,-2.6667E-01,
18:34:02.94189947, 9.3333E-02, 3.1667E+00, 1.3333E-01,
18:34:02.94189952, 9.3333E-02, 3.2000E+00,-1.3333E-01,
18:34:02.94189957, 1.0667E-01, 3.1333E+00, 1.3333E-01,
18:34:02.94189962, 8.0000E-02, 3.1000E+00, 1.3333E-01,
18:34:02.94189967, 1.0667E-01, 3.1000E+00,-1.3333E-01,
18:34:02.94189972, 8.0000E-02, 3.1667E+00,-5.3333E-01,
18:34:02.94189977, 8.0000E-02, 3.0667E+00, 2.6667E-01,
18:34:02.94189982, 6.6667E-02, 3.1333E+00,-1.3333E-01,
18:34:02.94189987, 6.6667E-02, 3.1667E+00,-2.6667E-01,
18:34:02.94189992, 9.3333E-02, 3.1333E+00, 1.3333E-01,
18:34:02.94189997, 8.0000E-02, 3.2000E+00, 1.3333E-01,
18:34:02.94190002, 9.3333E-02, 3.1000E+00, 0.0000E+00,
18:34:02.94190007, 1.0667E-01, 3.1000E+00, 1.3333E-01,
18:34:02.94190012, 8.0000E-02, 3.0333E+00, 1.3333E-01,
18:34:02.94190017, 9.3333E-02, 3.2000E+00,-1.3333E-01,
18:34:02.94190022, 8.0000E-02, 3.1333E+00,-1.3333E-01,
18:34:02.94190027, 8.0000E-02, 3.1667E+00, 0.0000E+00,
18:34:02.94190032, 8.0000E-02, 3.1000E+00, 0.0000E+00,
18:34:02.94190037, 8.0000E-02, 3.2000E+00, 1.3333E-01,
18:34:02.94190042, 1.0667E-01, 3.2333E+00,-1.3333E-01,
18:34:02.94190047, 8.0000E-02, 3.1333E+00, 0.0000E+00,
18:34:02.94190052, 1.0667E-01, 3.1333E+00,-1.3333E-01,
18:34:02.94190057, 9.3333E-02, 3.1667E+00,-1.3333E-01,
18:34:02.94190062, 1.2000E-01, 3.2000E+00,-2.6667E-01,
18:34:02.94190067, 1.0667E-01, 3.1333E+00,-4.0000E-01,
18:34:02.94190072, 1.0667E-01, 3.1000E+00,-1.3333E-01,
18:34:02.94190077, 9.3333E-02, 3.1333E+00, 0.0000E+00,
18:34:02.94190082, 1.0667E-01, 3.0667E+00, 4.0000E-01,
18:34:02.94190087, 9.3333E-02, 3.1667E+00, 1.3333E-01,
18:34:02.94190092, 1.0667E-01, 3.1667E+00, 0.0000E+00,
18:34:02.94190097, 1.0667E-01, 3.1000E+00, 0.0000E+00,
18:34:02.94190102, 9.3333E-02, 3.1000E+00, 0.0000E+00,
18:34:02.94190107, 1.0667E-01, 3.1667E+00, 2.6667E-01,
18:34:02.94190112, 8.0000E-02, 3.1000E+00,-2.6667E-01,
18:34:02.94190117, 8.0000E-02, 3.2000E+00, 1.3333E-01,
18:34:02.94190122, 9.3333E-02, 3.1667E+00, 0.0000E+00,
18:34:02.94190127, 8.0000E-02, 3.1333E+00, 0.0000E+00,
18:34:02.94190132, 1.0667E-01, 3.1000E+00, 1.3333E-01,
18:34:02.94190137, 8.0000E-02, 3.2000E+00,-2.6667E-01,
18:34:02.94190142, 1.0667E-01, 3.1667E+00,-1.3333E-01,
18:34:02.94190147, 9.3333E-02, 3.1667E+00, 2.6667E-01,
18:34:02.94190152, 1.2000E-01, 3.1333E+00, 0.0000E+00,
18:34:02.94190157, 8.0000E-02, 3.1000E+00, 4.0000E-01,
18:34:02.94190162, 9.3333E-02, 3.1667E+00, 2.6667E-01,
18:34:02.94190167, 9.3333E-02, 3.1667E+00,-1.3333E-01,
18:34:02.94190172, 8.0000E-02, 3.0667E+00,-4.0000E-01,
18:34:02.94190177, 9.3333E-02, 3.1333E+00,-1.3333E-01,
18:34:02.94190182, 8.0000E-02, 3.1667E+00, 0.0000E+00,
18:34:02.94190187, 8.0000E-02, 3.0667E+00, 1.3333E-01,
18:34:02.94190192, 9.3333E-02, 3.1667E+00, 1.3333E-01,
18:34:02.94190197, 9.3333E-02, 3.1333E+00, 2.6667E-01,
18:34:02.94190202, 8.0000E-02, 3.1667E+00, 2.6667E-01,
18:34:02.94190207, 6.6667E-02, 3.1000E+00, 4.0000E-01,
18:34:02.94190212, 6.6667E-02, 3.1333E+00,-1.3333E-01,
18:34:02.94190217, 1.0667E-01, 3.1000E+00,-1.3333E-01,
18:34:02.94190222, 6.6667E-02, 3.1333E+00,-4.0000E-01,
18:34:02.94190227, 1.2000E-01, 3.1000E+00, 0.0000E+00,
18:34:02.94190232, 1.0667E-01, 3.1333E+00,-1.3333E-01,
18:34:02.94190237, 9.3333E-02, 3.1667E+00, 0.0000E+00,
18:34:02.94190242, 8.0000E-02, 3.1333E+00,-1.3333E-01,
18:34:02.94190247, 8.0000E-02, 3.0667E+00, 1.3333E-01,
18:34:02.94190252, 1.0667E-01, 3.2000E+00, 1.3333E-01,
18:34:02.94190257, 1.0667E-01, 3.1333E+00,-1.3333E-01,
18:34:02.94190262, 1.0667E-01, 3.1333E+00, 1.3333E-01,
18:34:02.94190267, 8.0000E-02, 3.2000E+00, 4.0000E-01,
18:34:02.94190272, 8.0000E-02, 3.1667E+00,-1.3333E-01,
18:34:02.94190277, 8.0000E-02, 3.1667E+00, 1.3333E-01,
18:34:02.94190282, 9.3333E-02, 3.1333E+00,-4.0000E-01,
18:34:02.94190287, 8.0000E-02, 3.1000E+00,-4.0000E-01,
18:34:02.94190292, 1.3333E-01, 3.2000E+00,-1.3333E-01,
18:34:02.94190297, 8.0000E-02, 3.1333E+00,-2.6667E-01,
18:34:02.94190302, 8.0000E-02, 3.1333E+00,-2.6667E-01,
18:34:02.94190307, 8.0000E-02, 3.0667E+00, 0.0000E+00,
18:34:02.94190312, 8.0000E-02, 3.1667E+00,-2.6667E-01,
18:34:02.94190317, 9.3333E-02, 3.1333E+00,-2.6667E-01,
18:34:02.94190322, 8.0000E-02, 3.0667E+00, 1.3333E-01,
18:34:02.94190327, 8.0000E-02, 3.1333E+00, 1.3333E-01,
18:34:02.94190332, 9.3333E-02, 3.1333E+00,-1.3333E-01,
18:34:02.94190337, 8.0000E-02, 3.1333E+00,-1.3333E-01,
18:34:02.94190342, 8.0000E-02, 3.2000E+00,-1.3333E-01,
18:34:02.94190347, 1.0667E-01, 3.1333E+00, 2.6667E-01,
18:34:02.94190352, 9.3333E-02, 3.1333E+00, 0.0000E+00,
18:34:02.94190357, 1.0667E-01, 3.1000E+00, 0.0000E+00,
18:34:02.94190362, 8.0000E-02, 3.1333E+00, 0.0000E+00,
18:34:02.94190367, 8.0000E-02, 3.2000E+00,-1.3333E-01,
18:34:02.94190372, 9.3333E-02, 3.1667E+00, 0.0000E+00,
18:34:02.94190377, 9.3333E-02, 3.1000E+00, 0.0000E+00,
18:34:02.94190382, 6.6667E-02, 3.1667E+00, 0.0000E+00,
18:34:02.94190387, 1.0667E-01, 3.2000E+00,-1.3333E-01,
18:34:02.94190392, 8.0000E-02, 3.1000E+00, 1.3333E-01,
18:34:02.94190397, 8.0000E-02, 3.1667E+00, 2.6667E-01,
18:34:02.94190402, 1.0667E-01, 3.1000E+00,-1.3333E-01,
18:34:02.94190407, 8.0000E-02, 3.0667E+00,-1.3333E-01,
18:34:02.94190412, 6.6667E-02, 3.2000E+00, 0.0000E+00,
18:34:02.94190417, 8.0000E-02, 3.1000E+00, 2.6667E-01,
18:34:02.94190422, 9.3333E-02, 3.1667E+00, 0.0000E+00,
18:34:02.94190427, 8.0000E-02, 3.2000E+00,-1.3333E-01,
18:34:02.94190432, 9.3333E-02, 3.0000E+00, 1.3333E-01,
18:34:02.94190437, 9.3333E-02, 3.1000E+00, 4.0000E-01,
18:34:02.94190442, 6.6667E-02, 3.0667E+00, 1.3333E-01,
18:34:02.94190447, 8.0000E-02, 3.0667E+00, 0.0000E+00,
18:34:02.94190452, 9.3333E-02, 3.1667E+00,-2.6667E-01,
18:34:02.94190457, 6.6667E-02, 3.1000E+00, 1.3333E-01,
18:34:02.94190462, 5.3333E-02, 3.1667E+00, 0.0000E+00,
18:34:02.94190467, 8.0000E-02, 3.1333E+00,-1.3333E-01,
18:34:02.94190472, 1.0667E-01, 3.1667E+00,-2.6667E-01,
18:34:02.94190477, 9.3333E-02, 3.1333E+00,-2.6667E-01,
18:34:02.94190482, 5.3333E-02, 3.2000E+00,-1.3333E-01,
18:34:02.94190487, 1.3333E-01, 3.1000E+00, 0.0000E+00,
18:34:02.94190492, 9.3333E-02, 3.1000E+00,-2.6667E-01,
18:34:02.94190497, 9.3333E-02, 3.1333E+00, 1.3333E-01,
18:34:02.94190502, 8.0000E-02, 3.1667E+00, 0.0000E+00,
18:34:02.94190507, 5.3333E-02, 3.1000E+00, 0.0000E+00,
18:34:02.94190512, 6.6667E-02, 3.1333E+00, 0.0000E+00,
18:34:02.94190517, 8.0000E-02, 3.1667E+00,-2.6667E-01,
18:34:02.94190522, 8.0000E-02, 3.1667E+00, 0.0000E+00,
18:34:02.94190527, 5.3333E-02, 3.1667E+00,-1.3333E-01,
18:34:02.94190532, 9.3333E-02, 3.1333E+00, 0.0000E+00,
18:34:02.94190537, 9.3333E-02, 3.0333E+00, 0.0000E+00,
18:34:02.94190542, 9.3333E-02, 3.1667E+00,-2.6667E-01,
18:34:02.94190547, 8.0000E-02, 3.2000E+00, 0.0000E+00,
18:34:02.94190552, 8.0000E-02, 3.1333E+00, 1.3333E-01,
18:34:02.94190557, 6.6667E-02, 3.2000E+00,-4.0000E-01,
18:34:02.94190562, 8.0000E-02, 3.0667E+00,-1.3333E-01,
18:34:02.94190567, 8.0000E-02, 3.1333E+00, 0.0000E+00,
18:34:02.94190572, 6.6667E-02, 3.0667E+00, 1.3333E-01,
18:34:02.94190577, 8.0000E-02, 3.1667E+00, 0.0000E+00,
18:34:02.94190582, 9.3333E-02, 3.1000E+00,-1.3333E-01,
18:34:02.94190587, 1.0667E-01, 3.1000E+00, 0.0000E+00,
18:34:02.94190592, 8.0000E-02, 3.1667E+00, 1.3333E-01,
18:34:02.94190597, 9.3333E-02, 3.1000E+00,-5.3333E-01,
18:34:02.94190602, 8.0000E-02, 3.0333E+00,-2.6667E-01,
18:34:02.94190607, 8.0000E-02, 3.1333E+00, 0.0000E+00,
18:34:02.94190612, 8.0000E-02, 3.1333E+00,-1.3333E-01,
18:34:02.94190617, 8.0000E-02, 3.1000E+00,-2.6667E-01,
18:34:02.94190622, 8.0000E-02, 3.1333E+00, 1.3333E-01,
18:34:02.94190627, 6.6667E-02, 3.1667E+00, 0.0000E+00,
18:34:02.94190632, 8.0000E-02, 3.0667E+00, 2.6667E-01,
18:34:02.94190637, 8.0000E-02, 3.1667E+00, 1.3333E-01,
18:34:02.94190642, 8.0000E-02, 3.1333E+00, 1.3333E-01,
18:34:02.94190647, 6.6667E-02, 3.1667E+00, 2.6667E-01,
18:34:02.94190652, 8.0000E-02, 3.1667E+00, 1.3333E-01,
18:34:02.94190657, 8.0000E-02, 3.1333E+00,-1.3333E-01,
18:34:02.94190662, 8.0000E-02, 3.1667E+00, 2.6667E-01,
18:34:02.94190667, 8.0000E-02, 3.2333E+00, 0.0000E+00,
18:34:02.94190672, 9.3333E-02, 3.2000E+00, 2.6667E-01,
18:34:02.94190677, 8.0000E-02, 3.1667E+00,-1.3333E-01,
18:34:02.94190682, 8.0000E-02, 3.1333E+00, 2.6667E-01,
18:34:02.94190687, 8.0000E-02, 3.1333E+00,-4.0000E-01,
18:34:02.94190692, 8.0000E-02, 3.2000E+00,-1.3333E-01,
18:34:02.94190697, 8.0000E-02, 3.1333E+00, 0.0000E+00,
18:34:02.94190702, 8.0000E-02, 3.1667E+00, 1.3333E-01,
18:34:02.94190707, 8.0000E-02, 3.1000E+00, 0.0000E+00,
18:34:02.94190712, 9.3333E-02, 3.2000E+00, 1.3333E-01,
18:34:02.94190717, 8.0000E-02, 3.1000E+00,-2.6667E-01,
18:34:02.94190722, 8.0000E-02, 3.1667E+00, 0.0000E+00,
18:34:02.94190727, 6.6667E-02, 3.1000E+00, 1.3333E-01,
18:34:02.94190732, 8.0000E-02, 3.1333E+00, 4.0000E-01,
18:34:02.94190737, 8.0000E-02, 3.1000E+00, 4.0000E-01,
18:34:02.94190742, 8.0000E-02, 3.1333E+00,-2.6667E-01,
18:34:02.94190747, 8.0000E-02, 3.1667E+00, 1.3333E-01,
18:34:02.94190752, 8.0000E-02, 3.1000E+00,-2.6667E-01,
18:34:02.94190757, 8.0000E-02, 3.1000E+00,-1.3333E-01,
18:34:02.94190762, 9.3333E-02, 3.1667E+00,-4.0000E-01,
18:34:02.94190767, 6.6667E-02, 3.1667E+00,-4.0000E-01,
18:34:02.94190772, 4.0000E-02, 3.1333E+00, 2.6667E-01,
18:34:02.94190777, 8.0000E-02, 3.1333E+00,-4.0000E-01,
18:34:02.94190782, 8.0000E-02, 3.1667E+00, 1.3333E-01,
18:34:02.94190787, 6.6667E-02, 3.1333E+00,-2.6667E-01,
18:34:02.94190792, 6.6667E-02, 3.1333E+00,-2.6667E-01,
18:34:02.94190797, 6.6667E-02, 3.1667E+00, 1.3333E-01,
18:34:02.94190802, 8.0000E-02, 3.1333E+00,-2.6667E-01,
18:34:02.94190807, 4.0000E-02, 3.2000E+00,-1.3333E-01,
18:34:02.94190812, 8.0000E-02, 3.0333E+00,-1.3333E-01,
18:34:02.94190817, 8.0000E-02, 3.1333E+00,-1.3333E-01,
18:34:02.94190822, 8.0000E-02, 3.1333E+00, 1.3333E-01,
18:34:02.94190827, 6.6667E-02, 3.1667E+00, 1.3333E-01,
18:34:02.94190832, 8.0000E-02, 3.1667E+00,-2.6667E-01,
18:34:02.94190837, 5.3333E-02, 3.1667E+00, 0.0000E+00,
18:34:02.94190842, 5.3333E-02, 3.1000E+00, 0.0000E+00,
18:34:02.94190847, 8.0000E-02, 3.1333E+00, 0.0000E+00,
18:34:02.94190852, 6.6667E-02, 3.1000E+00,-1.3333E-01,
18:34:02.94190857, 8.0000E-02, 3.1000E+00,-1.3333E-01,
18:34:02.94190862, 4.0000E-02, 3.1333E+00, 0.0000E+00,
18:34:02.94190867, 8.0000E-02, 3.0667E+00,-1.3333E-01,
18:34:02.94190872, 9.3333E-02, 3.1000E+00, 1.3333E-01,
18:34:02.94190877, 6.6667E-02, 3.1333E+00, 0.0000E+00,
18:34:02.94190882, 8.0000E-02, 3.1667E+00, 0.0000E+00,
18:34:02.94190887, 8.0000E-02, 3.1667E+00, 0.0000E+00,
18:34:02.94190892, 8.0000E-02, 3.1667E+00, 4.0000E-01,
18:34:02.94190897, 6.6667E-02, 3.1667E+00,-1.3333E-01,
18:34:02.94190902, 8.0000E-02, 3.1667E+00,-1.3333E-01,
18:34:02.94190907, 5.3333E-02, 3.1667E+00, 0.0000E+00,
18:34:02.94190912, 5.3333E-02, 3.1333E+00, 1.3333E-01,
18:34:02.94190917, 8.0000E-02, 3.1333E+00,-1.3333E-01,
18:34:02.94190922, 8.0000E-02, 3.1333E+00, 1.3333E-01,
18:34:02.94190927, 6.6667E-02, 3.2000E+00,-1.3333E-01,
18:34:02.94190932, 8.0000E-02, 3.2000E+00, 0.0000E+00,
18:34:02.94190937, 8.0000E-02, 3.1667E+00, 0.0000E+00,
18:34:02.94190942, 6.6667E-02, 3.0667E+00,-1.3333E-01,
18:34:02.94190947, 5.3333E-02, 3.2000E+00, 0.0000E+00,
18:34:02.94190952, 8.0000E-02, 3.1667E+00, 4.0000E-01,
18:34:02.94190957, 8.0000E-02, 3.1333E+00, 1.3333E-01,
18:34:02.94190962, 8.0000E-02, 3.2000E+00,-2.6667E-01,
18:34:02.94190967, 4.0000E-02, 3.1333E+00,-1.3333E-01,
18:34:02.94190972, 6.6667E-02, 3.1333E+00, 4.0000E-01,
18:34:02.94190977, 8.0000E-02, 3.1333E+00, 1.3333E-01,
18:34:02.94190982, 4.0000E-02, 3.1333E+00, 0.0000E+00,
18:34:02.94190987, 8.0000E-02, 3.2000E+00, 0.0000E+00,
18:34:02.94190992, 5.3333E-02, 3.2333E+00,-2.6667E-01,
18:34:02.94190997, 5.3333E-02, 3.1000E+00,-1.3333E-01,
18:34:02.94191002, 8.0000E-02, 3.1667E+00,-5.3333E-01,
18:34:02.94191007, 8.0000E-02, 3.2000E+00, 0.0000E+00,
18:34:02.94191012, 1.2000E-01, 3.1667E+00, 0.0000E+00,
18:34:02.94191017, 1.2000E-01, 3.1333E+00, 1.3333E-01,
18:34:02.94191022, 8.0000E-02, 3.1333E+00, 0.0000E+00,
18:34:02.94191027, 8.0000E-02, 3.2000E+00, 0.0000E+00,
18:34:02.94191032, 8.0000E-02, 3.1667E+00, 0.0000E+00,
18:34:02.94191037, 8.0000E-02, 3.1667E+00, 0.0000E+00,
18:34:02.94191042, 6.6667E-02, 3.2000E+00,-2.6667E-01,
18:34:02.94191047, 5.3333E-02, 3.1667E+00,-1.3333E-01,
18:34:02.94191052, 8.0000E-02, 3.1000E+00,-2.6667E-01,
18:34:02.94191057, 6.6667E-02, 3.1667E+00,-1.3333E-01,
18:34:02.94191062, 8.0000E-02, 3.1667E+00,-1.3333E-01,
18:34:02.94191067, 6.6667E-02, 3.1667E+00, 0.0000E+00,
18:34:02.94191072, 6.6667E-02, 3.1000E+00, 1.3333E-01,
18:34:02.94191077, 6.6667E-02, 3.1000E+00, 0.0000E+00,
18:34:02.94191082, 5.3333E-02, 3.1667E+00, 0.0000E+00,
18:34:02.94191087, 8.0000E-02, 3.1667E+00, 0.0000E+00,
18:34:02.94191092, 8.0000E-02, 3.0667E+00,-1.3333E-01,
18:34:02.94191097, 5.3333E-02, 3.1000E+00,-5.3333E-01,
18:34:02.94191102, 8.0000E-02, 3.1667E+00,-2.6667E-01,
18:34:02.94191107, 8.0000E-02, 3.1667E+00,-1.3333E-01,
18:34:02.94191112, 8.0000E-02, 3.1667E+00, 1.3333E-01,
18:34:02.94191117, 6.6667E-02, 3.1333E+00, 1.3333E-01,
18:34:02.94191122, 8.0000E-02, 3.1333E+00,-1.3333E-01,
18:34:02.94191127, 8.0000E-02, 3.2333E+00, 2.6667E-01,
18:34:02.94191132, 4.0000E-02, 3.1333E+00, 2.6667E-01,
18:34:02.94191137, 4.0000E-02, 3.2000E+00, 0.0000E+00,
18:34:02.94191142, 9.3333E-02, 3.2333E+00, 1.3333E-01,
18:34:02.94191147, 6.6667E-02, 3.2000E+00,-1.3333E-01,
18:34:02.94191152, 8.0000E-02, 3.1000E+00, 0.0000E+00,
18:34:02.94191157, 9.3333E-02, 3.1333E+00,-1.3333E-01,
18:34:02.94191162, 8.0000E-02, 3.1333E+00, 0.0000E+00,
18:34:02.94191167, 5.3333E-02, 3.2000E+00, 0.0000E+00,
18:34:02.94191172, 8.0000E-02, 3.1000E+00, 1.3333E-01,
18:34:02.94191177, 5.3333E-02, 3.1667E+00, 0.0000E+00,
18:34:02.94191182, 5.3333E-02, 3.1000E+00,-1.3333E-01,
18:34:02.94191187, 8.0000E-02, 3.1000E+00,-1.3333E-01,
18:34:02.94191192, 8.0000E-02, 3.1667E+00, 0.0000E+00,
18:34:02.94191197, 8.0000E-02, 3.0667E+00, 1.3333E-01,
18:34:02.94191202, 8.0000E-02, 3.1000E+00,-4.0000E-01,
18:34:02.94191207, 6.6667E-02, 3.2000E+00, 0.0000E+00,
18:34:02.94191212, 8.0000E-02, 3.1333E+00, 0.0000E+00,
18:34:02.94191217, 6.6667E-02, 3.1667E+00,-1.3333E-01,
18:34:02.94191222, 5.3333E-02, 3.2333E+00, 1.3333E-01,
18:34:02.94191227, 5.3333E-02, 3.2333E+00, 0.0000E+00,
18:34:02.94191232, 5.3333E-02, 3.1333E+00, 2.6667E-01,
18:34:02.94191237, 5.3333E-02, 3.1667E+00, 0.0000E+00,
18:34:02.94191242, 6.6667E-02, 3.1000E+00, 1.3333E-01,
18:34:02.94191247, 6.6667E-02, 3.0667E+00, 1.3333E-01,
18:34:02.94191252, 5.3333E-02, 3.1333E+00,-4.0000E-01,
18:34:02.94191257, 6.6667E-02, 3.0667E+00, 0.0000E+00,
18:34:02.94191262, 6.6667E-02, 3.1333E+00, 1.3333E-01,
18:34:02.94191267, 6.6667E-02, 3.1333E+00, 1.3333E-01,
18:34:02.94191272, 8.0000E-02, 3.1333E+00, 1.3333E-01,
18:34:02.94191277, 8.0000E-02, 3.1333E+00,-1.3333E-01,
18:34:02.94191282, 5.3333E-02, 3.1000E+00,-4.0000E-01,
18:34:02.94191287, 4.0000E-02, 3.1667E+00, 0.0000E+00,
18:34:02.94191292, 6.6667E-02, 3.1667E+00,-2.6667E-01,
18:34:02.94191297, 5.3333E-02, 3.0667E+00,-2.6667E-01,
18:34:02.94191302, 6.6667E-02, 3.1667E+00,-4.0000E-01,
18:34:02.94191307, 8.0000E-02, 3.2000E+00, 1.3333E-01,
18:34:02.94191312, 5.3333E-02, 3.1000E+00, 0.0000E+00,
18:34:02.94191317, 5.3333E-02, 3.1667E+00,-1.3333E-01,
18:34:02.94191322, 5.3333E-02, 3.2000E+00, 2.6667E-01,
18:34:02.94191327, 5.3333E-02, 3.1667E+00,-1.3333E-01,
18:34:02.94191332, 5.3333E-02, 3.1667E+00,-2.6667E-01,
18:34:02.94191337, 4.0000E-02, 3.2000E+00,-4.0000E-01,
18:34:02.94191342, 6.6667E-02, 3.1000E+00,-1.3333E-01,
18:34:02.94191347, 5.3333E-02, 3.1667E+00,-4.0000E-01,
18:34:02.94191352, 8.0000E-02, 3.1000E+00,-2.6667E-01,
18:34:02.94191357, 8.0000E-02, 3.1000E+00,-2.6667E-01,
18:34:02.94191362, 5.3333E-02, 3.2000E+00,-1.3333E-01,
18:34:02.94191367, 4.0000E-02, 3.1667E+00, 2.6667E-01,
18:34:02.94191372, 8.0000E-02, 3.1333E+00, 1.3333E-01,
18:34:02.94191377, 4.0000E-02, 3.1000E+00,-1.3333E-01,
18:34:02.94191382, 8.0000E-02, 3.1667E+00, 0.0000E+00,
18:34:02.94191387, 8.0000E-02, 3.1333E+00,-1.3333E-01,
18:34:02.94191392, 8.0000E-02, 3.1000E+00, 0.0000E+00,
18:34:02.94191397, 5.3333E-02, 3.1000E+00, 1.3333E-01,
18:34:02.94191402, 8.0000E-02, 3.2000E+00, 0.0000E+00,
18:34:02.94191407, 5.3333E-02, 3.1333E+00, 2.6667E-01,
18:34:02.94191412, 6.6667E-02, 3.1000E+00,-1.3333E-01,
18:34:02.94191417, 8.0000E-02, 3.1333E+00, 0.0000E+00,
18:34:02.94191422, 5.3333E-02, 3.1000E+00,-4.0000E-01,
18:34:02.94191427, 4.0000E-02, 3.1333E+00,-1.3333E-01,
18:34:02.94191432, 8.0000E-02, 3.1667E+00, 1.3333E-01,
18:34:02.94191437, 8.0000E-02, 3.1000E+00,-1.3333E-01,
18:34:02.94191442, 6.6667E-02, 3.1333E+00,-6.6667E-01,
18:34:02.94191447, 8.0000E-02, 3.1333E+00,-1.3333E-01,
18:34:02.94191452, 5.3333E-02, 3.1333E+00, 0.0000E+00,
18:34:02.94191457, 8.0000E-02, 3.1333E+00, 0.0000E+00,
18:34:02.94191462, 8.0000E-02, 3.1667E+00, 1.3333E-01,
18:34:02.94191467, 8.0000E-02, 3.1333E+00, 0.0000E+00,
18:34:02.94191472, 6.6667E-02, 3.1333E+00,-1.3333E-01,
18:34:02.94191477, 5.3333E-02, 3.1667E+00,-1.3333E-01,
18:34:02.94191482, 6.6667E-02, 3.1333E+00, 0.0000E+00,
18:34:02.94191487, 4.0000E-02, 3.1333E+00,-1.3333E-01,
18:34:02.94191492, 8.0000E-02, 3.2000E+00, 0.0000E+00,
18:34:02.94191497, 6.6667E-02, 3.1333E+00, 1.3333E-01,
18:34:02.94191502, 8.0000E-02, 3.1000E+00,-1.3333E-01,
18:34:02.94191507, 6.6667E-02, 3.0667E+00, 1.3333E-01,
18:34:02.94191512, 8.0000E-02, 3.1333E+00, 2.6667E-01,
18:34:02.94191517, 2.6667E-02, 3.1667E+00, 1.3333E-01,
18:34:02.94191522, 4.0000E-02, 3.1667E+00, 0.0000E+00,
18:34:02.94191527, 5.3333E-02, 3.1000E+00,-2.6667E-01,
18:34:02.94191532, 4.0000E-02, 3.1333E+00,-2.6667E-01,
18:34:02.94191537, 8.0000E-02, 3.1333E+00, 1.3333E-01,
18:34:02.94191542, 8.0000E-02, 3.1667E+00,-1.3333E-01,
18:34:02.94191547, 6.6667E-02, 3.1000E+00, 0.0000E+00,
18:34:02.94191552, 8.0000E-02, 3.1333E+00, 0.0000E+00,
18:34:02.94191557, 9.3333E-02, 3.2333E+00, 0.0000E+00,
18:34:02.94191562, 5.3333E-02, 3.1000E+00, 1.3333E-01,
18:34:02.94191567, 4.0000E-02, 3.1667E+00, 0.0000E+00,
18:34:02.94191572, 6.6667E-02, 3.1667E+00, 1.3333E-01,
18:34:02.94191577, 8.0000E-02, 3.1333E+00,-1.3333E-01,
18:34:02.94191582, 8.0000E-02, 3.1333E+00,-1.3333E-01,
18:34:02.94191587, 8.0000E-02, 3.1000E+00,-1.3333E-01,
18:34:02.94191592, 5.3333E-02, 3.1000E+00, 1.3333E-01,
18:34:02.94191597, 8.0000E-02, 3.1667E+00, 1.3333E-01,
18:34:02.94191602, 6.6667E-02, 3.1667E+00,-1.3333E-01,
18:34:02.94191607, 5.3333E-02, 3.1333E+00,-1.3333E-01,
18:34:02.94191612, 6.6667E-02, 3.1333E+00,-1.3333E-01,
18:34:02.94191617, 6.6667E-02, 3.1333E+00, 0.0000E+00,
18:34:02.94191622, 5.3333E-02, 3.1333E+00, 1.3333E-01,
18:34:02.94191627, 6.6667E-02, 3.2000E+00,-1.3333E-01,
18:34:02.94191632, 6.6667E-02, 3.1667E+00,-1.3333E-01,
18:34:02.94191637, 6.6667E-02, 3.1333E+00, 0.0000E+00,
18:34:02.94191642, 5.3333E-02, 3.1667E+00,-1.3333E-01,
18:34:02.94191647, 8.0000E-02, 3.1333E+00, 0.0000E+00,
18:34:02.94191652, 6.6667E-02, 3.1333E+00,-2.6667E-01,
18:34:02.94191657, 5.3333E-02, 3.1000E+00,-1.3333E-01,
18:34:02.94191662, 4.0000E-02, 3.1667E+00, 0.0000E+00,
18:34:02.94191667, 6.6667E-02, 3.1667E+00, 1.3333E-01,
18:34:02.94191672, 9.3333E-02, 3.2000E+00, 0.0000E+00,
18:34:02.94191677, 8.0000E-02, 3.1667E+00, 2.6667E-01,
18:34:02.94191682, 8.0000E-02, 3.1333E+00, 0.0000E+00,
18:34:02.94191687, 8.0000E-02, 3.1667E+00, 2.6667E-01,
18:34:02.94191692, 6.6667E-02, 3.2000E+00,-1.3333E-01,
18:34:02.94191697, 5.3333E-02, 3.1667E+00, 0.0000E+00,
18:34:02.94191702, 4.0000E-02, 3.1000E+00,-1.3333E-01,
18:34:02.94191707, 2.6667E-02, 3.0667E+00,-2.6667E-01,
18:34:02.94191712, 5.3333E-02, 3.1000E+00, 1.3333E-01,
18:34:02.94191717, 6.6667E-02, 3.1333E+00,-1.3333E-01,
18:34:02.94191722, 6.6667E-02, 3.1000E+00, 1.3333E-01,
18:34:02.94191727, 5.3333E-02, 3.1000E+00,-1.3333E-01,
18:34:02.94191732, 8.0000E-02, 3.1667E+00, 0.0000E+00,
18:34:02.94191737, 8.0000E-02, 3.1333E+00,-1.3333E-01,
18:34:02.94191742, 8.0000E-02, 3.1667E+00, 1.3333E-01,
18:34:02.94191747, 6.6667E-02, 3.1667E+00, 0.0000E+00,
18:34:02.94191752, 5.3333E-02, 3.1000E+00, 2.6667E-01,
18:34:02.94191757, 6.6667E-02, 3.1667E+00,-1.3333E-01,
18:34:02.94191762, 5.3333E-02, 3.1667E+00, 1.3333E-01,
18:34:02.94191767, 4.0000E-02, 3.1333E+00, 0.0000E+00,
18:34:02.94191772, 5.3333E-02, 3.1000E+00,-1.3333E-01,
18:34:02.94191777, 4.0000E-02, 3.0667E+00,-1.3333E-01,
18:34:02.94191782, 8.0000E-02, 3.1333E+00,-2.6667E-01,
18:34:02.94191787, 4.0000E-02, 3.1333E+00, 0.0000E+00,
18:34:02.94191792, 6.6667E-02, 3.2000E+00, 1.3333E-01,
18:34:02.94191797, 4.0000E-02, 3.1000E+00, 0.0000E+00,
18:34:02.94191802, 4.0000E-02, 3.1667E+00, 1.3333E-01,
18:34:02.94191807, 5.3333E-02, 3.1000E+00,-1.3333E-01,
18:34:02.94191812, 6.6667E-02, 3.1667E+00,-1.3333E-01,
18:34:02.94191817, 4.0000E-02, 3.1000E+00,-4.0000E-01,
18:34:02.94191822, 4.0000E-02, 3.1333E+00,-1.3333E-01,
18:34:02.94191827, 5.3333E-02, 3.1333E+00, 0.0000E+00,
18:34:02.94191832, 4.0000E-02, 3.1000E+00, 1.3333E-01,
18:34:02.94191837, 6.6667E-02, 3.1000E+00, 1.3333E-01,
18:34:02.94191842, 5.3333E-02, 3.1000E+00, 2.6667E-01,
18:34:02.94191847, 2.6667E-02, 3.1333E+00, 0.0000E+00,
18:34:02.94191852, 4.0000E-02, 3.2333E+00, 0.0000E+00,
18:34:02.94191857, 2.6667E-02, 3.1333E+00,-1.3333E-01,
18:34:02.94191862, 6.6667E-02, 3.1667E+00, 2.6667E-01,
18:34:02.94191867, 4.0000E-02, 3.1667E+00, 0.0000E+00,
18:34:02.94191872, 8.0000E-02, 3.1667E+00,-1.3333E-01,
18:34:02.94191877, 5.3333E-02, 3.1000E+00,-2.6667E-01,
18:34:02.94191882, 5.3333E-02, 3.0667E+00, 0.0000E+00,
18:34:02.94191887, 5.3333E-02, 3.1667E+00, 0.0000E+00,
18:34:02.94191892, 6.6667E-02, 3.1333E+00, 0.0000E+00,
18:34:02.94191897, 5.3333E-02, 3.2000E+00,-1.3333E-01,
18:34:02.94191902, 4.0000E-02, 3.1000E+00, 0.0000E+00,
18:34:02.94191907, 4.0000E-02, 3.1667E+00, 1.3333E-01,
18:34:02.94191912, 4.0000E-02, 3.1333E+00, 1.3333E-01,
18:34:02.94191917, 8.0000E-02, 3.0667E+00, 1.3333E-01,
18:34:02.94191922, 8.0000E-02, 3.1667E+00, 2.6667E-01,
18:34:02.94191927, 5.3333E-02, 3.1333E+00,-1.3333E-01,
18:34:02.94191932, 4.0000E-02, 3.1000E+00,-1.3333E-01,
18:34:02.94191937, 8.0000E-02, 3.1333E+00,-1.3333E-01,
18:34:02.94191942, 6.6667E-02, 3.1333E+00, 1.3333E-01,
18:34:02.94191947, 5.3333E-02, 3.1667E+00,-4.0000E-01,
18:34:02.94191952, 5.3333E-02, 3.0667E+00, 1.3333E-01,
18:34:02.94191957, 6.6667E-02, 3.2000E+00,-1.3333E-01,
18:34:02.94191962, 5.3333E-02, 3.1000E+00, 1.3333E-01,
18:34:02.94191967, 8.0000E-02, 3.1333E+00,-1.3333E-01,
18:34:02.94191972, 4.0000E-02, 3.1000E+00, 0.0000E+00,
18:34:02.94191977, 5.3333E-02, 3.2000E+00,-1.3333E-01,
18:34:02.94191982, 8.0000E-02, 3.1333E+00, 0.0000E+00,
18:34:02.94191987, 6.6667E-02, 3.2000E+00,-2.6667E-01,
18:34:02.94191992, 6.6667E-02, 3.2333E+00, 0.0000E+00,
18:34:02.94191997, 5.3333E-02, 3.1000E+00, 0.0000E+00,
18:34:02.94192002, 4.0000E-02, 3.1333E+00, 0.0000E+00,
18:34:02.94192007, 6.6667E-02, 3.1333E+00, 1.3333E-01,
18:34:02.94192012, 6.6667E-02, 3.1000E+00,-1.3333E-01,
18:34:02.94192017, 5.3333E-02, 3.2000E+00, 2.6667E-01,
18:34:02.94192022, 5.3333E-02, 3.1000E+00, 1.3333E-01,
18:34:02.94192027, 5.3333E-02, 3.1333E+00, 1.3333E-01,
18:34:02.94192032, 5.3333E-02, 3.1667E+00, 0.0000E+00,
18:34:02.94192037, 4.0000E-02, 3.1000E+00, 1.3333E-01,
18:34:02.94192042, 5.3333E-02, 3.1333E+00, 0.0000E+00,
18:34:02.94192047, 8.0000E-02, 3.1667E+00, 2.6667E-01,
18:34:02.94192052, 4.0000E-02, 3.1333E+00, 1.3333E-01,
18:34:02.94192057, 6.6667E-02, 3.1667E+00, 0.0000E+00,
18:34:02.94192062, 2.6667E-02, 3.0667E+00, 0.0000E+00,
18:34:02.94192067, 8.0000E-02, 3.2000E+00, 0.0000E+00,
18:34:02.94192072, 5.3333E-02, 3.1667E+00, 1.3333E-01,
18:34:02.94192077, 5.3333E-02, 3.0667E+00,-1.3333E-01,
18:34:02.94192082, 5.3333E-02, 3.0667E+00, 2.6667E-01,
18:34:02.94192087, 8.0000E-02, 3.1667E+00,-1.3333E-01,
18:34:02.94192092, 4.0000E-02, 3.1000E+00,-1.3333E-01,
18:34:02.94192097, 5.3333E-02, 3.1333E+00,-1.3333E-01,
18:34:02.94192102, 4.0000E-02, 3.1333E+00, 1.3333E-01,
18:34:02.94192107, 2.6667E-02, 3.1333E+00,-1.3333E-01,
18:34:02.94192112, 5.3333E-02, 3.1000E+00,-2.6667E-01,
18:34:02.94192117, 6.6667E-02, 3.1667E+00,-2.6667E-01,
18:34:02.94192122, 8.0000E-02, 3.1667E+00, 0.0000E+00,
18:34:02.94192127, 2.6667E-02, 3.1667E+00,-2.6667E-01,
18:34:02.94192132, 4.0000E-02, 3.1667E+00, 1.3333E-01,
18:34:02.94192137, 5.3333E-02, 3.1333E+00, 2.6667E-01,
18:34:02.94192142, 2.6667E-02, 3.1333E+00,-2.6667E-01,
18:34:02.94192147, 5.3333E-02, 3.1667E+00, 1.3333E-01,
18:34:02.94192152, 4.0000E-02, 3.1667E+00, 2.6667E-01,
18:34:02.94192157, 6.6667E-02, 3.1667E+00,-1.3333E-01,
18:34:02.94192162, 8.0000E-02, 3.1333E+00, 1.3333E-01,
18:34:02.94192167, 4.0000E-02, 3.1333E+00,-1.3333E-01,
18:34:02.94192172, 6.6667E-02, 3.1333E+00,-1.3333E-01,
18:34:02.94192177, 8.0000E-02, 3.1333E+00, 0.0000E+00,
18:34:02.94192182, 5.3333E-02, 3.0667E+00, 0.0000E+00,
18:34:02.94192187, 4.0000E-02, 3.1000E+00, 1.3333E-01,
18:34:02.94192192, 2.6667E-02, 3.1667E+00,-1.3333E-01,
18:34:02.94192197, 6.6667E-02, 3.1333E+00, 0.0000E+00,
18:34:02.94192202, 4.0000E-02, 3.1333E+00, 1.3333E-01,
18:34:02.94192207, 6.6667E-02, 3.1333E+00, 1.3333E-01,
18:34:02.94192212, 4.0000E-02, 3.1333E+00, 1.3333E-01,
18:34:02.94192217, 8.0000E-02, 3.2000E+00,-2.6667E-01,
18:34:02.94192222, 0.0000E+00, 3.2333E+00, 1.3333E-01,
18:34:02.94192227, 6.6667E-02, 3.1667E+00, 1.3333E-01,
18:34:02.94192232, 5.3333E-02, 3.2333E+00, 1.3333E-01,
18:34:02.94192237, 6.6667E-02, 3.2000E+00,-1.3333E-01,
18:34:02.94192242, 1.3333E-02, 3.1333E+00,-2.6667E-01,
18:34:02.94192247, 5.3333E-02, 3.1333E+00,-1.3333E-01,
18:34:02.94192252, 4.0000E-02, 3.1667E+00,-1.3333E-01,
18:34:02.94192257, 4.0000E-02, 3.1333E+00, 1.3333E-01,
18:34:02.94192262, 6.6667E-02, 3.2000E+00,-1.3333E-01,
18:34:02.94192267, 6.6667E-02, 3.1333E+00,-2.6667E-01,
18:34:02.94192272, 5.3333E-02, 3.1667E+00, 1.3333E-01,
18:34:02.94192277, 4.0000E-02, 3.2333E+00, 1.3333E-01,
18:34:02.94192282, 4.0000E-02, 3.1000E+00,-1.3333E-01,
18:34:02.94192287, 2.6667E-02, 3.1333E+00, 0.0000E+00,
18:34:02.94192292, 4.0000E-02, 3.1667E+00, 1.3333E-01,
18:34:02.94192297, 4.0000E-02, 3.0667E+00, 1.3333E-01,
18:34:02.94192302, 5.3333E-02, 3.1667E+00,-1.3333E-01,
18:34:02.94192307, 5.3333E-02, 3.1000E+00, 0.0000E+00,
18:34:02.94192312, 6.6667E-02, 3.1333E+00, 0.0000E+00,
18:34:02.94192317, 5.3333E-02, 3.1000E+00, 0.0000E+00,
18:34:02.94192322, 5.3333E-02, 3.1333E+00,-1.3333E-01,
18:34:02.94192327, 2.6667E-02, 3.2333E+00,-1.3333E-01,
18:34:02.94192332, 4.0000E-02, 3.1333E+00, 0.0000E+00,
18:34:02.94192337, 1.3333E-02, 3.1000E+00, 1.3333E-01,
18:34:02.94192342, 5.3333E-02, 3.1333E+00, 4.0000E-01,
18:34:02.94192347, 4.0000E-02, 3.1667E+00, 1.3333E-01,
18:34:02.94192352, 8.0000E-02, 3.2667E+00, 0.0000E+00,
18:34:02.94192357, 4.0000E-02, 3.1667E+00, 2.6667E-01,
18:34:02.94192362, 5.3333E-02, 3.2000E+00,-1.3333E-01,
18:34:02.94192367, 5.3333E-02, 3.1667E+00, 0.0000E+00,
18:34:02.94192372, 2.6667E-02, 3.1667E+00, 0.0000E+00,
18:34:02.94192377, 4.0000E-02, 3.1333E+00,-1.3333E-01,
18:34:02.94192382, 6.6667E-02, 3.2000E+00, 2.6667E-01,
18:34:02.94192387, 5.3333E-02, 3.1000E+00,-1.3333E-01,
18:34:02.94192392, 4.0000E-02, 3.1667E+00, 2.6667E-01,
18:34:02.94192397, 4.0000E-02, 3.2000E+00, 0.0000E+00,
18:34:02.94192402, 5.3333E-02, 3.1667E+00,-1.3333E-01,
18:34:02.94192407, 5.3333E-02, 3.1333E+00, 1.3333E-01,
18:34:02.94192412, 5.3333E-02, 3.1333E+00, 0.0000E+00,
18:34:02.94192417, 4.0000E-02, 3.1333E+00, 1.3333E-01,
18:34:02.94192422, 8.0000E-02, 3.1667E+00,-1.3333E-01,
18:34:02.94192427, 4.0000E-02, 3.1000E+00, 1.3333E-01,
18:34:02.94192432, 2.6667E-02, 3.1333E+00, 1.3333E-01,
18:34:02.94192437, 2.6667E-02, 3.1667E+00, 0.0000E+00,
18:34:02.94192442, 2.6667E-02, 3.1667E+00, 2.6667E-01,
18:34:02.94192447, 4.0000E-02, 3.1333E+00, 1.3333E-01,
18:34:02.94192452, 6.6667E-02, 3.1333E+00, 1.3333E-01,
18:34:02.94192457, 6.6667E-02, 3.1667E+00,-1.3333E-01,
18:34:02.94192462, 8.0000E-02, 3.0667E+00, 0.0000E+00,
18:34:02.94192467, 6.6667E-02, 3.1000E+00, 1.3333E-01,
18:34:02.94192472, 2.6667E-02, 3.1667E+00, 1.3333E-01,
18:34:02.94192477, 1.3333E-02, 3.0667E+00,-2.6667E-01,
18:34:02.94192482, 5.3333E-02, 3.1333E+00, 2.6667E-01,
18:34:02.94192487, 5.3333E-02, 3.2000E+00, 0.0000E+00,
18:34:02.94192492, 4.0000E-02, 3.2000E+00,-4.0000E-01,
18:34:02.94192497, 4.0000E-02, 3.1000E+00, 1.3333E-01,
18:34:02.94192502, 4.0000E-02, 3.1667E+00, 1.3333E-01,
18:34:02.94192507, 6.6667E-02, 3.1667E+00, 0.0000E+00,
18:34:02.94192512, 4.0000E-02, 3.1333E+00, 1.3333E-01,
18:34:02.94192517, 6.6667E-02, 3.1000E+00, 0.0000E+00,
18:34:02.94192522, 0.0000E+00, 3.1000E+00,-1.3333E-01,
18:34:02.94192527, 4.0000E-02, 3.1333E+00, 1.3333E-01,
18:34:02.94192532, 4.0000E-02, 3.1000E+00, 2.6667E-01,
18:34:02.94192537, 5.3333E-02, 3.2000E+00, 2.6667E-01,
18:34:02.94192542, 4.0000E-02, 3.1000E+00, 0.0000E+00,
18:34:02.94192547, 4.0000E-02, 3.1333E+00,-2.6667E-01,
18:34:02.94192552, 6.6667E-02, 3.1333E+00,-5.3333E-01,
18:34:02.94192557, 6.6667E-02, 3.1000E+00, 0.0000E+00,
18:34:02.94192562, 4.0000E-02, 3.1667E+00,-2.6667E-01,
18:34:02.94192567, 6.6667E-02, 3.1000E+00,-2.6667E-01,
18:34:02.94192572, 4.0000E-02, 3.1667E+00,-1.3333E-01,
18:34:02.94192577, 2.6667E-02, 3.2333E+00, 0.0000E+00,
18:34:02.94192582, 4.0000E-02, 3.2000E+00, 2.6667E-01,
18:34:02.94192587, 0.0000E+00, 3.1667E+00, 2.6667E-01,
18:34:02.94192592, 6.6667E-02, 3.1333E+00,-1.3333E-01,
18:34:02.94192597, 6.6667E-02, 3.1000E+00,-1.3333E-01,
18:34:02.94192602, 5.3333E-02, 3.1000E+00,-2.6667E-01,
18:34:02.94192607, 5.3333E-02, 3.1333E+00,-4.0000E-01,
18:34:02.94192612, 2.6667E-02, 3.1667E+00,-4.0000E-01,
18:34:02.94192617, 4.0000E-02, 3.1333E+00,-1.3333E-01,
18:34:02.94192622, 4.0000E-02, 3.1667E+00, 0.0000E+00,
18:34:02.94192627, 4.0000E-02, 3.0667E+00, 1.3333E-01,
18:34:02.94192632, 5.3333E-02, 3.1333E+00, 0.0000E+00,
18:34:02.94192637, 4.0000E-02, 3.1667E+00, 1.3333E-01,
18:34:02.94192642, 6.6667E-02, 3.1667E+00, 1.3333E-01,
18:34:02.94192647, 4.0000E-02, 3.0333E+00, 1.3333E-01,
18:34:02.94192652, 4.0000E-02, 3.1333E+00, 4.0000E-01,
18:34:02.94192657, 4.0000E-02, 3.2000E+00, 1.3333E-01,
18:34:02.94192662, 2.6667E-02, 3.2000E+00, 1.3333E-01,
18:34:02.94192667, 2.6667E-02, 3.1000E+00,-2.6667E-01,
18:34:02.94192672, 1.3333E-02, 3.2000E+00,-1.3333E-01,
18:34:02.94192677, 8.0000E-02, 3.1333E+00,-1.3333E-01,
18:34:02.94192682, 6.6667E-02, 3.1000E+00, 2.6667E-01,
18:34:02.94192687, 6.6667E-02, 3.1333E+00, 1.3333E-01,
18:34:02.94192692, 5.3333E-02, 3.1667E+00,-2.6667E-01,
18:34:02.94192697, 2.6667E-02, 3.1000E+00,-2.6667E-01,
18:34:02.94192702, 6.6667E-02, 3.1667E+00,-1.3333E-01,
18:34:02.94192707, 5.3333E-02, 3.2000E+00, 0.0000E+00,
18:34:02.94192712, 4.0000E-02, 3.1667E+00, 0.0000E+00,
18:34:02.94192717, 2.6667E-02, 3.2333E+00,-1.3333E-01,
18:34:02.94192722, 2.6667E-02, 3.1333E+00,-2.6667E-01,
18:34:02.94192727, 4.0000E-02, 3.2000E+00,-1.3333E-01,
18:34:02.94192732, 2.6667E-02, 3.1000E+00,-1.3333E-01,
18:34:02.94192737, 6.6667E-02, 3.0667E+00,-1.3333E-01,
18:34:02.94192742, 2.6667E-02, 3.1333E+00, 0.0000E+00,
18:34:02.94192747, 5.3333E-02, 3.1667E+00, 2.6667E-01,
18:34:02.94192752, 6.6667E-02, 3.0667E+00, 0.0000E+00,
18:34:02.94192757, 2.6667E-02, 3.1333E+00,-2.6667E-01,
18:34:02.94192762, 0.0000E+00, 3.1000E+00,-1.3333E-01,
18:34:02.94192767, 5.3333E-02, 3.1333E+00,-2.6667E-01,
18:34:02.94192772, 4.0000E-02, 3.1333E+00,-1.3333E-01,
18:34:02.94192777, 5.3333E-02, 3.1000E+00, 0.0000E+00,
18:34:02.94192782, 5.3333E-02, 3.1333E+00, 1.3333E-01,
18:34:02.94192787, 4.0000E-02, 3.1333E+00, 1.3333E-01,
18:34:02.94192792, 6.6667E-02, 3.1000E+00, 1.3333E-01,
18:34:02.94192797, 2.6667E-02, 3.1000E+00,-1.3333E-01,
18:34:02.94192802, 4.0000E-02, 3.1333E+00, 0.0000E+00,
18:34:02.94192807, 5.3333E-02, 3.1667E+00, 1.3333E-01,
18:34:02.94192812, 4.0000E-02, 3.1667E+00,-1.3333E-01,
18:34:02.94192817, 4.0000E-02, 3.1000E+00, 0.0000E+00,
18:34:02.94192822, 2.6667E-02, 3.1000E+00,-1.3333E-01,
18:34:02.94192827, 1.3333E-02, 3.1667E+00, 2.6667E-01,
18:34:02.94192832, 6.6667E-02, 3.1333E+00, 0.0000E+00,
18:34:02.94192837, 5.3333E-02, 3.1000E+00, 1.3333E-01,
18:34:02.94192842, 6.6667E-02, 3.2333E+00,-1.3333E-01,
18:34:02.94192847, 4.0000E-02, 3.2000E+00,-1.3333E-01,
18:34:02.94192852, 4.0000E-02, 3.2000E+00, 1.3333E-01,
18:34:02.94192857, 4.0000E-02, 3.1667E+00, 2.6667E-01,
18:34:02.94192862, 4.0000E-02, 3.0667E+00,-1.3333E-01,
18:34:02.94192867, 4.0000E-02, 3.1333E+00, 1.3333E-01,
18:34:02.94192872, 6.6667E-02, 3.1667E+00, 1.3333E-01,
18:34:02.94192877, 2.6667E-02, 3.1667E+00,-2.6667E-01,
18:34:02.94192882, 2.6667E-02, 3.1667E+00, 1.3333E-01,
18:34:02.94192887, 6.6667E-02, 3.2000E+00, 2.6667E-01,
18:34:02.94192892, 5.3333E-02, 3.1333E+00, 1.3333E-01,
18:34:02.94192897, 4.0000E-02, 3.1667E+00,-2.6667E-01,
18:34:02.94192902, 4.0000E-02, 3.2000E+00,-2.6667E-01,
18:34:02.94192907, 2.6667E-02, 3.1333E+00, 0.0000E+00,
18:34:02.94192912, 1.3333E-02, 3.1667E+00,-2.6667E-01,
18:34:02.94192917, 5.3333E-02, 3.1000E+00, 2.6667E-01,
18:34:02.94192922, 2.6667E-02, 3.1667E+00, 1.3333E-01,
18:34:02.94192927, 2.6667E-02, 3.1333E+00,-1.3333E-01,
18:34:02.94192932, 2.6667E-02, 3.1333E+00, 1.3333E-01,
18:34:02.94192937, 5.3333E-02, 3.1000E+00, 1.3333E-01,
18:34:02.94192942, 5.3333E-02, 3.0667E+00, 1.3333E-01,
18:34:02.94192947, 2.6667E-02, 3.2000E+00,-4.0000E-01,
18:34:02.94192952, 4.0000E-02, 3.1667E+00,-2.6667E-01,
18:34:02.94192957, 2.6667E-02, 3.1000E+00,-4.0000E-01,
18:34:02.94192962, 4.0000E-02, 3.1667E+00,-4.0000E-01,
18:34:02.94192967, 2.6667E-02, 3.1333E+00,-4.0000E-01,
18:34:02.94192972, 2.6667E-02, 3.1333E+00, 2.6667E-01,
18:34:02.94192977, 5.3333E-02, 3.1333E+00, 0.0000E+00,
18:34:02.94192982, 4.0000E-02, 3.2000E+00, 0.0000E+00,
18:34:02.94192987, 4.0000E-02, 3.1333E+00, 2.6667E-01,
18:34:02.94192992, 5.3333E-02, 3.1333E+00, 1.3333E-01,
18:34:02.94192997, 0.0000E+00, 3.1000E+00,-1.3333E-01,
18:34:02.94193002, 5.3333E-02, 3.1333E+00, 0.0000E+00,
18:34:02.94193007, 1.3333E-02, 3.1667E+00,-4.0000E-01,
18:34:02.94193012, 5.3333E-02, 3.1667E+00, 0.0000E+00,
18:34:02.94193017, 6.6667E-02, 3.2000E+00, 0.0000E+00,
18:34:02.94193022, 5.3333E-02, 3.1667E+00, 1.3333E-01,
18:34:02.94193027, 4.0000E-02, 3.1667E+00,-2.6667E-01,
18:34:02.94193032, 4.0000E-02, 3.1333E+00, 1.3333E-01,
18:34:02.94193037, 4.0000E-02, 3.1333E+00, 1.3333E-01,
18:34:02.94193042, 4.0000E-02, 3.1667E+00, 0.0000E+00,
18:34:02.94193047, 2.6667E-02, 3.2333E+00, 1.3333E-01,
18:34:02.94193052, 0.0000E+00, 3.2000E+00,-1.3333E-01,
18:34:02.94193057, 1.3333E-02, 3.1667E+00, 2.6667E-01,
18:34:02.94193062, 1.3333E-02, 3.1667E+00, 1.3333E-01,
18:34:02.94193067, 6.6667E-02, 3.2000E+00, 0.0000E+00,
18:34:02.94193072, 6.6667E-02, 3.1000E+00, 0.0000E+00,
18:34:02.94193077, 5.3333E-02, 3.1000E+00, 1.3333E-01,
18:34:02.94193082, 6.6667E-02, 3.2000E+00, 4.0000E-01,
18:34:02.94193087, 4.0000E-02, 3.1000E+00,-1.3333E-01,
18:34:02.94193092, 2.6667E-02, 3.1667E+00,-1.3333E-01,
18:34:02.94193097, 4.0000E-02, 3.1000E+00,-1.3333E-01,
18:34:02.94193102, 1.3333E-02, 3.1667E+00,-2.6667E-01,
18:34:02.94193107, 1.3333E-02, 3.1333E+00, 0.0000E+00,
18:34:02.94193112, 6.6667E-02, 3.2000E+00,-1.3333E-01,
18:34:02.94193117, 6.6667E-02, 3.1333E+00, 0.0000E+00,
18:34:02.94193122, 1.3333E-02, 3.0333E+00, 0.0000E+00,
18:34:02.94193127, 5.3333E-02, 3.0333E+00, 0.0000E+00,
18:34:02.94193132, 5.3333E-02, 3.1000E+00, 1.3333E-01,
18:34:02.94193137, 6.6667E-02, 3.1000E+00, 0.0000E+00,
18:34:02.94193142, 1.3333E-02, 3.1000E+00,-1.3333E-01,
18:34:02.94193147, 1.3333E-02, 3.2000E+00, 0.0000E+00,
18:34:02.94193152, 4.0000E-02, 3.1667E+00, 0.0000E+00,
18:34:02.94193157, 4.0000E-02, 3.1000E+00,-5.3333E-01,
18:34:02.94193162, 4.0000E-02, 3.1333E+00, 0.0000E+00,
18:34:02.94193167, 4.0000E-02, 3.1333E+00,-1.3333E-01,
18:34:02.94193172, 5.3333E-02, 3.1667E+00, 1.3333E-01,
18:34:02.94193177, 2.6667E-02, 3.1667E+00, 1.3333E-01,
18:34:02.94193182, 6.6667E-02, 3.0667E+00,-4.0000E-01,
18:34:02.94193187, 2.6667E-02, 3.2000E+00,-1.3333E-01,
18:34:02.94193192, 0.0000E+00, 3.1667E+00, 0.0000E+00,
18:34:02.94193197, 1.3333E-02, 3.1333E+00,-2.6667E-01,
18:34:02.94193202, 2.6667E-02, 3.1000E+00, 1.3333E-01,
18:34:02.94193207, 4.0000E-02, 3.1333E+00,-2.6667E-01,
18:34:02.94193212, 4.0000E-02, 3.1333E+00,-1.3333E-01,
18:34:02.94193217, 6.6667E-02, 3.1000E+00, 0.0000E+00,
18:34:02.94193222, 6.6667E-02, 3.1667E+00,-1.3333E-01,
18:34:02.94193227, 4.0000E-02, 3.1000E+00, 1.3333E-01,
18:34:02.94193232, 2.6667E-02, 3.1333E+00, 1.3333E-01,
18:34:02.94193237, 1.3333E-02, 3.1333E+00, 1.3333E-01,
18:34:02.94193242, 4.0000E-02, 3.1667E+00,-1.3333E-01,
18:34:02.94193247, 4.0000E-02, 3.1000E+00,-1.3333E-01,
