"Header Size"           ,15              
"Model Name"            ,"DL850EV       "
"Comment"               ,"                         "
"BlockNumber"           ,1               
"TraceName"             ,"Vgate         ","Vds           ","Id            "
"BlockSize"             ,1001            ,1001            ,1001            
"VUnit"                 ,"V             ","V             ","A             "
"SampleRate"            ,5000000.000000  ,5000000.000000  ,5000000.000000  
"HResolution"           ,2.000000e-07    ,2.000000e-07    ,2.000000e-07    
"HOffset"               ,-2.000000e-05   ,-2.000000e-05   ,-2.000000e-05   
"HUnit"                 ,"s             ","s             ","s             "
"DisplayPointNo."       ,1               ,1               ,1               
"PhaseShift"            ,1               ,1               ,1               
"Date"                  ,"2026/05/22    ","2026/05/22    ","2026/05/22    "
"Time"                  ,"14:20:29.89734376","14:20:29.89734376","14:20:29.89734376"

14:20:29.89732376, 3.3333E-02, 1.0400E+01, 9.3333E-01,
14:20:29.89732396, 0.0000E+00, 1.0533E+01, 1.2000E+00,
14:20:29.89732416, 3.3333E-02, 1.0467E+01, 1.0667E+00,
14:20:29.89732436, 0.0000E+00, 1.0467E+01, 8.0000E-01,
14:20:29.89732456,-3.3333E-02, 1.0400E+01, 8.0000E-01,
14:20:29.89732476, 0.0000E+00, 1.0533E+01, 9.3333E-01,
14:20:29.89732496, 3.3333E-02, 1.0533E+01, 1.2000E+00,
14:20:29.89732516, 3.3333E-02, 1.0533E+01, 1.0667E+00,
14:20:29.89732536, 0.0000E+00, 1.0467E+01, 1.0667E+00,
14:20:29.89732556, 0.0000E+00, 1.0467E+01, 9.3333E-01,
14:20:29.89732576, 0.0000E+00, 1.0400E+01, 1.2000E+00,
14:20:29.89732596, 0.0000E+00, 1.0533E+01, 9.3333E-01,
14:20:29.89732616, 0.0000E+00, 1.0467E+01, 9.3333E-01,
14:20:29.89732636, 6.6667E-02, 1.0533E+01, 1.2000E+00,
14:20:29.89732656, 6.6667E-02, 1.0533E+01, 1.0667E+00,
14:20:29.89732676, 3.3333E-02, 1.0533E+01, 8.0000E-01,
14:20:29.89732696, 6.6667E-02, 1.0400E+01, 1.0667E+00,
14:20:29.89732716, 3.3333E-02, 1.0400E+01, 9.3333E-01,
14:20:29.89732736, 3.3333E-02, 1.0400E+01, 9.3333E-01,
14:20:29.89732756, 3.3333E-02, 1.0533E+01, 1.0667E+00,
14:20:29.89732776, 3.3333E-02, 1.0400E+01, 9.3333E-01,
14:20:29.89732796, 0.0000E+00, 1.0533E+01, 1.2000E+00,
14:20:29.89732816, 3.3333E-02, 1.0467E+01, 1.0667E+00,
14:20:29.89732836, 0.0000E+00, 1.0600E+01, 9.3333E-01,
14:20:29.89732856, 3.3333E-02, 1.0533E+01, 1.0667E+00,
14:20:29.89732876, 3.3333E-02, 1.0533E+01, 6.6667E-01,
14:20:29.89732896,-3.3333E-02, 1.0600E+01, 9.3333E-01,
14:20:29.89732916, 0.0000E+00, 1.0400E+01, 9.3333E-01,
14:20:29.89732936, 3.3333E-02, 1.0333E+01, 8.0000E-01,
14:20:29.89732956, 3.3333E-02, 1.0600E+01, 1.0667E+00,
14:20:29.89732976, 0.0000E+00, 1.0600E+01, 6.6667E-01,
14:20:29.89732996,-3.3333E-02, 1.0467E+01, 1.3333E+00,
14:20:29.89733016, 6.6667E-02, 1.0533E+01, 9.3333E-01,
14:20:29.89733036, 6.6667E-02, 1.0533E+01, 9.3333E-01,
14:20:29.89733056, 0.0000E+00, 1.0600E+01, 1.0667E+00,
14:20:29.89733076, 0.0000E+00, 1.0600E+01, 8.0000E-01,
14:20:29.89733096, 1.0000E-01, 1.0467E+01, 1.2000E+00,
14:20:29.89733116, 0.0000E+00, 1.0467E+01, 9.3333E-01,
14:20:29.89733136, 3.3333E-02, 1.0467E+01, 1.0667E+00,
14:20:29.89733156, 6.6667E-02, 1.0467E+01, 1.0667E+00,
14:20:29.89733176, 3.3333E-02, 1.0533E+01, 9.3333E-01,
14:20:29.89733196, 3.3333E-02, 1.0533E+01, 1.2000E+00,
14:20:29.89733216, 3.3333E-02, 1.0533E+01, 9.3333E-01,
14:20:29.89733236, 0.0000E+00, 1.0467E+01, 8.0000E-01,
14:20:29.89733256,-3.3333E-02, 1.0533E+01, 1.0667E+00,
14:20:29.89733276,-3.3333E-02, 1.0467E+01, 6.6667E-01,
14:20:29.89733296, 0.0000E+00, 1.0533E+01, 9.3333E-01,
14:20:29.89733316, 3.3333E-02, 1.0467E+01, 8.0000E-01,
14:20:29.89733336,-3.3333E-02, 1.0667E+01, 1.0667E+00,
14:20:29.89733356, 1.0000E-01, 1.0467E+01, 1.0667E+00,
14:20:29.89733376, 6.6667E-02, 1.0533E+01, 8.0000E-01,
14:20:29.89733396, 0.0000E+00, 1.0600E+01, 9.3333E-01,
14:20:29.89733416,-3.3333E-02, 1.0333E+01, 6.6667E-01,
14:20:29.89733436, 1.0000E-01, 1.0600E+01, 1.0667E+00,
14:20:29.89733456, 0.0000E+00, 1.0533E+01, 8.0000E-01,
14:20:29.89733476, 0.0000E+00, 1.0600E+01, 8.0000E-01,
14:20:29.89733496, 6.6667E-02, 1.0600E+01, 1.0667E+00,
14:20:29.89733516,-6.6667E-02, 1.0533E+01, 1.0667E+00,
14:20:29.89733536, 3.3333E-02, 1.0467E+01, 1.2000E+00,
14:20:29.89733556, 6.6667E-02, 1.0467E+01, 1.0667E+00,
14:20:29.89733576, 0.0000E+00, 1.0533E+01, 1.0667E+00,
14:20:29.89733596, 3.3333E-02, 1.0533E+01, 1.2000E+00,
14:20:29.89733616, 1.0000E-01, 1.0533E+01, 9.3333E-01,
14:20:29.89733636, 0.0000E+00, 1.0400E+01, 1.0667E+00,
14:20:29.89733656, 3.3333E-02, 1.0400E+01, 1.0667E+00,
14:20:29.89733676, 0.0000E+00, 1.0600E+01, 1.0667E+00,
14:20:29.89733696, 3.3333E-02, 1.0400E+01, 1.0667E+00,
14:20:29.89733716, 6.6667E-02, 1.0600E+01, 1.3333E+00,
14:20:29.89733736, 3.3333E-02, 1.0400E+01, 1.3333E+00,
14:20:29.89733756, 0.0000E+00, 1.0533E+01, 8.0000E-01,
14:20:29.89733776, 3.3333E-02, 1.0600E+01, 1.0667E+00,
14:20:29.89733796, 3.3333E-02, 1.0467E+01, 1.0667E+00,
14:20:29.89733816, 0.0000E+00, 1.0533E+01, 9.3333E-01,
14:20:29.89733836,-3.3333E-02, 1.0600E+01, 6.6667E-01,
14:20:29.89733856,-6.6667E-02, 1.0400E+01, 9.3333E-01,
14:20:29.89733876,-3.3333E-02, 1.0467E+01, 1.2000E+00,
14:20:29.89733896, 0.0000E+00, 1.0400E+01, 9.3333E-01,
14:20:29.89733916, 0.0000E+00, 1.0467E+01, 9.3333E-01,
14:20:29.89733936, 6.6667E-02, 1.0467E+01, 6.6667E-01,
14:20:29.89733956, 6.6667E-02, 1.0600E+01, 8.0000E-01,
14:20:29.89733976,-3.3333E-02, 1.0467E+01, 1.0667E+00,
14:20:29.89733996, 0.0000E+00, 1.0400E+01, 1.0667E+00,
14:20:29.89734016, 0.0000E+00, 1.0467E+01, 1.0667E+00,
14:20:29.89734036,-3.3333E-02, 1.0533E+01, 1.2000E+00,
14:20:29.89734056, 3.3333E-02, 1.0467E+01, 1.2000E+00,
14:20:29.89734076, 3.3333E-02, 1.0467E+01, 8.0000E-01,
14:20:29.89734096, 0.0000E+00, 1.0533E+01, 1.0667E+00,
14:20:29.89734116, 6.6667E-02, 1.0467E+01, 1.0667E+00,
14:20:29.89734136, 3.3333E-02, 1.0467E+01, 8.0000E-01,
14:20:29.89734156, 3.3333E-02, 1.0533E+01, 9.3333E-01,
14:20:29.89734176, 3.3333E-02, 1.0467E+01, 8.0000E-01,
14:20:29.89734196,-3.3333E-02, 1.0400E+01, 9.3333E-01,
14:20:29.89734216, 0.0000E+00, 1.0533E+01, 9.3333E-01,
14:20:29.89734236, 0.0000E+00, 1.0533E+01, 8.0000E-01,
14:20:29.89734256, 3.3333E-02, 1.0467E+01, 1.2000E+00,
14:20:29.89734276,-6.6667E-02, 1.0600E+01, 1.3333E+00,
14:20:29.89734296,-6.6667E-02, 1.0533E+01, 1.4667E+00,
14:20:29.89734316,-3.3333E-02, 1.0600E+01, 1.0667E+00,
14:20:29.89734336, 0.0000E+00, 1.0600E+01, 9.3333E-01,
14:20:29.89734356, 1.6667E-01, 1.0533E+01, 9.3333E-01,
14:20:29.89734376, 1.0933E+01, 7.0667E+00, 6.6667E-01,
14:20:29.89734396, 1.5167E+01, 4.7333E+00, 8.0000E-01,
14:20:29.89734416, 1.5667E+01, 3.8000E+00, 9.3333E-01,
14:20:29.89734436, 1.5667E+01, 3.4667E+00, 8.0000E-01,
14:20:29.89734456, 1.6100E+01, 2.8667E+00, 1.0667E+00,
14:20:29.89734476, 1.6533E+01, 2.6000E+00, 9.3333E-01,
14:20:29.89734496, 1.6767E+01, 2.4667E+00, 1.2000E+00,
14:20:29.89734516, 1.6767E+01, 2.4667E+00, 1.0667E+00,
14:20:29.89734536, 1.6767E+01, 2.4667E+00, 1.2000E+00,
14:20:29.89734556, 1.6867E+01, 2.4000E+00, 1.4667E+00,
14:20:29.89734576, 1.6900E+01, 2.3333E+00, 1.4667E+00,
14:20:29.89734596, 1.7033E+01, 2.4667E+00, 1.8667E+00,
14:20:29.89734616, 1.7067E+01, 2.5333E+00, 1.8667E+00,
14:20:29.89734636, 1.7100E+01, 2.6000E+00, 2.1333E+00,
14:20:29.89734656, 1.7100E+01, 2.7333E+00, 2.1333E+00,
14:20:29.89734676, 1.7067E+01, 2.7333E+00, 2.2667E+00,
14:20:29.89734696, 1.7000E+01, 2.8000E+00, 2.6667E+00,
14:20:29.89734716, 1.7033E+01, 2.9333E+00, 3.2000E+00,
14:20:29.89734736, 1.7100E+01, 2.9333E+00, 3.4667E+00,
14:20:29.89734756, 1.7000E+01, 3.0667E+00, 3.6000E+00,
14:20:29.89734776, 1.7000E+01, 3.0000E+00, 4.2667E+00,
14:20:29.89734796, 1.7133E+01, 3.1333E+00, 4.0000E+00,
14:20:29.89734816, 1.7067E+01, 3.0667E+00, 4.6667E+00,
14:20:29.89734836, 1.7067E+01, 3.2667E+00, 4.9333E+00,
14:20:29.89734856, 1.7100E+01, 3.2000E+00, 5.0667E+00,
14:20:29.89734876, 1.7100E+01, 3.4667E+00, 5.7333E+00,
14:20:29.89734896, 1.7167E+01, 3.3333E+00, 6.1333E+00,
14:20:29.89734916, 1.7067E+01, 3.4000E+00, 6.5333E+00,
14:20:29.89734936, 1.7100E+01, 3.4667E+00, 6.6667E+00,
14:20:29.89734956, 1.7033E+01, 3.6000E+00, 7.3333E+00,
14:20:29.89734976, 1.7100E+01, 3.5333E+00, 8.2667E+00,
14:20:29.89734996, 1.7067E+01, 3.5333E+00, 7.7333E+00,
14:20:29.89735016, 1.7067E+01, 3.8000E+00, 8.4000E+00,
14:20:29.89735036, 1.7100E+01, 3.7333E+00, 8.8000E+00,
14:20:29.89735056, 1.7133E+01, 3.8000E+00, 9.3333E+00,
14:20:29.89735076, 1.7067E+01, 3.8667E+00, 1.0000E+01,
14:20:29.89735096, 1.7067E+01, 3.8667E+00, 1.0133E+01,
14:20:29.89735116, 1.7133E+01, 3.8667E+00, 1.0800E+01,
14:20:29.89735136, 1.7100E+01, 4.0000E+00, 1.1333E+01,
14:20:29.89735156, 1.7100E+01, 4.0667E+00, 1.1600E+01,
14:20:29.89735176, 1.7133E+01, 4.2000E+00, 1.2000E+01,
14:20:29.89735196, 1.7133E+01, 4.2667E+00, 1.2533E+01,
14:20:29.89735216, 1.7167E+01, 4.3333E+00, 1.3467E+01,
14:20:29.89735236, 1.7100E+01, 4.4667E+00, 1.3600E+01,
14:20:29.89735256, 1.7200E+01, 4.4667E+00, 1.4000E+01,
14:20:29.89735276, 1.7267E+01, 4.4667E+00, 1.4800E+01,
14:20:29.89735296, 1.7200E+01, 4.7333E+00, 1.4800E+01,
14:20:29.89735316, 1.7267E+01, 4.8000E+00, 1.5600E+01,
14:20:29.89735336, 1.7300E+01, 4.8000E+00, 1.6267E+01,
14:20:29.89735356, 1.7300E+01, 4.8000E+00, 1.6800E+01,
14:20:29.89735376, 1.7367E+01, 5.0000E+00, 1.7067E+01,
14:20:29.89735396, 1.7433E+01, 5.1333E+00, 1.7867E+01,
14:20:29.89735416, 1.7533E+01, 5.4000E+00, 1.8400E+01,
14:20:29.89735436, 1.7533E+01, 5.6667E+00, 1.8533E+01,
14:20:29.89735456, 1.7533E+01, 5.7333E+00, 1.9200E+01,
14:20:29.89735476, 1.7733E+01, 5.8000E+00, 1.9733E+01,
14:20:29.89735496, 1.7800E+01, 6.0667E+00, 1.9867E+01,
14:20:29.89735516, 1.7867E+01, 6.1333E+00, 2.1200E+01,
14:20:29.89735536, 1.7900E+01, 6.2000E+00, 2.1200E+01,
14:20:29.89735556, 1.8000E+01, 6.5333E+00, 2.1733E+01,
14:20:29.89735576, 1.8133E+01, 6.5333E+00, 2.2533E+01,
14:20:29.89735596, 1.8200E+01, 6.8000E+00, 2.2667E+01,
14:20:29.89735616, 1.8200E+01, 6.9333E+00, 2.3333E+01,
14:20:29.89735636, 1.8300E+01, 7.0667E+00, 2.3867E+01,
14:20:29.89735656, 1.8333E+01, 7.2667E+00, 2.4000E+01,
14:20:29.89735676, 1.8500E+01, 7.4000E+00, 2.4933E+01,
14:20:29.89735696, 1.8500E+01, 7.6000E+00, 2.5333E+01,
14:20:29.89735716, 1.8533E+01, 7.8000E+00, 2.5467E+01,
14:20:29.89735736, 1.8567E+01, 7.9333E+00, 2.6133E+01,
14:20:29.89735756, 1.8567E+01, 8.4667E+00, 2.6800E+01,
14:20:29.89735776, 1.8667E+01, 8.4667E+00, 2.7333E+01,
14:20:29.89735796, 1.8633E+01, 8.5333E+00, 2.7867E+01,
14:20:29.89735816, 1.8633E+01, 8.9333E+00, 2.8400E+01,
14:20:29.89735836, 1.8667E+01, 9.1333E+00, 2.8667E+01,
14:20:29.89735856, 1.8600E+01, 9.1333E+00, 2.9333E+01,
14:20:29.89735876, 1.8600E+01, 9.5333E+00, 2.9733E+01,
14:20:29.89735896, 1.8667E+01, 9.8000E+00, 3.0533E+01,
14:20:29.89735916, 1.8633E+01, 9.7333E+00, 3.0667E+01,
14:20:29.89735936, 1.8733E+01, 1.0200E+01, 3.1333E+01,
14:20:29.89735956, 1.8600E+01, 1.0200E+01, 3.1333E+01,
14:20:29.89735976, 1.8667E+01, 1.0400E+01, 3.2267E+01,
14:20:29.89735996, 1.8600E+01, 1.0733E+01, 3.2400E+01,
14:20:29.89736016, 1.8633E+01, 1.0800E+01, 3.2800E+01,
14:20:29.89736036, 1.8667E+01, 1.0933E+01, 3.3067E+01,
14:20:29.89736056, 1.8600E+01, 1.1133E+01, 3.3867E+01,
14:20:29.89736076, 1.8633E+01, 1.1333E+01, 3.4267E+01,
14:20:29.89736096, 1.8600E+01, 1.1400E+01, 3.4933E+01,
14:20:29.89736116, 1.8633E+01, 1.1533E+01, 3.5467E+01,
14:20:29.89736136, 1.8567E+01, 1.1600E+01, 3.5600E+01,
14:20:29.89736156, 1.8500E+01, 1.1800E+01, 3.6267E+01,
14:20:29.89736176, 1.8567E+01, 1.2000E+01, 3.6533E+01,
14:20:29.89736196, 1.8533E+01, 1.2000E+01, 3.7200E+01,
14:20:29.89736216, 1.8467E+01, 1.2067E+01, 3.7333E+01,
14:20:29.89736236, 1.8500E+01, 1.2067E+01, 3.8000E+01,
14:20:29.89736256, 1.8433E+01, 1.2200E+01, 3.7867E+01,
14:20:29.89736276, 1.8433E+01, 1.2133E+01, 3.8800E+01,
14:20:29.89736296, 1.8300E+01, 1.2200E+01, 3.9200E+01,
14:20:29.89736316, 1.8333E+01, 1.2133E+01, 3.9600E+01,
14:20:29.89736336, 1.8233E+01, 1.2000E+01, 4.0133E+01,
14:20:29.89736356, 1.8267E+01, 1.2000E+01, 4.0400E+01,
14:20:29.89736376, 1.8167E+01, 1.2200E+01, 4.1067E+01,
14:20:29.89736396, 1.8133E+01, 1.2200E+01, 4.1467E+01,
14:20:29.89736416, 1.8100E+01, 1.2267E+01, 4.1733E+01,
14:20:29.89736436, 1.8000E+01, 1.2133E+01, 4.2133E+01,
14:20:29.89736456, 1.7900E+01, 1.2133E+01, 4.2533E+01,
14:20:29.89736476, 1.7867E+01, 1.2067E+01, 4.2800E+01,
14:20:29.89736496, 1.7800E+01, 1.2000E+01, 4.3333E+01,
14:20:29.89736516, 1.7667E+01, 1.2067E+01, 4.3600E+01,
14:20:29.89736536, 1.7633E+01, 1.2000E+01, 4.4400E+01,
14:20:29.89736556, 1.7633E+01, 1.2000E+01, 4.4400E+01,
14:20:29.89736576, 1.7500E+01, 1.2000E+01, 4.4933E+01,
14:20:29.89736596, 1.7467E+01, 1.2000E+01, 4.5200E+01,
14:20:29.89736616, 1.7367E+01, 1.1933E+01, 4.5467E+01,
14:20:29.89736636, 1.7333E+01, 1.1933E+01, 4.6133E+01,
14:20:29.89736656, 1.7167E+01, 1.1933E+01, 4.6267E+01,
14:20:29.89736676, 1.7167E+01, 1.1867E+01, 4.6533E+01,
14:20:29.89736696, 1.7133E+01, 1.1800E+01, 4.7067E+01,
14:20:29.89736716, 1.7100E+01, 1.1733E+01, 4.7600E+01,
14:20:29.89736736, 1.7133E+01, 1.1667E+01, 4.7733E+01,
14:20:29.89736756, 1.7067E+01, 1.1533E+01, 4.8000E+01,
14:20:29.89736776, 1.7100E+01, 1.1333E+01, 4.8667E+01,
14:20:29.89736796, 1.7067E+01, 1.1333E+01, 4.8400E+01,
14:20:29.89736816, 1.6967E+01, 1.1133E+01, 4.9067E+01,
14:20:29.89736836, 1.7067E+01, 1.1133E+01, 4.9733E+01,
14:20:29.89736856, 1.7033E+01, 1.0667E+01, 5.0000E+01,
14:20:29.89736876, 1.7033E+01, 1.0733E+01, 5.0400E+01,
14:20:29.89736896, 1.7067E+01, 1.0667E+01, 5.0533E+01,
14:20:29.89736916, 1.7000E+01, 1.0467E+01, 5.0933E+01,
14:20:29.89736936, 1.7000E+01, 1.0333E+01, 5.1333E+01,
14:20:29.89736956, 1.6967E+01, 1.0133E+01, 5.1467E+01,
14:20:29.89736976, 1.7000E+01, 9.9333E+00, 5.1600E+01,
14:20:29.89736996, 1.7000E+01, 9.8000E+00, 5.2267E+01,
14:20:29.89737016, 1.6967E+01, 9.7333E+00, 5.2533E+01,
14:20:29.89737036, 1.7000E+01, 9.6000E+00, 5.2800E+01,
14:20:29.89737056, 1.7033E+01, 9.5333E+00, 5.3200E+01,
14:20:29.89737076, 1.7067E+01, 9.3333E+00, 5.3733E+01,
14:20:29.89737096, 1.7067E+01, 9.4667E+00, 5.4133E+01,
14:20:29.89737116, 1.7100E+01, 9.2000E+00, 5.4400E+01,
14:20:29.89737136, 1.7167E+01, 9.2000E+00, 5.4800E+01,
14:20:29.89737156, 1.7100E+01, 9.2000E+00, 5.5067E+01,
14:20:29.89737176, 1.7133E+01, 9.0667E+00, 5.5467E+01,
14:20:29.89737196, 1.7167E+01, 9.1333E+00, 5.5333E+01,
14:20:29.89737216, 1.7167E+01, 9.0000E+00, 5.6133E+01,
14:20:29.89737236, 1.7133E+01, 9.0667E+00, 5.6267E+01,
14:20:29.89737256, 1.7167E+01, 9.0667E+00, 5.6667E+01,
14:20:29.89737276, 1.7167E+01, 9.1333E+00, 5.6933E+01,
14:20:29.89737296, 1.7167E+01, 9.2000E+00, 5.7067E+01,
14:20:29.89737316, 1.7167E+01, 9.0667E+00, 5.7733E+01,
14:20:29.89737336, 1.7167E+01, 9.2667E+00, 5.7733E+01,
14:20:29.89737356, 1.7267E+01, 9.3333E+00, 5.8133E+01,
14:20:29.89737376, 1.7200E+01, 9.4000E+00, 5.8800E+01,
14:20:29.89737396, 1.7200E+01, 9.4667E+00, 5.8933E+01,
14:20:29.89737416, 1.7300E+01, 9.6667E+00, 5.9067E+01,
14:20:29.89737436, 1.7200E+01, 9.5333E+00, 5.9600E+01,
14:20:29.89737456, 1.7300E+01, 9.6000E+00, 5.9600E+01,
14:20:29.89737476, 1.7267E+01, 9.7333E+00, 5.9867E+01,
14:20:29.89737496, 1.7233E+01, 9.8000E+00, 6.0533E+01,
14:20:29.89737516, 1.7333E+01, 9.9333E+00, 6.1067E+01,
14:20:29.89737536, 1.7300E+01, 1.0000E+01, 6.1200E+01,
14:20:29.89737556, 1.7267E+01, 1.0067E+01, 6.1333E+01,
14:20:29.89737576, 1.7333E+01, 1.0067E+01, 6.1733E+01,
14:20:29.89737596, 1.7300E+01, 1.0067E+01, 6.2133E+01,
14:20:29.89737616, 1.7333E+01, 1.0200E+01, 6.2267E+01,
14:20:29.89737636, 1.7267E+01, 1.0267E+01, 6.2933E+01,
14:20:29.89737656, 1.7300E+01, 1.0200E+01, 6.3067E+01,
14:20:29.89737676, 1.7233E+01, 1.0467E+01, 6.3200E+01,
14:20:29.89737696, 1.7267E+01, 1.0333E+01, 6.3600E+01,
14:20:29.89737716, 1.7200E+01, 1.0400E+01, 6.3867E+01,
14:20:29.89737736, 1.7267E+01, 1.0600E+01, 6.4267E+01,
14:20:29.89737756, 1.7233E+01, 1.0600E+01, 6.4667E+01,
14:20:29.89737776, 1.7167E+01, 1.0667E+01, 6.4800E+01,
14:20:29.89737796, 1.7200E+01, 1.0600E+01, 6.5067E+01,
14:20:29.89737816, 1.7200E+01, 1.0733E+01, 6.5067E+01,
14:20:29.89737836, 1.7167E+01, 1.0733E+01, 6.5733E+01,
14:20:29.89737856, 1.7233E+01, 1.0667E+01, 6.6133E+01,
14:20:29.89737876, 1.7167E+01, 1.0667E+01, 6.6400E+01,
14:20:29.89737896, 1.7167E+01, 1.0733E+01, 6.6400E+01,
14:20:29.89737916, 1.7167E+01, 1.0733E+01, 6.6800E+01,
14:20:29.89737936, 1.7167E+01, 1.0667E+01, 6.7200E+01,
14:20:29.89737956, 1.7100E+01, 1.0733E+01, 6.7600E+01,
14:20:29.89737976, 1.7133E+01, 1.0600E+01, 6.8000E+01,
14:20:29.89737996, 1.7167E+01, 1.0600E+01, 6.7867E+01,
14:20:29.89738016, 1.7067E+01, 1.0467E+01, 6.8267E+01,
14:20:29.89738036, 1.7100E+01, 1.0533E+01, 6.8667E+01,
14:20:29.89738056, 1.7133E+01, 1.0400E+01, 6.8800E+01,
14:20:29.89738076, 1.7167E+01, 1.0400E+01, 6.9200E+01,
14:20:29.89738096, 1.7100E+01, 1.0267E+01, 6.9467E+01,
14:20:29.89738116, 1.7100E+01, 1.0200E+01, 6.9600E+01,
14:20:29.89738136, 1.7100E+01, 1.0200E+01, 7.0400E+01,
14:20:29.89738156, 1.7067E+01, 1.0000E+01, 7.0400E+01,
14:20:29.89738176, 1.7167E+01, 9.9333E+00, 7.0533E+01,
14:20:29.89738196, 1.7133E+01, 1.0000E+01, 7.0800E+01,
14:20:29.89738216, 1.7133E+01, 9.9333E+00, 7.1200E+01,
14:20:29.89738236, 1.7100E+01, 9.9333E+00, 7.1333E+01,
14:20:29.89738256, 1.7100E+01, 9.8667E+00, 7.1467E+01,
14:20:29.89738276, 1.7067E+01, 9.8667E+00, 7.2000E+01,
14:20:29.89738296, 1.7167E+01, 9.7333E+00, 7.2000E+01,
14:20:29.89738316, 1.7100E+01, 9.8000E+00, 7.2400E+01,
14:20:29.89738336, 1.7167E+01, 9.8667E+00, 7.2667E+01,
14:20:29.89738356, 1.7133E+01, 9.7333E+00, 7.2800E+01,
14:20:29.89738376, 1.7100E+01, 9.7333E+00, 7.3200E+01,
14:20:29.89738396, 1.7167E+01, 9.6000E+00, 7.3467E+01,
14:20:29.89738416, 1.7133E+01, 9.6667E+00, 7.3733E+01,
14:20:29.89738436, 1.7133E+01, 9.7333E+00, 7.4133E+01,
14:20:29.89738456, 1.7133E+01, 9.7333E+00, 7.4267E+01,
14:20:29.89738476, 1.7167E+01, 9.6000E+00, 7.4667E+01,
14:20:29.89738496, 1.7167E+01, 9.8000E+00, 7.4533E+01,
14:20:29.89738516, 1.7200E+01, 9.6667E+00, 7.4933E+01,
14:20:29.89738536, 1.7133E+01, 9.8667E+00, 7.5467E+01,
14:20:29.89738556, 1.7133E+01, 9.7333E+00, 7.5867E+01,
14:20:29.89738576, 1.7233E+01, 9.9333E+00, 7.6000E+01,
14:20:29.89738596, 1.7167E+01, 9.8667E+00, 7.6267E+01,
14:20:29.89738616, 1.7233E+01, 9.8000E+00, 7.6267E+01,
14:20:29.89738636, 1.7133E+01, 9.9333E+00, 7.6533E+01,
14:20:29.89738656, 1.7167E+01, 9.8000E+00, 7.6400E+01,
14:20:29.89738676, 1.7167E+01, 9.9333E+00, 7.7200E+01,
14:20:29.89738696, 1.7100E+01, 1.0000E+01, 7.7333E+01,
14:20:29.89738716, 1.7167E+01, 1.0067E+01, 7.7867E+01,
14:20:29.89738736, 1.7133E+01, 1.0000E+01, 7.7867E+01,
14:20:29.89738756, 1.7167E+01, 1.0267E+01, 7.7867E+01,
14:20:29.89738776, 1.7167E+01, 1.0000E+01, 7.8133E+01,
14:20:29.89738796, 1.7167E+01, 1.0067E+01, 7.8400E+01,
14:20:29.89738816, 1.7133E+01, 1.0267E+01, 7.8667E+01,
14:20:29.89738836, 1.7133E+01, 1.0133E+01, 7.8933E+01,
14:20:29.89738856, 1.7167E+01, 1.0267E+01, 7.8933E+01,
14:20:29.89738876, 1.7167E+01, 1.0333E+01, 7.9733E+01,
14:20:29.89738896, 1.7133E+01, 1.0133E+01, 7.9600E+01,
14:20:29.89738916, 1.7200E+01, 1.0333E+01, 8.0000E+01,
14:20:29.89738936, 1.7133E+01, 1.0200E+01, 8.0400E+01,
14:20:29.89738956, 1.7133E+01, 1.0400E+01, 8.0667E+01,
14:20:29.89738976, 1.7133E+01, 1.0267E+01, 8.0800E+01,
14:20:29.89738996, 1.7167E+01, 1.0333E+01, 8.0933E+01,
14:20:29.89739016, 1.7167E+01, 1.0267E+01, 8.1333E+01,
14:20:29.89739036, 1.7167E+01, 1.0467E+01, 8.1467E+01,
14:20:29.89739056, 1.7167E+01, 1.0400E+01, 8.1467E+01,
14:20:29.89739076, 1.7100E+01, 1.0333E+01, 8.2267E+01,
14:20:29.89739096, 1.7167E+01, 1.0200E+01, 8.1733E+01,
14:20:29.89739116, 1.7167E+01, 1.0200E+01, 8.2533E+01,
14:20:29.89739136, 1.7167E+01, 1.0200E+01, 8.2533E+01,
14:20:29.89739156, 1.7067E+01, 1.0133E+01, 8.2667E+01,
14:20:29.89739176, 1.7167E+01, 1.0267E+01, 8.2800E+01,
14:20:29.89739196, 1.7167E+01, 1.0067E+01, 8.3467E+01,
14:20:29.89739216, 1.7067E+01, 1.0067E+01, 8.3200E+01,
14:20:29.89739236, 1.7133E+01, 1.0133E+01, 8.3467E+01,
14:20:29.89739256, 1.7100E+01, 1.0000E+01, 8.3867E+01,
14:20:29.89739276, 1.7200E+01, 1.0067E+01, 8.4000E+01,
14:20:29.89739296, 1.7133E+01, 9.9333E+00, 8.4267E+01,
14:20:29.89739316, 1.7167E+01, 9.9333E+00, 8.4133E+01,
14:20:29.89739336, 1.7100E+01, 1.0000E+01, 8.4533E+01,
14:20:29.89739356, 1.7067E+01, 9.9333E+00, 8.5067E+01,
14:20:29.89739376, 1.7100E+01, 9.9333E+00, 8.4933E+01,
14:20:29.89739396, 1.7167E+01, 9.9333E+00, 8.5600E+01,
14:20:29.89739416, 1.7167E+01, 9.9333E+00, 8.5600E+01,
14:20:29.89739436, 1.7167E+01, 9.9333E+00, 8.5600E+01,
14:20:29.89739456, 1.7167E+01, 9.8667E+00, 8.6133E+01,
14:20:29.89739476, 1.7167E+01, 9.8000E+00, 8.6267E+01,
14:20:29.89739496, 1.7167E+01, 9.9333E+00, 8.6667E+01,
14:20:29.89739516, 1.7167E+01, 9.8667E+00, 8.6667E+01,
14:20:29.89739536, 1.7133E+01, 9.8667E+00, 8.6933E+01,
14:20:29.89739556, 1.7133E+01, 9.8667E+00, 8.7200E+01,
14:20:29.89739576, 1.7133E+01, 9.7333E+00, 8.6933E+01,
14:20:29.89739596, 1.7133E+01, 9.8000E+00, 8.7467E+01,
14:20:29.89739616, 1.7200E+01, 9.8000E+00, 8.7733E+01,
14:20:29.89739636, 1.7167E+01, 9.9333E+00, 8.7600E+01,
14:20:29.89739656, 1.7167E+01, 9.9333E+00, 8.8000E+01,
14:20:29.89739676, 1.7167E+01, 1.0000E+01, 8.8000E+01,
14:20:29.89739696, 1.7200E+01, 1.0000E+01, 8.8800E+01,
14:20:29.89739716, 1.7200E+01, 1.0000E+01, 8.9067E+01,
14:20:29.89739736, 1.7167E+01, 1.0000E+01, 8.9067E+01,
14:20:29.89739756, 1.7033E+01, 1.0000E+01, 8.9333E+01,
14:20:29.89739776, 1.7133E+01, 9.9333E+00, 8.9333E+01,
14:20:29.89739796, 1.7133E+01, 9.9333E+00, 8.9467E+01,
14:20:29.89739816, 1.7133E+01, 1.0000E+01, 9.0000E+01,
14:20:29.89739836, 1.7133E+01, 1.0133E+01, 8.9733E+01,
14:20:29.89739856, 1.7133E+01, 9.9333E+00, 9.0133E+01,
14:20:29.89739876, 1.7167E+01, 1.0200E+01, 9.0267E+01,
14:20:29.89739896, 1.7100E+01, 1.0133E+01, 9.0800E+01,
14:20:29.89739916, 1.7133E+01, 1.0200E+01, 9.0800E+01,
14:20:29.89739936, 1.7133E+01, 1.0133E+01, 9.1200E+01,
14:20:29.89739956, 1.7167E+01, 1.0000E+01, 9.0933E+01,
14:20:29.89739976, 1.7100E+01, 1.0200E+01, 9.1600E+01,
14:20:29.89739996, 1.7133E+01, 1.0133E+01, 9.1600E+01,
14:20:29.89740016, 1.7133E+01, 1.0267E+01, 9.1733E+01,
14:20:29.89740036, 1.7100E+01, 1.0133E+01, 9.1733E+01,
14:20:29.89740056, 1.7067E+01, 1.0200E+01, 9.2000E+01,
14:20:29.89740076, 1.7100E+01, 1.0133E+01, 9.2267E+01,
14:20:29.89740096, 1.7133E+01, 9.9333E+00, 9.2400E+01,
14:20:29.89740116, 1.7167E+01, 1.0133E+01, 9.2400E+01,
14:20:29.89740136, 1.7133E+01, 1.0133E+01, 9.2800E+01,
14:20:29.89740156, 1.7133E+01, 1.0133E+01, 9.3067E+01,
14:20:29.89740176, 1.7167E+01, 1.0067E+01, 9.3467E+01,
14:20:29.89740196, 1.7167E+01, 9.9333E+00, 9.3600E+01,
14:20:29.89740216, 1.7067E+01, 1.0133E+01, 9.3467E+01,
14:20:29.89740236, 1.7167E+01, 1.0000E+01, 9.4000E+01,
14:20:29.89740256, 1.7200E+01, 1.0133E+01, 9.3733E+01,
14:20:29.89740276, 1.7100E+01, 1.0000E+01, 9.4267E+01,
14:20:29.89740296, 1.7133E+01, 9.9333E+00, 9.4267E+01,
14:20:29.89740316, 1.7067E+01, 1.0000E+01, 9.4533E+01,
14:20:29.89740336, 1.7133E+01, 1.0000E+01, 9.4800E+01,
14:20:29.89740356, 1.7167E+01, 1.0067E+01, 9.4667E+01,
14:20:29.89740376, 1.7100E+01, 1.0067E+01, 9.4933E+01,
14:20:29.89740396, 1.7167E+01, 1.0067E+01, 9.5200E+01,
14:20:29.89740416, 1.7167E+01, 1.0000E+01, 9.5333E+01,
14:20:29.89740436, 1.7133E+01, 9.9333E+00, 9.5467E+01,
14:20:29.89740456, 1.7133E+01, 9.9333E+00, 9.5867E+01,
14:20:29.89740476, 1.7167E+01, 9.9333E+00, 9.6000E+01,
14:20:29.89740496, 1.7100E+01, 1.0000E+01, 9.5600E+01,
14:20:29.89740516, 1.7167E+01, 1.0000E+01, 9.6133E+01,
14:20:29.89740536, 1.7167E+01, 9.9333E+00, 9.6533E+01,
14:20:29.89740556, 1.7067E+01, 1.0000E+01, 9.6667E+01,
14:20:29.89740576, 1.7200E+01, 9.9333E+00, 9.6667E+01,
14:20:29.89740596, 1.7167E+01, 9.9333E+00, 9.6667E+01,
14:20:29.89740616, 1.7200E+01, 9.9333E+00, 9.7333E+01,
14:20:29.89740636, 1.7167E+01, 1.0067E+01, 9.7467E+01,
14:20:29.89740656, 1.7167E+01, 9.9333E+00, 9.7467E+01,
14:20:29.89740676, 1.7200E+01, 9.9333E+00, 9.7733E+01,
14:20:29.89740696, 1.7200E+01, 9.9333E+00, 9.7733E+01,
14:20:29.89740716, 1.7167E+01, 9.8667E+00, 9.8000E+01,
14:20:29.89740736, 1.7167E+01, 9.9333E+00, 9.8000E+01,
14:20:29.89740756, 1.7167E+01, 1.0000E+01, 9.8267E+01,
14:20:29.89740776, 1.7133E+01, 9.9333E+00, 9.8133E+01,
14:20:29.89740796, 1.7133E+01, 1.0000E+01, 9.8533E+01,
14:20:29.89740816, 1.7167E+01, 9.9333E+00, 9.8533E+01,
14:20:29.89740836, 1.7133E+01, 1.0133E+01, 9.8933E+01,
14:20:29.89740856, 1.7167E+01, 9.9333E+00, 9.9200E+01,
14:20:29.89740876, 1.7200E+01, 9.9333E+00, 9.9200E+01,
14:20:29.89740896, 1.7200E+01, 1.0000E+01, 9.9467E+01,
14:20:29.89740916, 1.7167E+01, 9.9333E+00, 9.9200E+01,
14:20:29.89740936, 1.7133E+01, 9.9333E+00, 9.9733E+01,
14:20:29.89740956, 1.7167E+01, 9.9333E+00, 9.9733E+01,
14:20:29.89740976, 1.7167E+01, 1.0067E+01, 1.0013E+02,
14:20:29.89740996, 1.7133E+01, 9.9333E+00, 1.0013E+02,
14:20:29.89741016, 1.7133E+01, 1.0200E+01, 1.0067E+02,
14:20:29.89741036, 1.7167E+01, 9.9333E+00, 1.0067E+02,
14:20:29.89741056, 1.7167E+01, 1.0000E+01, 1.0053E+02,
14:20:29.89741076, 1.7167E+01, 1.0067E+01, 1.0107E+02,
14:20:29.89741096, 1.7133E+01, 1.0000E+01, 1.0067E+02,
14:20:29.89741116, 1.7167E+01, 1.0067E+01, 1.0120E+02,
14:20:29.89741136, 1.7167E+01, 9.9333E+00, 1.0160E+02,
14:20:29.89741156, 1.7167E+01, 1.0067E+01, 1.0133E+02,
14:20:29.89741176, 1.7167E+01, 1.0133E+01, 1.0173E+02,
14:20:29.89741196, 1.7100E+01, 1.0133E+01, 1.0173E+02,
14:20:29.89741216, 1.7167E+01, 1.0067E+01, 1.0187E+02,
14:20:29.89741236, 1.7167E+01, 1.0000E+01, 1.0187E+02,
14:20:29.89741256, 1.7100E+01, 9.9333E+00, 1.0227E+02,
14:20:29.89741276, 1.7167E+01, 9.9333E+00, 1.0227E+02,
14:20:29.89741296, 1.7067E+01, 9.9333E+00, 1.0280E+02,
14:20:29.89741316, 1.7167E+01, 9.9333E+00, 1.0253E+02,
14:20:29.89741336, 1.7133E+01, 9.9333E+00, 1.0280E+02,
14:20:29.89741356, 1.7167E+01, 9.9333E+00, 1.0253E+02,
14:20:29.89741376, 1.7133E+01, 9.9333E+00, 1.0320E+02,
14:20:29.89741396, 1.7167E+01, 9.9333E+00, 1.0360E+02,
14:20:29.89741416, 1.7167E+01, 1.0067E+01, 1.0347E+02,
14:20:29.89741436, 1.7167E+01, 1.0000E+01, 1.0347E+02,
14:20:29.89741456, 1.7167E+01, 9.9333E+00, 1.0373E+02,
14:20:29.89741476, 1.7133E+01, 9.9333E+00, 1.0360E+02,
14:20:29.89741496, 1.7133E+01, 9.9333E+00, 1.0413E+02,
14:20:29.89741516, 1.7133E+01, 9.9333E+00, 1.0387E+02,
14:20:29.89741536, 1.7167E+01, 9.9333E+00, 1.0453E+02,
14:20:29.89741556, 1.7133E+01, 1.0067E+01, 1.0467E+02,
14:20:29.89741576, 1.7167E+01, 9.9333E+00, 1.0427E+02,
14:20:29.89741596, 1.7167E+01, 9.9333E+00, 1.0467E+02,
14:20:29.89741616, 1.7167E+01, 9.9333E+00, 1.0467E+02,
14:20:29.89741636, 1.7167E+01, 9.9333E+00, 1.0480E+02,
14:20:29.89741656, 1.7133E+01, 9.9333E+00, 1.0480E+02,
14:20:29.89741676, 1.7167E+01, 9.9333E+00, 1.0533E+02,
14:20:29.89741696, 1.7133E+01, 9.9333E+00, 1.0520E+02,
14:20:29.89741716, 1.7167E+01, 9.8667E+00, 1.0560E+02,
14:20:29.89741736, 1.7167E+01, 9.9333E+00, 1.0560E+02,
14:20:29.89741756, 1.7167E+01, 9.9333E+00, 1.0600E+02,
14:20:29.89741776, 1.7167E+01, 9.9333E+00, 1.0600E+02,
14:20:29.89741796, 1.7133E+01, 9.8667E+00, 1.0613E+02,
14:20:29.89741816, 1.7167E+01, 1.0000E+01, 1.0627E+02,
14:20:29.89741836, 1.7133E+01, 1.0000E+01, 1.0627E+02,
14:20:29.89741856, 1.7167E+01, 1.0067E+01, 1.0627E+02,
14:20:29.89741876, 1.7200E+01, 9.8667E+00, 1.0640E+02,
14:20:29.89741896, 1.7167E+01, 9.9333E+00, 1.0707E+02,
14:20:29.89741916, 1.7167E+01, 1.0067E+01, 1.0680E+02,
14:20:29.89741936, 1.7167E+01, 1.0000E+01, 1.0707E+02,
14:20:29.89741956, 1.7133E+01, 1.0000E+01, 1.0693E+02,
14:20:29.89741976, 1.7233E+01, 9.9333E+00, 1.0733E+02,
14:20:29.89741996, 1.7167E+01, 1.0000E+01, 1.0747E+02,
14:20:29.89742016, 1.7167E+01, 9.9333E+00, 1.0733E+02,
14:20:29.89742036, 1.7167E+01, 1.0067E+01, 1.0760E+02,
14:20:29.89742056, 1.7167E+01, 1.0000E+01, 1.0747E+02,
14:20:29.89742076, 1.7167E+01, 9.9333E+00, 1.0787E+02,
14:20:29.89742096, 1.7133E+01, 9.9333E+00, 1.0813E+02,
14:20:29.89742116, 1.7133E+01, 1.0000E+01, 1.0800E+02,
14:20:29.89742136, 1.7200E+01, 1.0133E+01, 1.0827E+02,
14:20:29.89742156, 1.7167E+01, 1.0000E+01, 1.0840E+02,
14:20:29.89742176, 1.7133E+01, 1.0067E+01, 1.0840E+02,
14:20:29.89742196, 1.7167E+01, 1.0000E+01, 1.0867E+02,
14:20:29.89742216, 1.7167E+01, 9.9333E+00, 1.0880E+02,
14:20:29.89742236, 1.7133E+01, 1.0000E+01, 1.0880E+02,
14:20:29.89742256, 1.7133E+01, 1.0067E+01, 1.0893E+02,
14:20:29.89742276, 5.9667E+00, 2.0933E+01, 1.0893E+02,
14:20:29.89742296, 1.7333E+00, 1.8467E+01, 1.0907E+02,
14:20:29.89742316, 1.2667E+00, 1.9400E+01, 1.0947E+02,
14:20:29.89742336, 1.2000E+00, 2.0800E+01, 1.1000E+02,
14:20:29.89742356, 1.3000E+00, 2.2133E+01, 1.0960E+02,
14:20:29.89742376, 1.3333E+00, 2.3333E+01, 1.0987E+02,
14:20:29.89742396, 1.4667E+00, 2.4467E+01, 1.0973E+02,
14:20:29.89742416, 1.4000E+00, 2.5600E+01, 1.1000E+02,
14:20:29.89742436, 1.3667E+00, 2.6733E+01, 1.1000E+02,
14:20:29.89742456, 1.3000E+00, 2.7733E+01, 1.0973E+02,
14:20:29.89742476, 1.1333E+00, 2.8533E+01, 1.0987E+02,
14:20:29.89742496, 9.3333E-01, 2.9133E+01, 1.0973E+02,
14:20:29.89742516, 9.3333E-01, 2.9467E+01, 1.0973E+02,
14:20:29.89742536, 8.0000E-01, 2.9600E+01, 1.0920E+02,
14:20:29.89742556, 6.0000E-01, 2.9267E+01, 1.0933E+02,
14:20:29.89742576, 5.6667E-01, 2.8533E+01, 1.0880E+02,
14:20:29.89742596, 4.0000E-01, 2.7200E+01, 1.0880E+02,
14:20:29.89742616, 2.0000E-01, 2.5533E+01, 1.0840E+02,
14:20:29.89742636, 1.6667E-01, 2.4000E+01, 1.0787E+02,
14:20:29.89742656,-6.6667E-02, 2.2200E+01, 1.0787E+02,
14:20:29.89742676,-2.3333E-01, 2.0267E+01, 1.0747E+02,
14:20:29.89742696,-3.6667E-01, 1.8467E+01, 1.0667E+02,
14:20:29.89742716,-5.3333E-01, 1.6867E+01, 1.0653E+02,
14:20:29.89742736,-5.6667E-01, 1.5200E+01, 1.0600E+02,
14:20:29.89742756,-7.6667E-01, 1.4000E+01, 1.0560E+02,
14:20:29.89742776,-8.0000E-01, 1.2800E+01, 1.0493E+02,
14:20:29.89742796,-9.0000E-01, 1.1600E+01, 1.0440E+02,
14:20:29.89742816,-9.3333E-01, 1.0667E+01, 1.0387E+02,
14:20:29.89742836,-1.0000E+00, 9.9333E+00, 1.0347E+02,
14:20:29.89742856,-9.6667E-01, 9.2667E+00, 1.0307E+02,
14:20:29.89742876,-8.6667E-01, 8.7333E+00, 1.0240E+02,
14:20:29.89742896,-9.3333E-01, 8.2667E+00, 1.0173E+02,
14:20:29.89742916,-9.0000E-01, 7.8000E+00, 1.0120E+02,
14:20:29.89742936,-8.6667E-01, 7.5333E+00, 1.0040E+02,
14:20:29.89742956,-8.0000E-01, 7.1333E+00, 9.9867E+01,
14:20:29.89742976,-8.3333E-01, 6.9333E+00, 9.9467E+01,
14:20:29.89742996,-7.6667E-01, 6.6000E+00, 9.8800E+01,
14:20:29.89743016,-6.3333E-01, 6.4667E+00, 9.8267E+01,
14:20:29.89743036,-7.0000E-01, 6.4667E+00, 9.8267E+01,
14:20:29.89743056,-7.0000E-01, 6.2667E+00, 9.7467E+01,
14:20:29.89743076,-6.6667E-01, 6.1333E+00, 9.7200E+01,
14:20:29.89743096,-7.0000E-01, 6.1333E+00, 9.6533E+01,
14:20:29.89743116,-6.0000E-01, 6.0000E+00, 9.6133E+01,
14:20:29.89743136,-6.3333E-01, 6.0000E+00, 9.5733E+01,
14:20:29.89743156,-5.3333E-01, 5.9333E+00, 9.5333E+01,
14:20:29.89743176,-5.6667E-01, 5.9333E+00, 9.4800E+01,
14:20:29.89743196,-5.3333E-01, 6.2000E+00, 9.5067E+01,
14:20:29.89743216,-5.6667E-01, 6.2667E+00, 9.4533E+01,
14:20:29.89743236,-4.3333E-01, 6.4667E+00, 9.4000E+01,
14:20:29.89743256,-5.0000E-01, 6.7333E+00, 9.3600E+01,
14:20:29.89743276,-4.3333E-01, 6.7333E+00, 9.2933E+01,
14:20:29.89743296,-3.6667E-01, 7.1333E+00, 9.3067E+01,
14:20:29.89743316,-3.3333E-01, 7.4000E+00, 9.2667E+01,
14:20:29.89743336,-3.3333E-01, 7.7333E+00, 9.2400E+01,
14:20:29.89743356,-3.6667E-01, 7.9333E+00, 9.2267E+01,
14:20:29.89743376,-2.0000E-01, 8.4667E+00, 9.1867E+01,
14:20:29.89743396,-2.3333E-01, 8.7333E+00, 9.1733E+01,
14:20:29.89743416,-1.6667E-01, 9.2667E+00, 9.1600E+01,
14:20:29.89743436,-6.6667E-02, 9.4000E+00, 9.1200E+01,
14:20:29.89743456,-2.0000E-01, 9.8000E+00, 9.0800E+01,
14:20:29.89743476, 0.0000E+00, 1.0000E+01, 9.0533E+01,
14:20:29.89743496,-1.0000E-01, 1.0400E+01, 9.0533E+01,
14:20:29.89743516,-1.0000E-01, 1.0667E+01, 9.0000E+01,
14:20:29.89743536, 6.6667E-02, 1.0800E+01, 8.9733E+01,
14:20:29.89743556, 0.0000E+00, 1.1267E+01, 8.9600E+01,
14:20:29.89743576, 3.3333E-02, 1.1533E+01, 8.9467E+01,
14:20:29.89743596, 6.6667E-02, 1.1800E+01, 8.9333E+01,
14:20:29.89743616, 6.6667E-02, 1.1933E+01, 8.8933E+01,
14:20:29.89743636, 1.6667E-01, 1.2000E+01, 8.8667E+01,
14:20:29.89743656, 3.3333E-02, 1.2133E+01, 8.8667E+01,
14:20:29.89743676, 1.3333E-01, 1.2267E+01, 8.8133E+01,
14:20:29.89743696, 2.0000E-01, 1.2467E+01, 8.8267E+01,
14:20:29.89743716, 1.6667E-01, 1.2400E+01, 8.7867E+01,
14:20:29.89743736, 2.0000E-01, 1.2600E+01, 8.7733E+01,
14:20:29.89743756, 1.6667E-01, 1.2667E+01, 8.7200E+01,
14:20:29.89743776, 1.6667E-01, 1.2667E+01, 8.7067E+01,
14:20:29.89743796, 1.0000E-01, 1.2600E+01, 8.6667E+01,
14:20:29.89743816, 2.0000E-01, 1.2667E+01, 8.6667E+01,
14:20:29.89743836, 1.6667E-01, 1.2600E+01, 8.6000E+01,
14:20:29.89743856, 1.6667E-01, 1.2467E+01, 8.6000E+01,
14:20:29.89743876, 1.6667E-01, 1.2333E+01, 8.5600E+01,
14:20:29.89743896, 1.0000E-01, 1.2000E+01, 8.5333E+01,
14:20:29.89743916, 1.3333E-01, 1.1933E+01, 8.4933E+01,
14:20:29.89743936, 6.6667E-02, 1.1933E+01, 8.4800E+01,
14:20:29.89743956, 3.3333E-02, 1.1533E+01, 8.4400E+01,
14:20:29.89743976, 6.6667E-02, 1.1400E+01, 8.4000E+01,
14:20:29.89743996, 3.3333E-02, 1.1200E+01, 8.3733E+01,
14:20:29.89744016,-3.3333E-02, 1.1000E+01, 8.3333E+01,
14:20:29.89744036,-3.3333E-02, 1.0800E+01, 8.3067E+01,
14:20:29.89744056, 3.3333E-02, 1.0667E+01, 8.2533E+01,
14:20:29.89744076, 6.6667E-02, 1.0467E+01, 8.2267E+01,
14:20:29.89744096, 0.0000E+00, 1.0333E+01, 8.2000E+01,
14:20:29.89744116,-1.3333E-01, 1.0067E+01, 8.1867E+01,
14:20:29.89744136,-6.6667E-02, 9.9333E+00, 8.1333E+01,
14:20:29.89744156,-6.6667E-02, 9.8000E+00, 8.1200E+01,
14:20:29.89744176,-1.6667E-01, 9.8667E+00, 8.0933E+01,
14:20:29.89744196,-3.3333E-02, 9.4667E+00, 8.0267E+01,
14:20:29.89744216,-1.0000E-01, 9.5333E+00, 8.0133E+01,
14:20:29.89744236,-1.3333E-01, 9.4000E+00, 8.0133E+01,
14:20:29.89744256,-1.3333E-01, 9.4000E+00, 7.9600E+01,
14:20:29.89744276,-1.0000E-01, 9.4000E+00, 7.9467E+01,
14:20:29.89744296,-6.6667E-02, 9.4667E+00, 7.8933E+01,
14:20:29.89744316,-1.0000E-01, 9.4000E+00, 7.8667E+01,
14:20:29.89744336,-1.0000E-01, 9.4000E+00, 7.8533E+01,
14:20:29.89744356,-1.0000E-01, 9.4667E+00, 7.8133E+01,
14:20:29.89744376,-1.6667E-01, 9.6667E+00, 7.7867E+01,
14:20:29.89744396,-1.0000E-01, 9.4000E+00, 7.7333E+01,
14:20:29.89744416,-3.3333E-02, 9.4667E+00, 7.7200E+01,
14:20:29.89744436,-6.6667E-02, 9.6667E+00, 7.6933E+01,
14:20:29.89744456, 0.0000E+00, 9.7333E+00, 7.7200E+01,
14:20:29.89744476,-3.3333E-02, 9.8667E+00, 7.6800E+01,
14:20:29.89744496, 3.3333E-02, 9.9333E+00, 7.6133E+01,
14:20:29.89744516, 0.0000E+00, 1.0067E+01, 7.6000E+01,
14:20:29.89744536, 0.0000E+00, 1.0200E+01, 7.5733E+01,
14:20:29.89744556, 0.0000E+00, 1.0400E+01, 7.5467E+01,
14:20:29.89744576, 0.0000E+00, 1.0200E+01, 7.5600E+01,
14:20:29.89744596, 6.6667E-02, 1.0600E+01, 7.5200E+01,
14:20:29.89744616, 0.0000E+00, 1.0667E+01, 7.4933E+01,
14:20:29.89744636, 6.6667E-02, 1.0667E+01, 7.4533E+01,
14:20:29.89744656, 6.6667E-02, 1.0667E+01, 7.4933E+01,
14:20:29.89744676, 6.6667E-02, 1.0800E+01, 7.4133E+01,
14:20:29.89744696, 6.6667E-02, 1.0867E+01, 7.3867E+01,
14:20:29.89744716, 3.3333E-02, 1.0800E+01, 7.3600E+01,
14:20:29.89744736, 1.0000E-01, 1.0933E+01, 7.3200E+01,
14:20:29.89744756, 1.0000E-01, 1.0867E+01, 7.3200E+01,
14:20:29.89744776, 1.0000E-01, 1.1067E+01, 7.3067E+01,
14:20:29.89744796, 6.6667E-02, 1.0933E+01, 7.2667E+01,
14:20:29.89744816, 1.3333E-01, 1.1000E+01, 7.2533E+01,
14:20:29.89744836, 1.3333E-01, 1.0933E+01, 7.2267E+01,
14:20:29.89744856, 1.0000E-01, 1.0933E+01, 7.2133E+01,
14:20:29.89744876, 1.0000E-01, 1.0933E+01, 7.1867E+01,
14:20:29.89744896, 0.0000E+00, 1.0733E+01, 7.1733E+01,
14:20:29.89744916, 3.3333E-02, 1.0933E+01, 7.1467E+01,
14:20:29.89744936, 6.6667E-02, 1.0733E+01, 7.0800E+01,
14:20:29.89744956, 6.6667E-02, 1.0733E+01, 7.0533E+01,
14:20:29.89744976, 3.3333E-02, 1.0800E+01, 7.0533E+01,
14:20:29.89744996, 6.6667E-02, 1.0667E+01, 7.0267E+01,
14:20:29.89745016, 0.0000E+00, 1.0533E+01, 7.0000E+01,
14:20:29.89745036, 3.3333E-02, 1.0267E+01, 7.0000E+01,
14:20:29.89745056, 6.6667E-02, 1.0333E+01, 6.9733E+01,
14:20:29.89745076, 6.6667E-02, 1.0400E+01, 6.9200E+01,
14:20:29.89745096, 3.3333E-02, 1.0267E+01, 6.8933E+01,
14:20:29.89745116,-3.3333E-02, 1.0400E+01, 6.8800E+01,
14:20:29.89745136, 3.3333E-02, 1.0200E+01, 6.8533E+01,
14:20:29.89745156, 0.0000E+00, 1.0067E+01, 6.8267E+01,
14:20:29.89745176,-6.6667E-02, 1.0200E+01, 6.8000E+01,
14:20:29.89745196, 0.0000E+00, 1.0067E+01, 6.7733E+01,
14:20:29.89745216,-3.3333E-02, 1.0000E+01, 6.7600E+01,
14:20:29.89745236, 6.6667E-02, 9.9333E+00, 6.7600E+01,
14:20:29.89745256,-3.3333E-02, 1.0067E+01, 6.7467E+01,
14:20:29.89745276, 0.0000E+00, 1.0000E+01, 6.6533E+01,
14:20:29.89745296,-6.6667E-02, 1.0067E+01, 6.6667E+01,
14:20:29.89745316,-6.6667E-02, 1.0067E+01, 6.6667E+01,
14:20:29.89745336,-3.3333E-02, 1.0000E+01, 6.6000E+01,
14:20:29.89745356, 0.0000E+00, 1.0000E+01, 6.5867E+01,
14:20:29.89745376, 0.0000E+00, 9.9333E+00, 6.5867E+01,
14:20:29.89745396, 6.6667E-02, 1.0067E+01, 6.5467E+01,
14:20:29.89745416,-3.3333E-02, 1.0200E+01, 6.5333E+01,
14:20:29.89745436,-3.3333E-02, 1.0067E+01, 6.5067E+01,
14:20:29.89745456, 0.0000E+00, 1.0200E+01, 6.4800E+01,
14:20:29.89745476, 0.0000E+00, 1.0200E+01, 6.4533E+01,
14:20:29.89745496,-3.3333E-02, 1.0333E+01, 6.4533E+01,
14:20:29.89745516, 1.0000E-01, 1.0267E+01, 6.4000E+01,
14:20:29.89745536, 3.3333E-02, 1.0333E+01, 6.3867E+01,
14:20:29.89745556, 1.3333E-01, 1.0267E+01, 6.4000E+01,
14:20:29.89745576, 6.6667E-02, 1.0467E+01, 6.3600E+01,
14:20:29.89745596, 6.6667E-02, 1.0400E+01, 6.3600E+01,
14:20:29.89745616, 0.0000E+00, 1.0467E+01, 6.2800E+01,
14:20:29.89745636, 0.0000E+00, 1.0467E+01, 6.2533E+01,
14:20:29.89745656, 1.0000E-01, 1.0600E+01, 6.2667E+01,
14:20:29.89745676, 6.6667E-02, 1.0667E+01, 6.2400E+01,
14:20:29.89745696, 3.3333E-02, 1.0533E+01, 6.2400E+01,
14:20:29.89745716, 6.6667E-02, 1.0533E+01, 6.2133E+01,
14:20:29.89745736, 1.0000E-01, 1.0667E+01, 6.2133E+01,
14:20:29.89745756, 6.6667E-02, 1.0600E+01, 6.1600E+01,
14:20:29.89745776, 0.0000E+00, 1.0600E+01, 6.1333E+01,
14:20:29.89745796, 1.0000E-01, 1.0600E+01, 6.1333E+01,
14:20:29.89745816, 6.6667E-02, 1.0600E+01, 6.1200E+01,
14:20:29.89745836, 6.6667E-02, 1.0467E+01, 6.0933E+01,
14:20:29.89745856, 6.6667E-02, 1.0600E+01, 6.0533E+01,
14:20:29.89745876, 3.3333E-02, 1.0533E+01, 6.0533E+01,
14:20:29.89745896, 6.6667E-02, 1.0533E+01, 6.0000E+01,
14:20:29.89745916, 6.6667E-02, 1.0533E+01, 5.9867E+01,
14:20:29.89745936, 1.0000E-01, 1.0400E+01, 5.9600E+01,
14:20:29.89745956, 3.3333E-02, 1.0533E+01, 5.9467E+01,
14:20:29.89745976,-3.3333E-02, 1.0467E+01, 5.9333E+01,
14:20:29.89745996, 3.3333E-02, 1.0467E+01, 5.9200E+01,
14:20:29.89746016, 3.3333E-02, 1.0400E+01, 5.8933E+01,
14:20:29.89746036, 6.6667E-02, 1.0333E+01, 5.8533E+01,
14:20:29.89746056, 0.0000E+00, 1.0333E+01, 5.8533E+01,
14:20:29.89746076, 3.3333E-02, 1.0333E+01, 5.8533E+01,
14:20:29.89746096,-3.3333E-02, 1.0200E+01, 5.8133E+01,
14:20:29.89746116,-6.6667E-02, 1.0200E+01, 5.7867E+01,
14:20:29.89746136, 0.0000E+00, 1.0133E+01, 5.7867E+01,
14:20:29.89746156, 6.6667E-02, 1.0267E+01, 5.7600E+01,
14:20:29.89746176, 6.6667E-02, 1.0133E+01, 5.7467E+01,
14:20:29.89746196,-3.3333E-02, 1.0200E+01, 5.7067E+01,
14:20:29.89746216, 3.3333E-02, 1.0200E+01, 5.6800E+01,
14:20:29.89746236, 3.3333E-02, 1.0067E+01, 5.6667E+01,
14:20:29.89746256, 3.3333E-02, 1.0200E+01, 5.6800E+01,
14:20:29.89746276, 0.0000E+00, 1.0267E+01, 5.6533E+01,
14:20:29.89746296, 0.0000E+00, 1.0133E+01, 5.6133E+01,
14:20:29.89746316, 3.3333E-02, 1.0267E+01, 5.6000E+01,
14:20:29.89746336, 6.6667E-02, 1.0133E+01, 5.5600E+01,
14:20:29.89746356, 3.3333E-02, 1.0267E+01, 5.5600E+01,
14:20:29.89746376, 6.6667E-02, 1.0467E+01, 5.5467E+01,
14:20:29.89746396,-3.3333E-02, 1.0333E+01, 5.5067E+01,
14:20:29.89746416,-3.3333E-02, 1.0333E+01, 5.4933E+01,
14:20:29.89746436, 6.6667E-02, 1.0333E+01, 5.4667E+01,
14:20:29.89746456, 0.0000E+00, 1.0267E+01, 5.4667E+01,
14:20:29.89746476, 1.0000E-01, 1.0467E+01, 5.4400E+01,
14:20:29.89746496, 3.3333E-02, 1.0400E+01, 5.4133E+01,
14:20:29.89746516, 6.6667E-02, 1.0467E+01, 5.4000E+01,
14:20:29.89746536, 0.0000E+00, 1.0600E+01, 5.3867E+01,
14:20:29.89746556, 1.0000E-01, 1.0533E+01, 5.3733E+01,
14:20:29.89746576, 1.0000E-01, 1.0400E+01, 5.3600E+01,
14:20:29.89746596,-3.3333E-02, 1.0600E+01, 5.3333E+01,
14:20:29.89746616, 3.3333E-02, 1.0400E+01, 5.3467E+01,
14:20:29.89746636, 6.6667E-02, 1.0533E+01, 5.3067E+01,
14:20:29.89746656, 3.3333E-02, 1.0333E+01, 5.2800E+01,
14:20:29.89746676, 1.0000E-01, 1.0467E+01, 5.2667E+01,
14:20:29.89746696, 1.0000E-01, 1.0467E+01, 5.2533E+01,
14:20:29.89746716, 3.3333E-02, 1.0267E+01, 5.2400E+01,
14:20:29.89746736, 0.0000E+00, 1.0400E+01, 5.2000E+01,
14:20:29.89746756, 6.6667E-02, 1.0467E+01, 5.1867E+01,
14:20:29.89746776, 6.6667E-02, 1.0467E+01, 5.1867E+01,
14:20:29.89746796, 6.6667E-02, 1.0333E+01, 5.1733E+01,
14:20:29.89746816, 3.3333E-02, 1.0333E+01, 5.1600E+01,
14:20:29.89746836, 6.6667E-02, 1.0333E+01, 5.1333E+01,
14:20:29.89746856, 3.3333E-02, 1.0400E+01, 5.1067E+01,
14:20:29.89746876, 0.0000E+00, 1.0333E+01, 5.0667E+01,
14:20:29.89746896, 6.6667E-02, 1.0467E+01, 5.0667E+01,
14:20:29.89746916, 0.0000E+00, 1.0333E+01, 5.0400E+01,
14:20:29.89746936, 0.0000E+00, 1.0467E+01, 5.0533E+01,
14:20:29.89746956, 1.0000E-01, 1.0400E+01, 5.0267E+01,
14:20:29.89746976, 3.3333E-02, 1.0333E+01, 5.0133E+01,
14:20:29.89746996, 3.3333E-02, 1.0267E+01, 4.9867E+01,
14:20:29.89747016, 0.0000E+00, 1.0267E+01, 4.9600E+01,
14:20:29.89747036, 6.6667E-02, 1.0267E+01, 4.9867E+01,
14:20:29.89747056, 3.3333E-02, 1.0400E+01, 4.9467E+01,
14:20:29.89747076,-3.3333E-02, 1.0267E+01, 4.9333E+01,
14:20:29.89747096, 1.0000E-01, 1.0267E+01, 4.9067E+01,
14:20:29.89747116, 0.0000E+00, 1.0333E+01, 4.8667E+01,
14:20:29.89747136, 1.0000E-01, 1.0333E+01, 4.8800E+01,
14:20:29.89747156, 0.0000E+00, 1.0267E+01, 4.8400E+01,
14:20:29.89747176, 1.0000E-01, 1.0267E+01, 4.8400E+01,
14:20:29.89747196, 1.0000E-01, 1.0333E+01, 4.8267E+01,
14:20:29.89747216, 1.0000E-01, 1.0333E+01, 4.7867E+01,
14:20:29.89747236, 1.3333E-01, 1.0333E+01, 4.7733E+01,
14:20:29.89747256, 3.3333E-02, 1.0333E+01, 4.7733E+01,
14:20:29.89747276, 6.6667E-02, 1.0400E+01, 4.7333E+01,
14:20:29.89747296, 3.3333E-02, 1.0133E+01, 4.7600E+01,
14:20:29.89747316, 1.0000E-01, 1.0400E+01, 4.7067E+01,
14:20:29.89747336, 0.0000E+00, 1.0333E+01, 4.7067E+01,
14:20:29.89747356, 0.0000E+00, 1.0200E+01, 4.7200E+01,
14:20:29.89747376, 6.6667E-02, 1.0400E+01, 4.6800E+01,
14:20:29.89747396, 6.6667E-02, 1.0267E+01, 4.6933E+01,
14:20:29.89747416, 3.3333E-02, 1.0400E+01, 4.6267E+01,
14:20:29.89747436,-3.3333E-02, 1.0267E+01, 4.6400E+01,
14:20:29.89747456, 0.0000E+00, 1.0400E+01, 4.6133E+01,
14:20:29.89747476, 3.3333E-02, 1.0400E+01, 4.5867E+01,
14:20:29.89747496, 0.0000E+00, 1.0467E+01, 4.5867E+01,
14:20:29.89747516, 6.6667E-02, 1.0467E+01, 4.5733E+01,
14:20:29.89747536, 3.3333E-02, 1.0267E+01, 4.5600E+01,
14:20:29.89747556, 0.0000E+00, 1.0467E+01, 4.5067E+01,
14:20:29.89747576, 1.3333E-01, 1.0333E+01, 4.5067E+01,
14:20:29.89747596, 1.0000E-01, 1.0333E+01, 4.5333E+01,
14:20:29.89747616, 3.3333E-02, 1.0267E+01, 4.5067E+01,
14:20:29.89747636, 3.3333E-02, 1.0400E+01, 4.4800E+01,
14:20:29.89747656, 0.0000E+00, 1.0400E+01, 4.4533E+01,
14:20:29.89747676, 6.6667E-02, 1.0400E+01, 4.4533E+01,
14:20:29.89747696, 6.6667E-02, 1.0267E+01, 4.4267E+01,
14:20:29.89747716, 3.3333E-02, 1.0333E+01, 4.4000E+01,
14:20:29.89747736, 0.0000E+00, 1.0400E+01, 4.4267E+01,
14:20:29.89747756, 3.3333E-02, 1.0400E+01, 4.3733E+01,
14:20:29.89747776, 3.3333E-02, 1.0267E+01, 4.4000E+01,
14:20:29.89747796,-6.6667E-02, 1.0333E+01, 4.3467E+01,
14:20:29.89747816, 3.3333E-02, 1.0467E+01, 4.3467E+01,
14:20:29.89747836, 0.0000E+00, 1.0333E+01, 4.3067E+01,
14:20:29.89747856, 1.0000E-01, 1.0333E+01, 4.3200E+01,
14:20:29.89747876, 3.3333E-02, 1.0333E+01, 4.2800E+01,
14:20:29.89747896, 3.3333E-02, 1.0467E+01, 4.2533E+01,
14:20:29.89747916, 3.3333E-02, 1.0267E+01, 4.2800E+01,
14:20:29.89747936, 3.3333E-02, 1.0267E+01, 4.2533E+01,
14:20:29.89747956, 3.3333E-02, 1.0400E+01, 4.2533E+01,
14:20:29.89747976, 6.6667E-02, 1.0333E+01, 4.2400E+01,
14:20:29.89747996, 6.6667E-02, 1.0400E+01, 4.2000E+01,
14:20:29.89748016, 6.6667E-02, 1.0467E+01, 4.1867E+01,
14:20:29.89748036, 6.6667E-02, 1.0400E+01, 4.1733E+01,
14:20:29.89748056, 6.6667E-02, 1.0333E+01, 4.1467E+01,
14:20:29.89748076, 3.3333E-02, 1.0267E+01, 4.1467E+01,
14:20:29.89748096, 0.0000E+00, 1.0267E+01, 4.1333E+01,
14:20:29.89748116,-3.3333E-02, 1.0267E+01, 4.1333E+01,
14:20:29.89748136, 3.3333E-02, 1.0267E+01, 4.1200E+01,
14:20:29.89748156, 0.0000E+00, 1.0333E+01, 4.0800E+01,
14:20:29.89748176, 6.6667E-02, 1.0467E+01, 4.0667E+01,
14:20:29.89748196, 3.3333E-02, 1.0267E+01, 4.0800E+01,
14:20:29.89748216,-3.3333E-02, 1.0200E+01, 4.0400E+01,
14:20:29.89748236, 3.3333E-02, 1.0400E+01, 4.0133E+01,
14:20:29.89748256, 3.3333E-02, 1.0267E+01, 4.0400E+01,
14:20:29.89748276, 6.6667E-02, 1.0333E+01, 4.0400E+01,
14:20:29.89748296, 3.3333E-02, 1.0333E+01, 3.9867E+01,
14:20:29.89748316, 1.3333E-01, 1.0333E+01, 3.9733E+01,
14:20:29.89748336, 1.3333E-01, 1.0200E+01, 3.9733E+01,
14:20:29.89748356,-3.3333E-02, 1.0400E+01, 3.9467E+01,
14:20:29.89748376, 3.3333E-02, 1.0400E+01, 3.9600E+01,
14:20:29.89748396, 3.3333E-02, 1.0333E+01, 3.9467E+01,
14:20:29.89748416, 6.6667E-02, 1.0400E+01, 3.9067E+01,
14:20:29.89748436, 3.3333E-02, 1.0333E+01, 3.9067E+01,
14:20:29.89748456, 1.0000E-01, 1.0400E+01, 3.9067E+01,
14:20:29.89748476, 6.6667E-02, 1.0400E+01, 3.8800E+01,
14:20:29.89748496, 3.3333E-02, 1.0467E+01, 3.8533E+01,
14:20:29.89748516, 3.3333E-02, 1.0400E+01, 3.8667E+01,
14:20:29.89748536, 1.0000E-01, 1.0400E+01, 3.8267E+01,
14:20:29.89748556, 6.6667E-02, 1.0333E+01, 3.8267E+01,
14:20:29.89748576, 6.6667E-02, 1.0267E+01, 3.8133E+01,
14:20:29.89748596, 3.3333E-02, 1.0467E+01, 3.8000E+01,
14:20:29.89748616, 0.0000E+00, 1.0400E+01, 3.7733E+01,
14:20:29.89748636, 3.3333E-02, 1.0333E+01, 3.7600E+01,
14:20:29.89748656, 0.0000E+00, 1.0267E+01, 3.7600E+01,
14:20:29.89748676, 6.6667E-02, 1.0333E+01, 3.7333E+01,
14:20:29.89748696,-3.3333E-02, 1.0400E+01, 3.7467E+01,
14:20:29.89748716, 0.0000E+00, 1.0267E+01, 3.7333E+01,
14:20:29.89748736, 0.0000E+00, 1.0400E+01, 3.7067E+01,
14:20:29.89748756, 3.3333E-02, 1.0333E+01, 3.6933E+01,
14:20:29.89748776, 3.3333E-02, 1.0267E+01, 3.6800E+01,
14:20:29.89748796, 0.0000E+00, 1.0333E+01, 3.6933E+01,
14:20:29.89748816, 3.3333E-02, 1.0133E+01, 3.6400E+01,
14:20:29.89748836, 6.6667E-02, 1.0333E+01, 3.6533E+01,
14:20:29.89748856, 1.0000E-01, 1.0200E+01, 3.6267E+01,
14:20:29.89748876, 6.6667E-02, 1.0467E+01, 3.6267E+01,
14:20:29.89748896, 3.3333E-02, 1.0467E+01, 3.6267E+01,
14:20:29.89748916, 6.6667E-02, 1.0267E+01, 3.6267E+01,
14:20:29.89748936, 3.3333E-02, 1.0333E+01, 3.6000E+01,
14:20:29.89748956, 6.6667E-02, 1.0400E+01, 3.6000E+01,
14:20:29.89748976, 3.3333E-02, 1.0400E+01, 3.5733E+01,
14:20:29.89748996, 3.3333E-02, 1.0333E+01, 3.5867E+01,
14:20:29.89749016, 0.0000E+00, 1.0267E+01, 3.5067E+01,
14:20:29.89749036, 0.0000E+00, 1.0533E+01, 3.5467E+01,
14:20:29.89749056, 6.6667E-02, 1.0333E+01, 3.5067E+01,
14:20:29.89749076, 3.3333E-02, 1.0400E+01, 3.5067E+01,
14:20:29.89749096, 6.6667E-02, 1.0267E+01, 3.5333E+01,
14:20:29.89749116,-3.3333E-02, 1.0400E+01, 3.4933E+01,
14:20:29.89749136, 3.3333E-02, 1.0267E+01, 3.4933E+01,
14:20:29.89749156, 1.0000E-01, 1.0400E+01, 3.4533E+01,
14:20:29.89749176, 0.0000E+00, 1.0267E+01, 3.4533E+01,
14:20:29.89749196, 3.3333E-02, 1.0400E+01, 3.4000E+01,
14:20:29.89749216, 0.0000E+00, 1.0333E+01, 3.4267E+01,
14:20:29.89749236, 3.3333E-02, 1.0333E+01, 3.4267E+01,
14:20:29.89749256, 6.6667E-02, 1.0467E+01, 3.4133E+01,
14:20:29.89749276, 3.3333E-02, 1.0400E+01, 3.3733E+01,
14:20:29.89749296, 3.3333E-02, 1.0267E+01, 3.4000E+01,
14:20:29.89749316, 6.6667E-02, 1.0400E+01, 3.3600E+01,
14:20:29.89749336, 1.3333E-01, 1.0267E+01, 3.3600E+01,
14:20:29.89749356, 3.3333E-02, 1.0333E+01, 3.3600E+01,
14:20:29.89749376, 0.0000E+00, 1.0400E+01, 3.3200E+01,
14:20:29.89749396, 3.3333E-02, 1.0467E+01, 3.3200E+01,
14:20:29.89749416, 6.6667E-02, 1.0400E+01, 3.3333E+01,
14:20:29.89749436, 0.0000E+00, 1.0267E+01, 3.3333E+01,
14:20:29.89749456, 3.3333E-02, 1.0267E+01, 3.3067E+01,
14:20:29.89749476, 0.0000E+00, 1.0400E+01, 3.3200E+01,
14:20:29.89749496, 3.3333E-02, 1.0333E+01, 3.2800E+01,
14:20:29.89749516, 3.3333E-02, 1.0267E+01, 3.2533E+01,
14:20:29.89749536, 0.0000E+00, 1.0200E+01, 3.2533E+01,
14:20:29.89749556, 6.6667E-02, 1.0400E+01, 3.2400E+01,
14:20:29.89749576, 3.3333E-02, 1.0200E+01, 3.2267E+01,
14:20:29.89749596, 3.3333E-02, 1.0400E+01, 3.2133E+01,
14:20:29.89749616, 6.6667E-02, 1.0267E+01, 3.1867E+01,
14:20:29.89749636, 6.6667E-02, 1.0267E+01, 3.2267E+01,
14:20:29.89749656,-3.3333E-02, 1.0533E+01, 3.2000E+01,
14:20:29.89749676, 6.6667E-02, 1.0400E+01, 3.2000E+01,
14:20:29.89749696,-6.6667E-02, 1.0467E+01, 3.1600E+01,
14:20:29.89749716, 0.0000E+00, 1.0267E+01, 3.1467E+01,
14:20:29.89749736, 3.3333E-02, 1.0333E+01, 3.1333E+01,
14:20:29.89749756, 0.0000E+00, 1.0333E+01, 3.1333E+01,
14:20:29.89749776, 1.0000E-01, 1.0400E+01, 3.1067E+01,
14:20:29.89749796, 0.0000E+00, 1.0267E+01, 3.0800E+01,
14:20:29.89749816, 3.3333E-02, 1.0333E+01, 3.0933E+01,
14:20:29.89749836, 0.0000E+00, 1.0400E+01, 3.1067E+01,
14:20:29.89749856, 6.6667E-02, 1.0333E+01, 3.0800E+01,
14:20:29.89749876, 0.0000E+00, 1.0400E+01, 3.0533E+01,
14:20:29.89749896, 3.3333E-02, 1.0400E+01, 3.0800E+01,
14:20:29.89749916, 6.6667E-02, 1.0267E+01, 3.0400E+01,
14:20:29.89749936, 3.3333E-02, 1.0467E+01, 3.0267E+01,
14:20:29.89749956, 0.0000E+00, 1.0400E+01, 3.0267E+01,
14:20:29.89749976, 3.3333E-02, 1.0333E+01, 3.0400E+01,
14:20:29.89749996, 1.0000E-01, 1.0400E+01, 3.0000E+01,
14:20:29.89750016, 0.0000E+00, 1.0400E+01, 2.9600E+01,
14:20:29.89750036, 3.3333E-02, 1.0467E+01, 2.9467E+01,
14:20:29.89750056, 0.0000E+00, 1.0400E+01, 2.9733E+01,
14:20:29.89750076, 3.3333E-02, 1.0400E+01, 2.9600E+01,
14:20:29.89750096, 3.3333E-02, 1.0267E+01, 2.9467E+01,
14:20:29.89750116, 3.3333E-02, 1.0267E+01, 2.9467E+01,
14:20:29.89750136, 3.3333E-02, 1.0400E+01, 2.9467E+01,
14:20:29.89750156, 6.6667E-02, 1.0333E+01, 2.9467E+01,
14:20:29.89750176, 3.3333E-02, 1.0267E+01, 2.8933E+01,
14:20:29.89750196, 1.3333E-01, 1.0267E+01, 2.9333E+01,
14:20:29.89750216, 6.6667E-02, 1.0267E+01, 2.8800E+01,
14:20:29.89750236, 1.0000E-01, 1.0400E+01, 2.9067E+01,
14:20:29.89750256, 0.0000E+00, 1.0400E+01, 2.8800E+01,
14:20:29.89750276, 3.3333E-02, 1.0333E+01, 2.8400E+01,
14:20:29.89750296, 6.6667E-02, 1.0400E+01, 2.8400E+01,
14:20:29.89750316, 0.0000E+00, 1.0333E+01, 2.8667E+01,
14:20:29.89750336, 3.3333E-02, 1.0267E+01, 2.8400E+01,
14:20:29.89750356, 3.3333E-02, 1.0267E+01, 2.8267E+01,
14:20:29.89750376, 3.3333E-02, 1.0333E+01, 2.8000E+01,
14:20:29.89750396, 3.3333E-02, 1.0333E+01, 2.8000E+01,
14:20:29.89750416, 1.0000E-01, 1.0267E+01, 2.7867E+01,
14:20:29.89750436, 0.0000E+00, 1.0467E+01, 2.7867E+01,
14:20:29.89750456, 3.3333E-02, 1.0400E+01, 2.7733E+01,
14:20:29.89750476, 1.0000E-01, 1.0267E+01, 2.7467E+01,
14:20:29.89750496, 6.6667E-02, 1.0400E+01, 2.8000E+01,
14:20:29.89750516, 3.3333E-02, 1.0400E+01, 2.7733E+01,
14:20:29.89750536, 6.6667E-02, 1.0333E+01, 2.7200E+01,
14:20:29.89750556, 3.3333E-02, 1.0200E+01, 2.7467E+01,
14:20:29.89750576, 0.0000E+00, 1.0400E+01, 2.7200E+01,
14:20:29.89750596, 6.6667E-02, 1.0267E+01, 2.7067E+01,
14:20:29.89750616, 0.0000E+00, 1.0200E+01, 2.7067E+01,
14:20:29.89750636, 0.0000E+00, 1.0333E+01, 2.6800E+01,
14:20:29.89750656, 3.3333E-02, 1.0400E+01, 2.6800E+01,
14:20:29.89750676, 1.0000E-01, 1.0333E+01, 2.6667E+01,
14:20:29.89750696, 3.3333E-02, 1.0267E+01, 2.6667E+01,
14:20:29.89750716, 0.0000E+00, 1.0467E+01, 2.6400E+01,
14:20:29.89750736, 6.6667E-02, 1.0333E+01, 2.6667E+01,
14:20:29.89750756, 0.0000E+00, 1.0333E+01, 2.6400E+01,
14:20:29.89750776, 0.0000E+00, 1.0333E+01, 2.6133E+01,
14:20:29.89750796, 0.0000E+00, 1.0333E+01, 2.6400E+01,
14:20:29.89750816, 3.3333E-02, 1.0267E+01, 2.6267E+01,
14:20:29.89750836,-3.3333E-02, 1.0267E+01, 2.5867E+01,
14:20:29.89750856, 3.3333E-02, 1.0467E+01, 2.5733E+01,
14:20:29.89750876, 6.6667E-02, 1.0200E+01, 2.6000E+01,
14:20:29.89750896, 0.0000E+00, 1.0200E+01, 2.5867E+01,
14:20:29.89750916, 0.0000E+00, 1.0333E+01, 2.5333E+01,
14:20:29.89750936, 6.6667E-02, 1.0267E+01, 2.5867E+01,
14:20:29.89750956, 6.6667E-02, 1.0267E+01, 2.5333E+01,
14:20:29.89750976, 0.0000E+00, 1.0267E+01, 2.5467E+01,
14:20:29.89750996, 0.0000E+00, 1.0400E+01, 2.5467E+01,
14:20:29.89751016, 1.0000E-01, 1.0400E+01, 2.5333E+01,
14:20:29.89751036, 3.3333E-02, 1.0533E+01, 2.5333E+01,
14:20:29.89751056, 6.6667E-02, 1.0400E+01, 2.5067E+01,
14:20:29.89751076, 0.0000E+00, 1.0400E+01, 2.5200E+01,
14:20:29.89751096, 1.0000E-01, 1.0333E+01, 2.5200E+01,
14:20:29.89751116, 6.6667E-02, 1.0400E+01, 2.5333E+01,
14:20:29.89751136, 3.3333E-02, 1.0333E+01, 2.4800E+01,
14:20:29.89751156, 6.6667E-02, 1.0333E+01, 2.4667E+01,
14:20:29.89751176,-3.3333E-02, 1.0400E+01, 2.4800E+01,
14:20:29.89751196, 6.6667E-02, 1.0400E+01, 2.4667E+01,
14:20:29.89751216, 1.0000E-01, 1.0333E+01, 2.4667E+01,
14:20:29.89751236, 3.3333E-02, 1.0333E+01, 2.4667E+01,
14:20:29.89751256, 6.6667E-02, 1.0400E+01, 2.4133E+01,
14:20:29.89751276, 3.3333E-02, 1.0467E+01, 2.4267E+01,
14:20:29.89751296,-6.6667E-02, 1.0400E+01, 2.4267E+01,
14:20:29.89751316, 0.0000E+00, 1.0400E+01, 2.4000E+01,
14:20:29.89751336, 6.6667E-02, 1.0400E+01, 2.4000E+01,
14:20:29.89751356, 3.3333E-02, 1.0267E+01, 2.4000E+01,
14:20:29.89751376,-3.3333E-02, 1.0267E+01, 2.4000E+01,
14:20:29.89751396, 0.0000E+00, 1.0333E+01, 2.3333E+01,
14:20:29.89751416, 0.0000E+00, 1.0333E+01, 2.4000E+01,
14:20:29.89751436, 6.6667E-02, 1.0200E+01, 2.3600E+01,
14:20:29.89751456, 1.0000E-01, 1.0200E+01, 2.3333E+01,
14:20:29.89751476, 3.3333E-02, 1.0400E+01, 2.3733E+01,
14:20:29.89751496, 0.0000E+00, 1.0267E+01, 2.3467E+01,
14:20:29.89751516, 6.6667E-02, 1.0267E+01, 2.3200E+01,
14:20:29.89751536, 3.3333E-02, 1.0400E+01, 2.3333E+01,
14:20:29.89751556, 0.0000E+00, 1.0267E+01, 2.3200E+01,
14:20:29.89751576, 3.3333E-02, 1.0333E+01, 2.2933E+01,
14:20:29.89751596, 3.3333E-02, 1.0267E+01, 2.3067E+01,
14:20:29.89751616, 1.0000E-01, 1.0333E+01, 2.3200E+01,
14:20:29.89751636, 6.6667E-02, 1.0333E+01, 2.2667E+01,
14:20:29.89751656, 6.6667E-02, 1.0533E+01, 2.2800E+01,
14:20:29.89751676, 3.3333E-02, 1.0267E+01, 2.2800E+01,
14:20:29.89751696, 1.0000E-01, 1.0400E+01, 2.2667E+01,
14:20:29.89751716, 1.0000E-01, 1.0467E+01, 2.2800E+01,
14:20:29.89751736, 3.3333E-02, 1.0267E+01, 2.2533E+01,
14:20:29.89751756, 3.3333E-02, 1.0333E+01, 2.2267E+01,
14:20:29.89751776, 6.6667E-02, 1.0533E+01, 2.2533E+01,
14:20:29.89751796, 0.0000E+00, 1.0333E+01, 2.2267E+01,
14:20:29.89751816, 0.0000E+00, 1.0333E+01, 2.2133E+01,
14:20:29.89751836, 6.6667E-02, 1.0267E+01, 2.1733E+01,
14:20:29.89751856, 6.6667E-02, 1.0267E+01, 2.2267E+01,
14:20:29.89751876, 0.0000E+00, 1.0333E+01, 2.1867E+01,
14:20:29.89751896, 6.6667E-02, 1.0333E+01, 2.2133E+01,
14:20:29.89751916, 6.6667E-02, 1.0333E+01, 2.1867E+01,
14:20:29.89751936, 3.3333E-02, 1.0333E+01, 2.1600E+01,
14:20:29.89751956, 6.6667E-02, 1.0200E+01, 2.1733E+01,
14:20:29.89751976, 6.6667E-02, 1.0333E+01, 2.2000E+01,
14:20:29.89751996, 3.3333E-02, 1.0267E+01, 2.1333E+01,
14:20:29.89752016, 0.0000E+00, 1.0333E+01, 2.1467E+01,
14:20:29.89752036,-3.3333E-02, 1.0267E+01, 2.1600E+01,
14:20:29.89752056, 3.3333E-02, 1.0400E+01, 2.1200E+01,
14:20:29.89752076,-6.6667E-02, 1.0333E+01, 2.1200E+01,
14:20:29.89752096, 3.3333E-02, 1.0267E+01, 2.1200E+01,
14:20:29.89752116, 6.6667E-02, 1.0333E+01, 2.1200E+01,
14:20:29.89752136, 0.0000E+00, 1.0333E+01, 2.0933E+01,
14:20:29.89752156,-3.3333E-02, 1.0400E+01, 2.1200E+01,
14:20:29.89752176, 6.6667E-02, 1.0333E+01, 2.1200E+01,
14:20:29.89752196, 0.0000E+00, 1.0133E+01, 2.0667E+01,
14:20:29.89752216, 0.0000E+00, 1.0333E+01, 2.1067E+01,
14:20:29.89752236, 0.0000E+00, 1.0400E+01, 2.0400E+01,
14:20:29.89752256,-3.3333E-02, 1.0333E+01, 2.0533E+01,
14:20:29.89752276, 6.6667E-02, 1.0333E+01, 2.0533E+01,
14:20:29.89752296, 3.3333E-02, 1.0267E+01, 2.0667E+01,
14:20:29.89752316, 3.3333E-02, 1.0333E+01, 2.0800E+01,
14:20:29.89752336, 3.3333E-02, 1.0400E+01, 2.0533E+01,
14:20:29.89752356, 1.0000E-01, 1.0267E+01, 2.0267E+01,
14:20:29.89752376, 3.3333E-02, 1.0400E+01, 2.0400E+01,
