"Header Size"           ,15              
"Model Name"            ,"DL850EV       "
"Comment"               ,"                         "
"BlockNumber"           ,1               
"TraceName"             ,"Vgate         ","Vds           ","Id            "
"BlockSize"             ,4004            ,4004            ,4004            
"VUnit"                 ,"V             ","V             ","A             "
"SampleRate"            ,20000000.000000 ,20000000.000000 ,20000000.000000 
"HResolution"           ,5.000000e-08    ,5.000000e-08    ,5.000000e-08    
"HOffset"               ,-4.000000e-05   ,-4.000000e-05   ,-4.000000e-05   
"HUnit"                 ,"s             ","s             ","s             "
"DisplayPointNo."       ,1               ,1               ,1               
"PhaseShift"            ,1               ,1               ,1               
"Date"                  ,"2026/04/14    ","2026/04/14    ","2026/04/14    "
"Time"                  ,"13:05:41.59972655","13:05:41.59972655","13:05:41.59972655"

13:05:41.59968655, 1.3333E-02, 4.2667E-01, 0.0000E+00,
13:05:41.59968660, 4.0000E-02, 4.8000E-01, 1.3333E-01,
13:05:41.59968665, 1.3333E-02, 4.5333E-01,-2.6667E-01,
13:05:41.59968670, 1.3333E-02, 4.6667E-01, 0.0000E+00,
13:05:41.59968675, 1.3333E-02, 4.6667E-01, 0.0000E+00,
13:05:41.59968680, 1.3333E-02, 4.4000E-01, 1.3333E-01,
13:05:41.59968685, 1.3333E-02, 4.6667E-01, 1.3333E-01,
13:05:41.59968690, 4.0000E-02, 4.4000E-01, 5.3333E-01,
13:05:41.59968695, 0.0000E+00, 4.8000E-01, 1.3333E-01,
13:05:41.59968700,-1.3333E-02, 4.5333E-01, 0.0000E+00,
13:05:41.59968705,-1.3333E-02, 4.5333E-01, 1.3333E-01,
13:05:41.59968710, 1.3333E-02, 4.2667E-01, 2.6667E-01,
13:05:41.59968715, 2.6667E-02, 4.2667E-01, 0.0000E+00,
13:05:41.59968720, 0.0000E+00, 4.2667E-01,-1.3333E-01,
13:05:41.59968725, 0.0000E+00, 4.2667E-01,-1.3333E-01,
13:05:41.59968730, 1.3333E-02, 4.4000E-01, 1.3333E-01,
13:05:41.59968735, 2.6667E-02, 4.4000E-01, 2.6667E-01,
13:05:41.59968740, 1.3333E-02, 4.1333E-01, 1.3333E-01,
13:05:41.59968745,-1.3333E-02, 4.2667E-01, 4.0000E-01,
13:05:41.59968750, 1.3333E-02, 4.1333E-01, 1.3333E-01,
13:05:41.59968755, 2.6667E-02, 4.5333E-01,-2.6667E-01,
13:05:41.59968760, 1.3333E-02, 4.1333E-01, 0.0000E+00,
13:05:41.59968765, 1.3333E-02, 4.4000E-01,-2.6667E-01,
13:05:41.59968770, 4.0000E-02, 4.4000E-01, 0.0000E+00,
13:05:41.59968775, 1.3333E-02, 4.5333E-01, 1.3333E-01,
13:05:41.59968780, 0.0000E+00, 4.5333E-01, 1.3333E-01,
13:05:41.59968785, 1.3333E-02, 4.5333E-01, 1.3333E-01,
13:05:41.59968790, 2.6667E-02, 4.6667E-01, 4.0000E-01,
13:05:41.59968795,-1.3333E-02, 4.4000E-01, 2.6667E-01,
13:05:41.59968800, 0.0000E+00, 4.2667E-01,-1.3333E-01,
13:05:41.59968805, 0.0000E+00, 4.6667E-01,-1.3333E-01,
13:05:41.59968810, 2.6667E-02, 4.4000E-01, 1.3333E-01,
13:05:41.59968815, 2.6667E-02, 4.8000E-01, 1.3333E-01,
13:05:41.59968820, 2.6667E-02, 4.8000E-01, 0.0000E+00,
13:05:41.59968825, 2.6667E-02, 4.8000E-01, 0.0000E+00,
13:05:41.59968830, 1.3333E-02, 4.4000E-01, 2.6667E-01,
13:05:41.59968835, 1.3333E-02, 4.4000E-01, 0.0000E+00,
13:05:41.59968840, 0.0000E+00, 4.6667E-01, 2.6667E-01,
13:05:41.59968845, 1.3333E-02, 4.6667E-01, 1.3333E-01,
13:05:41.59968850, 0.0000E+00, 4.5333E-01,-1.3333E-01,
13:05:41.59968855, 1.3333E-02, 4.6667E-01, 1.3333E-01,
13:05:41.59968860, 1.3333E-02, 4.5333E-01, 1.3333E-01,
13:05:41.59968865, 1.3333E-02, 4.5333E-01, 0.0000E+00,
13:05:41.59968870, 0.0000E+00, 4.2667E-01,-2.6667E-01,
13:05:41.59968875, 2.6667E-02, 4.6667E-01, 4.0000E-01,
13:05:41.59968880, 0.0000E+00, 4.5333E-01, 4.0000E-01,
13:05:41.59968885, 0.0000E+00, 4.5333E-01,-1.3333E-01,
13:05:41.59968890, 0.0000E+00, 4.5333E-01, 2.6667E-01,
13:05:41.59968895, 2.6667E-02, 4.5333E-01, 1.3333E-01,
13:05:41.59968900, 1.3333E-02, 4.5333E-01,-1.3333E-01,
13:05:41.59968905, 1.3333E-02, 4.6667E-01, 1.3333E-01,
13:05:41.59968910, 2.6667E-02, 4.6667E-01,-1.3333E-01,
13:05:41.59968915, 1.3333E-02, 4.5333E-01, 1.3333E-01,
13:05:41.59968920, 1.3333E-02, 4.6667E-01, 1.3333E-01,
13:05:41.59968925, 0.0000E+00, 4.5333E-01,-1.3333E-01,
13:05:41.59968930, 6.6667E-02, 4.8000E-01, 1.3333E-01,
13:05:41.59968935, 1.3333E-02, 4.2667E-01,-1.3333E-01,
13:05:41.59968940, 4.0000E-02, 4.4000E-01, 0.0000E+00,
13:05:41.59968945, 2.6667E-02, 4.5333E-01, 1.3333E-01,
13:05:41.59968950,-1.3333E-02, 4.2667E-01, 0.0000E+00,
13:05:41.59968955, 5.3333E-02, 4.5333E-01, 0.0000E+00,
13:05:41.59968960, 2.6667E-02, 4.5333E-01,-1.3333E-01,
13:05:41.59968965,-1.3333E-02, 4.6667E-01, 2.6667E-01,
13:05:41.59968970, 0.0000E+00, 4.1333E-01,-1.3333E-01,
13:05:41.59968975, 4.0000E-02, 4.8000E-01, 2.6667E-01,
13:05:41.59968980, 1.3333E-02, 4.5333E-01, 0.0000E+00,
13:05:41.59968985, 0.0000E+00, 4.5333E-01, 4.0000E-01,
13:05:41.59968990, 2.6667E-02, 4.1333E-01, 2.6667E-01,
13:05:41.59968995, 1.3333E-02, 4.1333E-01,-2.6667E-01,
13:05:41.59969000, 0.0000E+00, 4.2667E-01, 1.3333E-01,
13:05:41.59969005, 2.6667E-02, 4.4000E-01, 0.0000E+00,
13:05:41.59969010, 0.0000E+00, 4.4000E-01, 1.3333E-01,
13:05:41.59969015, 5.3333E-02, 4.6667E-01, 0.0000E+00,
13:05:41.59969020, 5.3333E-02, 4.5333E-01, 2.6667E-01,
13:05:41.59969025, 1.3333E-02, 4.2667E-01,-2.6667E-01,
13:05:41.59969030, 0.0000E+00, 4.5333E-01, 2.6667E-01,
13:05:41.59969035, 0.0000E+00, 4.8000E-01, 1.3333E-01,
13:05:41.59969040, 0.0000E+00, 4.5333E-01, 1.3333E-01,
13:05:41.59969045, 0.0000E+00, 4.4000E-01, 0.0000E+00,
13:05:41.59969050, 4.0000E-02, 4.6667E-01, 1.3333E-01,
13:05:41.59969055, 2.6667E-02, 4.8000E-01,-1.3333E-01,
13:05:41.59969060, 1.3333E-02, 4.4000E-01, 0.0000E+00,
13:05:41.59969065, 0.0000E+00, 4.6667E-01, 0.0000E+00,
13:05:41.59969070, 2.6667E-02, 4.1333E-01, 0.0000E+00,
13:05:41.59969075, 1.3333E-02, 4.4000E-01, 1.3333E-01,
13:05:41.59969080,-2.6667E-02, 4.6667E-01, 4.0000E-01,
13:05:41.59969085, 2.6667E-02, 4.5333E-01, 2.6667E-01,
13:05:41.59969090,-2.6667E-02, 4.5333E-01, 6.6667E-01,
13:05:41.59969095, 0.0000E+00, 4.4000E-01,-1.3333E-01,
13:05:41.59969100, 0.0000E+00, 4.5333E-01,-1.3333E-01,
13:05:41.59969105, 1.3333E-02, 4.6667E-01,-2.6667E-01,
13:05:41.59969110, 1.3333E-02, 4.5333E-01,-1.3333E-01,
13:05:41.59969115, 2.6667E-02, 4.5333E-01,-1.3333E-01,
13:05:41.59969120, 2.6667E-02, 4.5333E-01, 2.6667E-01,
13:05:41.59969125,-1.3333E-02, 4.5333E-01, 4.0000E-01,
13:05:41.59969130, 2.6667E-02, 4.4000E-01,-1.3333E-01,
13:05:41.59969135, 1.3333E-02, 4.4000E-01, 1.3333E-01,
13:05:41.59969140, 2.6667E-02, 4.2667E-01, 0.0000E+00,
13:05:41.59969145, 1.3333E-02, 4.5333E-01, 0.0000E+00,
13:05:41.59969150, 0.0000E+00, 4.5333E-01, 0.0000E+00,
13:05:41.59969155, 1.3333E-02, 4.2667E-01, 4.0000E-01,
13:05:41.59969160, 5.3333E-02, 4.2667E-01, 1.3333E-01,
13:05:41.59969165, 1.3333E-02, 4.6667E-01, 1.3333E-01,
13:05:41.59969170,-1.3333E-02, 4.8000E-01,-1.3333E-01,
13:05:41.59969175,-1.3333E-02, 4.4000E-01, 0.0000E+00,
13:05:41.59969180,-1.3333E-02, 4.5333E-01, 2.6667E-01,
13:05:41.59969185, 2.6667E-02, 4.6667E-01, 2.6667E-01,
13:05:41.59969190, 0.0000E+00, 4.6667E-01, 0.0000E+00,
13:05:41.59969195, 1.3333E-02, 4.8000E-01, 2.6667E-01,
13:05:41.59969200,-1.3333E-02, 4.4000E-01, 5.3333E-01,
13:05:41.59969205, 1.3333E-02, 4.5333E-01,-1.3333E-01,
13:05:41.59969210, 2.6667E-02, 4.5333E-01,-1.3333E-01,
13:05:41.59969215, 4.0000E-02, 4.4000E-01, 4.0000E-01,
13:05:41.59969220, 2.6667E-02, 4.2667E-01, 2.6667E-01,
13:05:41.59969225, 0.0000E+00, 4.5333E-01,-1.3333E-01,
13:05:41.59969230, 0.0000E+00, 4.2667E-01,-1.3333E-01,
13:05:41.59969235,-1.3333E-02, 4.4000E-01, 1.3333E-01,
13:05:41.59969240, 0.0000E+00, 4.6667E-01, 2.6667E-01,
13:05:41.59969245, 2.6667E-02, 4.2667E-01, 0.0000E+00,
13:05:41.59969250, 4.0000E-02, 4.5333E-01,-1.3333E-01,
13:05:41.59969255, 2.6667E-02, 4.6667E-01, 1.3333E-01,
13:05:41.59969260, 1.3333E-02, 4.4000E-01,-1.3333E-01,
13:05:41.59969265, 2.6667E-02, 4.6667E-01, 0.0000E+00,
13:05:41.59969270, 1.3333E-02, 4.5333E-01, 0.0000E+00,
13:05:41.59969275,-2.6667E-02, 4.4000E-01,-1.3333E-01,
13:05:41.59969280, 0.0000E+00, 4.6667E-01, 1.3333E-01,
13:05:41.59969285, 0.0000E+00, 4.6667E-01, 2.6667E-01,
13:05:41.59969290, 2.6667E-02, 4.5333E-01, 1.3333E-01,
13:05:41.59969295, 2.6667E-02, 4.6667E-01, 1.3333E-01,
13:05:41.59969300, 5.3333E-02, 4.5333E-01,-2.6667E-01,
13:05:41.59969305, 0.0000E+00, 4.4000E-01, 1.3333E-01,
13:05:41.59969310, 4.0000E-02, 4.4000E-01, 1.3333E-01,
13:05:41.59969315, 0.0000E+00, 4.4000E-01,-2.6667E-01,
13:05:41.59969320,-1.3333E-02, 4.5333E-01, 4.0000E-01,
13:05:41.59969325, 1.3333E-02, 4.4000E-01, 1.3333E-01,
13:05:41.59969330,-1.3333E-02, 4.6667E-01, 0.0000E+00,
13:05:41.59969335, 0.0000E+00, 4.5333E-01,-2.6667E-01,
13:05:41.59969340, 2.6667E-02, 4.5333E-01, 0.0000E+00,
13:05:41.59969345, 1.3333E-02, 4.4000E-01, 0.0000E+00,
13:05:41.59969350, 0.0000E+00, 4.4000E-01, 1.3333E-01,
13:05:41.59969355, 1.3333E-02, 4.4000E-01, 2.6667E-01,
13:05:41.59969360, 0.0000E+00, 4.2667E-01,-2.6667E-01,
13:05:41.59969365, 1.3333E-02, 4.0000E-01, 1.3333E-01,
13:05:41.59969370, 0.0000E+00, 4.6667E-01, 2.6667E-01,
13:05:41.59969375, 0.0000E+00, 4.4000E-01, 1.3333E-01,
13:05:41.59969380, 4.0000E-02, 4.1333E-01, 2.6667E-01,
13:05:41.59969385, 0.0000E+00, 4.2667E-01, 1.3333E-01,
13:05:41.59969390, 0.0000E+00, 4.5333E-01, 2.6667E-01,
13:05:41.59969395, 0.0000E+00, 4.2667E-01, 0.0000E+00,
13:05:41.59969400, 2.6667E-02, 4.4000E-01, 5.3333E-01,
13:05:41.59969405, 1.3333E-02, 4.4000E-01, 1.3333E-01,
13:05:41.59969410, 2.6667E-02, 4.5333E-01, 2.6667E-01,
13:05:41.59969415, 1.3333E-02, 4.5333E-01, 0.0000E+00,
13:05:41.59969420, 4.0000E-02, 4.4000E-01, 0.0000E+00,
13:05:41.59969425, 1.3333E-02, 4.5333E-01,-1.3333E-01,
13:05:41.59969430, 0.0000E+00, 4.4000E-01, 4.0000E-01,
13:05:41.59969435,-2.6667E-02, 4.2667E-01, 0.0000E+00,
13:05:41.59969440,-1.3333E-02, 4.4000E-01,-1.3333E-01,
13:05:41.59969445, 2.6667E-02, 4.4000E-01,-1.3333E-01,
13:05:41.59969450, 1.3333E-02, 4.2667E-01, 0.0000E+00,
13:05:41.59969455, 5.3333E-02, 4.5333E-01, 2.6667E-01,
13:05:41.59969460, 0.0000E+00, 4.4000E-01, 5.3333E-01,
13:05:41.59969465,-1.3333E-02, 4.5333E-01, 4.0000E-01,
13:05:41.59969470, 2.6667E-02, 4.4000E-01, 4.0000E-01,
13:05:41.59969475, 1.3333E-02, 4.6667E-01,-1.3333E-01,
13:05:41.59969480, 0.0000E+00, 4.5333E-01, 1.3333E-01,
13:05:41.59969485, 1.3333E-02, 4.4000E-01, 2.6667E-01,
13:05:41.59969490, 2.6667E-02, 4.2667E-01, 0.0000E+00,
13:05:41.59969495, 4.0000E-02, 4.5333E-01, 0.0000E+00,
13:05:41.59969500, 1.3333E-02, 4.8000E-01, 0.0000E+00,
13:05:41.59969505, 1.3333E-02, 4.5333E-01, 2.6667E-01,
13:05:41.59969510, 0.0000E+00, 4.6667E-01,-1.3333E-01,
13:05:41.59969515,-2.6667E-02, 4.6667E-01, 1.3333E-01,
13:05:41.59969520, 0.0000E+00, 4.8000E-01, 0.0000E+00,
13:05:41.59969525,-1.3333E-02, 4.6667E-01, 2.6667E-01,
13:05:41.59969530, 0.0000E+00, 4.4000E-01, 2.6667E-01,
13:05:41.59969535, 1.3333E-02, 4.4000E-01, 1.3333E-01,
13:05:41.59969540, 2.6667E-02, 4.5333E-01, 1.3333E-01,
13:05:41.59969545, 4.0000E-02, 4.2667E-01, 4.0000E-01,
13:05:41.59969550, 0.0000E+00, 4.6667E-01, 0.0000E+00,
13:05:41.59969555, 2.6667E-02, 4.5333E-01,-1.3333E-01,
13:05:41.59969560, 1.3333E-02, 4.4000E-01, 1.3333E-01,
13:05:41.59969565,-1.3333E-02, 4.4000E-01, 1.3333E-01,
13:05:41.59969570, 0.0000E+00, 4.5333E-01, 2.6667E-01,
13:05:41.59969575,-1.3333E-02, 4.6667E-01, 4.0000E-01,
13:05:41.59969580, 1.3333E-02, 4.6667E-01,-1.3333E-01,
13:05:41.59969585, 4.0000E-02, 4.8000E-01, 0.0000E+00,
13:05:41.59969590, 2.6667E-02, 4.6667E-01, 0.0000E+00,
13:05:41.59969595, 0.0000E+00, 4.5333E-01, 1.3333E-01,
13:05:41.59969600, 0.0000E+00, 4.4000E-01, 2.6667E-01,
13:05:41.59969605,-2.6667E-02, 4.5333E-01, 1.3333E-01,
13:05:41.59969610, 0.0000E+00, 4.4000E-01, 2.6667E-01,
13:05:41.59969615,-1.3333E-02, 4.6667E-01, 1.3333E-01,
13:05:41.59969620, 1.3333E-02, 4.2667E-01, 2.6667E-01,
13:05:41.59969625, 2.6667E-02, 4.5333E-01, 0.0000E+00,
13:05:41.59969630, 0.0000E+00, 4.6667E-01, 0.0000E+00,
13:05:41.59969635, 1.3333E-02, 4.1333E-01,-1.3333E-01,
13:05:41.59969640, 1.3333E-02, 4.2667E-01,-1.3333E-01,
13:05:41.59969645, 1.3333E-02, 4.2667E-01, 0.0000E+00,
13:05:41.59969650, 1.3333E-02, 4.4000E-01, 4.0000E-01,
13:05:41.59969655, 1.3333E-02, 4.4000E-01,-2.6667E-01,
13:05:41.59969660,-1.3333E-02, 4.4000E-01, 0.0000E+00,
13:05:41.59969665,-1.3333E-02, 4.5333E-01, 1.3333E-01,
13:05:41.59969670, 2.6667E-02, 4.4000E-01, 0.0000E+00,
13:05:41.59969675, 0.0000E+00, 4.5333E-01, 4.0000E-01,
13:05:41.59969680, 2.6667E-02, 4.1333E-01, 0.0000E+00,
13:05:41.59969685, 1.3333E-02, 4.5333E-01, 1.3333E-01,
13:05:41.59969690, 1.3333E-02, 4.5333E-01,-1.3333E-01,
13:05:41.59969695, 1.3333E-02, 4.5333E-01, 1.3333E-01,
13:05:41.59969700, 1.3333E-02, 4.5333E-01, 2.6667E-01,
13:05:41.59969705, 0.0000E+00, 4.5333E-01, 2.6667E-01,
13:05:41.59969710, 0.0000E+00, 4.5333E-01, 1.3333E-01,
13:05:41.59969715, 0.0000E+00, 4.8000E-01, 0.0000E+00,
13:05:41.59969720, 4.0000E-02, 4.6667E-01, 2.6667E-01,
13:05:41.59969725, 1.3333E-02, 4.4000E-01, 2.6667E-01,
13:05:41.59969730,-1.3333E-02, 4.4000E-01, 2.6667E-01,
13:05:41.59969735, 1.3333E-02, 4.1333E-01, 1.3333E-01,
13:05:41.59969740, 2.6667E-02, 4.5333E-01, 0.0000E+00,
13:05:41.59969745,-2.6667E-02, 4.5333E-01, 1.3333E-01,
13:05:41.59969750, 0.0000E+00, 4.6667E-01, 1.3333E-01,
13:05:41.59969755,-2.6667E-02, 4.5333E-01, 1.3333E-01,
13:05:41.59969760,-1.3333E-02, 4.6667E-01, 1.3333E-01,
13:05:41.59969765, 1.3333E-02, 4.4000E-01, 1.3333E-01,
13:05:41.59969770, 0.0000E+00, 4.2667E-01, 2.6667E-01,
13:05:41.59969775, 0.0000E+00, 4.6667E-01,-2.6667E-01,
13:05:41.59969780, 4.0000E-02, 4.5333E-01, 2.6667E-01,
13:05:41.59969785, 2.6667E-02, 4.4000E-01, 0.0000E+00,
13:05:41.59969790, 0.0000E+00, 4.2667E-01, 2.6667E-01,
13:05:41.59969795, 0.0000E+00, 4.4000E-01, 4.0000E-01,
13:05:41.59969800,-2.6667E-02, 4.5333E-01, 2.6667E-01,
13:05:41.59969805,-5.3333E-02, 4.6667E-01, 6.6667E-01,
13:05:41.59969810, 0.0000E+00, 4.4000E-01, 6.6667E-01,
13:05:41.59969815, 0.0000E+00, 4.6667E-01, 1.3333E-01,
13:05:41.59969820, 1.3333E-02, 4.4000E-01, 1.3333E-01,
13:05:41.59969825, 5.3333E-02, 4.5333E-01, 2.6667E-01,
13:05:41.59969830,-1.3333E-02, 4.5333E-01, 2.6667E-01,
13:05:41.59969835, 1.3333E-02, 4.5333E-01,-1.3333E-01,
13:05:41.59969840,-1.3333E-02, 4.5333E-01, 1.3333E-01,
13:05:41.59969845, 1.3333E-02, 4.4000E-01, 2.6667E-01,
13:05:41.59969850, 0.0000E+00, 4.5333E-01, 4.0000E-01,
13:05:41.59969855, 2.6667E-02, 4.6667E-01, 0.0000E+00,
13:05:41.59969860, 1.3333E-02, 4.6667E-01, 2.6667E-01,
13:05:41.59969865, 1.3333E-02, 4.5333E-01, 1.3333E-01,
13:05:41.59969870, 0.0000E+00, 4.4000E-01,-1.3333E-01,
13:05:41.59969875, 1.3333E-02, 4.6667E-01, 1.3333E-01,
13:05:41.59969880, 1.3333E-02, 4.5333E-01, 0.0000E+00,
13:05:41.59969885, 1.3333E-02, 4.6667E-01,-1.3333E-01,
13:05:41.59969890, 0.0000E+00, 4.6667E-01, 0.0000E+00,
13:05:41.59969895, 2.6667E-02, 4.2667E-01,-1.3333E-01,
13:05:41.59969900, 0.0000E+00, 4.2667E-01, 1.3333E-01,
13:05:41.59969905, 0.0000E+00, 4.2667E-01,-2.6667E-01,
13:05:41.59969910, 1.3333E-02, 4.4000E-01,-2.6667E-01,
13:05:41.59969915, 1.3333E-02, 4.6667E-01, 4.0000E-01,
13:05:41.59969920, 1.3333E-02, 4.4000E-01,-1.3333E-01,
13:05:41.59969925, 2.6667E-02, 4.4000E-01, 4.0000E-01,
13:05:41.59969930, 2.6667E-02, 4.5333E-01, 4.0000E-01,
13:05:41.59969935, 1.3333E-02, 4.2667E-01,-2.6667E-01,
13:05:41.59969940, 2.6667E-02, 4.2667E-01, 1.3333E-01,
13:05:41.59969945, 0.0000E+00, 4.6667E-01, 0.0000E+00,
13:05:41.59969950, 4.0000E-02, 4.5333E-01, 4.0000E-01,
13:05:41.59969955, 1.3333E-02, 4.5333E-01, 4.0000E-01,
13:05:41.59969960, 2.6667E-02, 4.6667E-01, 2.6667E-01,
13:05:41.59969965, 0.0000E+00, 4.5333E-01, 2.6667E-01,
13:05:41.59969970, 1.3333E-02, 4.6667E-01, 1.3333E-01,
13:05:41.59969975, 4.0000E-02, 4.6667E-01, 0.0000E+00,
13:05:41.59969980, 2.6667E-02, 4.4000E-01, 0.0000E+00,
13:05:41.59969985, 2.6667E-02, 4.4000E-01, 0.0000E+00,
13:05:41.59969990, 0.0000E+00, 4.5333E-01, 1.3333E-01,
13:05:41.59969995, 0.0000E+00, 4.4000E-01, 1.3333E-01,
13:05:41.59970000, 5.3333E-02, 4.5333E-01,-1.3333E-01,
13:05:41.59970005,-1.3333E-02, 4.4000E-01, 0.0000E+00,
13:05:41.59970010, 5.3333E-02, 4.4000E-01, 0.0000E+00,
13:05:41.59970015, 2.6667E-02, 4.5333E-01,-2.6667E-01,
13:05:41.59970020, 1.3333E-02, 4.5333E-01, 0.0000E+00,
13:05:41.59970025, 1.3333E-02, 4.5333E-01,-1.3333E-01,
13:05:41.59970030, 1.3333E-02, 4.4000E-01, 2.6667E-01,
13:05:41.59970035,-2.6667E-02, 4.2667E-01,-1.3333E-01,
13:05:41.59970040,-1.3333E-02, 4.5333E-01, 1.3333E-01,
13:05:41.59970045, 1.3333E-02, 4.5333E-01, 0.0000E+00,
13:05:41.59970050, 1.3333E-02, 4.4000E-01, 4.0000E-01,
13:05:41.59970055, 1.3333E-02, 4.1333E-01, 4.0000E-01,
13:05:41.59970060, 1.3333E-02, 4.5333E-01, 1.3333E-01,
13:05:41.59970065, 4.0000E-02, 4.6667E-01, 4.0000E-01,
13:05:41.59970070, 4.0000E-02, 4.4000E-01, 1.3333E-01,
13:05:41.59970075, 0.0000E+00, 4.6667E-01, 5.3333E-01,
13:05:41.59970080, 2.6667E-02, 4.6667E-01, 2.6667E-01,
13:05:41.59970085, 2.6667E-02, 4.5333E-01,-2.6667E-01,
13:05:41.59970090, 0.0000E+00, 4.6667E-01, 1.3333E-01,
13:05:41.59970095, 2.6667E-02, 4.2667E-01, 1.3333E-01,
13:05:41.59970100, 4.0000E-02, 4.2667E-01,-1.3333E-01,
13:05:41.59970105, 1.3333E-02, 4.2667E-01, 2.6667E-01,
13:05:41.59970110, 1.3333E-02, 4.4000E-01, 1.3333E-01,
13:05:41.59970115, 1.3333E-02, 4.6667E-01, 2.6667E-01,
13:05:41.59970120, 6.6667E-02, 4.2667E-01,-1.3333E-01,
13:05:41.59970125, 2.6667E-02, 4.4000E-01,-2.6667E-01,
13:05:41.59970130, 1.3333E-02, 4.5333E-01, 0.0000E+00,
13:05:41.59970135, 0.0000E+00, 4.6667E-01, 2.6667E-01,
13:05:41.59970140, 0.0000E+00, 4.8000E-01,-2.6667E-01,
13:05:41.59970145,-2.6667E-02, 4.2667E-01, 1.3333E-01,
13:05:41.59970150,-2.6667E-02, 4.2667E-01, 1.3333E-01,
13:05:41.59970155, 2.6667E-02, 4.4000E-01,-2.6667E-01,
13:05:41.59970160, 4.0000E-02, 4.8000E-01, 2.6667E-01,
13:05:41.59970165, 1.3333E-02, 4.4000E-01, 1.3333E-01,
13:05:41.59970170, 0.0000E+00, 4.6667E-01, 2.6667E-01,
13:05:41.59970175,-1.3333E-02, 4.2667E-01, 1.3333E-01,
13:05:41.59970180, 1.3333E-02, 4.4000E-01, 1.3333E-01,
13:05:41.59970185, 0.0000E+00, 4.8000E-01,-1.3333E-01,
13:05:41.59970190, 0.0000E+00, 4.6667E-01, 2.6667E-01,
13:05:41.59970195, 0.0000E+00, 4.0000E-01,-2.6667E-01,
13:05:41.59970200, 2.6667E-02, 4.4000E-01, 4.0000E-01,
13:05:41.59970205, 4.0000E-02, 4.5333E-01, 1.3333E-01,
13:05:41.59970210, 1.3333E-02, 4.2667E-01,-1.3333E-01,
13:05:41.59970215, 4.0000E-02, 4.8000E-01, 2.6667E-01,
13:05:41.59970220,-1.3333E-02, 4.6667E-01, 2.6667E-01,
13:05:41.59970225, 1.3333E-02, 4.4000E-01, 2.6667E-01,
13:05:41.59970230, 1.3333E-02, 4.4000E-01, 4.0000E-01,
13:05:41.59970235, 1.3333E-02, 4.5333E-01, 2.6667E-01,
13:05:41.59970240, 0.0000E+00, 4.5333E-01, 0.0000E+00,
13:05:41.59970245, 0.0000E+00, 4.6667E-01, 4.0000E-01,
13:05:41.59970250, 2.6667E-02, 4.4000E-01, 4.0000E-01,
13:05:41.59970255, 2.6667E-02, 4.0000E-01, 1.3333E-01,
13:05:41.59970260, 2.6667E-02, 4.5333E-01, 4.0000E-01,
13:05:41.59970265, 1.3333E-02, 4.2667E-01, 4.0000E-01,
13:05:41.59970270, 2.6667E-02, 4.8000E-01, 2.6667E-01,
13:05:41.59970275,-2.6667E-02, 4.5333E-01, 2.6667E-01,
13:05:41.59970280,-1.3333E-02, 4.4000E-01, 4.0000E-01,
13:05:41.59970285,-1.3333E-02, 4.4000E-01, 0.0000E+00,
13:05:41.59970290, 2.6667E-02, 4.8000E-01, 2.6667E-01,
13:05:41.59970295, 1.3333E-02, 4.5333E-01, 0.0000E+00,
13:05:41.59970300, 2.6667E-02, 4.5333E-01, 4.0000E-01,
13:05:41.59970305, 2.6667E-02, 4.1333E-01, 2.6667E-01,
13:05:41.59970310, 1.3333E-02, 4.1333E-01,-5.3333E-01,
13:05:41.59970315, 5.3333E-02, 4.4000E-01, 4.0000E-01,
13:05:41.59970320, 0.0000E+00, 4.5333E-01, 0.0000E+00,
13:05:41.59970325, 0.0000E+00, 4.5333E-01, 1.3333E-01,
13:05:41.59970330, 1.3333E-02, 4.1333E-01, 0.0000E+00,
13:05:41.59970335, 1.3333E-02, 4.6667E-01, 1.3333E-01,
13:05:41.59970340, 5.3333E-02, 4.5333E-01,-4.0000E-01,
13:05:41.59970345, 1.3333E-02, 4.4000E-01, 2.6667E-01,
13:05:41.59970350, 2.6667E-02, 4.4000E-01, 2.6667E-01,
13:05:41.59970355, 1.3333E-02, 4.4000E-01, 1.3333E-01,
13:05:41.59970360, 4.0000E-02, 4.5333E-01, 1.3333E-01,
13:05:41.59970365,-1.3333E-02, 4.5333E-01, 4.0000E-01,
13:05:41.59970370,-1.3333E-02, 4.6667E-01, 4.0000E-01,
13:05:41.59970375,-1.3333E-02, 4.5333E-01, 1.3333E-01,
13:05:41.59970380, 1.3333E-02, 4.4000E-01, 0.0000E+00,
13:05:41.59970385, 1.3333E-02, 4.1333E-01,-1.3333E-01,
13:05:41.59970390, 0.0000E+00, 4.6667E-01, 1.3333E-01,
13:05:41.59970395,-1.3333E-02, 4.4000E-01, 2.6667E-01,
13:05:41.59970400, 1.3333E-02, 4.2667E-01, 0.0000E+00,
13:05:41.59970405, 2.6667E-02, 4.2667E-01, 4.0000E-01,
13:05:41.59970410, 1.3333E-02, 4.8000E-01, 2.6667E-01,
13:05:41.59970415, 2.6667E-02, 4.2667E-01, 0.0000E+00,
13:05:41.59970420,-1.3333E-02, 4.2667E-01,-1.3333E-01,
13:05:41.59970425,-1.3333E-02, 4.4000E-01, 2.6667E-01,
13:05:41.59970430, 1.3333E-02, 4.2667E-01,-1.3333E-01,
13:05:41.59970435, 2.6667E-02, 4.4000E-01, 2.6667E-01,
13:05:41.59970440, 1.3333E-02, 4.6667E-01, 2.6667E-01,
13:05:41.59970445, 0.0000E+00, 4.5333E-01, 0.0000E+00,
13:05:41.59970450, 1.3333E-02, 4.4000E-01, 2.6667E-01,
13:05:41.59970455, 0.0000E+00, 4.0000E-01, 0.0000E+00,
13:05:41.59970460, 2.6667E-02, 4.8000E-01,-1.3333E-01,
13:05:41.59970465, 1.3333E-02, 4.4000E-01, 0.0000E+00,
13:05:41.59970470,-2.6667E-02, 4.2667E-01, 1.3333E-01,
13:05:41.59970475, 1.3333E-02, 4.5333E-01, 1.3333E-01,
13:05:41.59970480,-2.6667E-02, 4.4000E-01, 1.3333E-01,
13:05:41.59970485, 1.3333E-02, 4.6667E-01, 0.0000E+00,
13:05:41.59970490, 1.3333E-02, 4.2667E-01, 4.0000E-01,
13:05:41.59970495, 5.3333E-02, 4.5333E-01, 2.6667E-01,
13:05:41.59970500, 2.6667E-02, 4.6667E-01,-2.6667E-01,
13:05:41.59970505, 0.0000E+00, 4.1333E-01, 1.3333E-01,
13:05:41.59970510, 2.6667E-02, 4.4000E-01, 2.6667E-01,
13:05:41.59970515, 2.6667E-02, 4.4000E-01, 1.3333E-01,
13:05:41.59970520, 0.0000E+00, 4.4000E-01, 4.0000E-01,
13:05:41.59970525,-1.3333E-02, 4.2667E-01, 2.6667E-01,
13:05:41.59970530, 0.0000E+00, 4.4000E-01, 1.3333E-01,
13:05:41.59970535, 0.0000E+00, 4.6667E-01, 2.6667E-01,
13:05:41.59970540,-1.3333E-02, 4.6667E-01, 0.0000E+00,
13:05:41.59970545, 2.6667E-02, 4.5333E-01, 0.0000E+00,
13:05:41.59970550, 1.3333E-02, 4.5333E-01, 2.6667E-01,
13:05:41.59970555, 1.3333E-02, 4.8000E-01, 0.0000E+00,
13:05:41.59970560, 2.6667E-02, 4.6667E-01, 0.0000E+00,
13:05:41.59970565, 1.3333E-02, 4.6667E-01, 0.0000E+00,
13:05:41.59970570,-1.3333E-02, 4.4000E-01, 1.3333E-01,
13:05:41.59970575,-1.3333E-02, 4.6667E-01, 2.6667E-01,
13:05:41.59970580, 1.3333E-02, 4.4000E-01, 2.6667E-01,
13:05:41.59970585, 1.3333E-02, 4.6667E-01, 1.3333E-01,
13:05:41.59970590, 0.0000E+00, 4.4000E-01, 4.0000E-01,
13:05:41.59970595,-1.3333E-02, 4.4000E-01, 1.3333E-01,
13:05:41.59970600, 1.3333E-02, 4.2667E-01, 0.0000E+00,
13:05:41.59970605, 1.3333E-02, 4.4000E-01,-1.3333E-01,
13:05:41.59970610, 2.6667E-02, 4.5333E-01, 4.0000E-01,
13:05:41.59970615, 1.3333E-02, 4.4000E-01, 0.0000E+00,
13:05:41.59970620,-1.3333E-02, 4.2667E-01,-2.6667E-01,
13:05:41.59970625, 2.6667E-02, 4.4000E-01, 0.0000E+00,
13:05:41.59970630, 0.0000E+00, 4.2667E-01,-1.3333E-01,
13:05:41.59970635, 1.3333E-02, 4.4000E-01, 2.6667E-01,
13:05:41.59970640, 0.0000E+00, 4.6667E-01, 0.0000E+00,
13:05:41.59970645, 1.3333E-02, 4.2667E-01, 1.3333E-01,
13:05:41.59970650, 4.0000E-02, 4.4000E-01, 5.3333E-01,
13:05:41.59970655, 0.0000E+00, 4.8000E-01, 0.0000E+00,
13:05:41.59970660,-1.3333E-02, 4.4000E-01, 1.3333E-01,
13:05:41.59970665, 0.0000E+00, 4.5333E-01, 2.6667E-01,
13:05:41.59970670,-1.3333E-02, 4.2667E-01, 0.0000E+00,
13:05:41.59970675, 1.3333E-02, 4.5333E-01, 1.3333E-01,
13:05:41.59970680, 1.3333E-02, 4.5333E-01, 1.3333E-01,
13:05:41.59970685, 1.3333E-02, 4.5333E-01,-2.6667E-01,
13:05:41.59970690, 1.3333E-02, 4.5333E-01, 0.0000E+00,
13:05:41.59970695, 4.0000E-02, 4.5333E-01, 4.0000E-01,
13:05:41.59970700, 1.3333E-02, 4.6667E-01, 1.3333E-01,
13:05:41.59970705,-2.6667E-02, 4.4000E-01, 4.0000E-01,
13:05:41.59970710,-1.3333E-02, 4.0000E-01, 2.6667E-01,
13:05:41.59970715, 1.3333E-02, 4.4000E-01, 0.0000E+00,
13:05:41.59970720, 1.3333E-02, 4.2667E-01, 1.3333E-01,
13:05:41.59970725, 0.0000E+00, 4.5333E-01, 1.3333E-01,
13:05:41.59970730, 5.3333E-02, 4.4000E-01, 0.0000E+00,
13:05:41.59970735, 1.3333E-02, 4.2667E-01,-2.6667E-01,
13:05:41.59970740, 2.6667E-02, 4.4000E-01, 0.0000E+00,
13:05:41.59970745, 1.3333E-02, 4.4000E-01, 4.0000E-01,
13:05:41.59970750, 1.3333E-02, 4.8000E-01, 5.3333E-01,
13:05:41.59970755, 0.0000E+00, 4.5333E-01,-1.3333E-01,
13:05:41.59970760, 2.6667E-02, 4.5333E-01, 2.6667E-01,
13:05:41.59970765, 1.3333E-02, 4.2667E-01, 0.0000E+00,
13:05:41.59970770,-1.3333E-02, 4.6667E-01, 2.6667E-01,
13:05:41.59970775, 5.3333E-02, 4.2667E-01, 2.6667E-01,
13:05:41.59970780, 2.6667E-02, 4.5333E-01, 1.3333E-01,
13:05:41.59970785, 6.6667E-02, 4.6667E-01, 2.6667E-01,
13:05:41.59970790, 4.0000E-02, 4.6667E-01, 0.0000E+00,
13:05:41.59970795, 1.3333E-02, 4.5333E-01, 2.6667E-01,
13:05:41.59970800,-1.3333E-02, 4.8000E-01,-2.6667E-01,
13:05:41.59970805, 0.0000E+00, 4.6667E-01, 0.0000E+00,
13:05:41.59970810,-2.6667E-02, 4.8000E-01, 1.3333E-01,
13:05:41.59970815,-2.6667E-02, 4.1333E-01, 1.3333E-01,
13:05:41.59970820, 2.6667E-02, 4.6667E-01,-2.6667E-01,
13:05:41.59970825,-1.3333E-02, 4.4000E-01, 1.3333E-01,
13:05:41.59970830, 1.3333E-02, 4.4000E-01, 0.0000E+00,
13:05:41.59970835, 1.3333E-02, 4.6667E-01, 2.6667E-01,
13:05:41.59970840, 2.6667E-02, 4.6667E-01, 2.6667E-01,
13:05:41.59970845, 0.0000E+00, 4.8000E-01, 2.6667E-01,
13:05:41.59970850, 1.3333E-02, 4.5333E-01, 0.0000E+00,
13:05:41.59970855, 1.3333E-02, 4.4000E-01, 1.3333E-01,
13:05:41.59970860, 0.0000E+00, 4.5333E-01,-1.3333E-01,
13:05:41.59970865, 0.0000E+00, 4.4000E-01,-1.3333E-01,
13:05:41.59970870, 1.3333E-02, 4.5333E-01, 1.3333E-01,
13:05:41.59970875, 1.3333E-02, 4.4000E-01,-5.3333E-01,
13:05:41.59970880, 5.3333E-02, 4.5333E-01, 0.0000E+00,
13:05:41.59970885, 4.0000E-02, 4.6667E-01, 1.3333E-01,
13:05:41.59970890, 2.6667E-02, 4.5333E-01, 1.3333E-01,
13:05:41.59970895, 1.3333E-02, 4.4000E-01,-1.3333E-01,
13:05:41.59970900, 1.3333E-02, 4.2667E-01, 4.0000E-01,
13:05:41.59970905, 0.0000E+00, 4.6667E-01, 0.0000E+00,
13:05:41.59970910,-1.3333E-02, 4.2667E-01, 0.0000E+00,
13:05:41.59970915, 1.3333E-02, 4.6667E-01, 1.3333E-01,
13:05:41.59970920, 1.3333E-02, 4.4000E-01, 1.3333E-01,
13:05:41.59970925, 1.3333E-02, 4.2667E-01, 0.0000E+00,
13:05:41.59970930, 2.6667E-02, 4.8000E-01, 2.6667E-01,
13:05:41.59970935, 0.0000E+00, 4.5333E-01,-1.3333E-01,
13:05:41.59970940, 0.0000E+00, 4.2667E-01, 2.6667E-01,
13:05:41.59970945, 1.3333E-02, 4.2667E-01, 2.6667E-01,
13:05:41.59970950, 0.0000E+00, 4.4000E-01, 2.6667E-01,
13:05:41.59970955, 1.3333E-02, 4.4000E-01, 1.3333E-01,
13:05:41.59970960, 1.3333E-02, 4.4000E-01,-1.3333E-01,
13:05:41.59970965,-1.3333E-02, 4.5333E-01, 2.6667E-01,
13:05:41.59970970, 1.3333E-02, 4.5333E-01, 1.3333E-01,
13:05:41.59970975, 1.3333E-02, 4.5333E-01, 2.6667E-01,
13:05:41.59970980, 1.3333E-02, 4.4000E-01, 4.0000E-01,
13:05:41.59970985,-1.3333E-02, 4.5333E-01, 2.6667E-01,
13:05:41.59970990, 0.0000E+00, 4.5333E-01, 2.6667E-01,
13:05:41.59970995,-1.3333E-02, 4.5333E-01, 1.3333E-01,
13:05:41.59971000,-2.6667E-02, 4.6667E-01, 0.0000E+00,
13:05:41.59971005, 1.3333E-02, 4.6667E-01, 0.0000E+00,
13:05:41.59971010, 2.6667E-02, 4.1333E-01,-1.3333E-01,
13:05:41.59971015,-1.3333E-02, 4.4000E-01, 1.3333E-01,
13:05:41.59971020, 4.0000E-02, 4.5333E-01,-1.3333E-01,
13:05:41.59971025, 2.6667E-02, 4.6667E-01, 1.3333E-01,
13:05:41.59971030, 4.0000E-02, 4.6667E-01, 0.0000E+00,
13:05:41.59971035, 2.6667E-02, 4.4000E-01, 0.0000E+00,
13:05:41.59971040, 1.3333E-02, 4.4000E-01,-1.3333E-01,
13:05:41.59971045,-2.6667E-02, 4.5333E-01,-1.3333E-01,
13:05:41.59971050, 1.3333E-02, 4.5333E-01, 2.6667E-01,
13:05:41.59971055, 1.3333E-02, 4.6667E-01, 4.0000E-01,
13:05:41.59971060, 2.6667E-02, 4.2667E-01, 2.6667E-01,
13:05:41.59971065, 0.0000E+00, 4.6667E-01, 0.0000E+00,
13:05:41.59971070, 4.0000E-02, 4.4000E-01, 0.0000E+00,
13:05:41.59971075, 1.3333E-02, 4.4000E-01, 1.3333E-01,
13:05:41.59971080, 0.0000E+00, 4.6667E-01, 2.6667E-01,
13:05:41.59971085, 0.0000E+00, 4.5333E-01,-1.3333E-01,
13:05:41.59971090, 2.6667E-02, 4.4000E-01, 2.6667E-01,
13:05:41.59971095, 0.0000E+00, 4.6667E-01, 1.3333E-01,
13:05:41.59971100, 1.3333E-02, 4.8000E-01,-4.0000E-01,
13:05:41.59971105, 0.0000E+00, 4.4000E-01, 0.0000E+00,
13:05:41.59971110, 2.6667E-02, 4.4000E-01, 0.0000E+00,
13:05:41.59971115, 0.0000E+00, 4.4000E-01,-1.3333E-01,
13:05:41.59971120, 0.0000E+00, 4.4000E-01, 2.6667E-01,
13:05:41.59971125,-1.3333E-02, 4.5333E-01, 0.0000E+00,
13:05:41.59971130, 2.6667E-02, 4.4000E-01, 0.0000E+00,
13:05:41.59971135, 0.0000E+00, 4.6667E-01, 0.0000E+00,
13:05:41.59971140,-2.6667E-02, 4.6667E-01, 0.0000E+00,
13:05:41.59971145, 4.0000E-02, 4.2667E-01, 0.0000E+00,
13:05:41.59971150, 0.0000E+00, 4.4000E-01,-5.3333E-01,
13:05:41.59971155, 0.0000E+00, 4.1333E-01, 1.3333E-01,
13:05:41.59971160, 2.6667E-02, 4.5333E-01, 1.3333E-01,
13:05:41.59971165, 0.0000E+00, 4.4000E-01, 0.0000E+00,
13:05:41.59971170, 1.3333E-02, 4.6667E-01, 2.6667E-01,
13:05:41.59971175, 1.3333E-02, 4.8000E-01, 1.3333E-01,
13:05:41.59971180, 2.6667E-02, 4.5333E-01, 1.3333E-01,
13:05:41.59971185,-2.6667E-02, 4.6667E-01, 2.6667E-01,
13:05:41.59971190,-1.3333E-02, 4.5333E-01,-1.3333E-01,
13:05:41.59971195, 1.3333E-02, 4.5333E-01, 0.0000E+00,
13:05:41.59971200, 1.3333E-02, 4.4000E-01,-2.6667E-01,
13:05:41.59971205, 1.3333E-02, 4.4000E-01, 2.6667E-01,
13:05:41.59971210, 1.3333E-02, 4.4000E-01,-1.3333E-01,
13:05:41.59971215, 4.0000E-02, 4.2667E-01,-1.3333E-01,
13:05:41.59971220, 0.0000E+00, 4.5333E-01, 6.6667E-01,
13:05:41.59971225, 1.3333E-02, 4.6667E-01, 6.6667E-01,
13:05:41.59971230, 1.3333E-02, 4.5333E-01, 2.6667E-01,
13:05:41.59971235,-1.3333E-02, 4.6667E-01, 2.6667E-01,
13:05:41.59971240, 0.0000E+00, 4.2667E-01, 2.6667E-01,
13:05:41.59971245, 1.3333E-02, 4.4000E-01, 0.0000E+00,
13:05:41.59971250, 2.6667E-02, 4.1333E-01,-2.6667E-01,
13:05:41.59971255, 1.3333E-02, 4.4000E-01, 2.6667E-01,
13:05:41.59971260, 2.6667E-02, 4.4000E-01, 1.3333E-01,
13:05:41.59971265, 1.3333E-02, 4.5333E-01, 1.3333E-01,
13:05:41.59971270, 1.3333E-02, 4.5333E-01, 1.3333E-01,
13:05:41.59971275, 1.3333E-02, 4.2667E-01, 1.3333E-01,
13:05:41.59971280, 1.3333E-02, 4.8000E-01, 0.0000E+00,
13:05:41.59971285, 0.0000E+00, 4.6667E-01, 0.0000E+00,
13:05:41.59971290, 1.3333E-02, 4.6667E-01, 2.6667E-01,
13:05:41.59971295, 2.6667E-02, 4.4000E-01,-4.0000E-01,
13:05:41.59971300, 0.0000E+00, 4.8000E-01,-1.3333E-01,
13:05:41.59971305, 1.3333E-02, 4.5333E-01,-2.6667E-01,
13:05:41.59971310, 4.0000E-02, 4.5333E-01, 0.0000E+00,
13:05:41.59971315, 0.0000E+00, 4.5333E-01, 1.3333E-01,
13:05:41.59971320, 0.0000E+00, 4.6667E-01, 1.3333E-01,
13:05:41.59971325, 0.0000E+00, 4.5333E-01, 0.0000E+00,
13:05:41.59971330, 1.3333E-02, 4.2667E-01, 4.0000E-01,
13:05:41.59971335,-1.3333E-02, 4.4000E-01, 1.3333E-01,
13:05:41.59971340, 1.3333E-02, 4.6667E-01,-1.3333E-01,
13:05:41.59971345, 2.6667E-02, 4.5333E-01, 4.0000E-01,
13:05:41.59971350, 1.3333E-02, 4.5333E-01, 0.0000E+00,
13:05:41.59971355, 2.6667E-02, 4.8000E-01, 2.6667E-01,
13:05:41.59971360,-1.3333E-02, 4.2667E-01, 0.0000E+00,
13:05:41.59971365, 2.6667E-02, 4.5333E-01, 1.3333E-01,
13:05:41.59971370,-2.6667E-02, 4.5333E-01, 2.6667E-01,
13:05:41.59971375, 0.0000E+00, 4.6667E-01, 1.3333E-01,
13:05:41.59971380,-1.3333E-02, 4.1333E-01, 6.6667E-01,
13:05:41.59971385,-1.3333E-02, 4.5333E-01, 2.6667E-01,
13:05:41.59971390, 1.3333E-02, 4.5333E-01, 1.3333E-01,
13:05:41.59971395, 5.3333E-02, 4.5333E-01, 0.0000E+00,
13:05:41.59971400, 2.6667E-02, 4.4000E-01, 2.6667E-01,
13:05:41.59971405, 1.3333E-02, 4.4000E-01, 4.0000E-01,
13:05:41.59971410, 2.6667E-02, 4.8000E-01, 2.6667E-01,
13:05:41.59971415, 1.3333E-02, 4.6667E-01, 4.0000E-01,
13:05:41.59971420, 0.0000E+00, 4.5333E-01, 2.6667E-01,
13:05:41.59971425, 0.0000E+00, 4.8000E-01, 4.0000E-01,
13:05:41.59971430, 0.0000E+00, 4.5333E-01, 2.6667E-01,
13:05:41.59971435, 1.3333E-02, 4.5333E-01, 4.0000E-01,
13:05:41.59971440, 4.0000E-02, 4.5333E-01,-1.3333E-01,
13:05:41.59971445, 2.6667E-02, 4.5333E-01,-2.6667E-01,
13:05:41.59971450, 1.3333E-02, 4.2667E-01,-4.0000E-01,
13:05:41.59971455,-1.3333E-02, 4.4000E-01, 2.6667E-01,
13:05:41.59971460, 0.0000E+00, 4.2667E-01,-1.3333E-01,
13:05:41.59971465, 0.0000E+00, 4.5333E-01, 1.3333E-01,
13:05:41.59971470, 1.3333E-02, 4.2667E-01, 6.6667E-01,
13:05:41.59971475, 0.0000E+00, 4.1333E-01, 2.6667E-01,
13:05:41.59971480,-1.3333E-02, 4.2667E-01, 0.0000E+00,
13:05:41.59971485,-1.3333E-02, 4.4000E-01, 2.6667E-01,
13:05:41.59971490, 4.0000E-02, 4.2667E-01, 1.3333E-01,
13:05:41.59971495, 4.0000E-02, 4.5333E-01, 2.6667E-01,
13:05:41.59971500, 0.0000E+00, 4.4000E-01, 2.6667E-01,
13:05:41.59971505, 1.3333E-02, 4.5333E-01, 4.0000E-01,
13:05:41.59971510,-1.3333E-02, 4.2667E-01, 2.6667E-01,
13:05:41.59971515, 1.3333E-02, 4.2667E-01, 0.0000E+00,
13:05:41.59971520, 1.3333E-02, 4.2667E-01, 5.3333E-01,
13:05:41.59971525,-1.3333E-02, 4.6667E-01,-1.3333E-01,
13:05:41.59971530, 0.0000E+00, 4.6667E-01,-1.3333E-01,
13:05:41.59971535,-1.3333E-02, 4.2667E-01, 1.3333E-01,
13:05:41.59971540,-1.3333E-02, 4.5333E-01, 2.6667E-01,
13:05:41.59971545, 5.3333E-02, 4.4000E-01, 1.3333E-01,
13:05:41.59971550, 2.6667E-02, 4.5333E-01, 1.3333E-01,
13:05:41.59971555, 2.6667E-02, 4.5333E-01, 2.6667E-01,
13:05:41.59971560, 1.3333E-02, 4.5333E-01, 0.0000E+00,
13:05:41.59971565, 1.3333E-02, 4.4000E-01, 1.3333E-01,
13:05:41.59971570,-1.3333E-02, 4.2667E-01, 1.3333E-01,
13:05:41.59971575, 0.0000E+00, 4.2667E-01, 1.3333E-01,
13:05:41.59971580, 0.0000E+00, 4.8000E-01, 1.3333E-01,
13:05:41.59971585, 0.0000E+00, 4.5333E-01, 0.0000E+00,
13:05:41.59971590, 2.6667E-02, 4.4000E-01,-1.3333E-01,
13:05:41.59971595, 1.3333E-02, 4.2667E-01, 1.3333E-01,
13:05:41.59971600, 0.0000E+00, 4.8000E-01,-1.3333E-01,
13:05:41.59971605, 4.0000E-02, 4.5333E-01, 4.0000E-01,
13:05:41.59971610, 2.6667E-02, 4.5333E-01, 0.0000E+00,
13:05:41.59971615, 4.0000E-02, 4.2667E-01, 1.3333E-01,
13:05:41.59971620,-1.3333E-02, 4.2667E-01, 4.0000E-01,
13:05:41.59971625, 0.0000E+00, 4.5333E-01, 1.3333E-01,
13:05:41.59971630, 1.3333E-02, 4.5333E-01,-1.3333E-01,
13:05:41.59971635, 1.3333E-02, 4.5333E-01, 1.3333E-01,
13:05:41.59971640, 0.0000E+00, 4.5333E-01, 0.0000E+00,
13:05:41.59971645, 0.0000E+00, 4.8000E-01,-2.6667E-01,
13:05:41.59971650, 4.0000E-02, 4.5333E-01, 0.0000E+00,
13:05:41.59971655, 1.3333E-02, 4.2667E-01, 2.6667E-01,
13:05:41.59971660, 1.3333E-02, 4.6667E-01, 1.3333E-01,
13:05:41.59971665, 1.3333E-02, 4.5333E-01, 1.3333E-01,
13:05:41.59971670, 0.0000E+00, 4.4000E-01, 0.0000E+00,
13:05:41.59971675, 0.0000E+00, 4.5333E-01, 4.0000E-01,
13:05:41.59971680, 2.6667E-02, 4.2667E-01, 0.0000E+00,
13:05:41.59971685, 1.3333E-02, 4.8000E-01, 0.0000E+00,
13:05:41.59971690, 1.3333E-02, 4.6667E-01, 2.6667E-01,
13:05:41.59971695, 0.0000E+00, 4.2667E-01, 2.6667E-01,
13:05:41.59971700,-1.3333E-02, 4.4000E-01, 0.0000E+00,
13:05:41.59971705, 2.6667E-02, 4.5333E-01, 2.6667E-01,
13:05:41.59971710,-1.3333E-02, 4.5333E-01, 1.3333E-01,
13:05:41.59971715, 2.6667E-02, 4.4000E-01, 1.3333E-01,
13:05:41.59971720, 2.6667E-02, 4.6667E-01, 0.0000E+00,
13:05:41.59971725, 1.3333E-02, 4.5333E-01, 1.3333E-01,
13:05:41.59971730, 0.0000E+00, 4.4000E-01,-1.3333E-01,
13:05:41.59971735, 2.6667E-02, 4.4000E-01, 6.6667E-01,
13:05:41.59971740,-1.3333E-02, 4.4000E-01, 6.6667E-01,
13:05:41.59971745, 0.0000E+00, 4.5333E-01, 2.6667E-01,
13:05:41.59971750, 0.0000E+00, 4.1333E-01, 1.3333E-01,
13:05:41.59971755,-1.3333E-02, 4.1333E-01,-1.3333E-01,
13:05:41.59971760,-1.3333E-02, 4.4000E-01, 2.6667E-01,
13:05:41.59971765,-2.6667E-02, 4.1333E-01, 2.6667E-01,
13:05:41.59971770, 0.0000E+00, 4.4000E-01, 2.6667E-01,
13:05:41.59971775, 2.6667E-02, 4.1333E-01, 0.0000E+00,
13:05:41.59971780, 0.0000E+00, 4.2667E-01, 0.0000E+00,
13:05:41.59971785, 2.6667E-02, 4.5333E-01,-1.3333E-01,
13:05:41.59971790, 2.6667E-02, 4.2667E-01, 1.3333E-01,
13:05:41.59971795, 0.0000E+00, 4.4000E-01, 0.0000E+00,
13:05:41.59971800, 2.6667E-02, 4.5333E-01, 1.3333E-01,
13:05:41.59971805,-2.6667E-02, 4.4000E-01, 0.0000E+00,
13:05:41.59971810, 0.0000E+00, 4.6667E-01, 1.3333E-01,
13:05:41.59971815,-1.3333E-02, 4.5333E-01, 1.3333E-01,
13:05:41.59971820,-4.0000E-02, 4.5333E-01, 1.3333E-01,
13:05:41.59971825, 1.3333E-02, 4.6667E-01, 1.3333E-01,
13:05:41.59971830, 0.0000E+00, 4.4000E-01, 1.3333E-01,
13:05:41.59971835, 4.0000E-02, 4.4000E-01, 0.0000E+00,
13:05:41.59971840, 1.3333E-02, 4.5333E-01, 1.3333E-01,
13:05:41.59971845, 5.3333E-02, 4.4000E-01, 1.3333E-01,
13:05:41.59971850,-1.3333E-02, 4.8000E-01, 0.0000E+00,
13:05:41.59971855, 0.0000E+00, 4.5333E-01, 1.3333E-01,
13:05:41.59971860, 0.0000E+00, 4.5333E-01, 1.3333E-01,
13:05:41.59971865,-1.3333E-02, 4.5333E-01, 4.0000E-01,
13:05:41.59971870, 0.0000E+00, 4.6667E-01, 1.3333E-01,
13:05:41.59971875, 5.3333E-02, 4.5333E-01, 1.3333E-01,
13:05:41.59971880, 6.6667E-02, 4.8000E-01, 0.0000E+00,
13:05:41.59971885, 1.3333E-02, 4.5333E-01, 0.0000E+00,
13:05:41.59971890, 0.0000E+00, 4.4000E-01, 0.0000E+00,
13:05:41.59971895, 1.3333E-02, 4.5333E-01, 0.0000E+00,
13:05:41.59971900, 2.6667E-02, 4.1333E-01, 2.6667E-01,
13:05:41.59971905, 0.0000E+00, 4.4000E-01, 0.0000E+00,
13:05:41.59971910,-2.6667E-02, 4.5333E-01, 2.6667E-01,
13:05:41.59971915, 2.6667E-02, 4.9333E-01, 2.6667E-01,
13:05:41.59971920, 1.3333E-02, 4.5333E-01, 1.3333E-01,
13:05:41.59971925, 2.6667E-02, 4.5333E-01, 2.6667E-01,
13:05:41.59971930, 0.0000E+00, 4.2667E-01,-1.3333E-01,
13:05:41.59971935, 4.0000E-02, 4.2667E-01, 0.0000E+00,
13:05:41.59971940, 0.0000E+00, 4.4000E-01, 4.0000E-01,
13:05:41.59971945, 2.6667E-02, 4.5333E-01, 0.0000E+00,
13:05:41.59971950, 0.0000E+00, 4.4000E-01, 0.0000E+00,
13:05:41.59971955, 1.3333E-02, 4.5333E-01, 1.3333E-01,
13:05:41.59971960, 1.3333E-02, 4.4000E-01, 1.3333E-01,
13:05:41.59971965, 1.3333E-02, 4.5333E-01, 2.6667E-01,
13:05:41.59971970, 1.3333E-02, 4.2667E-01, 0.0000E+00,
13:05:41.59971975,-1.3333E-02, 4.6667E-01,-1.3333E-01,
13:05:41.59971980, 1.3333E-02, 4.4000E-01, 1.3333E-01,
13:05:41.59971985, 4.0000E-02, 4.5333E-01, 1.3333E-01,
13:05:41.59971990, 2.6667E-02, 4.2667E-01, 2.6667E-01,
13:05:41.59971995, 4.0000E-02, 4.2667E-01, 1.3333E-01,
13:05:41.59972000, 0.0000E+00, 4.4000E-01, 0.0000E+00,
13:05:41.59972005, 1.3333E-02, 4.4000E-01, 2.6667E-01,
13:05:41.59972010, 0.0000E+00, 4.4000E-01, 1.3333E-01,
13:05:41.59972015, 2.6667E-02, 4.6667E-01, 4.0000E-01,
13:05:41.59972020, 1.3333E-02, 4.4000E-01,-1.3333E-01,
13:05:41.59972025, 1.3333E-02, 4.5333E-01, 1.3333E-01,
13:05:41.59972030, 2.6667E-02, 4.5333E-01, 1.3333E-01,
13:05:41.59972035, 0.0000E+00, 4.5333E-01, 1.3333E-01,
13:05:41.59972040, 0.0000E+00, 4.6667E-01, 0.0000E+00,
13:05:41.59972045, 2.6667E-02, 4.4000E-01, 2.6667E-01,
13:05:41.59972050, 1.3333E-02, 4.6667E-01, 2.6667E-01,
13:05:41.59972055,-2.6667E-02, 4.8000E-01,-1.3333E-01,
13:05:41.59972060, 0.0000E+00, 4.4000E-01, 1.3333E-01,
13:05:41.59972065, 2.6667E-02, 4.5333E-01, 4.0000E-01,
13:05:41.59972070, 1.3333E-02, 4.2667E-01, 0.0000E+00,
13:05:41.59972075, 1.3333E-02, 4.6667E-01, 1.3333E-01,
13:05:41.59972080,-1.3333E-02, 4.5333E-01, 0.0000E+00,
13:05:41.59972085, 2.6667E-02, 4.6667E-01, 1.3333E-01,
13:05:41.59972090,-1.3333E-02, 4.5333E-01,-2.6667E-01,
13:05:41.59972095, 2.6667E-02, 4.4000E-01, 5.3333E-01,
13:05:41.59972100, 0.0000E+00, 4.4000E-01, 1.3333E-01,
13:05:41.59972105, 0.0000E+00, 4.6667E-01, 5.3333E-01,
13:05:41.59972110, 2.6667E-02, 4.2667E-01, 1.3333E-01,
13:05:41.59972115, 1.3333E-02, 4.5333E-01, 0.0000E+00,
13:05:41.59972120, 1.3333E-02, 4.4000E-01, 0.0000E+00,
13:05:41.59972125, 2.6667E-02, 4.5333E-01,-1.3333E-01,
13:05:41.59972130, 1.3333E-02, 4.6667E-01, 1.3333E-01,
13:05:41.59972135, 1.3333E-02, 4.5333E-01, 0.0000E+00,
13:05:41.59972140, 1.3333E-02, 4.4000E-01, 0.0000E+00,
13:05:41.59972145, 0.0000E+00, 4.6667E-01, 1.3333E-01,
13:05:41.59972150,-2.6667E-02, 4.1333E-01, 2.6667E-01,
13:05:41.59972155, 1.3333E-02, 4.6667E-01, 1.3333E-01,
13:05:41.59972160, 1.3333E-02, 4.5333E-01, 2.6667E-01,
13:05:41.59972165,-1.3333E-02, 4.6667E-01, 5.3333E-01,
13:05:41.59972170, 0.0000E+00, 4.4000E-01, 2.6667E-01,
13:05:41.59972175, 1.3333E-02, 4.5333E-01,-4.0000E-01,
13:05:41.59972180, 1.3333E-02, 4.5333E-01,-1.3333E-01,
13:05:41.59972185, 1.3333E-02, 4.6667E-01, 0.0000E+00,
13:05:41.59972190, 1.3333E-02, 4.4000E-01, 2.6667E-01,
13:05:41.59972195, 1.3333E-02, 4.4000E-01, 4.0000E-01,
13:05:41.59972200, 0.0000E+00, 4.2667E-01, 1.3333E-01,
13:05:41.59972205, 4.0000E-02, 4.2667E-01, 4.0000E-01,
13:05:41.59972210, 4.0000E-02, 4.4000E-01, 0.0000E+00,
13:05:41.59972215, 1.3333E-02, 4.1333E-01,-2.6667E-01,
13:05:41.59972220, 1.3333E-02, 4.2667E-01, 0.0000E+00,
13:05:41.59972225, 2.6667E-02, 4.4000E-01, 0.0000E+00,
13:05:41.59972230, 4.0000E-02, 4.1333E-01, 0.0000E+00,
13:05:41.59972235, 2.6667E-02, 4.2667E-01, 0.0000E+00,
13:05:41.59972240,-1.3333E-02, 4.5333E-01, 0.0000E+00,
13:05:41.59972245, 1.3333E-02, 4.2667E-01, 6.6667E-01,
13:05:41.59972250, 2.6667E-02, 4.5333E-01, 1.3333E-01,
13:05:41.59972255, 1.3333E-02, 4.4000E-01, 1.3333E-01,
13:05:41.59972260, 1.3333E-02, 4.8000E-01, 2.6667E-01,
13:05:41.59972265, 2.6667E-02, 4.5333E-01, 1.3333E-01,
13:05:41.59972270, 2.6667E-02, 4.4000E-01, 1.3333E-01,
13:05:41.59972275, 0.0000E+00, 4.4000E-01,-1.3333E-01,
13:05:41.59972280,-1.3333E-02, 4.1333E-01, 1.3333E-01,
13:05:41.59972285, 2.6667E-02, 4.6667E-01, 0.0000E+00,
13:05:41.59972290,-1.3333E-02, 4.2667E-01, 2.6667E-01,
13:05:41.59972295,-2.6667E-02, 4.4000E-01, 2.6667E-01,
13:05:41.59972300,-2.6667E-02, 4.4000E-01, 1.3333E-01,
13:05:41.59972305, 4.0000E-02, 4.5333E-01,-1.3333E-01,
13:05:41.59972310,-4.0000E-02, 4.6667E-01, 1.3333E-01,
13:05:41.59972315, 4.0000E-02, 4.5333E-01, 1.3333E-01,
13:05:41.59972320, 1.3333E-02, 4.5333E-01, 0.0000E+00,
13:05:41.59972325, 2.6667E-02, 4.5333E-01,-1.3333E-01,
13:05:41.59972330, 2.6667E-02, 4.8000E-01, 1.3333E-01,
13:05:41.59972335, 1.3333E-02, 4.5333E-01, 0.0000E+00,
13:05:41.59972340, 1.3333E-02, 4.5333E-01, 2.6667E-01,
13:05:41.59972345,-1.3333E-02, 4.1333E-01, 0.0000E+00,
13:05:41.59972350, 0.0000E+00, 4.4000E-01, 0.0000E+00,
13:05:41.59972355, 0.0000E+00, 4.5333E-01,-1.3333E-01,
13:05:41.59972360, 2.6667E-02, 4.5333E-01, 2.6667E-01,
13:05:41.59972365, 2.6667E-02, 4.6667E-01, 4.0000E-01,
13:05:41.59972370, 1.3333E-02, 4.5333E-01,-1.3333E-01,
13:05:41.59972375, 0.0000E+00, 4.4000E-01,-1.3333E-01,
13:05:41.59972380, 1.3333E-02, 4.4000E-01,-1.3333E-01,
13:05:41.59972385, 1.3333E-02, 4.4000E-01, 1.3333E-01,
13:05:41.59972390, 0.0000E+00, 4.2667E-01, 0.0000E+00,
13:05:41.59972395,-2.6667E-02, 4.8000E-01, 2.6667E-01,
13:05:41.59972400, 2.6667E-02, 4.4000E-01, 4.0000E-01,
13:05:41.59972405, 4.0000E-02, 4.2667E-01, 4.0000E-01,
13:05:41.59972410, 5.3333E-02, 4.6667E-01, 2.6667E-01,
13:05:41.59972415, 4.0000E-02, 4.5333E-01, 1.3333E-01,
13:05:41.59972420, 1.3333E-02, 4.5333E-01, 1.3333E-01,
13:05:41.59972425,-1.3333E-02, 4.4000E-01, 5.3333E-01,
13:05:41.59972430, 1.3333E-02, 4.6667E-01, 1.3333E-01,
13:05:41.59972435, 2.6667E-02, 4.4000E-01, 2.6667E-01,
13:05:41.59972440, 2.6667E-02, 4.2667E-01, 4.0000E-01,
13:05:41.59972445, 0.0000E+00, 4.8000E-01, 2.6667E-01,
13:05:41.59972450, 1.3333E-02, 4.5333E-01, 2.6667E-01,
13:05:41.59972455, 1.3333E-02, 4.6667E-01, 0.0000E+00,
13:05:41.59972460, 0.0000E+00, 4.2667E-01, 2.6667E-01,
13:05:41.59972465, 0.0000E+00, 4.4000E-01, 2.6667E-01,
13:05:41.59972470, 0.0000E+00, 4.4000E-01, 2.6667E-01,
13:05:41.59972475, 1.3333E-02, 4.4000E-01, 1.3333E-01,
13:05:41.59972480, 0.0000E+00, 4.6667E-01, 2.6667E-01,
13:05:41.59972485, 0.0000E+00, 4.8000E-01, 0.0000E+00,
13:05:41.59972490, 1.3333E-02, 4.4000E-01, 1.3333E-01,
13:05:41.59972495, 1.3333E-02, 4.1333E-01, 0.0000E+00,
13:05:41.59972500, 1.3333E-02, 4.2667E-01, 4.0000E-01,
13:05:41.59972505, 1.3333E-02, 4.5333E-01, 1.3333E-01,
13:05:41.59972510, 1.3333E-02, 4.2667E-01, 2.6667E-01,
13:05:41.59972515, 0.0000E+00, 4.4000E-01,-1.3333E-01,
13:05:41.59972520, 2.6667E-02, 4.4000E-01, 1.3333E-01,
13:05:41.59972525, 0.0000E+00, 4.5333E-01, 0.0000E+00,
13:05:41.59972530, 0.0000E+00, 4.5333E-01, 2.6667E-01,
13:05:41.59972535,-1.3333E-02, 4.4000E-01, 1.3333E-01,
13:05:41.59972540, 1.3333E-02, 4.8000E-01, 2.6667E-01,
13:05:41.59972545, 0.0000E+00, 4.4000E-01, 4.0000E-01,
13:05:41.59972550, 0.0000E+00, 4.5333E-01, 4.0000E-01,
13:05:41.59972555, 1.3333E-02, 4.0000E-01, 1.3333E-01,
13:05:41.59972560, 0.0000E+00, 4.2667E-01, 0.0000E+00,
13:05:41.59972565, 1.3333E-02, 4.5333E-01, 2.6667E-01,
13:05:41.59972570, 0.0000E+00, 4.6667E-01, 0.0000E+00,
13:05:41.59972575,-1.3333E-02, 4.5333E-01, 0.0000E+00,
13:05:41.59972580, 1.3333E-02, 4.5333E-01, 2.6667E-01,
13:05:41.59972585, 0.0000E+00, 4.5333E-01, 0.0000E+00,
13:05:41.59972590, 1.3333E-02, 4.2667E-01, 2.6667E-01,
13:05:41.59972595, 1.3333E-02, 4.4000E-01, 2.6667E-01,
13:05:41.59972600, 1.3333E-02, 4.2667E-01, 1.3333E-01,
13:05:41.59972605, 4.0000E-02, 4.1333E-01, 0.0000E+00,
13:05:41.59972610, 0.0000E+00, 4.8000E-01, 2.6667E-01,
13:05:41.59972615, 4.0000E-02, 4.4000E-01,-2.6667E-01,
13:05:41.59972620, 2.6667E-02, 4.2667E-01, 1.3333E-01,
13:05:41.59972625,-1.3333E-02, 4.2667E-01, 4.0000E-01,
13:05:41.59972630,-1.3333E-02, 4.5333E-01, 0.0000E+00,
13:05:41.59972635, 2.6667E-02, 4.4000E-01, 6.6667E-01,
13:05:41.59972640, 0.0000E+00, 4.6667E-01, 1.3333E-01,
13:05:41.59972645, 4.0000E-02, 4.5333E-01, 1.3333E-01,
13:05:41.59972650, 4.0000E-01, 4.4000E-01, 4.0000E-01,
13:05:41.59972655, 1.0400E+00, 4.6667E-01,-1.3333E-01,
13:05:41.59972660, 1.6800E+00, 4.5333E-01, 1.3333E-01,
13:05:41.59972665, 2.1333E+00, 3.4667E-01, 2.6667E-01,
13:05:41.59972670, 2.4267E+00, 2.8000E-01, 2.6667E-01,
13:05:41.59972675, 2.5600E+00, 2.5333E-01, 1.3333E-01,
13:05:41.59972680, 2.6533E+00, 3.0667E-01, 1.3333E-01,
13:05:41.59972685, 2.6667E+00, 3.4667E-01, 1.3333E-01,
13:05:41.59972690, 2.6667E+00, 3.4667E-01, 1.3333E-01,
13:05:41.59972695, 2.6933E+00, 3.6000E-01, 5.3333E-01,
13:05:41.59972700, 2.6667E+00, 3.7333E-01, 2.6667E-01,
13:05:41.59972705, 2.6933E+00, 3.6000E-01, 2.6667E-01,
13:05:41.59972710, 2.6533E+00, 3.7333E-01, 1.3333E-01,
13:05:41.59972715, 2.6800E+00, 3.8667E-01, 2.6667E-01,
13:05:41.59972720, 2.6400E+00, 3.7333E-01, 1.3333E-01,
13:05:41.59972725, 2.6267E+00, 3.7333E-01, 1.3333E-01,
13:05:41.59972730, 2.6400E+00, 3.8667E-01, 0.0000E+00,
13:05:41.59972735, 2.6400E+00, 3.8667E-01, 0.0000E+00,
13:05:41.59972740, 2.6400E+00, 3.7333E-01, 5.3333E-01,
13:05:41.59972745, 2.6400E+00, 3.8667E-01, 2.6667E-01,
13:05:41.59972750, 2.6400E+00, 3.8667E-01, 1.3333E-01,
13:05:41.59972755, 2.6267E+00, 3.8667E-01, 1.3333E-01,
13:05:41.59972760, 2.6133E+00, 3.8667E-01, 4.0000E-01,
13:05:41.59972765, 2.6533E+00, 4.1333E-01, 4.0000E-01,
13:05:41.59972770, 2.5867E+00, 3.8667E-01, 5.3333E-01,
13:05:41.59972775, 2.5867E+00, 4.1333E-01, 6.6667E-01,
13:05:41.59972780, 2.6267E+00, 3.6000E-01, 4.0000E-01,
13:05:41.59972785, 2.6400E+00, 3.8667E-01, 4.0000E-01,
13:05:41.59972790, 2.6267E+00, 3.8667E-01, 4.0000E-01,
13:05:41.59972795, 2.6000E+00, 4.2667E-01, 5.3333E-01,
13:05:41.59972800, 2.6400E+00, 3.7333E-01, 0.0000E+00,
13:05:41.59972805, 2.6267E+00, 3.4667E-01, 4.0000E-01,
13:05:41.59972810, 2.6000E+00, 4.0000E-01, 6.6667E-01,
13:05:41.59972815, 2.6267E+00, 3.7333E-01, 1.3333E-01,
13:05:41.59972820, 2.5733E+00, 4.0000E-01, 4.0000E-01,
13:05:41.59972825, 2.5867E+00, 4.1333E-01, 6.6667E-01,
13:05:41.59972830, 2.5867E+00, 4.0000E-01, 6.6667E-01,
13:05:41.59972835, 2.5867E+00, 3.7333E-01, 6.6667E-01,
13:05:41.59972840, 2.5733E+00, 4.0000E-01, 4.0000E-01,
13:05:41.59972845, 2.5867E+00, 4.1333E-01, 4.0000E-01,
13:05:41.59972850, 2.5867E+00, 3.8667E-01, 6.6667E-01,
13:05:41.59972855, 2.6000E+00, 3.6000E-01, 6.6667E-01,
13:05:41.59972860, 2.5867E+00, 3.7333E-01, 4.0000E-01,
13:05:41.59972865, 2.5467E+00, 4.0000E-01, 6.6667E-01,
13:05:41.59972870, 2.5600E+00, 4.0000E-01, 6.6667E-01,
13:05:41.59972875, 2.5600E+00, 3.6000E-01, 6.6667E-01,
13:05:41.59972880, 2.5600E+00, 3.7333E-01, 5.3333E-01,
13:05:41.59972885, 2.5733E+00, 4.0000E-01, 6.6667E-01,
13:05:41.59972890, 2.5600E+00, 3.8667E-01, 6.6667E-01,
13:05:41.59972895, 2.5733E+00, 3.7333E-01, 6.6667E-01,
13:05:41.59972900, 2.5467E+00, 3.8667E-01, 6.6667E-01,
13:05:41.59972905, 2.5733E+00, 4.0000E-01, 8.0000E-01,
13:05:41.59972910, 2.5600E+00, 3.7333E-01, 6.6667E-01,
13:05:41.59972915, 2.5733E+00, 3.8667E-01, 6.6667E-01,
13:05:41.59972920, 2.5467E+00, 3.8667E-01, 6.6667E-01,
13:05:41.59972925, 2.5333E+00, 3.4667E-01, 6.6667E-01,
13:05:41.59972930, 2.5467E+00, 3.7333E-01, 6.6667E-01,
13:05:41.59972935, 2.5733E+00, 3.7333E-01, 6.6667E-01,
13:05:41.59972940, 2.5333E+00, 3.6000E-01, 8.0000E-01,
13:05:41.59972945, 2.5600E+00, 3.6000E-01, 6.6667E-01,
13:05:41.59972950, 2.5200E+00, 3.7333E-01, 6.6667E-01,
13:05:41.59972955, 2.5200E+00, 4.0000E-01, 8.0000E-01,
13:05:41.59972960, 2.5333E+00, 3.7333E-01, 6.6667E-01,
13:05:41.59972965, 2.5067E+00, 3.7333E-01, 6.6667E-01,
13:05:41.59972970, 2.4933E+00, 4.0000E-01, 8.0000E-01,
13:05:41.59972975, 2.5067E+00, 3.8667E-01, 8.0000E-01,
13:05:41.59972980, 2.5333E+00, 3.8667E-01, 9.3333E-01,
13:05:41.59972985, 2.4933E+00, 3.8667E-01, 1.0667E+00,
13:05:41.59972990, 2.4933E+00, 3.7333E-01, 8.0000E-01,
13:05:41.59972995, 2.5067E+00, 3.7333E-01, 6.6667E-01,
13:05:41.59973000, 2.5200E+00, 3.7333E-01, 6.6667E-01,
13:05:41.59973005, 2.4800E+00, 3.8667E-01, 8.0000E-01,
13:05:41.59973010, 2.4667E+00, 3.7333E-01, 9.3333E-01,
13:05:41.59973015, 2.4800E+00, 3.7333E-01, 8.0000E-01,
13:05:41.59973020, 2.4800E+00, 3.6000E-01, 9.3333E-01,
13:05:41.59973025, 2.4800E+00, 3.8667E-01, 6.6667E-01,
13:05:41.59973030, 2.4800E+00, 3.4667E-01, 8.0000E-01,
13:05:41.59973035, 2.5067E+00, 4.0000E-01, 9.3333E-01,
13:05:41.59973040, 2.5333E+00, 3.7333E-01, 9.3333E-01,
13:05:41.59973045, 2.4800E+00, 3.7333E-01, 8.0000E-01,
13:05:41.59973050, 2.5067E+00, 3.7333E-01, 8.0000E-01,
13:05:41.59973055, 2.4933E+00, 3.7333E-01, 6.6667E-01,
13:05:41.59973060, 2.4533E+00, 3.4667E-01, 1.2000E+00,
13:05:41.59973065, 2.4933E+00, 3.6000E-01, 1.0667E+00,
13:05:41.59973070, 2.4933E+00, 3.4667E-01, 9.3333E-01,
13:05:41.59973075, 2.4800E+00, 4.0000E-01, 8.0000E-01,
13:05:41.59973080, 2.4933E+00, 3.8667E-01, 1.0667E+00,
13:05:41.59973085, 2.5067E+00, 3.7333E-01, 1.4667E+00,
13:05:41.59973090, 2.4933E+00, 3.7333E-01, 1.4667E+00,
13:05:41.59973095, 2.4667E+00, 3.7333E-01, 1.0667E+00,
13:05:41.59973100, 2.5200E+00, 3.7333E-01, 1.2000E+00,
13:05:41.59973105, 2.4533E+00, 4.0000E-01, 1.2000E+00,
13:05:41.59973110, 2.4800E+00, 4.1333E-01, 1.0667E+00,
13:05:41.59973115, 2.4800E+00, 3.7333E-01, 1.2000E+00,
13:05:41.59973120, 2.4667E+00, 3.6000E-01, 1.2000E+00,
13:05:41.59973125, 2.4800E+00, 3.6000E-01, 1.4667E+00,
13:05:41.59973130, 2.5067E+00, 3.7333E-01, 1.2000E+00,
13:05:41.59973135, 2.4800E+00, 3.8667E-01, 1.2000E+00,
13:05:41.59973140, 2.4933E+00, 3.8667E-01, 1.2000E+00,
13:05:41.59973145, 2.4533E+00, 3.7333E-01, 1.3333E+00,
13:05:41.59973150, 2.4400E+00, 3.7333E-01, 1.3333E+00,
13:05:41.59973155, 2.4400E+00, 3.7333E-01, 1.2000E+00,
13:05:41.59973160, 2.4667E+00, 3.8667E-01, 1.3333E+00,
13:05:41.59973165, 2.4667E+00, 3.6000E-01, 1.0667E+00,
13:05:41.59973170, 2.5200E+00, 3.6000E-01, 1.0667E+00,
13:05:41.59973175, 2.4800E+00, 4.0000E-01, 1.0667E+00,
13:05:41.59973180, 2.5200E+00, 3.7333E-01, 1.3333E+00,
13:05:41.59973185, 2.5200E+00, 3.6000E-01, 1.4667E+00,
13:05:41.59973190, 2.4667E+00, 3.6000E-01, 1.2000E+00,
13:05:41.59973195, 2.4667E+00, 3.7333E-01, 1.2000E+00,
13:05:41.59973200, 2.4667E+00, 3.8667E-01, 1.3333E+00,
13:05:41.59973205, 2.4800E+00, 3.6000E-01, 1.6000E+00,
13:05:41.59973210, 2.4800E+00, 3.7333E-01, 1.4667E+00,
13:05:41.59973215, 2.5067E+00, 3.4667E-01, 1.4667E+00,
13:05:41.59973220, 2.5067E+00, 4.0000E-01, 1.6000E+00,
13:05:41.59973225, 2.4667E+00, 3.7333E-01, 1.6000E+00,
13:05:41.59973230, 2.4800E+00, 3.4667E-01, 1.4667E+00,
13:05:41.59973235, 2.4933E+00, 3.7333E-01, 1.7333E+00,
13:05:41.59973240, 2.4933E+00, 3.8667E-01, 1.3333E+00,
13:05:41.59973245, 2.4533E+00, 3.7333E-01, 1.2000E+00,
13:05:41.59973250, 2.4667E+00, 3.8667E-01, 1.2000E+00,
13:05:41.59973255, 2.4533E+00, 3.7333E-01, 1.3333E+00,
13:05:41.59973260, 2.4667E+00, 3.8667E-01, 1.7333E+00,
13:05:41.59973265, 2.5067E+00, 4.0000E-01, 1.3333E+00,
13:05:41.59973270, 2.4667E+00, 3.8667E-01, 1.6000E+00,
13:05:41.59973275, 2.4933E+00, 3.7333E-01, 1.7333E+00,
13:05:41.59973280, 2.4800E+00, 4.1333E-01, 1.7333E+00,
13:05:41.59973285, 2.4933E+00, 3.7333E-01, 1.2000E+00,
13:05:41.59973290, 2.4667E+00, 4.1333E-01, 1.3333E+00,
13:05:41.59973295, 2.4533E+00, 3.7333E-01, 1.3333E+00,
13:05:41.59973300, 2.4667E+00, 3.6000E-01, 1.6000E+00,
13:05:41.59973305, 2.4533E+00, 4.2667E-01, 1.7333E+00,
13:05:41.59973310, 2.4800E+00, 4.0000E-01, 1.4667E+00,
13:05:41.59973315, 2.4933E+00, 4.1333E-01, 1.6000E+00,
13:05:41.59973320, 2.4800E+00, 4.1333E-01, 1.6000E+00,
13:05:41.59973325, 2.4933E+00, 4.0000E-01, 1.7333E+00,
13:05:41.59973330, 2.4800E+00, 3.8667E-01, 1.6000E+00,
13:05:41.59973335, 2.4667E+00, 3.7333E-01, 1.6000E+00,
13:05:41.59973340, 2.4533E+00, 4.0000E-01, 1.7333E+00,
13:05:41.59973345, 2.4533E+00, 3.8667E-01, 1.3333E+00,
13:05:41.59973350, 2.4667E+00, 3.4667E-01, 1.8667E+00,
13:05:41.59973355, 2.5067E+00, 3.7333E-01, 1.7333E+00,
13:05:41.59973360, 2.4533E+00, 3.6000E-01, 1.6000E+00,
13:05:41.59973365, 2.4533E+00, 3.8667E-01, 1.7333E+00,
13:05:41.59973370, 2.4933E+00, 4.1333E-01, 1.8667E+00,
13:05:41.59973375, 2.4933E+00, 3.8667E-01, 1.8667E+00,
13:05:41.59973380, 2.4533E+00, 3.7333E-01, 1.7333E+00,
13:05:41.59973385, 2.4667E+00, 3.7333E-01, 1.8667E+00,
13:05:41.59973390, 2.4800E+00, 3.7333E-01, 1.4667E+00,
13:05:41.59973395, 2.4800E+00, 3.8667E-01, 1.4667E+00,
13:05:41.59973400, 2.4533E+00, 4.0000E-01, 2.1333E+00,
13:05:41.59973405, 2.4800E+00, 3.6000E-01, 1.7333E+00,
13:05:41.59973410, 2.4400E+00, 3.8667E-01, 1.8667E+00,
13:05:41.59973415, 2.4933E+00, 4.0000E-01, 2.0000E+00,
13:05:41.59973420, 2.4933E+00, 3.8667E-01, 1.7333E+00,
13:05:41.59973425, 2.4933E+00, 3.7333E-01, 1.7333E+00,
13:05:41.59973430, 2.4933E+00, 4.0000E-01, 1.6000E+00,
13:05:41.59973435, 2.4533E+00, 4.2667E-01, 1.7333E+00,
13:05:41.59973440, 2.4400E+00, 4.0000E-01, 1.6000E+00,
13:05:41.59973445, 2.4667E+00, 4.0000E-01, 1.8667E+00,
13:05:41.59973450, 2.4667E+00, 4.0000E-01, 1.4667E+00,
13:05:41.59973455, 2.5067E+00, 4.2667E-01, 1.8667E+00,
13:05:41.59973460, 2.4667E+00, 4.0000E-01, 1.7333E+00,
13:05:41.59973465, 2.4800E+00, 3.8667E-01, 1.7333E+00,
13:05:41.59973470, 2.4933E+00, 4.0000E-01, 1.7333E+00,
13:05:41.59973475, 2.4667E+00, 3.6000E-01, 1.6000E+00,
13:05:41.59973480, 2.5333E+00, 3.8667E-01, 1.8667E+00,
13:05:41.59973485, 2.4667E+00, 4.0000E-01, 1.8667E+00,
13:05:41.59973490, 2.4667E+00, 4.1333E-01, 1.4667E+00,
13:05:41.59973495, 2.4800E+00, 3.8667E-01, 2.0000E+00,
13:05:41.59973500, 2.4933E+00, 4.1333E-01, 1.7333E+00,
13:05:41.59973505, 2.4667E+00, 3.8667E-01, 2.0000E+00,
13:05:41.59973510, 2.5067E+00, 3.7333E-01, 1.8667E+00,
13:05:41.59973515, 2.5067E+00, 4.1333E-01, 1.7333E+00,
13:05:41.59973520, 2.5067E+00, 4.1333E-01, 2.1333E+00,
13:05:41.59973525, 2.4800E+00, 4.0000E-01, 2.0000E+00,
13:05:41.59973530, 2.5067E+00, 4.4000E-01, 1.7333E+00,
13:05:41.59973535, 2.4667E+00, 4.0000E-01, 1.6000E+00,
13:05:41.59973540, 2.4800E+00, 3.7333E-01, 1.7333E+00,
13:05:41.59973545, 2.4933E+00, 4.0000E-01, 2.0000E+00,
13:05:41.59973550, 2.4933E+00, 4.0000E-01, 1.7333E+00,
13:05:41.59973555, 2.4667E+00, 3.8667E-01, 2.1333E+00,
13:05:41.59973560, 2.4800E+00, 4.4000E-01, 2.0000E+00,
13:05:41.59973565, 2.4933E+00, 3.8667E-01, 2.0000E+00,
13:05:41.59973570, 2.5067E+00, 4.4000E-01, 2.0000E+00,
13:05:41.59973575, 2.4933E+00, 4.4000E-01, 1.7333E+00,
13:05:41.59973580, 2.4667E+00, 4.2667E-01, 1.7333E+00,
13:05:41.59973585, 2.4533E+00, 4.0000E-01, 1.7333E+00,
13:05:41.59973590, 2.4533E+00, 4.1333E-01, 2.0000E+00,
13:05:41.59973595, 2.4800E+00, 4.1333E-01, 1.8667E+00,
13:05:41.59973600, 2.5067E+00, 4.1333E-01, 2.0000E+00,
13:05:41.59973605, 2.4800E+00, 3.8667E-01, 2.1333E+00,
13:05:41.59973610, 2.4800E+00, 3.8667E-01, 2.0000E+00,
13:05:41.59973615, 2.5067E+00, 4.4000E-01, 1.8667E+00,
13:05:41.59973620, 2.5067E+00, 4.1333E-01, 2.0000E+00,
13:05:41.59973625, 2.4933E+00, 4.5333E-01, 2.2667E+00,
13:05:41.59973630, 2.4800E+00, 3.8667E-01, 2.0000E+00,
13:05:41.59973635, 2.4533E+00, 4.2667E-01, 2.4000E+00,
13:05:41.59973640, 2.4667E+00, 4.1333E-01, 1.7333E+00,
13:05:41.59973645, 2.4933E+00, 4.0000E-01, 1.8667E+00,
13:05:41.59973650, 2.4933E+00, 4.4000E-01, 2.0000E+00,
13:05:41.59973655, 2.4800E+00, 4.4000E-01, 2.1333E+00,
13:05:41.59973660, 2.5067E+00, 4.0000E-01, 2.0000E+00,
13:05:41.59973665, 2.4933E+00, 4.2667E-01, 2.0000E+00,
13:05:41.59973670, 2.4667E+00, 4.4000E-01, 2.0000E+00,
13:05:41.59973675, 2.4667E+00, 4.0000E-01, 2.0000E+00,
13:05:41.59973680, 2.4800E+00, 4.1333E-01, 2.0000E+00,
13:05:41.59973685, 2.5067E+00, 4.5333E-01, 2.0000E+00,
13:05:41.59973690, 2.4933E+00, 4.5333E-01, 1.7333E+00,
13:05:41.59973695, 2.4800E+00, 4.1333E-01, 2.0000E+00,
13:05:41.59973700, 2.4533E+00, 4.2667E-01, 2.1333E+00,
13:05:41.59973705, 2.4533E+00, 4.6667E-01, 2.0000E+00,
13:05:41.59973710, 2.5200E+00, 4.8000E-01, 2.0000E+00,
13:05:41.59973715, 2.5200E+00, 4.4000E-01, 2.0000E+00,
13:05:41.59973720, 2.4533E+00, 4.4000E-01, 2.1333E+00,
13:05:41.59973725, 2.4800E+00, 4.1333E-01, 2.0000E+00,
13:05:41.59973730, 2.4533E+00, 4.1333E-01, 2.0000E+00,
13:05:41.59973735, 2.4667E+00, 4.5333E-01, 1.8667E+00,
13:05:41.59973740, 2.5333E+00, 4.4000E-01, 2.0000E+00,
13:05:41.59973745, 2.4800E+00, 4.2667E-01, 2.0000E+00,
13:05:41.59973750, 2.5067E+00, 4.2667E-01, 2.1333E+00,
13:05:41.59973755, 2.5333E+00, 4.2667E-01, 2.1333E+00,
13:05:41.59973760, 2.4933E+00, 4.6667E-01, 2.0000E+00,
13:05:41.59973765, 2.4800E+00, 4.4000E-01, 2.0000E+00,
13:05:41.59973770, 2.5067E+00, 4.2667E-01, 2.0000E+00,
13:05:41.59973775, 2.4800E+00, 4.5333E-01, 2.0000E+00,
13:05:41.59973780, 2.4667E+00, 4.2667E-01, 1.7333E+00,
13:05:41.59973785, 2.4933E+00, 4.5333E-01, 1.7333E+00,
13:05:41.59973790, 2.4667E+00, 4.2667E-01, 2.0000E+00,
13:05:41.59973795, 2.5067E+00, 4.4000E-01, 2.0000E+00,
13:05:41.59973800, 2.5067E+00, 4.1333E-01, 2.0000E+00,
13:05:41.59973805, 2.4800E+00, 4.6667E-01, 2.0000E+00,
13:05:41.59973810, 2.4933E+00, 4.4000E-01, 2.0000E+00,
13:05:41.59973815, 2.4933E+00, 4.4000E-01, 2.0000E+00,
13:05:41.59973820, 2.5200E+00, 4.1333E-01, 2.1333E+00,
13:05:41.59973825, 2.4667E+00, 4.2667E-01, 2.4000E+00,
13:05:41.59973830, 2.4667E+00, 4.1333E-01, 2.0000E+00,
13:05:41.59973835, 2.4933E+00, 4.4000E-01, 2.1333E+00,
13:05:41.59973840, 2.5200E+00, 4.4000E-01, 2.0000E+00,
13:05:41.59973845, 2.5067E+00, 4.2667E-01, 2.1333E+00,
13:05:41.59973850, 2.5067E+00, 4.5333E-01, 2.0000E+00,
13:05:41.59973855, 2.5200E+00, 4.5333E-01, 2.0000E+00,
13:05:41.59973860, 2.5067E+00, 4.5333E-01, 2.0000E+00,
13:05:41.59973865, 2.4667E+00, 4.6667E-01, 2.0000E+00,
13:05:41.59973870, 2.4800E+00, 4.4000E-01, 2.0000E+00,
13:05:41.59973875, 2.4667E+00, 4.5333E-01, 2.0000E+00,
13:05:41.59973880, 2.4667E+00, 4.8000E-01, 2.0000E+00,
13:05:41.59973885, 2.4800E+00, 4.5333E-01, 2.0000E+00,
13:05:41.59973890, 2.5200E+00, 4.4000E-01, 2.1333E+00,
13:05:41.59973895, 2.4800E+00, 4.6667E-01, 2.0000E+00,
13:05:41.59973900, 2.4933E+00, 4.6667E-01, 2.0000E+00,
13:05:41.59973905, 2.4800E+00, 4.4000E-01, 2.0000E+00,
13:05:41.59973910, 2.4800E+00, 4.4000E-01, 2.0000E+00,
13:05:41.59973915, 2.4667E+00, 4.5333E-01, 2.1333E+00,
13:05:41.59973920, 2.4933E+00, 4.5333E-01, 2.0000E+00,
13:05:41.59973925, 2.4667E+00, 4.2667E-01, 2.2667E+00,
13:05:41.59973930, 2.4933E+00, 4.4000E-01, 2.0000E+00,
13:05:41.59973935, 2.4800E+00, 4.6667E-01, 2.0000E+00,
13:05:41.59973940, 2.4800E+00, 4.5333E-01, 2.0000E+00,
13:05:41.59973945, 2.4800E+00, 4.6667E-01, 2.1333E+00,
13:05:41.59973950, 2.4667E+00, 4.6667E-01, 2.0000E+00,
13:05:41.59973955, 2.5067E+00, 4.2667E-01, 2.0000E+00,
13:05:41.59973960, 2.4667E+00, 4.4000E-01, 2.0000E+00,
13:05:41.59973965, 2.5067E+00, 4.6667E-01, 2.0000E+00,
13:05:41.59973970, 2.4533E+00, 4.5333E-01, 2.1333E+00,
13:05:41.59973975, 2.4533E+00, 4.6667E-01, 1.8667E+00,
13:05:41.59973980, 2.4800E+00, 4.4000E-01, 2.0000E+00,
13:05:41.59973985, 2.4933E+00, 4.5333E-01, 1.7333E+00,
13:05:41.59973990, 2.4667E+00, 4.2667E-01, 2.0000E+00,
13:05:41.59973995, 2.4933E+00, 4.6667E-01, 2.0000E+00,
13:05:41.59974000, 2.4933E+00, 4.4000E-01, 2.0000E+00,
13:05:41.59974005, 2.4800E+00, 4.5333E-01, 2.0000E+00,
13:05:41.59974010, 2.5067E+00, 4.6667E-01, 2.0000E+00,
13:05:41.59974015, 2.4800E+00, 4.5333E-01, 2.0000E+00,
13:05:41.59974020, 2.4933E+00, 4.8000E-01, 2.0000E+00,
13:05:41.59974025, 2.4800E+00, 4.6667E-01, 1.8667E+00,
13:05:41.59974030, 2.4933E+00, 4.8000E-01, 2.1333E+00,
13:05:41.59974035, 2.4667E+00, 4.8000E-01, 1.8667E+00,
13:05:41.59974040, 2.4933E+00, 4.6667E-01, 1.6000E+00,
13:05:41.59974045, 2.4800E+00, 4.8000E-01, 2.2667E+00,
13:05:41.59974050, 2.5200E+00, 4.8000E-01, 1.8667E+00,
13:05:41.59974055, 2.5067E+00, 4.6667E-01, 2.0000E+00,
13:05:41.59974060, 2.4933E+00, 4.8000E-01, 1.8667E+00,
13:05:41.59974065, 2.4933E+00, 4.5333E-01, 1.6000E+00,
13:05:41.59974070, 2.5200E+00, 4.6667E-01, 1.7333E+00,
13:05:41.59974075, 2.4933E+00, 4.5333E-01, 1.6000E+00,
13:05:41.59974080, 2.4933E+00, 4.6667E-01, 1.7333E+00,
13:05:41.59974085, 2.4933E+00, 4.5333E-01, 1.8667E+00,
13:05:41.59974090, 2.4933E+00, 4.6667E-01, 2.0000E+00,
13:05:41.59974095, 2.4933E+00, 4.8000E-01, 1.8667E+00,
13:05:41.59974100, 2.5067E+00, 4.8000E-01, 1.7333E+00,
13:05:41.59974105, 2.4933E+00, 4.5333E-01, 1.6000E+00,
13:05:41.59974110, 2.4667E+00, 4.6667E-01, 1.8667E+00,
13:05:41.59974115, 2.4800E+00, 4.8000E-01, 2.0000E+00,
13:05:41.59974120, 2.4800E+00, 4.9333E-01, 1.7333E+00,
13:05:41.59974125, 2.4933E+00, 4.8000E-01, 2.0000E+00,
13:05:41.59974130, 2.4933E+00, 4.6667E-01, 1.6000E+00,
13:05:41.59974135, 2.4933E+00, 4.6667E-01, 1.7333E+00,
13:05:41.59974140, 2.4800E+00, 4.6667E-01, 1.8667E+00,
13:05:41.59974145, 2.5067E+00, 4.6667E-01, 2.0000E+00,
13:05:41.59974150, 2.5200E+00, 4.8000E-01, 1.7333E+00,
13:05:41.59974155, 2.4667E+00, 4.4000E-01, 2.0000E+00,
13:05:41.59974160, 2.4933E+00, 4.6667E-01, 1.8667E+00,
13:05:41.59974165, 2.5067E+00, 4.6667E-01, 1.6000E+00,
13:05:41.59974170, 2.4800E+00, 4.8000E-01, 2.0000E+00,
13:05:41.59974175, 2.4933E+00, 4.8000E-01, 1.6000E+00,
13:05:41.59974180, 2.5200E+00, 4.6667E-01, 1.8667E+00,
13:05:41.59974185, 2.5067E+00, 4.8000E-01, 1.7333E+00,
13:05:41.59974190, 2.4933E+00, 4.8000E-01, 2.0000E+00,
13:05:41.59974195, 2.4800E+00, 4.8000E-01, 2.0000E+00,
13:05:41.59974200, 2.4933E+00, 4.9333E-01, 1.7333E+00,
13:05:41.59974205, 2.4800E+00, 4.5333E-01, 1.7333E+00,
13:05:41.59974210, 2.5067E+00, 4.6667E-01, 2.0000E+00,
13:05:41.59974215, 2.5067E+00, 4.8000E-01, 1.4667E+00,
13:05:41.59974220, 2.4800E+00, 4.8000E-01, 1.7333E+00,
13:05:41.59974225, 2.5067E+00, 4.8000E-01, 1.6000E+00,
13:05:41.59974230, 2.4933E+00, 4.6667E-01, 1.6000E+00,
13:05:41.59974235, 2.5067E+00, 4.8000E-01, 1.6000E+00,
13:05:41.59974240, 2.4933E+00, 4.8000E-01, 1.6000E+00,
13:05:41.59974245, 2.5333E+00, 4.9333E-01, 1.8667E+00,
13:05:41.59974250, 2.4667E+00, 4.6667E-01, 1.7333E+00,
13:05:41.59974255, 2.4800E+00, 4.6667E-01, 1.8667E+00,
13:05:41.59974260, 2.5067E+00, 4.5333E-01, 1.6000E+00,
13:05:41.59974265, 2.4667E+00, 4.6667E-01, 1.6000E+00,
13:05:41.59974270, 2.4800E+00, 4.9333E-01, 1.6000E+00,
13:05:41.59974275, 2.4667E+00, 4.6667E-01, 1.8667E+00,
13:05:41.59974280, 2.4800E+00, 4.8000E-01, 1.7333E+00,
13:05:41.59974285, 2.5200E+00, 4.8000E-01, 1.8667E+00,
13:05:41.59974290, 2.4800E+00, 4.8000E-01, 1.6000E+00,
13:05:41.59974295, 2.4800E+00, 4.8000E-01, 1.7333E+00,
13:05:41.59974300, 2.5200E+00, 4.8000E-01, 1.4667E+00,
13:05:41.59974305, 2.4933E+00, 4.6667E-01, 1.6000E+00,
13:05:41.59974310, 2.4667E+00, 4.8000E-01, 1.6000E+00,
13:05:41.59974315, 2.4933E+00, 4.6667E-01, 1.3333E+00,
13:05:41.59974320, 2.5067E+00, 4.9333E-01, 2.0000E+00,
13:05:41.59974325, 2.4933E+00, 4.8000E-01, 1.7333E+00,
13:05:41.59974330, 2.4933E+00, 5.0667E-01, 1.4667E+00,
13:05:41.59974335, 2.4933E+00, 4.6667E-01, 1.6000E+00,
13:05:41.59974340, 2.5067E+00, 4.8000E-01, 1.8667E+00,
13:05:41.59974345, 2.4667E+00, 4.6667E-01, 1.4667E+00,
13:05:41.59974350, 2.4933E+00, 4.8000E-01, 1.8667E+00,
13:05:41.59974355, 2.4800E+00, 4.9333E-01, 1.7333E+00,
13:05:41.59974360, 2.4800E+00, 4.6667E-01, 1.7333E+00,
13:05:41.59974365, 2.4933E+00, 5.0667E-01, 1.6000E+00,
13:05:41.59974370, 2.5200E+00, 5.0667E-01, 1.7333E+00,
13:05:41.59974375, 2.5067E+00, 4.8000E-01, 1.8667E+00,
13:05:41.59974380, 2.5200E+00, 4.6667E-01, 1.4667E+00,
13:05:41.59974385, 2.4933E+00, 4.8000E-01, 1.6000E+00,
13:05:41.59974390, 2.5067E+00, 4.8000E-01, 1.4667E+00,
13:05:41.59974395, 2.5067E+00, 4.8000E-01, 1.7333E+00,
13:05:41.59974400, 2.4667E+00, 4.8000E-01, 1.4667E+00,
13:05:41.59974405, 2.4933E+00, 4.8000E-01, 1.4667E+00,
13:05:41.59974410, 2.4800E+00, 4.9333E-01, 1.3333E+00,
13:05:41.59974415, 2.4933E+00, 4.8000E-01, 1.6000E+00,
13:05:41.59974420, 2.4800E+00, 4.9333E-01, 1.6000E+00,
13:05:41.59974425, 2.4933E+00, 4.8000E-01, 1.3333E+00,
13:05:41.59974430, 2.4933E+00, 4.6667E-01, 1.7333E+00,
13:05:41.59974435, 2.4667E+00, 4.9333E-01, 1.3333E+00,
13:05:41.59974440, 2.4800E+00, 4.6667E-01, 1.6000E+00,
13:05:41.59974445, 2.4400E+00, 4.6667E-01, 1.4667E+00,
13:05:41.59974450, 2.4667E+00, 4.8000E-01, 1.4667E+00,
13:05:41.59974455, 2.4667E+00, 4.8000E-01, 1.3333E+00,
13:05:41.59974460, 2.4933E+00, 4.8000E-01, 1.4667E+00,
13:05:41.59974465, 2.4933E+00, 4.8000E-01, 1.3333E+00,
13:05:41.59974470, 2.5067E+00, 4.8000E-01, 1.6000E+00,
13:05:41.59974475, 2.5200E+00, 4.8000E-01, 1.2000E+00,
13:05:41.59974480, 2.5200E+00, 4.9333E-01, 1.4667E+00,
13:05:41.59974485, 2.4800E+00, 4.8000E-01, 1.3333E+00,
13:05:41.59974490, 2.4800E+00, 4.5333E-01, 1.3333E+00,
13:05:41.59974495, 2.4533E+00, 4.8000E-01, 1.4667E+00,
13:05:41.59974500, 2.4533E+00, 4.5333E-01, 1.2000E+00,
13:05:41.59974505, 2.4933E+00, 4.8000E-01, 1.6000E+00,
13:05:41.59974510, 2.5067E+00, 4.9333E-01, 1.0667E+00,
13:05:41.59974515, 2.4933E+00, 4.8000E-01, 1.3333E+00,
13:05:41.59974520, 2.5067E+00, 4.8000E-01, 1.2000E+00,
13:05:41.59974525, 2.5067E+00, 5.0667E-01, 1.2000E+00,
13:05:41.59974530, 2.4933E+00, 5.0667E-01, 1.0667E+00,
13:05:41.59974535, 2.4800E+00, 4.8000E-01, 1.8667E+00,
13:05:41.59974540, 2.4667E+00, 4.8000E-01, 1.2000E+00,
13:05:41.59974545, 2.5067E+00, 4.8000E-01, 1.4667E+00,
13:05:41.59974550, 2.4800E+00, 4.8000E-01, 1.2000E+00,
13:05:41.59974555, 2.5067E+00, 4.8000E-01, 1.2000E+00,
13:05:41.59974560, 2.4933E+00, 4.9333E-01, 1.3333E+00,
13:05:41.59974565, 2.4800E+00, 5.0667E-01, 1.2000E+00,
13:05:41.59974570, 2.5333E+00, 4.8000E-01, 1.2000E+00,
13:05:41.59974575, 2.5067E+00, 4.8000E-01, 1.2000E+00,
13:05:41.59974580, 2.4933E+00, 4.8000E-01, 1.4667E+00,
13:05:41.59974585, 2.4933E+00, 4.8000E-01, 1.2000E+00,
13:05:41.59974590, 2.4400E+00, 4.8000E-01, 1.3333E+00,
13:05:41.59974595, 2.4533E+00, 5.0667E-01, 1.4667E+00,
13:05:41.59974600, 2.4667E+00, 4.8000E-01, 1.3333E+00,
13:05:41.59974605, 2.4933E+00, 4.8000E-01, 1.2000E+00,
13:05:41.59974610, 2.5200E+00, 4.8000E-01, 1.2000E+00,
13:05:41.59974615, 2.5067E+00, 4.8000E-01, 1.3333E+00,
13:05:41.59974620, 2.5067E+00, 4.5333E-01, 1.2000E+00,
13:05:41.59974625, 2.4933E+00, 4.8000E-01, 1.2000E+00,
13:05:41.59974630, 2.4800E+00, 4.8000E-01, 1.2000E+00,
13:05:41.59974635, 2.5200E+00, 4.9333E-01, 1.2000E+00,
13:05:41.59974640, 2.4800E+00, 4.9333E-01, 1.2000E+00,
13:05:41.59974645, 2.4933E+00, 4.8000E-01, 1.3333E+00,
13:05:41.59974650, 2.4667E+00, 4.6667E-01, 1.2000E+00,
13:05:41.59974655, 2.4800E+00, 4.8000E-01, 8.0000E-01,
13:05:41.59974660, 2.4800E+00, 4.8000E-01, 1.0667E+00,
13:05:41.59974665, 2.5200E+00, 4.9333E-01, 1.0667E+00,
13:05:41.59974670, 2.4933E+00, 4.5333E-01, 1.2000E+00,
13:05:41.59974675, 2.4667E+00, 4.5333E-01, 1.0667E+00,
13:05:41.59974680, 2.4667E+00, 4.9333E-01, 1.2000E+00,
13:05:41.59974685, 2.4800E+00, 4.6667E-01, 1.3333E+00,
13:05:41.59974690, 2.4667E+00, 4.8000E-01, 9.3333E-01,
13:05:41.59974695, 2.4933E+00, 4.8000E-01, 1.0667E+00,
13:05:41.59974700, 2.4933E+00, 4.9333E-01, 9.3333E-01,
13:05:41.59974705, 2.4800E+00, 4.8000E-01, 1.2000E+00,
13:05:41.59974710, 2.4933E+00, 4.8000E-01, 1.0667E+00,
13:05:41.59974715, 2.5200E+00, 4.8000E-01, 9.3333E-01,
13:05:41.59974720, 2.5067E+00, 4.9333E-01, 1.0667E+00,
13:05:41.59974725, 2.4667E+00, 4.8000E-01, 8.0000E-01,
13:05:41.59974730, 2.4667E+00, 4.9333E-01, 9.3333E-01,
13:05:41.59974735, 2.4933E+00, 4.8000E-01, 1.3333E+00,
13:05:41.59974740, 2.4933E+00, 5.0667E-01, 8.0000E-01,
13:05:41.59974745, 2.4933E+00, 4.8000E-01, 1.0667E+00,
13:05:41.59974750, 2.5067E+00, 4.8000E-01, 8.0000E-01,
13:05:41.59974755, 2.4533E+00, 4.8000E-01, 1.2000E+00,
13:05:41.59974760, 2.4933E+00, 4.8000E-01, 1.0667E+00,
13:05:41.59974765, 2.4933E+00, 4.8000E-01, 6.6667E-01,
13:05:41.59974770, 2.5067E+00, 4.9333E-01, 1.2000E+00,
13:05:41.59974775, 2.4667E+00, 4.6667E-01, 9.3333E-01,
13:05:41.59974780, 2.4667E+00, 4.5333E-01, 1.0667E+00,
13:05:41.59974785, 2.4400E+00, 4.6667E-01, 9.3333E-01,
13:05:41.59974790, 2.5067E+00, 4.9333E-01, 9.3333E-01,
13:05:41.59974795, 2.4667E+00, 4.9333E-01, 9.3333E-01,
13:05:41.59974800, 2.4667E+00, 4.8000E-01, 1.0667E+00,
13:05:41.59974805, 2.5067E+00, 4.8000E-01, 8.0000E-01,
13:05:41.59974810, 2.4667E+00, 4.9333E-01, 9.3333E-01,
13:05:41.59974815, 2.4933E+00, 4.8000E-01, 1.0667E+00,
13:05:41.59974820, 2.4533E+00, 4.8000E-01, 1.2000E+00,
13:05:41.59974825, 2.4667E+00, 4.5333E-01, 1.2000E+00,
13:05:41.59974830, 2.5200E+00, 4.8000E-01, 1.2000E+00,
13:05:41.59974835, 2.4933E+00, 4.6667E-01, 1.2000E+00,
13:05:41.59974840, 2.5067E+00, 4.8000E-01, 1.0667E+00,
13:05:41.59974845, 2.4667E+00, 4.5333E-01, 6.6667E-01,
13:05:41.59974850, 2.5067E+00, 4.6667E-01, 8.0000E-01,
13:05:41.59974855, 2.4800E+00, 4.9333E-01, 1.0667E+00,
13:05:41.59974860, 2.4933E+00, 4.8000E-01, 8.0000E-01,
13:05:41.59974865, 2.4933E+00, 4.8000E-01, 8.0000E-01,
13:05:41.59974870, 2.5200E+00, 4.6667E-01, 6.6667E-01,
13:05:41.59974875, 2.4933E+00, 4.8000E-01, 1.0667E+00,
13:05:41.59974880, 2.4667E+00, 4.8000E-01, 1.2000E+00,
13:05:41.59974885, 2.4667E+00, 4.5333E-01, 1.2000E+00,
13:05:41.59974890, 2.4667E+00, 4.6667E-01, 9.3333E-01,
13:05:41.59974895, 2.5067E+00, 4.9333E-01, 9.3333E-01,
13:05:41.59974900, 2.4667E+00, 4.2667E-01, 1.0667E+00,
13:05:41.59974905, 2.4933E+00, 4.5333E-01, 1.0667E+00,
13:05:41.59974910, 2.4933E+00, 4.5333E-01, 9.3333E-01,
13:05:41.59974915, 2.4667E+00, 4.4000E-01, 6.6667E-01,
13:05:41.59974920, 2.4933E+00, 4.8000E-01, 8.0000E-01,
13:05:41.59974925, 2.5067E+00, 4.6667E-01, 6.6667E-01,
13:05:41.59974930, 2.4933E+00, 4.6667E-01, 1.0667E+00,
13:05:41.59974935, 2.5067E+00, 4.6667E-01, 1.0667E+00,
13:05:41.59974940, 2.4933E+00, 4.9333E-01, 8.0000E-01,
13:05:41.59974945, 2.5067E+00, 4.6667E-01, 8.0000E-01,
13:05:41.59974950, 2.4667E+00, 4.6667E-01, 9.3333E-01,
13:05:41.59974955, 2.4800E+00, 4.8000E-01, 6.6667E-01,
13:05:41.59974960, 2.4933E+00, 4.5333E-01, 1.2000E+00,
13:05:41.59974965, 2.4933E+00, 4.8000E-01, 8.0000E-01,
13:05:41.59974970, 2.4667E+00, 4.9333E-01, 9.3333E-01,
13:05:41.59974975, 2.4667E+00, 4.6667E-01, 6.6667E-01,
13:05:41.59974980, 2.4800E+00, 4.8000E-01, 1.0667E+00,
13:05:41.59974985, 2.4800E+00, 4.8000E-01, 8.0000E-01,
13:05:41.59974990, 2.5200E+00, 4.8000E-01, 6.6667E-01,
13:05:41.59974995, 2.4933E+00, 4.5333E-01, 1.0667E+00,
13:05:41.59975000, 2.4933E+00, 4.5333E-01, 6.6667E-01,
13:05:41.59975005, 2.5067E+00, 4.6667E-01, 8.0000E-01,
13:05:41.59975010, 2.4533E+00, 4.4000E-01, 8.0000E-01,
13:05:41.59975015, 2.5200E+00, 4.8000E-01, 6.6667E-01,
13:05:41.59975020, 2.4933E+00, 4.8000E-01, 9.3333E-01,
13:05:41.59975025, 2.5200E+00, 4.8000E-01, 8.0000E-01,
13:05:41.59975030, 2.4667E+00, 4.9333E-01, 6.6667E-01,
13:05:41.59975035, 2.4667E+00, 4.8000E-01, 6.6667E-01,
13:05:41.59975040, 2.4933E+00, 4.5333E-01, 6.6667E-01,
13:05:41.59975045, 2.4933E+00, 4.8000E-01, 9.3333E-01,
13:05:41.59975050, 2.4800E+00, 4.8000E-01, 8.0000E-01,
13:05:41.59975055, 2.4800E+00, 4.5333E-01, 8.0000E-01,
13:05:41.59975060, 2.4933E+00, 4.5333E-01, 1.0667E+00,
13:05:41.59975065, 2.5200E+00, 4.6667E-01, 9.3333E-01,
13:05:41.59975070, 2.4933E+00, 4.5333E-01, 6.6667E-01,
13:05:41.59975075, 2.4933E+00, 4.5333E-01, 9.3333E-01,
13:05:41.59975080, 2.4533E+00, 4.5333E-01, 6.6667E-01,
13:05:41.59975085, 2.5467E+00, 4.4000E-01, 6.6667E-01,
13:05:41.59975090, 2.4933E+00, 4.6667E-01, 5.3333E-01,
13:05:41.59975095, 2.5067E+00, 4.6667E-01, 8.0000E-01,
13:05:41.59975100, 2.4800E+00, 4.2667E-01, 6.6667E-01,
13:05:41.59975105, 2.4800E+00, 4.5333E-01, 9.3333E-01,
13:05:41.59975110, 2.5200E+00, 4.4000E-01, 6.6667E-01,
13:05:41.59975115, 2.4667E+00, 4.8000E-01, 8.0000E-01,
13:05:41.59975120, 2.4933E+00, 4.6667E-01, 9.3333E-01,
13:05:41.59975125, 2.4933E+00, 4.5333E-01, 8.0000E-01,
13:05:41.59975130, 2.4800E+00, 4.8000E-01, 6.6667E-01,
13:05:41.59975135, 2.5067E+00, 4.4000E-01, 6.6667E-01,
13:05:41.59975140, 2.4933E+00, 4.5333E-01, 6.6667E-01,
13:05:41.59975145, 2.5067E+00, 4.8000E-01, 6.6667E-01,
13:05:41.59975150, 2.5200E+00, 4.4000E-01, 6.6667E-01,
13:05:41.59975155, 2.5200E+00, 4.4000E-01, 6.6667E-01,
13:05:41.59975160, 2.4800E+00, 4.4000E-01, 6.6667E-01,
13:05:41.59975165, 2.4800E+00, 4.5333E-01, 9.3333E-01,
13:05:41.59975170, 2.4800E+00, 4.4000E-01, 1.0667E+00,
13:05:41.59975175, 2.4933E+00, 4.5333E-01, 5.3333E-01,
13:05:41.59975180, 2.4933E+00, 4.5333E-01, 4.0000E-01,
13:05:41.59975185, 2.4800E+00, 4.8000E-01, 6.6667E-01,
13:05:41.59975190, 2.4933E+00, 4.5333E-01, 5.3333E-01,
13:05:41.59975195, 2.4667E+00, 4.6667E-01, 6.6667E-01,
13:05:41.59975200, 2.5200E+00, 4.2667E-01, 6.6667E-01,
13:05:41.59975205, 2.4800E+00, 4.6667E-01, 8.0000E-01,
13:05:41.59975210, 2.4933E+00, 4.4000E-01, 6.6667E-01,
13:05:41.59975215, 2.4933E+00, 4.6667E-01, 8.0000E-01,
13:05:41.59975220, 2.4533E+00, 4.8000E-01, 1.0667E+00,
13:05:41.59975225, 2.4933E+00, 4.4000E-01, 6.6667E-01,
13:05:41.59975230, 2.4933E+00, 4.5333E-01, 6.6667E-01,
13:05:41.59975235, 2.4933E+00, 4.5333E-01, 8.0000E-01,
13:05:41.59975240, 2.4933E+00, 4.4000E-01, 5.3333E-01,
13:05:41.59975245, 2.4933E+00, 4.4000E-01, 6.6667E-01,
13:05:41.59975250, 2.4933E+00, 4.4000E-01, 4.0000E-01,
13:05:41.59975255, 2.5067E+00, 4.5333E-01, 8.0000E-01,
13:05:41.59975260, 2.4800E+00, 4.5333E-01, 8.0000E-01,
13:05:41.59975265, 2.4533E+00, 4.1333E-01, 6.6667E-01,
13:05:41.59975270, 2.4800E+00, 4.6667E-01, 6.6667E-01,
13:05:41.59975275, 2.4933E+00, 4.6667E-01, 6.6667E-01,
13:05:41.59975280, 2.4933E+00, 4.4000E-01, 6.6667E-01,
13:05:41.59975285, 2.5067E+00, 4.2667E-01, 5.3333E-01,
13:05:41.59975290, 2.5200E+00, 4.0000E-01, 8.0000E-01,
13:05:41.59975295, 2.4800E+00, 4.5333E-01, 6.6667E-01,
13:05:41.59975300, 2.4800E+00, 4.5333E-01, 6.6667E-01,
13:05:41.59975305, 2.4800E+00, 4.8000E-01, 6.6667E-01,
13:05:41.59975310, 2.4533E+00, 4.4000E-01, 6.6667E-01,
13:05:41.59975315, 2.4667E+00, 4.4000E-01, 8.0000E-01,
13:05:41.59975320, 2.4933E+00, 4.5333E-01, 4.0000E-01,
13:05:41.59975325, 2.4667E+00, 4.6667E-01, 4.0000E-01,
13:05:41.59975330, 2.5067E+00, 4.4000E-01, 5.3333E-01,
13:05:41.59975335, 2.5200E+00, 4.2667E-01, 6.6667E-01,
13:05:41.59975340, 2.4933E+00, 4.0000E-01, 8.0000E-01,
13:05:41.59975345, 2.4933E+00, 4.4000E-01, 6.6667E-01,
13:05:41.59975350, 2.5067E+00, 4.4000E-01, 5.3333E-01,
13:05:41.59975355, 2.4800E+00, 4.4000E-01, 6.6667E-01,
13:05:41.59975360, 2.4800E+00, 4.4000E-01, 8.0000E-01,
13:05:41.59975365, 2.4667E+00, 4.6667E-01, 6.6667E-01,
13:05:41.59975370, 2.4667E+00, 4.4000E-01, 9.3333E-01,
13:05:41.59975375, 2.5067E+00, 4.1333E-01, 6.6667E-01,
13:05:41.59975380, 2.5067E+00, 4.5333E-01, 5.3333E-01,
13:05:41.59975385, 2.5067E+00, 4.1333E-01, 4.0000E-01,
13:05:41.59975390, 2.4800E+00, 4.4000E-01, 9.3333E-01,
13:05:41.59975395, 2.4800E+00, 4.2667E-01, 9.3333E-01,
13:05:41.59975400, 2.4800E+00, 4.5333E-01, 6.6667E-01,
13:05:41.59975405, 2.4933E+00, 4.5333E-01, 6.6667E-01,
13:05:41.59975410, 2.4933E+00, 4.5333E-01, 6.6667E-01,
13:05:41.59975415, 2.4667E+00, 4.4000E-01, 5.3333E-01,
13:05:41.59975420, 2.4933E+00, 4.4000E-01, 5.3333E-01,
13:05:41.59975425, 2.4800E+00, 4.1333E-01, 8.0000E-01,
13:05:41.59975430, 2.5200E+00, 4.2667E-01, 6.6667E-01,
13:05:41.59975435, 2.4533E+00, 4.2667E-01, 9.3333E-01,
13:05:41.59975440, 2.4800E+00, 4.5333E-01, 6.6667E-01,
13:05:41.59975445, 2.5067E+00, 4.4000E-01, 5.3333E-01,
13:05:41.59975450, 2.4800E+00, 4.4000E-01, 4.0000E-01,
13:05:41.59975455, 2.4800E+00, 4.5333E-01, 6.6667E-01,
13:05:41.59975460, 2.4533E+00, 4.5333E-01, 8.0000E-01,
13:05:41.59975465, 2.4800E+00, 4.2667E-01, 8.0000E-01,
13:05:41.59975470, 2.4800E+00, 4.4000E-01, 6.6667E-01,
13:05:41.59975475, 2.4933E+00, 4.4000E-01, 6.6667E-01,
13:05:41.59975480, 2.5067E+00, 4.2667E-01, 9.3333E-01,
13:05:41.59975485, 2.5067E+00, 4.5333E-01, 6.6667E-01,
13:05:41.59975490, 2.5067E+00, 4.4000E-01, 9.3333E-01,
13:05:41.59975495, 2.4933E+00, 4.2667E-01, 6.6667E-01,
13:05:41.59975500, 2.4800E+00, 4.4000E-01, 8.0000E-01,
13:05:41.59975505, 2.4933E+00, 4.1333E-01, 8.0000E-01,
13:05:41.59975510, 2.4667E+00, 4.2667E-01, 8.0000E-01,
13:05:41.59975515, 2.4800E+00, 4.4000E-01, 9.3333E-01,
13:05:41.59975520, 2.4800E+00, 4.0000E-01, 8.0000E-01,
13:05:41.59975525, 2.4800E+00, 4.2667E-01, 9.3333E-01,
13:05:41.59975530, 2.5067E+00, 4.0000E-01, 8.0000E-01,
13:05:41.59975535, 2.4800E+00, 4.5333E-01, 6.6667E-01,
13:05:41.59975540, 2.4800E+00, 4.1333E-01, 8.0000E-01,
13:05:41.59975545, 2.4667E+00, 4.4000E-01, 9.3333E-01,
13:05:41.59975550, 2.5067E+00, 4.2667E-01, 6.6667E-01,
13:05:41.59975555, 2.4400E+00, 4.4000E-01, 6.6667E-01,
13:05:41.59975560, 2.4933E+00, 4.5333E-01, 1.0667E+00,
13:05:41.59975565, 2.4933E+00, 4.1333E-01, 9.3333E-01,
13:05:41.59975570, 2.5067E+00, 4.0000E-01, 8.0000E-01,
13:05:41.59975575, 2.4933E+00, 4.1333E-01, 6.6667E-01,
13:05:41.59975580, 2.4800E+00, 4.5333E-01, 6.6667E-01,
13:05:41.59975585, 2.4933E+00, 4.2667E-01, 6.6667E-01,
13:05:41.59975590, 2.4933E+00, 4.5333E-01, 5.3333E-01,
13:05:41.59975595, 2.4800E+00, 4.1333E-01, 6.6667E-01,
13:05:41.59975600, 2.4800E+00, 4.5333E-01, 8.0000E-01,
13:05:41.59975605, 2.4800E+00, 4.5333E-01, 6.6667E-01,
13:05:41.59975610, 2.4667E+00, 4.4000E-01, 8.0000E-01,
13:05:41.59975615, 2.4933E+00, 4.2667E-01, 6.6667E-01,
13:05:41.59975620, 2.4800E+00, 4.2667E-01, 6.6667E-01,
13:05:41.59975625, 2.4933E+00, 4.2667E-01, 8.0000E-01,
13:05:41.59975630, 2.4667E+00, 4.2667E-01, 6.6667E-01,
13:05:41.59975635, 2.5067E+00, 4.2667E-01, 6.6667E-01,
13:05:41.59975640, 2.5200E+00, 4.2667E-01, 8.0000E-01,
13:05:41.59975645, 2.4400E+00, 4.2667E-01, 8.0000E-01,
13:05:41.59975650, 2.4800E+00, 4.2667E-01, 8.0000E-01,
13:05:41.59975655, 2.4933E+00, 4.1333E-01, 1.0667E+00,
13:05:41.59975660, 2.4933E+00, 4.0000E-01, 6.6667E-01,
13:05:41.59975665, 2.5067E+00, 4.5333E-01, 5.3333E-01,
13:05:41.59975670, 2.4800E+00, 4.2667E-01, 9.3333E-01,
13:05:41.59975675, 2.5200E+00, 4.0000E-01, 6.6667E-01,
13:05:41.59975680, 2.4933E+00, 4.2667E-01, 6.6667E-01,
13:05:41.59975685, 2.4533E+00, 4.1333E-01, 8.0000E-01,
13:05:41.59975690, 2.4933E+00, 4.2667E-01, 8.0000E-01,
13:05:41.59975695, 2.4800E+00, 4.2667E-01, 8.0000E-01,
13:05:41.59975700, 2.4933E+00, 4.0000E-01, 8.0000E-01,
13:05:41.59975705, 2.4667E+00, 4.0000E-01, 9.3333E-01,
13:05:41.59975710, 2.4933E+00, 4.2667E-01, 1.3333E+00,
13:05:41.59975715, 2.5067E+00, 4.2667E-01, 6.6667E-01,
13:05:41.59975720, 2.5067E+00, 4.1333E-01, 6.6667E-01,
13:05:41.59975725, 2.4933E+00, 4.2667E-01, 8.0000E-01,
13:05:41.59975730, 2.4800E+00, 4.0000E-01, 6.6667E-01,
13:05:41.59975735, 2.4800E+00, 4.0000E-01, 6.6667E-01,
13:05:41.59975740, 2.4400E+00, 4.1333E-01, 6.6667E-01,
13:05:41.59975745, 2.4667E+00, 4.4000E-01, 9.3333E-01,
13:05:41.59975750, 2.4933E+00, 4.1333E-01, 1.0667E+00,
13:05:41.59975755, 2.5200E+00, 4.0000E-01, 8.0000E-01,
13:05:41.59975760, 2.4667E+00, 4.4000E-01, 1.0667E+00,
13:05:41.59975765, 2.4800E+00, 4.4000E-01, 9.3333E-01,
13:05:41.59975770, 2.4933E+00, 4.4000E-01, 6.6667E-01,
13:05:41.59975775, 2.5067E+00, 4.4000E-01, 9.3333E-01,
13:05:41.59975780, 2.4667E+00, 4.2667E-01, 6.6667E-01,
13:05:41.59975785, 2.4800E+00, 4.1333E-01, 1.2000E+00,
13:05:41.59975790, 2.4933E+00, 4.2667E-01, 9.3333E-01,
13:05:41.59975795, 2.4533E+00, 4.1333E-01, 1.0667E+00,
13:05:41.59975800, 2.4800E+00, 3.8667E-01, 1.2000E+00,
13:05:41.59975805, 2.4933E+00, 4.2667E-01, 8.0000E-01,
13:05:41.59975810, 2.4933E+00, 4.4000E-01, 1.0667E+00,
13:05:41.59975815, 2.4667E+00, 4.2667E-01, 9.3333E-01,
13:05:41.59975820, 2.5067E+00, 4.0000E-01, 1.0667E+00,
13:05:41.59975825, 2.4800E+00, 4.4000E-01, 1.2000E+00,
13:05:41.59975830, 2.4800E+00, 3.8667E-01, 9.3333E-01,
13:05:41.59975835, 2.4667E+00, 4.4000E-01, 1.2000E+00,
13:05:41.59975840, 2.4533E+00, 4.2667E-01, 1.0667E+00,
13:05:41.59975845, 2.4933E+00, 4.1333E-01, 9.3333E-01,
13:05:41.59975850, 2.4933E+00, 4.0000E-01, 1.0667E+00,
13:05:41.59975855, 2.4800E+00, 4.0000E-01, 1.0667E+00,
13:05:41.59975860, 2.4800E+00, 4.2667E-01, 1.2000E+00,
13:05:41.59975865, 2.5200E+00, 3.8667E-01, 1.2000E+00,
13:05:41.59975870, 2.4800E+00, 4.4000E-01, 9.3333E-01,
13:05:41.59975875, 2.4933E+00, 4.1333E-01, 8.0000E-01,
13:05:41.59975880, 2.4933E+00, 4.4000E-01, 9.3333E-01,
13:05:41.59975885, 2.4800E+00, 4.0000E-01, 1.2000E+00,
13:05:41.59975890, 2.4667E+00, 4.2667E-01, 1.3333E+00,
13:05:41.59975895, 2.4800E+00, 4.0000E-01, 6.6667E-01,
13:05:41.59975900, 2.5067E+00, 3.8667E-01, 9.3333E-01,
13:05:41.59975905, 2.5067E+00, 3.8667E-01, 1.3333E+00,
13:05:41.59975910, 2.4800E+00, 4.2667E-01, 1.0667E+00,
13:05:41.59975915, 2.4933E+00, 4.1333E-01, 1.2000E+00,
13:05:41.59975920, 2.4933E+00, 4.4000E-01, 8.0000E-01,
13:05:41.59975925, 2.4800E+00, 3.7333E-01, 1.0667E+00,
13:05:41.59975930, 2.5200E+00, 4.2667E-01, 9.3333E-01,
13:05:41.59975935, 2.4933E+00, 4.2667E-01, 9.3333E-01,
13:05:41.59975940, 2.4667E+00, 4.1333E-01, 1.2000E+00,
13:05:41.59975945, 2.4800E+00, 4.0000E-01, 1.2000E+00,
13:05:41.59975950, 2.4800E+00, 4.1333E-01, 1.0667E+00,
13:05:41.59975955, 2.4933E+00, 4.0000E-01, 9.3333E-01,
13:05:41.59975960, 2.5200E+00, 4.0000E-01, 8.0000E-01,
13:05:41.59975965, 2.4800E+00, 4.2667E-01, 9.3333E-01,
13:05:41.59975970, 2.5067E+00, 4.1333E-01, 1.0667E+00,
13:05:41.59975975, 2.5067E+00, 4.2667E-01, 9.3333E-01,
13:05:41.59975980, 2.4800E+00, 4.4000E-01, 1.2000E+00,
13:05:41.59975985, 2.4667E+00, 4.2667E-01, 1.2000E+00,
13:05:41.59975990, 2.4933E+00, 4.2667E-01, 1.0667E+00,
13:05:41.59975995, 2.4933E+00, 4.2667E-01, 8.0000E-01,
13:05:41.59976000, 2.4933E+00, 4.0000E-01, 1.3333E+00,
13:05:41.59976005, 2.4933E+00, 4.6667E-01, 1.3333E+00,
13:05:41.59976010, 2.4933E+00, 4.5333E-01, 1.0667E+00,
13:05:41.59976015, 2.4800E+00, 4.2667E-01, 1.3333E+00,
13:05:41.59976020, 2.4933E+00, 4.1333E-01, 1.0667E+00,
13:05:41.59976025, 2.5200E+00, 4.5333E-01, 1.3333E+00,
13:05:41.59976030, 2.4800E+00, 4.1333E-01, 1.0667E+00,
13:05:41.59976035, 2.5067E+00, 4.1333E-01, 1.3333E+00,
13:05:41.59976040, 2.4800E+00, 4.0000E-01, 1.0667E+00,
13:05:41.59976045, 2.4533E+00, 4.2667E-01, 1.2000E+00,
13:05:41.59976050, 2.4800E+00, 4.1333E-01, 1.3333E+00,
13:05:41.59976055, 2.4933E+00, 4.2667E-01, 1.2000E+00,
13:05:41.59976060, 2.4933E+00, 4.4000E-01, 1.4667E+00,
13:05:41.59976065, 2.4800E+00, 4.2667E-01, 1.0667E+00,
13:05:41.59976070, 2.5200E+00, 4.2667E-01, 8.0000E-01,
13:05:41.59976075, 2.4933E+00, 4.0000E-01, 1.0667E+00,
13:05:41.59976080, 2.4800E+00, 4.0000E-01, 1.0667E+00,
13:05:41.59976085, 2.5200E+00, 4.2667E-01, 1.2000E+00,
13:05:41.59976090, 2.4933E+00, 4.0000E-01, 1.3333E+00,
13:05:41.59976095, 2.4933E+00, 4.2667E-01, 1.3333E+00,
13:05:41.59976100, 2.4800E+00, 3.8667E-01, 1.2000E+00,
13:05:41.59976105, 2.5333E+00, 4.2667E-01, 1.0667E+00,
13:05:41.59976110, 2.4800E+00, 4.2667E-01, 1.2000E+00,
13:05:41.59976115, 2.5067E+00, 4.1333E-01, 6.6667E-01,
13:05:41.59976120, 2.4933E+00, 4.0000E-01, 1.6000E+00,
13:05:41.59976125, 2.4667E+00, 4.2667E-01, 8.0000E-01,
13:05:41.59976130, 2.5067E+00, 4.2667E-01, 1.0667E+00,
13:05:41.59976135, 2.5067E+00, 4.1333E-01, 1.2000E+00,
13:05:41.59976140, 2.5200E+00, 4.2667E-01, 1.0667E+00,
13:05:41.59976145, 2.4933E+00, 4.4000E-01, 1.2000E+00,
13:05:41.59976150, 2.5067E+00, 4.2667E-01, 1.2000E+00,
13:05:41.59976155, 2.5067E+00, 4.1333E-01, 1.3333E+00,
13:05:41.59976160, 2.4933E+00, 4.1333E-01, 1.3333E+00,
13:05:41.59976165, 2.4933E+00, 4.5333E-01, 8.0000E-01,
13:05:41.59976170, 2.4533E+00, 4.2667E-01, 1.4667E+00,
13:05:41.59976175, 2.4667E+00, 4.1333E-01, 1.0667E+00,
13:05:41.59976180, 2.4933E+00, 4.1333E-01, 1.2000E+00,
13:05:41.59976185, 2.4933E+00, 4.5333E-01, 1.3333E+00,
13:05:41.59976190, 2.4667E+00, 3.8667E-01, 1.6000E+00,
13:05:41.59976195, 2.5067E+00, 4.1333E-01, 1.3333E+00,
13:05:41.59976200, 2.4933E+00, 4.4000E-01, 1.2000E+00,
13:05:41.59976205, 2.4933E+00, 4.5333E-01, 1.3333E+00,
13:05:41.59976210, 2.4933E+00, 4.2667E-01, 9.3333E-01,
13:05:41.59976215, 2.5200E+00, 4.1333E-01, 1.0667E+00,
13:05:41.59976220, 2.4667E+00, 4.6667E-01, 1.4667E+00,
13:05:41.59976225, 2.4800E+00, 4.1333E-01, 1.4667E+00,
13:05:41.59976230, 2.5333E+00, 4.1333E-01, 1.3333E+00,
13:05:41.59976235, 2.5200E+00, 4.6667E-01, 1.4667E+00,
13:05:41.59976240, 2.4800E+00, 4.0000E-01, 1.3333E+00,
13:05:41.59976245, 2.5067E+00, 4.4000E-01, 1.6000E+00,
13:05:41.59976250, 2.4800E+00, 4.1333E-01, 1.0667E+00,
13:05:41.59976255, 2.5200E+00, 4.2667E-01, 1.0667E+00,
13:05:41.59976260, 2.4800E+00, 4.1333E-01, 1.4667E+00,
13:05:41.59976265, 2.4933E+00, 4.1333E-01, 1.4667E+00,
13:05:41.59976270, 2.5067E+00, 4.5333E-01, 1.3333E+00,
13:05:41.59976275, 2.5067E+00, 4.0000E-01, 1.0667E+00,
13:05:41.59976280, 2.4667E+00, 4.1333E-01, 1.2000E+00,
13:05:41.59976285, 2.4933E+00, 4.4000E-01, 1.4667E+00,
13:05:41.59976290, 2.4800E+00, 4.1333E-01, 1.3333E+00,
13:05:41.59976295, 2.5200E+00, 4.0000E-01, 1.3333E+00,
13:05:41.59976300, 2.5067E+00, 4.4000E-01, 1.4667E+00,
13:05:41.59976305, 2.4933E+00, 4.2667E-01, 1.3333E+00,
13:05:41.59976310, 2.4933E+00, 4.2667E-01, 1.0667E+00,
13:05:41.59976315, 2.4800E+00, 4.1333E-01, 1.3333E+00,
13:05:41.59976320, 2.4800E+00, 4.2667E-01, 1.2000E+00,
13:05:41.59976325, 2.4933E+00, 4.4000E-01, 1.4667E+00,
13:05:41.59976330, 2.5067E+00, 4.0000E-01, 1.4667E+00,
13:05:41.59976335, 2.4933E+00, 4.5333E-01, 1.6000E+00,
13:05:41.59976340, 2.4933E+00, 4.4000E-01, 1.3333E+00,
13:05:41.59976345, 2.4800E+00, 4.0000E-01, 1.3333E+00,
13:05:41.59976350, 2.5200E+00, 4.5333E-01, 1.4667E+00,
13:05:41.59976355, 2.4800E+00, 4.2667E-01, 1.3333E+00,
13:05:41.59976360, 2.4933E+00, 4.4000E-01, 1.3333E+00,
13:05:41.59976365, 2.4800E+00, 4.2667E-01, 1.2000E+00,
13:05:41.59976370, 2.5067E+00, 4.4000E-01, 1.6000E+00,
13:05:41.59976375, 2.4667E+00, 4.4000E-01, 1.3333E+00,
13:05:41.59976380, 2.5200E+00, 4.1333E-01, 1.0667E+00,
13:05:41.59976385, 2.4933E+00, 4.2667E-01, 1.3333E+00,
13:05:41.59976390, 2.5200E+00, 4.2667E-01, 1.4667E+00,
13:05:41.59976395, 2.4800E+00, 4.4000E-01, 1.3333E+00,
13:05:41.59976400, 2.4933E+00, 4.1333E-01, 1.4667E+00,
13:05:41.59976405, 2.5200E+00, 4.4000E-01, 1.3333E+00,
13:05:41.59976410, 2.4667E+00, 4.2667E-01, 1.3333E+00,
13:05:41.59976415, 2.4800E+00, 4.1333E-01, 1.4667E+00,
13:05:41.59976420, 2.4800E+00, 4.0000E-01, 1.3333E+00,
13:05:41.59976425, 2.5200E+00, 4.1333E-01, 1.4667E+00,
13:05:41.59976430, 2.4800E+00, 4.0000E-01, 1.4667E+00,
13:05:41.59976435, 2.4800E+00, 4.2667E-01, 1.4667E+00,
13:05:41.59976440, 2.4933E+00, 4.1333E-01, 1.3333E+00,
13:05:41.59976445, 2.4933E+00, 4.1333E-01, 1.4667E+00,
13:05:41.59976450, 2.4667E+00, 4.2667E-01, 1.4667E+00,
13:05:41.59976455, 2.4400E+00, 4.1333E-01, 1.6000E+00,
13:05:41.59976460, 2.4933E+00, 4.2667E-01, 1.4667E+00,
13:05:41.59976465, 2.4667E+00, 4.2667E-01, 1.3333E+00,
13:05:41.59976470, 2.4933E+00, 4.4000E-01, 1.3333E+00,
13:05:41.59976475, 2.4933E+00, 4.2667E-01, 1.4667E+00,
13:05:41.59976480, 2.4800E+00, 4.2667E-01, 2.0000E+00,
13:05:41.59976485, 2.4800E+00, 4.5333E-01, 1.4667E+00,
13:05:41.59976490, 2.4933E+00, 4.5333E-01, 1.6000E+00,
13:05:41.59976495, 2.4933E+00, 4.5333E-01, 1.4667E+00,
13:05:41.59976500, 2.4800E+00, 4.5333E-01, 1.4667E+00,
13:05:41.59976505, 2.4800E+00, 4.5333E-01, 1.3333E+00,
13:05:41.59976510, 2.4800E+00, 4.2667E-01, 1.3333E+00,
13:05:41.59976515, 2.4800E+00, 4.5333E-01, 1.6000E+00,
13:05:41.59976520, 2.4800E+00, 4.2667E-01, 1.8667E+00,
13:05:41.59976525, 2.5067E+00, 4.2667E-01, 1.7333E+00,
13:05:41.59976530, 2.5200E+00, 4.2667E-01, 1.7333E+00,
13:05:41.59976535, 2.5067E+00, 4.2667E-01, 1.6000E+00,
13:05:41.59976540, 2.5200E+00, 4.0000E-01, 1.6000E+00,
13:05:41.59976545, 2.4800E+00, 4.2667E-01, 1.7333E+00,
13:05:41.59976550, 2.4933E+00, 4.1333E-01, 1.6000E+00,
13:05:41.59976555, 2.4933E+00, 4.1333E-01, 1.6000E+00,
13:05:41.59976560, 2.4400E+00, 4.2667E-01, 1.7333E+00,
13:05:41.59976565, 2.4533E+00, 4.5333E-01, 1.2000E+00,
13:05:41.59976570, 2.4933E+00, 4.1333E-01, 1.6000E+00,
13:05:41.59976575, 2.5200E+00, 4.5333E-01, 1.7333E+00,
13:05:41.59976580, 2.5200E+00, 4.4000E-01, 1.4667E+00,
13:05:41.59976585, 2.5200E+00, 4.4000E-01, 1.8667E+00,
13:05:41.59976590, 2.4933E+00, 4.6667E-01, 1.3333E+00,
13:05:41.59976595, 2.4933E+00, 4.1333E-01, 1.4667E+00,
13:05:41.59976600, 2.4933E+00, 4.5333E-01, 1.3333E+00,
13:05:41.59976605, 2.4800E+00, 4.4000E-01, 1.3333E+00,
13:05:41.59976610, 2.4933E+00, 4.2667E-01, 1.3333E+00,
13:05:41.59976615, 2.5067E+00, 4.4000E-01, 1.4667E+00,
13:05:41.59976620, 2.4933E+00, 4.4000E-01, 1.7333E+00,
13:05:41.59976625, 2.4800E+00, 4.1333E-01, 1.4667E+00,
13:05:41.59976630, 2.5200E+00, 4.5333E-01, 1.2000E+00,
13:05:41.59976635, 2.5067E+00, 4.2667E-01, 1.6000E+00,
13:05:41.59976640, 2.4800E+00, 4.5333E-01, 1.4667E+00,
13:05:41.59976645, 2.4800E+00, 4.2667E-01, 1.4667E+00,
13:05:41.59976650, 2.5067E+00, 4.4000E-01, 1.6000E+00,
13:05:41.59976655, 2.5067E+00, 4.4000E-01, 1.7333E+00,
13:05:41.59976660, 2.5200E+00, 4.4000E-01, 1.4667E+00,
13:05:41.59976665, 2.4933E+00, 4.4000E-01, 1.4667E+00,
13:05:41.59976670, 2.4800E+00, 4.4000E-01, 1.4667E+00,
13:05:41.59976675, 2.4933E+00, 4.2667E-01, 1.6000E+00,
13:05:41.59976680, 2.5067E+00, 4.2667E-01, 1.4667E+00,
13:05:41.59976685, 2.4933E+00, 4.4000E-01, 1.2000E+00,
13:05:41.59976690, 2.5067E+00, 4.2667E-01, 1.7333E+00,
13:05:41.59976695, 2.5067E+00, 4.2667E-01, 1.4667E+00,
13:05:41.59976700, 2.4800E+00, 4.6667E-01, 1.2000E+00,
13:05:41.59976705, 2.4933E+00, 4.4000E-01, 1.3333E+00,
13:05:41.59976710, 2.5200E+00, 4.5333E-01, 1.2000E+00,
13:05:41.59976715, 2.5200E+00, 4.4000E-01, 1.4667E+00,
13:05:41.59976720, 2.4933E+00, 4.4000E-01, 1.3333E+00,
13:05:41.59976725, 2.4933E+00, 4.4000E-01, 1.4667E+00,
13:05:41.59976730, 2.5333E+00, 4.2667E-01, 1.6000E+00,
13:05:41.59976735, 2.4800E+00, 4.5333E-01, 1.6000E+00,
13:05:41.59976740, 2.4933E+00, 4.4000E-01, 1.2000E+00,
13:05:41.59976745, 2.4933E+00, 4.4000E-01, 1.6000E+00,
13:05:41.59976750, 2.4533E+00, 4.2667E-01, 1.7333E+00,
13:05:41.59976755, 2.4667E+00, 4.2667E-01, 1.4667E+00,
13:05:41.59976760, 2.5200E+00, 4.4000E-01, 1.3333E+00,
13:05:41.59976765, 2.4933E+00, 4.6667E-01, 1.3333E+00,
13:05:41.59976770, 2.5200E+00, 4.4000E-01, 1.6000E+00,
13:05:41.59976775, 2.5467E+00, 4.2667E-01, 1.6000E+00,
13:05:41.59976780, 2.4933E+00, 4.5333E-01, 1.3333E+00,
13:05:41.59976785, 2.4933E+00, 4.2667E-01, 1.6000E+00,
13:05:41.59976790, 2.4933E+00, 4.5333E-01, 1.6000E+00,
13:05:41.59976795, 2.4667E+00, 4.1333E-01, 1.4667E+00,
13:05:41.59976800, 2.4800E+00, 4.4000E-01, 1.3333E+00,
13:05:41.59976805, 2.4933E+00, 4.4000E-01, 1.6000E+00,
13:05:41.59976810, 2.5067E+00, 4.6667E-01, 1.3333E+00,
13:05:41.59976815, 2.5333E+00, 4.2667E-01, 1.2000E+00,
13:05:41.59976820, 2.4933E+00, 4.6667E-01, 1.7333E+00,
13:05:41.59976825, 2.5067E+00, 4.5333E-01, 1.6000E+00,
13:05:41.59976830, 2.5067E+00, 4.5333E-01, 1.6000E+00,
13:05:41.59976835, 2.5067E+00, 4.5333E-01, 1.3333E+00,
13:05:41.59976840, 2.4800E+00, 4.2667E-01, 1.4667E+00,
13:05:41.59976845, 2.4933E+00, 4.5333E-01, 1.6000E+00,
13:05:41.59976850, 2.4933E+00, 4.6667E-01, 1.6000E+00,
13:05:41.59976855, 2.4667E+00, 4.5333E-01, 1.3333E+00,
13:05:41.59976860, 2.4933E+00, 4.5333E-01, 1.4667E+00,
13:05:41.59976865, 2.5200E+00, 4.6667E-01, 1.4667E+00,
13:05:41.59976870, 2.5200E+00, 4.6667E-01, 1.4667E+00,
13:05:41.59976875, 2.4667E+00, 4.8000E-01, 1.7333E+00,
13:05:41.59976880, 2.4933E+00, 4.5333E-01, 1.4667E+00,
13:05:41.59976885, 2.4800E+00, 4.2667E-01, 1.2000E+00,
13:05:41.59976890, 2.4800E+00, 4.4000E-01, 1.3333E+00,
13:05:41.59976895, 2.5067E+00, 4.6667E-01, 1.6000E+00,
13:05:41.59976900, 2.4933E+00, 4.2667E-01, 1.3333E+00,
13:05:41.59976905, 2.5200E+00, 4.2667E-01, 1.6000E+00,
13:05:41.59976910, 2.4933E+00, 4.4000E-01, 1.3333E+00,
13:05:41.59976915, 2.4933E+00, 4.4000E-01, 1.3333E+00,
13:05:41.59976920, 2.4800E+00, 4.5333E-01, 1.6000E+00,
13:05:41.59976925, 2.5067E+00, 4.5333E-01, 1.7333E+00,
13:05:41.59976930, 2.4933E+00, 4.4000E-01, 1.7333E+00,
13:05:41.59976935, 2.4667E+00, 4.4000E-01, 1.4667E+00,
13:05:41.59976940, 2.4800E+00, 4.4000E-01, 1.3333E+00,
13:05:41.59976945, 2.4667E+00, 4.5333E-01, 1.4667E+00,
13:05:41.59976950, 2.4933E+00, 4.1333E-01, 1.3333E+00,
13:05:41.59976955, 2.5067E+00, 4.2667E-01, 1.6000E+00,
13:05:41.59976960, 2.4933E+00, 4.4000E-01, 1.6000E+00,
13:05:41.59976965, 2.4800E+00, 4.6667E-01, 1.7333E+00,
13:05:41.59976970, 2.4800E+00, 4.6667E-01, 1.4667E+00,
13:05:41.59976975, 2.4933E+00, 4.5333E-01, 1.7333E+00,
13:05:41.59976980, 2.4800E+00, 4.2667E-01, 1.6000E+00,
13:05:41.59976985, 2.4667E+00, 4.1333E-01, 1.2000E+00,
13:05:41.59976990, 2.4667E+00, 4.4000E-01, 1.3333E+00,
13:05:41.59976995, 2.4800E+00, 4.4000E-01, 1.4667E+00,
13:05:41.59977000, 2.5067E+00, 4.8000E-01, 1.7333E+00,
13:05:41.59977005, 2.4933E+00, 4.6667E-01, 1.2000E+00,
13:05:41.59977010, 2.5067E+00, 4.5333E-01, 1.6000E+00,
13:05:41.59977015, 2.4933E+00, 4.6667E-01, 1.7333E+00,
13:05:41.59977020, 2.4933E+00, 4.4000E-01, 1.4667E+00,
13:05:41.59977025, 2.4800E+00, 4.4000E-01, 1.6000E+00,
13:05:41.59977030, 2.4800E+00, 4.5333E-01, 1.7333E+00,
13:05:41.59977035, 2.5067E+00, 4.6667E-01, 1.3333E+00,
13:05:41.59977040, 2.4933E+00, 4.5333E-01, 1.3333E+00,
13:05:41.59977045, 2.4933E+00, 4.4000E-01, 1.2000E+00,
13:05:41.59977050, 2.5333E+00, 4.8000E-01, 1.3333E+00,
13:05:41.59977055, 2.4933E+00, 4.4000E-01, 1.8667E+00,
13:05:41.59977060, 2.4933E+00, 4.6667E-01, 1.3333E+00,
13:05:41.59977065, 2.5333E+00, 4.8000E-01, 1.6000E+00,
13:05:41.59977070, 2.4933E+00, 4.6667E-01, 1.6000E+00,
13:05:41.59977075, 2.4933E+00, 4.5333E-01, 1.7333E+00,
13:05:41.59977080, 2.4800E+00, 4.5333E-01, 1.6000E+00,
13:05:41.59977085, 2.4933E+00, 4.2667E-01, 1.3333E+00,
13:05:41.59977090, 2.4800E+00, 4.5333E-01, 1.2000E+00,
13:05:41.59977095, 2.4933E+00, 4.2667E-01, 1.2000E+00,
13:05:41.59977100, 2.5333E+00, 4.4000E-01, 1.3333E+00,
13:05:41.59977105, 2.4933E+00, 4.4000E-01, 1.4667E+00,
13:05:41.59977110, 2.5067E+00, 4.5333E-01, 1.2000E+00,
13:05:41.59977115, 2.5200E+00, 4.6667E-01, 1.6000E+00,
13:05:41.59977120, 2.4933E+00, 4.8000E-01, 1.4667E+00,
13:05:41.59977125, 2.4933E+00, 4.4000E-01, 1.3333E+00,
13:05:41.59977130, 2.4800E+00, 4.5333E-01, 1.4667E+00,
13:05:41.59977135, 2.4667E+00, 4.5333E-01, 1.0667E+00,
13:05:41.59977140, 2.4533E+00, 4.6667E-01, 1.6000E+00,
13:05:41.59977145, 2.4800E+00, 4.6667E-01, 1.2000E+00,
13:05:41.59977150, 2.4933E+00, 4.4000E-01, 1.2000E+00,
13:05:41.59977155, 2.5333E+00, 4.8000E-01, 1.3333E+00,
13:05:41.59977160, 2.5200E+00, 4.5333E-01, 1.4667E+00,
13:05:41.59977165, 2.5200E+00, 4.4000E-01, 1.7333E+00,
13:05:41.59977170, 2.4667E+00, 4.5333E-01, 1.8667E+00,
13:05:41.59977175, 2.4800E+00, 4.5333E-01, 1.4667E+00,
13:05:41.59977180, 2.4800E+00, 4.4000E-01, 1.3333E+00,
13:05:41.59977185, 2.5067E+00, 4.4000E-01, 1.3333E+00,
13:05:41.59977190, 2.4667E+00, 4.1333E-01, 1.3333E+00,
13:05:41.59977195, 2.5067E+00, 4.4000E-01, 1.3333E+00,
13:05:41.59977200, 2.4933E+00, 4.5333E-01, 1.4667E+00,
13:05:41.59977205, 2.4933E+00, 4.4000E-01, 1.2000E+00,
13:05:41.59977210, 2.4933E+00, 4.2667E-01, 1.3333E+00,
13:05:41.59977215, 2.4667E+00, 4.8000E-01, 1.3333E+00,
13:05:41.59977220, 2.5067E+00, 4.8000E-01, 1.6000E+00,
13:05:41.59977225, 2.4667E+00, 4.6667E-01, 1.6000E+00,
13:05:41.59977230, 2.4933E+00, 4.8000E-01, 1.4667E+00,
13:05:41.59977235, 2.5067E+00, 4.8000E-01, 1.4667E+00,
13:05:41.59977240, 2.4933E+00, 4.6667E-01, 1.6000E+00,
13:05:41.59977245, 2.5067E+00, 4.5333E-01, 1.3333E+00,
13:05:41.59977250, 2.4933E+00, 4.5333E-01, 1.6000E+00,
13:05:41.59977255, 2.5200E+00, 4.6667E-01, 1.6000E+00,
13:05:41.59977260, 2.4933E+00, 4.6667E-01, 1.0667E+00,
13:05:41.59977265, 2.4800E+00, 4.4000E-01, 1.3333E+00,
13:05:41.59977270, 2.4667E+00, 4.6667E-01, 1.3333E+00,
13:05:41.59977275, 2.4800E+00, 4.2667E-01, 1.3333E+00,
13:05:41.59977280, 2.4400E+00, 4.4000E-01, 1.3333E+00,
13:05:41.59977285, 2.4800E+00, 4.5333E-01, 1.0667E+00,
13:05:41.59977290, 2.4800E+00, 4.5333E-01, 1.3333E+00,
13:05:41.59977295, 2.4933E+00, 4.5333E-01, 1.6000E+00,
13:05:41.59977300, 2.5067E+00, 4.8000E-01, 1.3333E+00,
13:05:41.59977305, 2.4800E+00, 4.8000E-01, 1.4667E+00,
13:05:41.59977310, 2.4800E+00, 4.5333E-01, 1.3333E+00,
13:05:41.59977315, 2.4933E+00, 4.8000E-01, 1.2000E+00,
13:05:41.59977320, 2.5067E+00, 4.8000E-01, 1.2000E+00,
13:05:41.59977325, 2.4800E+00, 4.6667E-01, 1.3333E+00,
13:05:41.59977330, 2.4933E+00, 4.5333E-01, 1.3333E+00,
13:05:41.59977335, 2.4933E+00, 4.4000E-01, 1.3333E+00,
13:05:41.59977340, 2.4933E+00, 4.6667E-01, 1.3333E+00,
13:05:41.59977345, 2.4800E+00, 4.5333E-01, 1.2000E+00,
13:05:41.59977350, 2.4933E+00, 4.4000E-01, 1.0667E+00,
13:05:41.59977355, 2.5067E+00, 4.4000E-01, 1.2000E+00,
13:05:41.59977360, 2.5067E+00, 4.6667E-01, 1.3333E+00,
13:05:41.59977365, 2.4933E+00, 4.6667E-01, 1.6000E+00,
13:05:41.59977370, 2.4800E+00, 4.8000E-01, 1.4667E+00,
13:05:41.59977375, 2.4800E+00, 4.8000E-01, 1.4667E+00,
13:05:41.59977380, 2.5067E+00, 4.8000E-01, 1.3333E+00,
13:05:41.59977385, 2.5067E+00, 4.6667E-01, 1.0667E+00,
13:05:41.59977390, 2.4933E+00, 4.4000E-01, 1.2000E+00,
13:05:41.59977395, 2.5067E+00, 4.8000E-01, 1.3333E+00,
13:05:41.59977400, 2.5067E+00, 4.5333E-01, 1.4667E+00,
13:05:41.59977405, 2.4933E+00, 4.4000E-01, 1.6000E+00,
13:05:41.59977410, 2.4800E+00, 4.8000E-01, 1.4667E+00,
13:05:41.59977415, 2.4667E+00, 4.4000E-01, 1.4667E+00,
13:05:41.59977420, 2.4667E+00, 4.4000E-01, 1.3333E+00,
13:05:41.59977425, 2.4933E+00, 4.6667E-01, 1.3333E+00,
13:05:41.59977430, 2.5067E+00, 4.8000E-01, 1.3333E+00,
13:05:41.59977435, 2.4667E+00, 4.8000E-01, 1.4667E+00,
13:05:41.59977440, 2.5067E+00, 4.6667E-01, 1.2000E+00,
13:05:41.59977445, 2.5467E+00, 4.6667E-01, 1.2000E+00,
13:05:41.59977450, 2.4933E+00, 4.8000E-01, 1.2000E+00,
13:05:41.59977455, 2.5333E+00, 4.6667E-01, 1.4667E+00,
13:05:41.59977460, 2.4933E+00, 4.6667E-01, 1.3333E+00,
13:05:41.59977465, 2.4933E+00, 4.4000E-01, 1.3333E+00,
13:05:41.59977470, 2.4933E+00, 4.8000E-01, 1.3333E+00,
13:05:41.59977475, 2.5067E+00, 4.5333E-01, 9.3333E-01,
13:05:41.59977480, 2.4933E+00, 4.5333E-01, 1.2000E+00,
13:05:41.59977485, 2.4800E+00, 4.8000E-01, 1.2000E+00,
13:05:41.59977490, 2.4800E+00, 4.5333E-01, 1.3333E+00,
13:05:41.59977495, 2.5067E+00, 4.5333E-01, 1.4667E+00,
13:05:41.59977500, 2.5200E+00, 4.6667E-01, 1.2000E+00,
13:05:41.59977505, 2.4800E+00, 4.5333E-01, 1.2000E+00,
13:05:41.59977510, 2.5067E+00, 4.8000E-01, 1.2000E+00,
13:05:41.59977515, 2.5067E+00, 4.2667E-01, 1.2000E+00,
13:05:41.59977520, 2.4667E+00, 4.6667E-01, 1.2000E+00,
13:05:41.59977525, 2.4667E+00, 4.2667E-01, 1.3333E+00,
13:05:41.59977530, 2.5067E+00, 4.6667E-01, 9.3333E-01,
13:05:41.59977535, 2.4933E+00, 4.5333E-01, 1.3333E+00,
13:05:41.59977540, 2.5067E+00, 4.2667E-01, 1.4667E+00,
13:05:41.59977545, 2.5067E+00, 4.6667E-01, 1.0667E+00,
13:05:41.59977550, 2.4533E+00, 4.5333E-01, 1.2000E+00,
13:05:41.59977555, 2.4800E+00, 4.5333E-01, 1.4667E+00,
13:05:41.59977560, 2.4667E+00, 4.4000E-01, 1.2000E+00,
13:05:41.59977565, 2.4667E+00, 4.4000E-01, 1.4667E+00,
13:05:41.59977570, 2.4667E+00, 4.5333E-01, 1.0667E+00,
13:05:41.59977575, 2.5067E+00, 4.5333E-01, 1.0667E+00,
13:05:41.59977580, 2.4933E+00, 4.6667E-01, 1.3333E+00,
13:05:41.59977585, 2.4933E+00, 4.6667E-01, 1.0667E+00,
13:05:41.59977590, 2.5067E+00, 4.1333E-01, 1.3333E+00,
13:05:41.59977595, 2.5067E+00, 4.4000E-01, 1.3333E+00,
13:05:41.59977600, 2.5333E+00, 4.5333E-01, 1.3333E+00,
13:05:41.59977605, 2.4933E+00, 4.4000E-01, 1.3333E+00,
13:05:41.59977610, 2.4933E+00, 4.5333E-01, 1.2000E+00,
13:05:41.59977615, 2.4667E+00, 4.8000E-01, 1.3333E+00,
13:05:41.59977620, 2.5200E+00, 4.6667E-01, 1.3333E+00,
13:05:41.59977625, 2.4667E+00, 4.5333E-01, 1.2000E+00,
13:05:41.59977630, 2.4667E+00, 4.4000E-01, 1.4667E+00,
13:05:41.59977635, 2.4800E+00, 4.6667E-01, 1.2000E+00,
13:05:41.59977640, 2.4933E+00, 4.1333E-01, 1.2000E+00,
13:05:41.59977645, 2.4800E+00, 4.5333E-01, 1.2000E+00,
13:05:41.59977650, 2.4800E+00, 4.5333E-01, 1.0667E+00,
13:05:41.59977655, 2.4800E+00, 4.5333E-01, 1.4667E+00,
13:05:41.59977660, 2.4800E+00, 4.5333E-01, 1.0667E+00,
13:05:41.59977665, 2.5067E+00, 4.8000E-01, 1.2000E+00,
13:05:41.59977670, 2.4933E+00, 4.6667E-01, 9.3333E-01,
13:05:41.59977675, 2.5067E+00, 4.5333E-01, 1.2000E+00,
13:05:41.59977680, 2.4800E+00, 4.6667E-01, 1.2000E+00,
13:05:41.59977685, 2.4800E+00, 4.8000E-01, 1.3333E+00,
13:05:41.59977690, 2.5067E+00, 4.5333E-01, 1.2000E+00,
13:05:41.59977695, 2.4933E+00, 4.6667E-01, 1.3333E+00,
13:05:41.59977700, 2.5067E+00, 4.4000E-01, 1.4667E+00,
13:05:41.59977705, 2.5067E+00, 4.5333E-01, 1.3333E+00,
13:05:41.59977710, 2.4800E+00, 4.6667E-01, 1.2000E+00,
13:05:41.59977715, 2.4800E+00, 4.6667E-01, 1.3333E+00,
13:05:41.59977720, 2.5067E+00, 4.5333E-01, 1.0667E+00,
13:05:41.59977725, 2.5067E+00, 4.6667E-01, 1.2000E+00,
13:05:41.59977730, 2.4933E+00, 4.5333E-01, 1.0667E+00,
13:05:41.59977735, 2.5067E+00, 4.8000E-01, 1.3333E+00,
13:05:41.59977740, 2.4933E+00, 4.4000E-01, 1.2000E+00,
13:05:41.59977745, 2.4933E+00, 4.5333E-01, 1.3333E+00,
13:05:41.59977750, 2.4800E+00, 4.6667E-01, 1.0667E+00,
13:05:41.59977755, 2.4667E+00, 4.8000E-01, 1.3333E+00,
13:05:41.59977760, 2.4667E+00, 4.2667E-01, 9.3333E-01,
13:05:41.59977765, 2.4533E+00, 4.8000E-01, 9.3333E-01,
13:05:41.59977770, 2.4933E+00, 4.6667E-01, 9.3333E-01,
13:05:41.59977775, 2.4800E+00, 4.2667E-01, 9.3333E-01,
13:05:41.59977780, 2.5067E+00, 4.8000E-01, 1.2000E+00,
13:05:41.59977785, 2.5067E+00, 4.4000E-01, 1.0667E+00,
13:05:41.59977790, 2.5067E+00, 4.5333E-01, 1.2000E+00,
13:05:41.59977795, 2.4933E+00, 4.6667E-01, 1.4667E+00,
13:05:41.59977800, 2.4800E+00, 4.6667E-01, 9.3333E-01,
13:05:41.59977805, 2.4933E+00, 4.6667E-01, 1.2000E+00,
13:05:41.59977810, 2.4933E+00, 4.6667E-01, 9.3333E-01,
13:05:41.59977815, 2.4800E+00, 4.4000E-01, 1.0667E+00,
13:05:41.59977820, 2.4933E+00, 4.8000E-01, 1.2000E+00,
13:05:41.59977825, 2.5067E+00, 4.4000E-01, 9.3333E-01,
13:05:41.59977830, 2.5067E+00, 4.5333E-01, 1.2000E+00,
13:05:41.59977835, 2.4933E+00, 4.6667E-01, 9.3333E-01,
13:05:41.59977840, 2.4933E+00, 4.4000E-01, 1.2000E+00,
13:05:41.59977845, 2.4667E+00, 4.6667E-01, 1.0667E+00,
13:05:41.59977850, 2.4933E+00, 4.8000E-01, 1.3333E+00,
13:05:41.59977855, 2.4933E+00, 4.5333E-01, 1.2000E+00,
13:05:41.59977860, 2.5067E+00, 4.9333E-01, 1.0667E+00,
13:05:41.59977865, 2.4667E+00, 4.8000E-01, 6.6667E-01,
13:05:41.59977870, 2.5200E+00, 4.5333E-01, 1.2000E+00,
13:05:41.59977875, 2.5333E+00, 4.4000E-01, 1.3333E+00,
13:05:41.59977880, 2.5067E+00, 4.6667E-01, 1.0667E+00,
13:05:41.59977885, 2.4800E+00, 4.6667E-01, 8.0000E-01,
13:05:41.59977890, 2.5467E+00, 4.5333E-01, 9.3333E-01,
13:05:41.59977895, 2.4933E+00, 4.6667E-01, 1.2000E+00,
13:05:41.59977900, 2.4933E+00, 4.6667E-01, 1.0667E+00,
13:05:41.59977905, 2.5067E+00, 4.8000E-01, 9.3333E-01,
13:05:41.59977910, 2.4933E+00, 4.5333E-01, 8.0000E-01,
13:05:41.59977915, 2.5067E+00, 4.4000E-01, 8.0000E-01,
13:05:41.59977920, 2.5067E+00, 4.4000E-01, 1.3333E+00,
13:05:41.59977925, 2.5067E+00, 4.4000E-01, 9.3333E-01,
13:05:41.59977930, 2.4933E+00, 4.5333E-01, 9.3333E-01,
13:05:41.59977935, 2.4933E+00, 4.6667E-01, 1.0667E+00,
13:05:41.59977940, 2.4933E+00, 4.8000E-01, 1.0667E+00,
13:05:41.59977945, 2.4800E+00, 4.1333E-01, 1.3333E+00,
13:05:41.59977950, 2.4667E+00, 4.5333E-01, 8.0000E-01,
13:05:41.59977955, 2.4933E+00, 4.6667E-01, 1.2000E+00,
13:05:41.59977960, 2.4800E+00, 4.2667E-01, 1.0667E+00,
13:05:41.59977965, 2.5200E+00, 4.5333E-01, 1.0667E+00,
13:05:41.59977970, 2.5200E+00, 4.5333E-01, 1.0667E+00,
13:05:41.59977975, 2.5067E+00, 4.5333E-01, 1.2000E+00,
13:05:41.59977980, 2.5200E+00, 4.5333E-01, 1.0667E+00,
13:05:41.59977985, 2.5200E+00, 4.6667E-01, 1.2000E+00,
13:05:41.59977990, 2.4667E+00, 4.5333E-01, 1.4667E+00,
13:05:41.59977995, 2.4800E+00, 4.5333E-01, 1.3333E+00,
13:05:41.59978000, 2.4800E+00, 4.4000E-01, 1.2000E+00,
13:05:41.59978005, 2.5067E+00, 4.2667E-01, 1.0667E+00,
13:05:41.59978010, 2.4800E+00, 4.4000E-01, 1.0667E+00,
13:05:41.59978015, 2.5067E+00, 4.4000E-01, 1.0667E+00,
13:05:41.59978020, 2.5067E+00, 4.5333E-01, 1.2000E+00,
13:05:41.59978025, 2.4933E+00, 4.2667E-01, 1.0667E+00,
13:05:41.59978030, 2.4800E+00, 4.5333E-01, 9.3333E-01,
13:05:41.59978035, 2.4800E+00, 4.6667E-01, 1.2000E+00,
13:05:41.59978040, 2.4667E+00, 4.6667E-01, 9.3333E-01,
13:05:41.59978045, 2.4933E+00, 4.4000E-01, 1.2000E+00,
13:05:41.59978050, 2.4667E+00, 4.4000E-01, 9.3333E-01,
13:05:41.59978055, 2.4933E+00, 4.6667E-01, 9.3333E-01,
13:05:41.59978060, 2.5067E+00, 4.2667E-01, 1.0667E+00,
13:05:41.59978065, 2.4933E+00, 4.4000E-01, 8.0000E-01,
13:05:41.59978070, 2.5067E+00, 4.6667E-01, 1.3333E+00,
13:05:41.59978075, 2.5067E+00, 4.6667E-01, 9.3333E-01,
13:05:41.59978080, 2.5067E+00, 4.4000E-01, 1.3333E+00,
13:05:41.59978085, 2.4800E+00, 4.5333E-01, 1.0667E+00,
13:05:41.59978090, 2.4667E+00, 4.5333E-01, 1.0667E+00,
13:05:41.59978095, 2.4933E+00, 4.6667E-01, 1.0667E+00,
13:05:41.59978100, 2.4800E+00, 4.5333E-01, 8.0000E-01,
13:05:41.59978105, 2.4933E+00, 4.5333E-01, 6.6667E-01,
13:05:41.59978110, 2.5067E+00, 4.5333E-01, 1.2000E+00,
13:05:41.59978115, 2.5067E+00, 4.8000E-01, 9.3333E-01,
13:05:41.59978120, 2.5067E+00, 4.5333E-01, 8.0000E-01,
13:05:41.59978125, 2.5067E+00, 4.1333E-01, 8.0000E-01,
13:05:41.59978130, 2.4933E+00, 4.4000E-01, 1.0667E+00,
13:05:41.59978135, 2.4800E+00, 4.2667E-01, 1.2000E+00,
13:05:41.59978140, 2.4800E+00, 4.4000E-01, 1.2000E+00,
13:05:41.59978145, 2.5067E+00, 4.8000E-01, 1.2000E+00,
13:05:41.59978150, 2.4933E+00, 4.6667E-01, 9.3333E-01,
13:05:41.59978155, 2.4667E+00, 4.5333E-01, 1.0667E+00,
13:05:41.59978160, 2.5067E+00, 4.4000E-01, 1.2000E+00,
13:05:41.59978165, 2.4800E+00, 4.4000E-01, 1.0667E+00,
13:05:41.59978170, 2.4933E+00, 4.6667E-01, 8.0000E-01,
13:05:41.59978175, 2.5067E+00, 4.5333E-01, 1.3333E+00,
13:05:41.59978180, 2.5067E+00, 4.4000E-01, 8.0000E-01,
13:05:41.59978185, 2.4400E+00, 4.4000E-01, 1.2000E+00,
13:05:41.59978190, 2.4667E+00, 4.1333E-01, 1.3333E+00,
13:05:41.59978195, 2.4800E+00, 4.2667E-01, 1.3333E+00,
13:05:41.59978200, 2.4933E+00, 4.4000E-01, 1.0667E+00,
13:05:41.59978205, 2.5067E+00, 4.4000E-01, 9.3333E-01,
13:05:41.59978210, 2.4933E+00, 4.4000E-01, 1.0667E+00,
13:05:41.59978215, 2.5200E+00, 4.6667E-01, 1.0667E+00,
13:05:41.59978220, 2.5067E+00, 4.5333E-01, 1.3333E+00,
13:05:41.59978225, 2.4933E+00, 4.4000E-01, 1.2000E+00,
13:05:41.59978230, 2.5200E+00, 4.5333E-01, 1.2000E+00,
13:05:41.59978235, 2.4800E+00, 4.5333E-01, 1.0667E+00,
13:05:41.59978240, 2.4933E+00, 4.1333E-01, 1.2000E+00,
13:05:41.59978245, 2.4800E+00, 4.4000E-01, 8.0000E-01,
13:05:41.59978250, 2.4800E+00, 4.5333E-01, 1.0667E+00,
13:05:41.59978255, 2.5067E+00, 4.2667E-01, 1.2000E+00,
13:05:41.59978260, 2.4667E+00, 4.2667E-01, 1.3333E+00,
13:05:41.59978265, 2.4800E+00, 4.4000E-01, 1.0667E+00,
13:05:41.59978270, 2.4667E+00, 4.5333E-01, 1.2000E+00,
13:05:41.59978275, 2.4667E+00, 4.5333E-01, 1.2000E+00,
13:05:41.59978280, 2.4533E+00, 4.5333E-01, 1.2000E+00,
13:05:41.59978285, 2.4533E+00, 4.5333E-01, 1.3333E+00,
13:05:41.59978290, 2.4800E+00, 4.6667E-01, 1.2000E+00,
13:05:41.59978295, 2.4933E+00, 4.6667E-01, 9.3333E-01,
13:05:41.59978300, 2.4933E+00, 4.4000E-01, 1.3333E+00,
13:05:41.59978305, 2.4667E+00, 4.5333E-01, 8.0000E-01,
13:05:41.59978310, 2.5067E+00, 4.2667E-01, 1.0667E+00,
13:05:41.59978315, 2.4933E+00, 4.4000E-01, 9.3333E-01,
13:05:41.59978320, 2.5067E+00, 4.4000E-01, 6.6667E-01,
13:05:41.59978325, 2.5067E+00, 4.5333E-01, 1.0667E+00,
13:05:41.59978330, 2.4667E+00, 4.5333E-01, 9.3333E-01,
13:05:41.59978335, 2.4800E+00, 4.4000E-01, 9.3333E-01,
13:05:41.59978340, 2.4933E+00, 4.4000E-01, 9.3333E-01,
13:05:41.59978345, 2.5067E+00, 4.8000E-01, 1.0667E+00,
13:05:41.59978350, 2.5067E+00, 4.2667E-01, 9.3333E-01,
13:05:41.59978355, 2.5200E+00, 4.2667E-01, 9.3333E-01,
13:05:41.59978360, 2.5333E+00, 4.1333E-01, 8.0000E-01,
13:05:41.59978365, 2.4933E+00, 4.5333E-01, 8.0000E-01,
13:05:41.59978370, 2.4800E+00, 4.5333E-01, 8.0000E-01,
13:05:41.59978375, 2.4933E+00, 4.5333E-01, 1.0667E+00,
13:05:41.59978380, 2.4933E+00, 4.6667E-01, 9.3333E-01,
13:05:41.59978385, 2.5200E+00, 4.5333E-01, 1.0667E+00,
13:05:41.59978390, 2.4667E+00, 4.1333E-01, 1.2000E+00,
13:05:41.59978395, 2.4933E+00, 4.6667E-01, 1.3333E+00,
13:05:41.59978400, 2.4667E+00, 4.2667E-01, 1.0667E+00,
13:05:41.59978405, 2.4933E+00, 4.4000E-01, 1.0667E+00,
13:05:41.59978410, 2.5067E+00, 4.4000E-01, 9.3333E-01,
13:05:41.59978415, 2.4800E+00, 4.2667E-01, 9.3333E-01,
13:05:41.59978420, 2.4800E+00, 4.4000E-01, 9.3333E-01,
13:05:41.59978425, 2.5067E+00, 4.4000E-01, 1.2000E+00,
13:05:41.59978430, 2.5333E+00, 4.2667E-01, 9.3333E-01,
13:05:41.59978435, 2.4800E+00, 4.2667E-01, 1.2000E+00,
13:05:41.59978440, 2.4800E+00, 4.5333E-01, 1.0667E+00,
13:05:41.59978445, 2.5333E+00, 4.5333E-01, 8.0000E-01,
13:05:41.59978450, 2.4933E+00, 4.5333E-01, 9.3333E-01,
13:05:41.59978455, 2.5067E+00, 4.4000E-01, 1.3333E+00,
13:05:41.59978460, 2.4800E+00, 4.4000E-01, 1.0667E+00,
13:05:41.59978465, 2.4667E+00, 4.4000E-01, 1.0667E+00,
13:05:41.59978470, 2.4667E+00, 4.2667E-01, 1.0667E+00,
13:05:41.59978475, 2.4533E+00, 4.4000E-01, 1.0667E+00,
13:05:41.59978480, 2.4800E+00, 4.5333E-01, 1.3333E+00,
13:05:41.59978485, 2.5067E+00, 4.2667E-01, 1.0667E+00,
13:05:41.59978490, 2.5067E+00, 4.6667E-01, 1.3333E+00,
13:05:41.59978495, 2.5067E+00, 4.5333E-01, 9.3333E-01,
13:05:41.59978500, 2.5067E+00, 4.5333E-01, 8.0000E-01,
13:05:41.59978505, 2.5067E+00, 4.2667E-01, 1.4667E+00,
13:05:41.59978510, 2.4933E+00, 4.5333E-01, 1.2000E+00,
13:05:41.59978515, 2.5067E+00, 4.2667E-01, 1.2000E+00,
13:05:41.59978520, 2.4533E+00, 4.5333E-01, 1.2000E+00,
13:05:41.59978525, 2.4933E+00, 4.5333E-01, 1.2000E+00,
13:05:41.59978530, 2.4800E+00, 4.5333E-01, 1.2000E+00,
13:05:41.59978535, 2.4933E+00, 4.5333E-01, 9.3333E-01,
13:05:41.59978540, 2.5067E+00, 4.4000E-01, 1.0667E+00,
13:05:41.59978545, 2.4800E+00, 4.5333E-01, 1.0667E+00,
13:05:41.59978550, 2.5067E+00, 4.5333E-01, 1.0667E+00,
13:05:41.59978555, 2.5067E+00, 4.4000E-01, 1.2000E+00,
13:05:41.59978560, 2.4667E+00, 4.4000E-01, 8.0000E-01,
13:05:41.59978565, 2.4933E+00, 4.4000E-01, 1.0667E+00,
13:05:41.59978570, 2.4667E+00, 4.4000E-01, 1.2000E+00,
13:05:41.59978575, 2.4933E+00, 4.2667E-01, 9.3333E-01,
13:05:41.59978580, 2.4933E+00, 4.5333E-01, 1.0667E+00,
13:05:41.59978585, 2.4533E+00, 4.5333E-01, 1.2000E+00,
13:05:41.59978590, 2.4667E+00, 4.6667E-01, 1.0667E+00,
13:05:41.59978595, 2.4933E+00, 4.2667E-01, 1.0667E+00,
13:05:41.59978600, 2.5067E+00, 4.5333E-01, 6.6667E-01,
13:05:41.59978605, 2.4800E+00, 4.2667E-01, 1.0667E+00,
13:05:41.59978610, 2.4933E+00, 4.4000E-01, 1.2000E+00,
13:05:41.59978615, 2.4800E+00, 4.6667E-01, 8.0000E-01,
13:05:41.59978620, 2.5200E+00, 4.8000E-01, 1.0667E+00,
13:05:41.59978625, 2.4800E+00, 4.0000E-01, 9.3333E-01,
13:05:41.59978630, 2.5067E+00, 4.2667E-01, 1.2000E+00,
13:05:41.59978635, 2.5200E+00, 4.4000E-01, 1.0667E+00,
13:05:41.59978640, 2.5067E+00, 4.5333E-01, 1.2000E+00,
13:05:41.59978645, 2.5200E+00, 4.5333E-01, 9.3333E-01,
13:05:41.59978650, 2.4800E+00, 3.8667E-01, 9.3333E-01,
13:05:41.59978655, 2.5200E+00, 4.4000E-01, 9.3333E-01,
13:05:41.59978660, 2.5200E+00, 4.5333E-01, 1.0667E+00,
13:05:41.59978665, 2.5200E+00, 4.4000E-01, 1.2000E+00,
13:05:41.59978670, 2.4667E+00, 4.4000E-01, 1.0667E+00,
13:05:41.59978675, 2.4800E+00, 4.2667E-01, 1.4667E+00,
13:05:41.59978680, 2.4800E+00, 4.2667E-01, 1.4667E+00,
13:05:41.59978685, 2.4800E+00, 4.4000E-01, 1.2000E+00,
13:05:41.59978690, 2.4933E+00, 4.2667E-01, 1.2000E+00,
13:05:41.59978695, 2.5067E+00, 4.0000E-01, 9.3333E-01,
13:05:41.59978700, 2.4667E+00, 4.4000E-01, 9.3333E-01,
13:05:41.59978705, 2.5067E+00, 4.1333E-01, 1.0667E+00,
13:05:41.59978710, 2.4933E+00, 4.6667E-01, 1.0667E+00,
13:05:41.59978715, 2.4667E+00, 4.6667E-01, 1.2000E+00,
13:05:41.59978720, 2.4933E+00, 4.4000E-01, 1.4667E+00,
13:05:41.59978725, 2.4933E+00, 4.4000E-01, 1.0667E+00,
13:05:41.59978730, 2.4667E+00, 4.5333E-01, 1.4667E+00,
13:05:41.59978735, 2.4800E+00, 4.4000E-01, 1.0667E+00,
13:05:41.59978740, 2.4933E+00, 4.2667E-01, 9.3333E-01,
13:05:41.59978745, 2.4933E+00, 4.5333E-01, 9.3333E-01,
13:05:41.59978750, 2.5333E+00, 4.5333E-01, 9.3333E-01,
13:05:41.59978755, 2.4667E+00, 4.6667E-01, 1.2000E+00,
13:05:41.59978760, 2.4800E+00, 4.6667E-01, 1.0667E+00,
13:05:41.59978765, 2.5067E+00, 4.2667E-01, 1.0667E+00,
13:05:41.59978770, 2.4667E+00, 4.4000E-01, 1.3333E+00,
13:05:41.59978775, 2.5067E+00, 4.5333E-01, 1.3333E+00,
13:05:41.59978780, 2.4800E+00, 4.4000E-01, 1.3333E+00,
13:05:41.59978785, 2.5200E+00, 4.1333E-01, 1.0667E+00,
13:05:41.59978790, 2.4933E+00, 4.2667E-01, 1.3333E+00,
13:05:41.59978795, 2.4800E+00, 4.4000E-01, 1.2000E+00,
13:05:41.59978800, 2.4533E+00, 4.5333E-01, 1.4667E+00,
13:05:41.59978805, 2.4667E+00, 4.6667E-01, 1.0667E+00,
13:05:41.59978810, 2.4933E+00, 4.2667E-01, 1.2000E+00,
13:05:41.59978815, 2.4533E+00, 4.4000E-01, 9.3333E-01,
13:05:41.59978820, 2.4933E+00, 4.4000E-01, 1.3333E+00,
13:05:41.59978825, 2.4800E+00, 4.2667E-01, 9.3333E-01,
13:05:41.59978830, 2.5067E+00, 4.4000E-01, 1.2000E+00,
13:05:41.59978835, 2.4933E+00, 4.4000E-01, 9.3333E-01,
13:05:41.59978840, 2.4933E+00, 4.5333E-01, 1.0667E+00,
13:05:41.59978845, 2.5467E+00, 4.4000E-01, 1.2000E+00,
13:05:41.59978850, 2.4667E+00, 4.5333E-01, 1.3333E+00,
13:05:41.59978855, 2.4800E+00, 4.2667E-01, 1.0667E+00,
13:05:41.59978860, 2.4800E+00, 4.1333E-01, 1.0667E+00,
13:05:41.59978865, 2.4533E+00, 4.1333E-01, 9.3333E-01,
13:05:41.59978870, 2.4800E+00, 4.1333E-01, 1.0667E+00,
13:05:41.59978875, 2.5200E+00, 4.2667E-01, 9.3333E-01,
13:05:41.59978880, 2.4933E+00, 4.2667E-01, 1.2000E+00,
13:05:41.59978885, 2.4800E+00, 4.1333E-01, 1.0667E+00,
13:05:41.59978890, 2.5067E+00, 4.2667E-01, 1.0667E+00,
13:05:41.59978895, 2.5333E+00, 4.6667E-01, 1.3333E+00,
13:05:41.59978900, 2.5200E+00, 4.4000E-01, 1.4667E+00,
13:05:41.59978905, 2.4400E+00, 4.4000E-01, 1.0667E+00,
13:05:41.59978910, 2.4800E+00, 4.2667E-01, 1.3333E+00,
13:05:41.59978915, 2.4667E+00, 4.4000E-01, 1.2000E+00,
13:05:41.59978920, 2.4800E+00, 4.4000E-01, 1.4667E+00,
13:05:41.59978925, 2.5067E+00, 4.4000E-01, 1.3333E+00,
13:05:41.59978930, 2.5067E+00, 4.4000E-01, 1.0667E+00,
13:05:41.59978935, 2.5200E+00, 4.5333E-01, 9.3333E-01,
13:05:41.59978940, 2.4667E+00, 4.4000E-01, 1.3333E+00,
13:05:41.59978945, 2.5067E+00, 4.4000E-01, 1.3333E+00,
13:05:41.59978950, 2.4800E+00, 4.2667E-01, 1.2000E+00,
13:05:41.59978955, 2.4800E+00, 4.2667E-01, 1.3333E+00,
13:05:41.59978960, 2.4800E+00, 4.5333E-01, 1.2000E+00,
13:05:41.59978965, 2.4933E+00, 4.5333E-01, 1.3333E+00,
13:05:41.59978970, 2.5067E+00, 4.2667E-01, 1.3333E+00,
13:05:41.59978975, 2.5067E+00, 4.5333E-01, 1.2000E+00,
13:05:41.59978980, 2.5067E+00, 4.2667E-01, 1.2000E+00,
13:05:41.59978985, 2.4933E+00, 4.4000E-01, 9.3333E-01,
13:05:41.59978990, 2.5067E+00, 4.5333E-01, 1.4667E+00,
13:05:41.59978995, 2.4800E+00, 4.2667E-01, 1.2000E+00,
13:05:41.59979000, 2.4800E+00, 4.4000E-01, 1.3333E+00,
13:05:41.59979005, 2.5067E+00, 4.2667E-01, 1.0667E+00,
13:05:41.59979010, 2.4933E+00, 4.2667E-01, 1.3333E+00,
13:05:41.59979015, 2.5067E+00, 4.2667E-01, 1.2000E+00,
13:05:41.59979020, 2.4800E+00, 4.1333E-01, 9.3333E-01,
13:05:41.59979025, 2.4800E+00, 4.4000E-01, 1.7333E+00,
13:05:41.59979030, 2.5333E+00, 4.2667E-01, 9.3333E-01,
13:05:41.59979035, 2.4800E+00, 4.0000E-01, 8.0000E-01,
13:05:41.59979040, 2.4933E+00, 4.2667E-01, 1.2000E+00,
13:05:41.59979045, 2.4933E+00, 4.4000E-01, 1.2000E+00,
13:05:41.59979050, 2.4667E+00, 4.4000E-01, 1.2000E+00,
13:05:41.59979055, 2.4800E+00, 4.1333E-01, 1.3333E+00,
13:05:41.59979060, 2.4667E+00, 4.6667E-01, 1.2000E+00,
13:05:41.59979065, 2.4933E+00, 4.4000E-01, 1.2000E+00,
13:05:41.59979070, 2.5200E+00, 4.4000E-01, 1.3333E+00,
13:05:41.59979075, 2.5067E+00, 4.2667E-01, 1.3333E+00,
13:05:41.59979080, 2.4933E+00, 4.1333E-01, 1.3333E+00,
13:05:41.59979085, 2.5067E+00, 4.2667E-01, 1.3333E+00,
13:05:41.59979090, 2.4933E+00, 4.4000E-01, 1.0667E+00,
13:05:41.59979095, 2.4933E+00, 4.1333E-01, 1.3333E+00,
13:05:41.59979100, 2.4933E+00, 4.2667E-01, 9.3333E-01,
13:05:41.59979105, 2.5067E+00, 4.2667E-01, 1.2000E+00,
13:05:41.59979110, 2.4800E+00, 4.0000E-01, 1.0667E+00,
13:05:41.59979115, 2.5067E+00, 4.2667E-01, 1.4667E+00,
13:05:41.59979120, 2.5067E+00, 4.6667E-01, 1.3333E+00,
13:05:41.59979125, 2.4933E+00, 4.5333E-01, 1.3333E+00,
13:05:41.59979130, 2.4933E+00, 4.5333E-01, 9.3333E-01,
13:05:41.59979135, 2.4533E+00, 4.5333E-01, 1.0667E+00,
13:05:41.59979140, 2.4800E+00, 4.2667E-01, 1.3333E+00,
13:05:41.59979145, 2.4800E+00, 4.2667E-01, 1.2000E+00,
13:05:41.59979150, 2.4933E+00, 4.4000E-01, 1.2000E+00,
13:05:41.59979155, 2.5067E+00, 4.1333E-01, 1.2000E+00,
13:05:41.59979160, 2.4800E+00, 4.1333E-01, 1.3333E+00,
13:05:41.59979165, 2.4933E+00, 4.5333E-01, 1.3333E+00,
13:05:41.59979170, 2.5067E+00, 4.2667E-01, 1.2000E+00,
13:05:41.59979175, 2.5067E+00, 4.1333E-01, 1.3333E+00,
13:05:41.59979180, 2.5067E+00, 4.4000E-01, 1.2000E+00,
13:05:41.59979185, 2.5067E+00, 4.6667E-01, 1.6000E+00,
13:05:41.59979190, 2.4800E+00, 4.2667E-01, 1.0667E+00,
13:05:41.59979195, 2.4800E+00, 4.0000E-01, 1.3333E+00,
13:05:41.59979200, 2.4667E+00, 4.1333E-01, 1.4667E+00,
13:05:41.59979205, 2.4800E+00, 4.4000E-01, 1.3333E+00,
13:05:41.59979210, 2.4533E+00, 4.4000E-01, 1.0667E+00,
13:05:41.59979215, 2.5467E+00, 4.2667E-01, 1.3333E+00,
13:05:41.59979220, 2.5067E+00, 4.6667E-01, 1.4667E+00,
13:05:41.59979225, 2.5200E+00, 4.4000E-01, 1.0667E+00,
13:05:41.59979230, 2.4933E+00, 4.4000E-01, 1.3333E+00,
13:05:41.59979235, 2.5067E+00, 4.4000E-01, 1.2000E+00,
13:05:41.59979240, 2.4800E+00, 4.2667E-01, 1.2000E+00,
13:05:41.59979245, 2.4800E+00, 4.1333E-01, 9.3333E-01,
13:05:41.59979250, 2.4800E+00, 4.0000E-01, 1.3333E+00,
13:05:41.59979255, 2.4800E+00, 4.4000E-01, 1.2000E+00,
13:05:41.59979260, 2.4800E+00, 4.5333E-01, 1.2000E+00,
13:05:41.59979265, 2.5067E+00, 4.4000E-01, 1.2000E+00,
13:05:41.59979270, 2.5067E+00, 4.2667E-01, 1.0667E+00,
13:05:41.59979275, 2.5067E+00, 4.2667E-01, 1.2000E+00,
13:05:41.59979280, 2.5067E+00, 4.4000E-01, 1.3333E+00,
13:05:41.59979285, 2.5200E+00, 4.1333E-01, 1.6000E+00,
13:05:41.59979290, 2.4933E+00, 4.2667E-01, 1.2000E+00,
13:05:41.59979295, 2.4800E+00, 4.2667E-01, 1.0667E+00,
13:05:41.59979300, 2.4667E+00, 4.2667E-01, 1.2000E+00,
13:05:41.59979305, 2.4800E+00, 4.4000E-01, 1.2000E+00,
13:05:41.59979310, 2.5200E+00, 4.2667E-01, 1.6000E+00,
13:05:41.59979315, 2.5067E+00, 4.4000E-01, 1.3333E+00,
13:05:41.59979320, 2.5067E+00, 4.4000E-01, 1.2000E+00,
13:05:41.59979325, 2.4800E+00, 4.4000E-01, 1.4667E+00,
13:05:41.59979330, 2.5067E+00, 4.2667E-01, 1.6000E+00,
13:05:41.59979335, 2.4933E+00, 4.2667E-01, 1.2000E+00,
13:05:41.59979340, 2.4800E+00, 4.1333E-01, 1.4667E+00,
13:05:41.59979345, 2.4933E+00, 4.4000E-01, 1.6000E+00,
13:05:41.59979350, 2.4800E+00, 4.4000E-01, 1.4667E+00,
13:05:41.59979355, 2.5067E+00, 4.5333E-01, 1.0667E+00,
13:05:41.59979360, 2.5067E+00, 4.6667E-01, 1.0667E+00,
13:05:41.59979365, 2.4800E+00, 4.4000E-01, 1.2000E+00,
13:05:41.59979370, 2.5067E+00, 4.5333E-01, 1.3333E+00,
13:05:41.59979375, 2.5200E+00, 4.1333E-01, 1.0667E+00,
13:05:41.59979380, 2.5200E+00, 4.2667E-01, 1.2000E+00,
13:05:41.59979385, 2.4933E+00, 4.5333E-01, 1.0667E+00,
13:05:41.59979390, 2.4800E+00, 4.2667E-01, 1.0667E+00,
13:05:41.59979395, 2.4667E+00, 4.2667E-01, 1.3333E+00,
13:05:41.59979400, 2.4800E+00, 3.8667E-01, 1.2000E+00,
13:05:41.59979405, 2.5067E+00, 4.5333E-01, 1.3333E+00,
13:05:41.59979410, 2.5200E+00, 4.5333E-01, 1.3333E+00,
13:05:41.59979415, 2.5200E+00, 4.5333E-01, 1.3333E+00,
13:05:41.59979420, 2.5200E+00, 4.4000E-01, 1.3333E+00,
13:05:41.59979425, 2.5067E+00, 4.4000E-01, 1.2000E+00,
13:05:41.59979430, 2.4800E+00, 4.1333E-01, 1.0667E+00,
13:05:41.59979435, 2.5067E+00, 4.4000E-01, 1.2000E+00,
13:05:41.59979440, 2.4933E+00, 4.1333E-01, 1.6000E+00,
13:05:41.59979445, 2.4933E+00, 4.2667E-01, 1.6000E+00,
13:05:41.59979450, 2.5200E+00, 4.4000E-01, 8.0000E-01,
13:05:41.59979455, 2.4933E+00, 4.6667E-01, 1.2000E+00,
13:05:41.59979460, 2.5067E+00, 4.2667E-01, 1.3333E+00,
13:05:41.59979465, 2.5200E+00, 4.2667E-01, 9.3333E-01,
13:05:41.59979470, 2.4800E+00, 4.4000E-01, 1.2000E+00,
13:05:41.59979475, 2.4933E+00, 4.1333E-01, 1.2000E+00,
13:05:41.59979480, 2.4933E+00, 4.5333E-01, 1.4667E+00,
13:05:41.59979485, 2.5067E+00, 4.5333E-01, 1.3333E+00,
13:05:41.59979490, 2.4933E+00, 4.5333E-01, 1.3333E+00,
13:05:41.59979495, 2.4933E+00, 4.5333E-01, 1.3333E+00,
13:05:41.59979500, 2.4800E+00, 4.5333E-01, 1.3333E+00,
13:05:41.59979505, 2.4933E+00, 4.6667E-01, 1.3333E+00,
13:05:41.59979510, 2.4933E+00, 4.5333E-01, 1.2000E+00,
13:05:41.59979515, 2.5067E+00, 4.1333E-01, 1.2000E+00,
13:05:41.59979520, 2.5067E+00, 4.6667E-01, 8.0000E-01,
13:05:41.59979525, 2.5067E+00, 4.1333E-01, 1.3333E+00,
13:05:41.59979530, 2.4667E+00, 4.2667E-01, 1.0667E+00,
13:05:41.59979535, 2.5067E+00, 4.1333E-01, 1.3333E+00,
13:05:41.59979540, 2.5067E+00, 4.5333E-01, 1.8667E+00,
13:05:41.59979545, 2.4933E+00, 4.2667E-01, 1.4667E+00,
13:05:41.59979550, 2.4933E+00, 4.2667E-01, 1.0667E+00,
13:05:41.59979555, 2.4800E+00, 4.6667E-01, 1.2000E+00,
13:05:41.59979560, 2.4800E+00, 4.6667E-01, 1.3333E+00,
13:05:41.59979565, 2.5067E+00, 4.4000E-01, 1.0667E+00,
13:05:41.59979570, 2.4933E+00, 4.4000E-01, 1.4667E+00,
13:05:41.59979575, 2.4933E+00, 4.5333E-01, 1.2000E+00,
13:05:41.59979580, 2.4800E+00, 4.4000E-01, 1.0667E+00,
13:05:41.59979585, 2.5200E+00, 4.5333E-01, 1.3333E+00,
13:05:41.59979590, 2.5067E+00, 4.4000E-01, 1.4667E+00,
13:05:41.59979595, 2.5067E+00, 4.0000E-01, 1.0667E+00,
13:05:41.59979600, 2.5067E+00, 4.1333E-01, 1.2000E+00,
13:05:41.59979605, 2.5067E+00, 4.4000E-01, 1.4667E+00,
13:05:41.59979610, 2.5067E+00, 4.2667E-01, 1.2000E+00,
13:05:41.59979615, 2.5067E+00, 4.5333E-01, 1.3333E+00,
13:05:41.59979620, 2.4933E+00, 4.4000E-01, 1.3333E+00,
13:05:41.59979625, 2.4667E+00, 4.5333E-01, 1.0667E+00,
13:05:41.59979630, 2.4800E+00, 4.4000E-01, 1.4667E+00,
13:05:41.59979635, 2.5067E+00, 4.2667E-01, 1.4667E+00,
13:05:41.59979640, 2.5067E+00, 4.4000E-01, 1.4667E+00,
13:05:41.59979645, 2.4800E+00, 4.2667E-01, 1.4667E+00,
13:05:41.59979650, 2.5200E+00, 4.4000E-01, 1.6000E+00,
13:05:41.59979655, 2.5200E+00, 4.6667E-01, 1.3333E+00,
13:05:41.59979660, 2.4667E+00, 4.2667E-01, 1.6000E+00,
13:05:41.59979665, 2.4933E+00, 4.6667E-01, 1.4667E+00,
13:05:41.59979670, 2.4933E+00, 4.4000E-01, 1.6000E+00,
13:05:41.59979675, 2.4667E+00, 4.6667E-01, 1.2000E+00,
13:05:41.59979680, 2.4800E+00, 4.1333E-01, 1.3333E+00,
13:05:41.59979685, 2.5067E+00, 4.5333E-01, 1.0667E+00,
13:05:41.59979690, 2.4800E+00, 4.4000E-01, 1.4667E+00,
13:05:41.59979695, 2.4933E+00, 4.1333E-01, 1.2000E+00,
13:05:41.59979700, 2.5067E+00, 4.4000E-01, 1.6000E+00,
13:05:41.59979705, 2.5333E+00, 4.5333E-01, 1.2000E+00,
13:05:41.59979710, 2.4933E+00, 4.5333E-01, 1.4667E+00,
13:05:41.59979715, 2.5200E+00, 4.1333E-01, 1.2000E+00,
13:05:41.59979720, 2.5067E+00, 4.4000E-01, 1.2000E+00,
13:05:41.59979725, 2.4800E+00, 4.1333E-01, 1.0667E+00,
13:05:41.59979730, 2.4667E+00, 4.0000E-01, 1.3333E+00,
13:05:41.59979735, 2.5200E+00, 4.1333E-01, 1.4667E+00,
13:05:41.59979740, 2.5067E+00, 4.4000E-01, 1.4667E+00,
13:05:41.59979745, 2.5067E+00, 4.5333E-01, 1.4667E+00,
13:05:41.59979750, 2.5067E+00, 4.5333E-01, 1.4667E+00,
13:05:41.59979755, 2.5067E+00, 4.4000E-01, 1.3333E+00,
13:05:41.59979760, 2.5067E+00, 4.5333E-01, 1.4667E+00,
13:05:41.59979765, 2.4800E+00, 4.4000E-01, 1.3333E+00,
13:05:41.59979770, 2.4933E+00, 4.6667E-01, 1.4667E+00,
13:05:41.59979775, 2.5067E+00, 4.2667E-01, 1.2000E+00,
13:05:41.59979780, 2.5067E+00, 4.5333E-01, 1.7333E+00,
13:05:41.59979785, 2.4933E+00, 4.5333E-01, 1.2000E+00,
13:05:41.59979790, 2.5200E+00, 4.4000E-01, 1.0667E+00,
13:05:41.59979795, 2.5333E+00, 4.6667E-01, 1.3333E+00,
13:05:41.59979800, 2.5200E+00, 4.4000E-01, 1.3333E+00,
13:05:41.59979805, 2.5200E+00, 4.2667E-01, 1.3333E+00,
13:05:41.59979810, 2.4933E+00, 4.4000E-01, 1.0667E+00,
13:05:41.59979815, 2.4933E+00, 4.5333E-01, 1.3333E+00,
13:05:41.59979820, 2.4667E+00, 4.5333E-01, 1.3333E+00,
13:05:41.59979825, 2.4933E+00, 4.1333E-01, 1.2000E+00,
13:05:41.59979830, 2.4800E+00, 4.2667E-01, 1.3333E+00,
13:05:41.59979835, 2.5067E+00, 4.5333E-01, 1.4667E+00,
13:05:41.59979840, 2.5067E+00, 4.2667E-01, 1.6000E+00,
13:05:41.59979845, 2.5200E+00, 4.2667E-01, 1.3333E+00,
13:05:41.59979850, 2.5200E+00, 4.5333E-01, 1.3333E+00,
13:05:41.59979855, 2.4933E+00, 4.2667E-01, 1.6000E+00,
13:05:41.59979860, 2.5067E+00, 4.5333E-01, 1.2000E+00,
13:05:41.59979865, 2.4933E+00, 4.2667E-01, 1.4667E+00,
13:05:41.59979870, 2.5200E+00, 4.2667E-01, 1.2000E+00,
13:05:41.59979875, 2.5067E+00, 4.4000E-01, 1.6000E+00,
13:05:41.59979880, 2.5333E+00, 4.0000E-01, 1.4667E+00,
13:05:41.59979885, 2.4800E+00, 4.4000E-01, 1.4667E+00,
13:05:41.59979890, 2.5333E+00, 4.4000E-01, 1.4667E+00,
13:05:41.59979895, 2.4933E+00, 4.6667E-01, 1.6000E+00,
13:05:41.59979900, 2.5467E+00, 4.4000E-01, 1.3333E+00,
13:05:41.59979905, 2.4800E+00, 4.2667E-01, 1.3333E+00,
13:05:41.59979910, 2.4933E+00, 4.2667E-01, 1.3333E+00,
13:05:41.59979915, 2.4933E+00, 4.5333E-01, 1.6000E+00,
13:05:41.59979920, 2.5200E+00, 4.4000E-01, 1.3333E+00,
13:05:41.59979925, 2.4800E+00, 4.5333E-01, 1.3333E+00,
13:05:41.59979930, 2.4800E+00, 4.5333E-01, 1.3333E+00,
13:05:41.59979935, 2.5067E+00, 4.2667E-01, 1.4667E+00,
13:05:41.59979940, 2.4933E+00, 4.6667E-01, 1.2000E+00,
13:05:41.59979945, 2.5200E+00, 4.5333E-01, 1.2000E+00,
13:05:41.59979950, 2.5333E+00, 4.5333E-01, 1.4667E+00,
13:05:41.59979955, 2.4933E+00, 4.2667E-01, 1.2000E+00,
13:05:41.59979960, 2.4933E+00, 4.5333E-01, 1.3333E+00,
13:05:41.59979965, 2.4800E+00, 4.6667E-01, 1.4667E+00,
13:05:41.59979970, 2.5067E+00, 4.2667E-01, 1.0667E+00,
13:05:41.59979975, 2.5067E+00, 4.4000E-01, 1.4667E+00,
13:05:41.59979980, 2.5067E+00, 4.5333E-01, 1.0667E+00,
13:05:41.59979985, 2.5067E+00, 4.5333E-01, 1.0667E+00,
13:05:41.59979990, 2.5067E+00, 4.5333E-01, 1.0667E+00,
13:05:41.59979995, 2.5200E+00, 4.6667E-01, 1.3333E+00,
13:05:41.59980000, 2.5067E+00, 4.6667E-01, 1.2000E+00,
13:05:41.59980005, 2.4800E+00, 4.4000E-01, 1.3333E+00,
13:05:41.59980010, 2.5067E+00, 4.5333E-01, 1.3333E+00,
13:05:41.59980015, 2.4533E+00, 4.5333E-01, 1.2000E+00,
13:05:41.59980020, 2.5067E+00, 4.8000E-01, 1.2000E+00,
13:05:41.59980025, 2.4933E+00, 4.5333E-01, 1.3333E+00,
13:05:41.59980030, 2.4933E+00, 4.4000E-01, 1.2000E+00,
13:05:41.59980035, 2.4933E+00, 4.2667E-01, 1.6000E+00,
13:05:41.59980040, 2.5200E+00, 4.4000E-01, 1.4667E+00,
13:05:41.59980045, 2.4800E+00, 4.8000E-01, 1.6000E+00,
13:05:41.59980050, 2.4800E+00, 4.4000E-01, 1.3333E+00,
13:05:41.59980055, 2.4933E+00, 4.2667E-01, 1.3333E+00,
13:05:41.59980060, 2.4800E+00, 4.5333E-01, 1.6000E+00,
13:05:41.59980065, 2.4667E+00, 4.5333E-01, 1.2000E+00,
13:05:41.59980070, 2.4933E+00, 4.0000E-01, 1.2000E+00,
13:05:41.59980075, 2.4933E+00, 4.5333E-01, 1.3333E+00,
13:05:41.59980080, 2.4800E+00, 4.5333E-01, 1.2000E+00,
13:05:41.59980085, 2.5067E+00, 4.2667E-01, 1.4667E+00,
13:05:41.59980090, 2.5067E+00, 4.5333E-01, 1.2000E+00,
13:05:41.59980095, 2.4667E+00, 4.8000E-01, 1.8667E+00,
13:05:41.59980100, 2.4800E+00, 4.6667E-01, 1.2000E+00,
13:05:41.59980105, 2.4533E+00, 4.5333E-01, 1.3333E+00,
13:05:41.59980110, 2.4933E+00, 4.5333E-01, 1.3333E+00,
13:05:41.59980115, 2.4933E+00, 4.4000E-01, 1.0667E+00,
13:05:41.59980120, 2.4933E+00, 4.4000E-01, 1.2000E+00,
13:05:41.59980125, 2.5067E+00, 4.5333E-01, 9.3333E-01,
13:05:41.59980130, 2.5067E+00, 4.2667E-01, 1.3333E+00,
13:05:41.59980135, 2.5467E+00, 4.1333E-01, 1.2000E+00,
13:05:41.59980140, 2.4800E+00, 4.4000E-01, 1.3333E+00,
13:05:41.59980145, 2.5200E+00, 4.4000E-01, 1.3333E+00,
13:05:41.59980150, 2.5067E+00, 4.5333E-01, 1.4667E+00,
13:05:41.59980155, 2.4800E+00, 4.6667E-01, 9.3333E-01,
13:05:41.59980160, 2.4933E+00, 4.6667E-01, 1.4667E+00,
13:05:41.59980165, 2.5067E+00, 4.2667E-01, 1.2000E+00,
13:05:41.59980170, 2.4933E+00, 4.5333E-01, 1.0667E+00,
13:05:41.59980175, 2.4800E+00, 4.4000E-01, 1.4667E+00,
13:05:41.59980180, 2.5067E+00, 4.8000E-01, 1.4667E+00,
13:05:41.59980185, 2.4933E+00, 4.1333E-01, 1.4667E+00,
13:05:41.59980190, 2.5467E+00, 4.2667E-01, 1.2000E+00,
13:05:41.59980195, 2.4800E+00, 4.5333E-01, 1.3333E+00,
13:05:41.59980200, 2.4933E+00, 4.6667E-01, 1.2000E+00,
13:05:41.59980205, 2.4800E+00, 4.4000E-01, 1.2000E+00,
13:05:41.59980210, 2.4800E+00, 4.4000E-01, 9.3333E-01,
13:05:41.59980215, 2.4667E+00, 4.8000E-01, 1.3333E+00,
13:05:41.59980220, 2.4933E+00, 4.5333E-01, 1.0667E+00,
13:05:41.59980225, 2.4800E+00, 4.4000E-01, 1.6000E+00,
13:05:41.59980230, 2.5200E+00, 4.2667E-01, 1.3333E+00,
13:05:41.59980235, 2.5067E+00, 4.2667E-01, 1.4667E+00,
13:05:41.59980240, 2.4933E+00, 4.5333E-01, 1.2000E+00,
13:05:41.59980245, 2.5333E+00, 4.5333E-01, 1.2000E+00,
13:05:41.59980250, 2.4800E+00, 4.4000E-01, 1.4667E+00,
13:05:41.59980255, 2.4667E+00, 4.5333E-01, 1.4667E+00,
13:05:41.59980260, 2.4933E+00, 4.6667E-01, 1.6000E+00,
13:05:41.59980265, 2.5067E+00, 4.5333E-01, 1.2000E+00,
13:05:41.59980270, 2.5067E+00, 4.5333E-01, 1.3333E+00,
13:05:41.59980275, 2.4933E+00, 4.4000E-01, 1.3333E+00,
13:05:41.59980280, 2.4800E+00, 4.4000E-01, 1.3333E+00,
13:05:41.59980285, 2.4800E+00, 4.5333E-01, 1.6000E+00,
13:05:41.59980290, 2.4933E+00, 4.6667E-01, 1.2000E+00,
13:05:41.59980295, 2.4800E+00, 4.1333E-01, 1.2000E+00,
13:05:41.59980300, 2.4667E+00, 4.4000E-01, 1.2000E+00,
13:05:41.59980305, 2.4933E+00, 4.5333E-01, 1.2000E+00,
13:05:41.59980310, 2.4800E+00, 4.4000E-01, 1.3333E+00,
13:05:41.59980315, 2.5200E+00, 4.4000E-01, 1.3333E+00,
13:05:41.59980320, 2.4933E+00, 4.1333E-01, 1.0667E+00,
13:05:41.59980325, 2.5067E+00, 4.8000E-01, 1.6000E+00,
13:05:41.59980330, 2.4933E+00, 4.1333E-01, 1.3333E+00,
13:05:41.59980335, 2.4667E+00, 4.5333E-01, 1.6000E+00,
13:05:41.59980340, 2.4933E+00, 4.5333E-01, 1.6000E+00,
13:05:41.59980345, 2.4800E+00, 4.5333E-01, 1.3333E+00,
13:05:41.59980350, 2.5067E+00, 4.4000E-01, 1.4667E+00,
13:05:41.59980355, 2.5067E+00, 4.4000E-01, 1.3333E+00,
13:05:41.59980360, 2.4800E+00, 4.5333E-01, 1.3333E+00,
13:05:41.59980365, 2.4800E+00, 4.4000E-01, 1.2000E+00,
13:05:41.59980370, 2.5333E+00, 4.2667E-01, 1.4667E+00,
13:05:41.59980375, 2.5067E+00, 4.5333E-01, 1.4667E+00,
13:05:41.59980380, 2.4800E+00, 4.5333E-01, 1.6000E+00,
13:05:41.59980385, 2.5200E+00, 4.5333E-01, 1.6000E+00,
13:05:41.59980390, 2.4667E+00, 4.8000E-01, 1.2000E+00,
13:05:41.59980395, 2.4933E+00, 4.5333E-01, 1.6000E+00,
13:05:41.59980400, 2.4933E+00, 4.4000E-01, 1.3333E+00,
13:05:41.59980405, 2.4933E+00, 4.8000E-01, 1.3333E+00,
13:05:41.59980410, 2.4933E+00, 4.6667E-01, 1.4667E+00,
13:05:41.59980415, 2.5067E+00, 4.5333E-01, 1.0667E+00,
13:05:41.59980420, 2.5067E+00, 4.6667E-01, 1.6000E+00,
13:05:41.59980425, 2.4667E+00, 4.5333E-01, 1.3333E+00,
13:05:41.59980430, 2.4800E+00, 4.4000E-01, 1.3333E+00,
13:05:41.59980435, 2.4667E+00, 4.5333E-01, 1.3333E+00,
13:05:41.59980440, 2.5067E+00, 4.6667E-01, 1.3333E+00,
13:05:41.59980445, 2.4933E+00, 4.2667E-01, 1.3333E+00,
13:05:41.59980450, 2.4667E+00, 4.5333E-01, 1.0667E+00,
13:05:41.59980455, 2.5200E+00, 4.8000E-01, 9.3333E-01,
13:05:41.59980460, 2.5200E+00, 4.5333E-01, 1.4667E+00,
13:05:41.59980465, 2.4933E+00, 4.0000E-01, 1.2000E+00,
13:05:41.59980470, 2.4933E+00, 4.4000E-01, 8.0000E-01,
13:05:41.59980475, 2.5200E+00, 4.4000E-01, 1.2000E+00,
13:05:41.59980480, 2.4933E+00, 4.2667E-01, 1.4667E+00,
13:05:41.59980485, 2.4933E+00, 4.5333E-01, 9.3333E-01,
13:05:41.59980490, 2.4933E+00, 4.2667E-01, 1.0667E+00,
13:05:41.59980495, 2.5067E+00, 4.6667E-01, 1.3333E+00,
13:05:41.59980500, 2.5200E+00, 4.6667E-01, 1.2000E+00,
13:05:41.59980505, 2.4800E+00, 4.5333E-01, 1.2000E+00,
13:05:41.59980510, 2.4933E+00, 4.2667E-01, 1.3333E+00,
13:05:41.59980515, 2.4933E+00, 4.5333E-01, 1.6000E+00,
13:05:41.59980520, 2.4933E+00, 4.5333E-01, 1.0667E+00,
13:05:41.59980525, 2.5067E+00, 4.8000E-01, 9.3333E-01,
13:05:41.59980530, 2.4800E+00, 4.4000E-01, 1.3333E+00,
13:05:41.59980535, 2.4533E+00, 4.6667E-01, 1.3333E+00,
13:05:41.59980540, 2.4667E+00, 4.4000E-01, 1.3333E+00,
13:05:41.59980545, 2.3333E+00, 6.9333E-01, 1.0667E+00,
13:05:41.59980550, 1.5067E+00, 4.1333E-01, 9.3333E-01,
13:05:41.59980555, 8.8000E-01, 4.5333E-01, 1.3333E+00,
13:05:41.59980560, 6.6667E-01, 4.6667E-01, 1.2000E+00,
13:05:41.59980565, 6.5333E-01, 4.8000E-01, 1.2000E+00,
13:05:41.59980570, 6.5333E-01, 4.5333E-01, 1.3333E+00,
13:05:41.59980575, 6.6667E-01, 4.6667E-01, 1.2000E+00,
13:05:41.59980580, 6.1333E-01, 4.5333E-01, 1.2000E+00,
13:05:41.59980585, 6.0000E-01, 4.8000E-01, 9.3333E-01,
13:05:41.59980590, 6.1333E-01, 4.5333E-01, 1.4667E+00,
13:05:41.59980595, 6.0000E-01, 4.8000E-01, 1.2000E+00,
13:05:41.59980600, 6.0000E-01, 4.8000E-01, 1.0667E+00,
13:05:41.59980605, 6.0000E-01, 4.8000E-01, 1.0667E+00,
13:05:41.59980610, 6.0000E-01, 4.9333E-01, 1.2000E+00,
13:05:41.59980615, 6.0000E-01, 4.8000E-01, 1.3333E+00,
13:05:41.59980620, 6.0000E-01, 4.6667E-01, 1.2000E+00,
13:05:41.59980625, 6.0000E-01, 4.5333E-01, 1.2000E+00,
13:05:41.59980630, 5.6000E-01, 4.5333E-01, 1.0667E+00,
13:05:41.59980635, 6.0000E-01, 4.8000E-01, 1.3333E+00,
13:05:41.59980640, 5.4667E-01, 4.8000E-01, 1.2000E+00,
13:05:41.59980645, 5.4667E-01, 4.8000E-01, 1.0667E+00,
13:05:41.59980650, 5.7333E-01, 4.8000E-01, 1.2000E+00,
13:05:41.59980655, 5.7333E-01, 4.8000E-01, 1.2000E+00,
13:05:41.59980660, 5.6000E-01, 4.8000E-01, 1.0667E+00,
13:05:41.59980665, 5.7333E-01, 4.8000E-01, 1.0667E+00,
13:05:41.59980670, 5.6000E-01, 4.5333E-01, 1.0667E+00,
13:05:41.59980675, 5.4667E-01, 4.8000E-01, 1.0667E+00,
13:05:41.59980680, 5.4667E-01, 4.6667E-01, 1.0667E+00,
13:05:41.59980685, 5.3333E-01, 4.5333E-01, 1.2000E+00,
13:05:41.59980690, 5.6000E-01, 4.6667E-01, 1.2000E+00,
13:05:41.59980695, 5.6000E-01, 4.8000E-01, 1.0667E+00,
13:05:41.59980700, 5.8667E-01, 4.8000E-01, 9.3333E-01,
13:05:41.59980705, 5.8667E-01, 4.6667E-01, 9.3333E-01,
13:05:41.59980710, 5.6000E-01, 4.6667E-01, 1.2000E+00,
13:05:41.59980715, 5.7333E-01, 4.8000E-01, 9.3333E-01,
13:05:41.59980720, 5.3333E-01, 4.6667E-01, 9.3333E-01,
13:05:41.59980725, 5.7333E-01, 4.8000E-01, 1.2000E+00,
13:05:41.59980730, 5.3333E-01, 4.8000E-01, 6.6667E-01,
13:05:41.59980735, 5.6000E-01, 4.8000E-01, 1.2000E+00,
13:05:41.59980740, 5.6000E-01, 4.9333E-01, 1.0667E+00,
13:05:41.59980745, 5.2000E-01, 4.6667E-01, 6.6667E-01,
13:05:41.59980750, 5.3333E-01, 4.6667E-01, 8.0000E-01,
13:05:41.59980755, 5.8667E-01, 4.9333E-01, 8.0000E-01,
13:05:41.59980760, 5.7333E-01, 4.8000E-01, 1.2000E+00,
13:05:41.59980765, 5.8667E-01, 4.8000E-01, 1.0667E+00,
13:05:41.59980770, 5.4667E-01, 4.8000E-01, 1.2000E+00,
13:05:41.59980775, 5.2000E-01, 4.8000E-01, 1.2000E+00,
13:05:41.59980780, 5.3333E-01, 4.8000E-01, 9.3333E-01,
13:05:41.59980785, 5.4667E-01, 4.8000E-01, 9.3333E-01,
13:05:41.59980790, 5.8667E-01, 4.8000E-01, 8.0000E-01,
13:05:41.59980795, 5.4667E-01, 4.6667E-01, 9.3333E-01,
13:05:41.59980800, 5.3333E-01, 4.6667E-01, 8.0000E-01,
13:05:41.59980805, 5.3333E-01, 4.6667E-01, 6.6667E-01,
13:05:41.59980810, 5.2000E-01, 4.9333E-01, 8.0000E-01,
13:05:41.59980815, 5.3333E-01, 4.6667E-01, 8.0000E-01,
13:05:41.59980820, 5.2000E-01, 4.9333E-01, 9.3333E-01,
13:05:41.59980825, 5.2000E-01, 5.0667E-01, 1.0667E+00,
13:05:41.59980830, 5.2000E-01, 4.8000E-01, 8.0000E-01,
13:05:41.59980835, 5.2000E-01, 4.8000E-01, 1.0667E+00,
13:05:41.59980840, 5.2000E-01, 4.8000E-01, 6.6667E-01,
13:05:41.59980845, 5.3333E-01, 4.6667E-01, 8.0000E-01,
13:05:41.59980850, 5.0667E-01, 4.9333E-01, 1.0667E+00,
13:05:41.59980855, 5.6000E-01, 5.2000E-01, 9.3333E-01,
13:05:41.59980860, 5.2000E-01, 4.9333E-01, 1.0667E+00,
13:05:41.59980865, 5.0667E-01, 4.8000E-01, 8.0000E-01,
13:05:41.59980870, 5.2000E-01, 4.9333E-01, 1.2000E+00,
13:05:41.59980875, 5.4667E-01, 5.0667E-01, 6.6667E-01,
13:05:41.59980880, 5.2000E-01, 5.0667E-01, 6.6667E-01,
13:05:41.59980885, 5.0667E-01, 4.5333E-01, 8.0000E-01,
13:05:41.59980890, 5.2000E-01, 4.9333E-01, 6.6667E-01,
13:05:41.59980895, 5.3333E-01, 4.8000E-01, 9.3333E-01,
13:05:41.59980900, 5.4667E-01, 4.6667E-01, 9.3333E-01,
13:05:41.59980905, 5.2000E-01, 5.0667E-01, 8.0000E-01,
13:05:41.59980910, 5.0667E-01, 4.8000E-01, 8.0000E-01,
13:05:41.59980915, 5.0667E-01, 4.8000E-01, 9.3333E-01,
13:05:41.59980920, 5.0667E-01, 5.3333E-01, 1.0667E+00,
13:05:41.59980925, 5.2000E-01, 4.9333E-01, 8.0000E-01,
13:05:41.59980930, 5.2000E-01, 5.0667E-01, 8.0000E-01,
13:05:41.59980935, 5.2000E-01, 5.0667E-01, 6.6667E-01,
13:05:41.59980940, 5.2000E-01, 4.9333E-01, 6.6667E-01,
13:05:41.59980945, 4.9333E-01, 5.0667E-01, 8.0000E-01,
13:05:41.59980950, 5.2000E-01, 4.6667E-01, 5.3333E-01,
13:05:41.59980955, 5.2000E-01, 4.8000E-01, 6.6667E-01,
13:05:41.59980960, 4.9333E-01, 4.8000E-01, 6.6667E-01,
13:05:41.59980965, 5.0667E-01, 4.9333E-01, 8.0000E-01,
13:05:41.59980970, 4.9333E-01, 4.9333E-01, 9.3333E-01,
13:05:41.59980975, 5.2000E-01, 4.8000E-01, 5.3333E-01,
13:05:41.59980980, 5.2000E-01, 4.9333E-01, 5.3333E-01,
13:05:41.59980985, 5.2000E-01, 5.0667E-01, 6.6667E-01,
13:05:41.59980990, 5.2000E-01, 4.9333E-01, 5.3333E-01,
13:05:41.59980995, 4.9333E-01, 5.0667E-01, 5.3333E-01,
13:05:41.59981000, 5.2000E-01, 5.0667E-01, 6.6667E-01,
13:05:41.59981005, 5.2000E-01, 5.0667E-01, 4.0000E-01,
13:05:41.59981010, 4.5333E-01, 5.2000E-01, 6.6667E-01,
13:05:41.59981015, 4.8000E-01, 4.9333E-01, 6.6667E-01,
13:05:41.59981020, 5.0667E-01, 4.8000E-01, 8.0000E-01,
13:05:41.59981025, 4.9333E-01, 4.9333E-01, 5.3333E-01,
13:05:41.59981030, 5.0667E-01, 4.8000E-01, 6.6667E-01,
13:05:41.59981035, 5.2000E-01, 4.8000E-01, 4.0000E-01,
13:05:41.59981040, 5.2000E-01, 5.0667E-01, 6.6667E-01,
13:05:41.59981045, 5.2000E-01, 5.0667E-01, 6.6667E-01,
13:05:41.59981050, 5.0667E-01, 4.9333E-01, 6.6667E-01,
13:05:41.59981055, 4.9333E-01, 4.8000E-01, 5.3333E-01,
13:05:41.59981060, 4.8000E-01, 5.0667E-01, 6.6667E-01,
13:05:41.59981065, 5.0667E-01, 5.0667E-01, 6.6667E-01,
13:05:41.59981070, 5.2000E-01, 4.8000E-01, 6.6667E-01,
13:05:41.59981075, 5.0667E-01, 4.9333E-01, 5.3333E-01,
13:05:41.59981080, 5.0667E-01, 5.3333E-01, 6.6667E-01,
13:05:41.59981085, 4.8000E-01, 5.0667E-01, 6.6667E-01,
13:05:41.59981090, 5.0667E-01, 4.9333E-01, 6.6667E-01,
13:05:41.59981095, 4.9333E-01, 4.8000E-01, 6.6667E-01,
13:05:41.59981100, 4.9333E-01, 5.2000E-01, 6.6667E-01,
13:05:41.59981105, 5.0667E-01, 4.8000E-01, 4.0000E-01,
13:05:41.59981110, 4.9333E-01, 4.9333E-01, 6.6667E-01,
13:05:41.59981115, 4.5333E-01, 5.0667E-01, 4.0000E-01,
13:05:41.59981120, 4.8000E-01, 5.2000E-01, 5.3333E-01,
13:05:41.59981125, 4.9333E-01, 5.0667E-01, 4.0000E-01,
13:05:41.59981130, 4.6667E-01, 4.8000E-01, 2.6667E-01,
13:05:41.59981135, 4.8000E-01, 4.6667E-01, 4.0000E-01,
13:05:41.59981140, 4.9333E-01, 5.0667E-01, 6.6667E-01,
13:05:41.59981145, 4.8000E-01, 5.2000E-01, 2.6667E-01,
13:05:41.59981150, 4.9333E-01, 4.9333E-01, 2.6667E-01,
13:05:41.59981155, 4.9333E-01, 4.9333E-01, 6.6667E-01,
13:05:41.59981160, 4.6667E-01, 4.8000E-01, 6.6667E-01,
13:05:41.59981165, 4.5333E-01, 5.3333E-01, 4.0000E-01,
13:05:41.59981170, 4.5333E-01, 4.8000E-01, 4.0000E-01,
13:05:41.59981175, 4.8000E-01, 4.9333E-01, 2.6667E-01,
13:05:41.59981180, 4.9333E-01, 4.9333E-01, 2.6667E-01,
13:05:41.59981185, 4.8000E-01, 4.8000E-01, 2.6667E-01,
13:05:41.59981190, 4.6667E-01, 4.9333E-01, 5.3333E-01,
13:05:41.59981195, 4.5333E-01, 4.8000E-01, 2.6667E-01,
13:05:41.59981200, 4.8000E-01, 4.8000E-01, 4.0000E-01,
13:05:41.59981205, 4.8000E-01, 4.9333E-01, 4.0000E-01,
13:05:41.59981210, 4.4000E-01, 4.8000E-01, 2.6667E-01,
13:05:41.59981215, 4.6667E-01, 4.8000E-01, 5.3333E-01,
13:05:41.59981220, 4.6667E-01, 4.8000E-01, 0.0000E+00,
13:05:41.59981225, 5.2000E-01, 4.9333E-01, 0.0000E+00,
13:05:41.59981230, 4.5333E-01, 5.0667E-01, 1.3333E-01,
13:05:41.59981235, 5.0667E-01, 5.2000E-01, 1.3333E-01,
13:05:41.59981240, 4.8000E-01, 5.0667E-01, 5.3333E-01,
13:05:41.59981245, 4.8000E-01, 4.9333E-01, 4.0000E-01,
13:05:41.59981250, 4.5333E-01, 5.0667E-01, 2.6667E-01,
13:05:41.59981255, 4.1333E-01, 5.2000E-01, 4.0000E-01,
13:05:41.59981260, 4.8000E-01, 5.0667E-01, 2.6667E-01,
13:05:41.59981265, 4.4000E-01, 4.8000E-01, 2.6667E-01,
13:05:41.59981270, 4.6667E-01, 4.8000E-01, 1.3333E-01,
13:05:41.59981275, 4.5333E-01, 5.2000E-01,-1.3333E-01,
13:05:41.59981280, 4.8000E-01, 5.0667E-01, 1.3333E-01,
13:05:41.59981285, 4.6667E-01, 5.2000E-01, 1.3333E-01,
13:05:41.59981290, 4.5333E-01, 4.6667E-01, 2.6667E-01,
13:05:41.59981295, 4.5333E-01, 5.3333E-01, 4.0000E-01,
13:05:41.59981300, 4.4000E-01, 5.0667E-01, 0.0000E+00,
13:05:41.59981305, 4.8000E-01, 4.9333E-01, 6.6667E-01,
13:05:41.59981310, 4.6667E-01, 4.8000E-01,-1.3333E-01,
13:05:41.59981315, 4.4000E-01, 4.8000E-01, 2.6667E-01,
13:05:41.59981320, 4.6667E-01, 4.8000E-01, 1.3333E-01,
13:05:41.59981325, 4.6667E-01, 4.8000E-01, 1.3333E-01,
13:05:41.59981330, 4.8000E-01, 4.5333E-01, 0.0000E+00,
13:05:41.59981335, 4.6667E-01, 5.0667E-01,-2.6667E-01,
13:05:41.59981340, 4.5333E-01, 5.2000E-01, 0.0000E+00,
13:05:41.59981345, 4.5333E-01, 4.8000E-01, 0.0000E+00,
13:05:41.59981350, 4.5333E-01, 4.8000E-01,-2.6667E-01,
13:05:41.59981355, 4.4000E-01, 4.8000E-01, 1.3333E-01,
13:05:41.59981360, 4.5333E-01, 4.8000E-01, 1.3333E-01,
13:05:41.59981365, 4.5333E-01, 4.8000E-01,-5.3333E-01,
13:05:41.59981370, 4.4000E-01, 4.8000E-01,-2.6667E-01,
13:05:41.59981375, 4.6667E-01, 4.6667E-01, 0.0000E+00,
13:05:41.59981380, 4.8000E-01, 4.6667E-01, 1.3333E-01,
13:05:41.59981385, 4.6667E-01, 4.9333E-01,-1.3333E-01,
13:05:41.59981390, 4.1333E-01, 5.3333E-01, 0.0000E+00,
13:05:41.59981395, 4.2667E-01, 4.8000E-01, 2.6667E-01,
13:05:41.59981400, 4.4000E-01, 4.9333E-01, 1.3333E-01,
13:05:41.59981405, 4.4000E-01, 4.8000E-01,-5.3333E-01,
13:05:41.59981410, 4.5333E-01, 4.9333E-01,-4.0000E-01,
13:05:41.59981415, 4.6667E-01, 4.8000E-01,-4.0000E-01,
13:05:41.59981420, 4.5333E-01, 4.9333E-01,-1.3333E-01,
13:05:41.59981425, 4.9333E-01, 4.9333E-01,-4.0000E-01,
13:05:41.59981430, 4.4000E-01, 4.8000E-01, 0.0000E+00,
13:05:41.59981435, 4.5333E-01, 4.9333E-01, 0.0000E+00,
13:05:41.59981440, 4.5333E-01, 4.9333E-01,-2.6667E-01,
13:05:41.59981445, 4.5333E-01, 4.9333E-01, 0.0000E+00,
13:05:41.59981450, 4.5333E-01, 5.0667E-01, 0.0000E+00,
13:05:41.59981455, 4.5333E-01, 4.8000E-01,-1.3333E-01,
13:05:41.59981460, 4.6667E-01, 4.8000E-01,-1.3333E-01,
13:05:41.59981465, 4.4000E-01, 4.8000E-01,-2.6667E-01,
13:05:41.59981470, 4.4000E-01, 4.8000E-01,-2.6667E-01,
13:05:41.59981475, 4.4000E-01, 4.6667E-01,-4.0000E-01,
13:05:41.59981480, 4.4000E-01, 4.8000E-01,-2.6667E-01,
13:05:41.59981485, 4.5333E-01, 4.9333E-01,-1.3333E-01,
13:05:41.59981490, 4.5333E-01, 4.9333E-01,-1.3333E-01,
13:05:41.59981495, 4.1333E-01, 4.8000E-01,-2.6667E-01,
13:05:41.59981500, 4.4000E-01, 4.6667E-01,-4.0000E-01,
13:05:41.59981505, 4.5333E-01, 4.8000E-01,-1.3333E-01,
13:05:41.59981510, 4.0000E-01, 4.8000E-01,-2.6667E-01,
13:05:41.59981515, 4.4000E-01, 4.6667E-01,-4.0000E-01,
13:05:41.59981520, 4.4000E-01, 4.9333E-01,-5.3333E-01,
13:05:41.59981525, 4.2667E-01, 4.8000E-01,-4.0000E-01,
13:05:41.59981530, 4.4000E-01, 4.8000E-01,-5.3333E-01,
13:05:41.59981535, 4.2667E-01, 4.9333E-01,-1.3333E-01,
13:05:41.59981540, 4.1333E-01, 4.9333E-01,-1.3333E-01,
13:05:41.59981545, 4.2667E-01, 4.6667E-01,-2.6667E-01,
13:05:41.59981550, 4.1333E-01, 4.5333E-01,-5.3333E-01,
13:05:41.59981555, 4.1333E-01, 4.9333E-01,-2.6667E-01,
13:05:41.59981560, 4.5333E-01, 4.8000E-01,-5.3333E-01,
13:05:41.59981565, 4.0000E-01, 4.6667E-01,-2.6667E-01,
13:05:41.59981570, 4.4000E-01, 4.8000E-01,-4.0000E-01,
13:05:41.59981575, 4.2667E-01, 4.6667E-01,-5.3333E-01,
13:05:41.59981580, 4.1333E-01, 4.9333E-01,-1.3333E-01,
13:05:41.59981585, 4.0000E-01, 4.8000E-01,-5.3333E-01,
13:05:41.59981590, 4.0000E-01, 4.6667E-01,-4.0000E-01,
13:05:41.59981595, 4.0000E-01, 4.8000E-01,-4.0000E-01,
13:05:41.59981600, 4.1333E-01, 4.8000E-01,-2.6667E-01,
13:05:41.59981605, 4.1333E-01, 4.8000E-01, 0.0000E+00,
13:05:41.59981610, 4.0000E-01, 4.8000E-01,-6.6667E-01,
13:05:41.59981615, 4.2667E-01, 4.8000E-01,-4.0000E-01,
13:05:41.59981620, 4.2667E-01, 4.8000E-01,-4.0000E-01,
13:05:41.59981625, 4.0000E-01, 4.8000E-01,-4.0000E-01,
13:05:41.59981630, 3.8667E-01, 4.5333E-01,-1.3333E-01,
13:05:41.59981635, 4.0000E-01, 4.9333E-01,-2.6667E-01,
13:05:41.59981640, 4.0000E-01, 4.9333E-01,-5.3333E-01,
13:05:41.59981645, 4.1333E-01, 4.8000E-01,-1.3333E-01,
13:05:41.59981650, 3.8667E-01, 4.6667E-01,-1.3333E-01,
13:05:41.59981655, 3.8667E-01, 4.8000E-01,-1.3333E-01,
13:05:41.59981660, 4.1333E-01, 4.6667E-01,-2.6667E-01,
13:05:41.59981665, 3.8667E-01, 4.6667E-01,-6.6667E-01,
13:05:41.59981670, 4.0000E-01, 4.9333E-01,-5.3333E-01,
13:05:41.59981675, 3.7333E-01, 4.9333E-01,-4.0000E-01,
13:05:41.59981680, 3.8667E-01, 4.8000E-01,-5.3333E-01,
13:05:41.59981685, 4.1333E-01, 4.8000E-01,-6.6667E-01,
13:05:41.59981690, 3.8667E-01, 4.6667E-01,-6.6667E-01,
13:05:41.59981695, 3.8667E-01, 4.9333E-01,-2.6667E-01,
13:05:41.59981700, 3.8667E-01, 4.6667E-01,-6.6667E-01,
13:05:41.59981705, 4.2667E-01, 4.5333E-01,-5.3333E-01,
13:05:41.59981710, 3.8667E-01, 4.5333E-01,-5.3333E-01,
13:05:41.59981715, 4.0000E-01, 4.8000E-01,-4.0000E-01,
13:05:41.59981720, 4.1333E-01, 4.8000E-01,-5.3333E-01,
13:05:41.59981725, 4.0000E-01, 4.6667E-01,-2.6667E-01,
13:05:41.59981730, 3.7333E-01, 4.8000E-01,-2.6667E-01,
13:05:41.59981735, 4.1333E-01, 4.4000E-01,-4.0000E-01,
13:05:41.59981740, 3.8667E-01, 4.6667E-01,-4.0000E-01,
13:05:41.59981745, 4.0000E-01, 4.5333E-01,-2.6667E-01,
13:05:41.59981750, 3.7333E-01, 4.6667E-01,-2.6667E-01,
13:05:41.59981755, 4.1333E-01, 4.2667E-01,-5.3333E-01,
13:05:41.59981760, 4.0000E-01, 4.8000E-01,-6.6667E-01,
13:05:41.59981765, 4.0000E-01, 4.6667E-01,-2.6667E-01,
13:05:41.59981770, 3.7333E-01, 4.6667E-01,-6.6667E-01,
13:05:41.59981775, 4.0000E-01, 4.6667E-01,-1.3333E-01,
13:05:41.59981780, 4.0000E-01, 4.4000E-01,-4.0000E-01,
13:05:41.59981785, 3.7333E-01, 4.6667E-01,-1.3333E-01,
13:05:41.59981790, 4.0000E-01, 4.8000E-01,-6.6667E-01,
13:05:41.59981795, 3.7333E-01, 4.5333E-01,-5.3333E-01,
13:05:41.59981800, 4.0000E-01, 4.6667E-01,-6.6667E-01,
13:05:41.59981805, 4.0000E-01, 4.5333E-01,-6.6667E-01,
13:05:41.59981810, 4.2667E-01, 4.5333E-01,-6.6667E-01,
13:05:41.59981815, 3.7333E-01, 4.4000E-01,-4.0000E-01,
13:05:41.59981820, 3.7333E-01, 4.6667E-01,-5.3333E-01,
13:05:41.59981825, 3.6000E-01, 4.8000E-01,-2.6667E-01,
13:05:41.59981830, 3.8667E-01, 4.2667E-01,-4.0000E-01,
13:05:41.59981835, 3.8667E-01, 4.5333E-01,-4.0000E-01,
13:05:41.59981840, 3.7333E-01, 4.6667E-01,-6.6667E-01,
13:05:41.59981845, 3.7333E-01, 4.5333E-01,-6.6667E-01,
13:05:41.59981850, 3.8667E-01, 4.4000E-01,-4.0000E-01,
13:05:41.59981855, 3.7333E-01, 4.6667E-01,-4.0000E-01,
13:05:41.59981860, 3.7333E-01, 4.6667E-01,-5.3333E-01,
13:05:41.59981865, 3.8667E-01, 4.8000E-01,-5.3333E-01,
13:05:41.59981870, 3.6000E-01, 4.5333E-01,-4.0000E-01,
13:05:41.59981875, 3.8667E-01, 4.2667E-01,-5.3333E-01,
13:05:41.59981880, 3.6000E-01, 4.6667E-01,-6.6667E-01,
13:05:41.59981885, 3.7333E-01, 4.4000E-01,-5.3333E-01,
13:05:41.59981890, 3.7333E-01, 4.5333E-01,-5.3333E-01,
13:05:41.59981895, 3.7333E-01, 4.6667E-01,-5.3333E-01,
13:05:41.59981900, 3.7333E-01, 4.5333E-01,-2.6667E-01,
13:05:41.59981905, 3.7333E-01, 4.5333E-01,-6.6667E-01,
13:05:41.59981910, 3.8667E-01, 4.8000E-01,-6.6667E-01,
13:05:41.59981915, 3.7333E-01, 4.6667E-01,-2.6667E-01,
13:05:41.59981920, 3.8667E-01, 4.5333E-01,-6.6667E-01,
13:05:41.59981925, 3.3333E-01, 4.4000E-01,-2.6667E-01,
13:05:41.59981930, 3.6000E-01, 4.2667E-01,-4.0000E-01,
13:05:41.59981935, 3.4667E-01, 4.5333E-01,-4.0000E-01,
13:05:41.59981940, 3.7333E-01, 4.5333E-01,-6.6667E-01,
13:05:41.59981945, 3.7333E-01, 4.8000E-01,-6.6667E-01,
13:05:41.59981950, 3.8667E-01, 4.8000E-01,-6.6667E-01,
13:05:41.59981955, 3.6000E-01, 4.1333E-01,-5.3333E-01,
13:05:41.59981960, 3.7333E-01, 4.2667E-01,-6.6667E-01,
13:05:41.59981965, 3.6000E-01, 4.2667E-01,-6.6667E-01,
13:05:41.59981970, 3.6000E-01, 4.4000E-01,-5.3333E-01,
13:05:41.59981975, 3.6000E-01, 4.4000E-01,-6.6667E-01,
13:05:41.59981980, 3.4667E-01, 4.2667E-01,-5.3333E-01,
13:05:41.59981985, 3.7333E-01, 4.4000E-01,-6.6667E-01,
13:05:41.59981990, 3.6000E-01, 4.4000E-01,-6.6667E-01,
13:05:41.59981995, 4.0000E-01, 4.4000E-01,-6.6667E-01,
13:05:41.59982000, 3.7333E-01, 4.4000E-01,-4.0000E-01,
13:05:41.59982005, 4.0000E-01, 4.2667E-01,-6.6667E-01,
13:05:41.59982010, 3.8667E-01, 4.4000E-01,-6.6667E-01,
13:05:41.59982015, 3.4667E-01, 4.2667E-01,-5.3333E-01,
13:05:41.59982020, 3.6000E-01, 4.4000E-01,-6.6667E-01,
13:05:41.59982025, 3.4667E-01, 4.2667E-01,-2.6667E-01,
13:05:41.59982030, 3.3333E-01, 4.0000E-01,-6.6667E-01,
13:05:41.59982035, 3.4667E-01, 4.4000E-01,-5.3333E-01,
13:05:41.59982040, 3.7333E-01, 4.4000E-01,-6.6667E-01,
13:05:41.59982045, 3.7333E-01, 4.6667E-01,-6.6667E-01,
13:05:41.59982050, 3.6000E-01, 4.4000E-01,-4.0000E-01,
13:05:41.59982055, 3.6000E-01, 4.5333E-01,-6.6667E-01,
13:05:41.59982060, 3.4667E-01, 4.6667E-01,-6.6667E-01,
13:05:41.59982065, 3.4667E-01, 4.4000E-01,-4.0000E-01,
13:05:41.59982070, 3.3333E-01, 4.4000E-01,-4.0000E-01,
13:05:41.59982075, 3.4667E-01, 4.4000E-01,-5.3333E-01,
13:05:41.59982080, 3.6000E-01, 4.2667E-01,-6.6667E-01,
13:05:41.59982085, 3.2000E-01, 4.1333E-01,-2.6667E-01,
13:05:41.59982090, 3.6000E-01, 4.6667E-01,-6.6667E-01,
13:05:41.59982095, 3.7333E-01, 4.6667E-01,-6.6667E-01,
13:05:41.59982100, 3.7333E-01, 4.5333E-01,-6.6667E-01,
13:05:41.59982105, 3.4667E-01, 4.4000E-01,-5.3333E-01,
13:05:41.59982110, 3.6000E-01, 4.5333E-01,-6.6667E-01,
13:05:41.59982115, 3.4667E-01, 4.5333E-01,-5.3333E-01,
13:05:41.59982120, 3.4667E-01, 4.5333E-01,-6.6667E-01,
13:05:41.59982125, 3.4667E-01, 4.4000E-01,-6.6667E-01,
13:05:41.59982130, 3.4667E-01, 4.2667E-01,-2.6667E-01,
13:05:41.59982135, 3.3333E-01, 4.0000E-01,-6.6667E-01,
13:05:41.59982140, 3.6000E-01, 4.5333E-01,-4.0000E-01,
13:05:41.59982145, 3.6000E-01, 4.4000E-01,-4.0000E-01,
13:05:41.59982150, 3.7333E-01, 4.1333E-01,-2.6667E-01,
13:05:41.59982155, 3.6000E-01, 4.2667E-01,-5.3333E-01,
13:05:41.59982160, 3.3333E-01, 4.0000E-01,-6.6667E-01,
13:05:41.59982165, 3.4667E-01, 4.1333E-01,-5.3333E-01,
13:05:41.59982170, 3.3333E-01, 4.1333E-01,-8.0000E-01,
13:05:41.59982175, 3.4667E-01, 4.1333E-01,-5.3333E-01,
13:05:41.59982180, 3.4667E-01, 4.2667E-01,-4.0000E-01,
13:05:41.59982185, 3.4667E-01, 4.0000E-01,-4.0000E-01,
13:05:41.59982190, 3.6000E-01, 4.4000E-01,-6.6667E-01,
13:05:41.59982195, 3.7333E-01, 4.2667E-01,-5.3333E-01,
13:05:41.59982200, 3.3333E-01, 4.1333E-01,-5.3333E-01,
13:05:41.59982205, 3.6000E-01, 4.4000E-01,-4.0000E-01,
13:05:41.59982210, 3.2000E-01, 4.2667E-01,-6.6667E-01,
13:05:41.59982215, 3.2000E-01, 4.2667E-01,-4.0000E-01,
13:05:41.59982220, 3.4667E-01, 4.4000E-01,-2.6667E-01,
13:05:41.59982225, 3.4667E-01, 4.0000E-01,-2.6667E-01,
13:05:41.59982230, 3.2000E-01, 4.2667E-01,-4.0000E-01,
13:05:41.59982235, 3.3333E-01, 4.2667E-01,-1.3333E-01,
13:05:41.59982240, 3.6000E-01, 4.0000E-01,-4.0000E-01,
13:05:41.59982245, 3.3333E-01, 4.2667E-01,-4.0000E-01,
13:05:41.59982250, 3.3333E-01, 4.4000E-01,-1.3333E-01,
13:05:41.59982255, 3.3333E-01, 4.2667E-01,-4.0000E-01,
13:05:41.59982260, 3.2000E-01, 4.2667E-01,-4.0000E-01,
13:05:41.59982265, 3.2000E-01, 4.4000E-01,-2.6667E-01,
13:05:41.59982270, 3.4667E-01, 4.2667E-01,-6.6667E-01,
13:05:41.59982275, 3.7333E-01, 4.1333E-01,-1.3333E-01,
13:05:41.59982280, 3.0667E-01, 4.2667E-01,-2.6667E-01,
13:05:41.59982285, 3.2000E-01, 4.1333E-01,-2.6667E-01,
13:05:41.59982290, 3.6000E-01, 4.5333E-01,-6.6667E-01,
13:05:41.59982295, 3.3333E-01, 4.2667E-01,-2.6667E-01,
13:05:41.59982300, 3.2000E-01, 4.4000E-01,-5.3333E-01,
13:05:41.59982305, 3.3333E-01, 4.1333E-01,-5.3333E-01,
13:05:41.59982310, 3.0667E-01, 4.5333E-01,-2.6667E-01,
13:05:41.59982315, 3.2000E-01, 4.2667E-01,-6.6667E-01,
13:05:41.59982320, 3.3333E-01, 4.2667E-01,-4.0000E-01,
13:05:41.59982325, 3.3333E-01, 4.2667E-01,-2.6667E-01,
13:05:41.59982330, 3.4667E-01, 4.2667E-01,-2.6667E-01,
13:05:41.59982335, 3.6000E-01, 4.4000E-01,-4.0000E-01,
13:05:41.59982340, 3.0667E-01, 4.2667E-01,-2.6667E-01,
13:05:41.59982345, 3.3333E-01, 4.4000E-01,-5.3333E-01,
13:05:41.59982350, 3.2000E-01, 4.0000E-01,-5.3333E-01,
13:05:41.59982355, 3.0667E-01, 4.1333E-01,-2.6667E-01,
13:05:41.59982360, 3.3333E-01, 4.1333E-01,-2.6667E-01,
13:05:41.59982365, 3.2000E-01, 4.2667E-01,-5.3333E-01,
13:05:41.59982370, 3.3333E-01, 4.1333E-01,-2.6667E-01,
13:05:41.59982375, 3.3333E-01, 4.0000E-01,-2.6667E-01,
13:05:41.59982380, 3.4667E-01, 4.4000E-01,-5.3333E-01,
13:05:41.59982385, 3.0667E-01, 4.1333E-01, 0.0000E+00,
13:05:41.59982390, 3.3333E-01, 4.2667E-01,-1.3333E-01,
13:05:41.59982395, 3.6000E-01, 4.2667E-01,-4.0000E-01,
13:05:41.59982400, 3.2000E-01, 3.8667E-01,-6.6667E-01,
13:05:41.59982405, 2.9333E-01, 4.1333E-01,-4.0000E-01,
13:05:41.59982410, 3.0667E-01, 3.7333E-01,-1.3333E-01,
13:05:41.59982415, 3.3333E-01, 4.4000E-01,-4.0000E-01,
13:05:41.59982420, 3.2000E-01, 4.1333E-01, 0.0000E+00,
13:05:41.59982425, 3.2000E-01, 4.2667E-01, 5.3333E-01,
13:05:41.59982430, 3.4667E-01, 4.1333E-01,-1.3333E-01,
13:05:41.59982435, 3.0667E-01, 4.2667E-01,-2.6667E-01,
13:05:41.59982440, 3.2000E-01, 4.0000E-01,-1.3333E-01,
13:05:41.59982445, 3.0667E-01, 4.1333E-01,-1.3333E-01,
13:05:41.59982450, 2.9333E-01, 4.2667E-01,-1.3333E-01,
13:05:41.59982455, 3.2000E-01, 4.1333E-01,-2.6667E-01,
13:05:41.59982460, 3.0667E-01, 4.1333E-01,-4.0000E-01,
13:05:41.59982465, 3.0667E-01, 4.2667E-01,-2.6667E-01,
13:05:41.59982470, 3.3333E-01, 4.2667E-01,-2.6667E-01,
13:05:41.59982475, 3.0667E-01, 4.1333E-01,-1.3333E-01,
13:05:41.59982480, 3.0667E-01, 4.0000E-01, 1.3333E-01,
13:05:41.59982485, 3.2000E-01, 4.2667E-01,-1.3333E-01,
13:05:41.59982490, 2.8000E-01, 4.0000E-01,-2.6667E-01,
13:05:41.59982495, 2.9333E-01, 4.1333E-01,-2.6667E-01,
13:05:41.59982500, 2.9333E-01, 4.1333E-01,-1.3333E-01,
13:05:41.59982505, 2.9333E-01, 4.5333E-01,-1.3333E-01,
13:05:41.59982510, 2.9333E-01, 4.4000E-01, 0.0000E+00,
13:05:41.59982515, 2.8000E-01, 4.4000E-01, 0.0000E+00,
13:05:41.59982520, 3.2000E-01, 4.2667E-01, 2.6667E-01,
13:05:41.59982525, 3.2000E-01, 4.1333E-01,-2.6667E-01,
13:05:41.59982530, 2.9333E-01, 4.2667E-01, 0.0000E+00,
13:05:41.59982535, 3.3333E-01, 4.4000E-01, 0.0000E+00,
13:05:41.59982540, 2.8000E-01, 4.1333E-01, 0.0000E+00,
13:05:41.59982545, 2.8000E-01, 4.0000E-01, 0.0000E+00,
13:05:41.59982550, 3.0667E-01, 4.2667E-01,-4.0000E-01,
13:05:41.59982555, 2.8000E-01, 4.4000E-01,-2.6667E-01,
13:05:41.59982560, 3.0667E-01, 4.0000E-01, 0.0000E+00,
13:05:41.59982565, 3.0667E-01, 4.2667E-01,-1.3333E-01,
13:05:41.59982570, 3.3333E-01, 4.1333E-01, 0.0000E+00,
13:05:41.59982575, 3.4667E-01, 4.1333E-01, 4.0000E-01,
13:05:41.59982580, 2.8000E-01, 3.8667E-01,-1.3333E-01,
13:05:41.59982585, 3.2000E-01, 3.8667E-01, 0.0000E+00,
13:05:41.59982590, 2.6667E-01, 4.0000E-01, 0.0000E+00,
13:05:41.59982595, 2.8000E-01, 4.1333E-01,-2.6667E-01,
13:05:41.59982600, 2.6667E-01, 4.1333E-01,-1.3333E-01,
13:05:41.59982605, 2.9333E-01, 3.8667E-01,-1.3333E-01,
13:05:41.59982610, 3.2000E-01, 4.2667E-01, 0.0000E+00,
13:05:41.59982615, 3.2000E-01, 4.1333E-01,-2.6667E-01,
13:05:41.59982620, 3.2000E-01, 4.2667E-01,-1.3333E-01,
13:05:41.59982625, 2.9333E-01, 4.2667E-01, 0.0000E+00,
13:05:41.59982630, 3.0667E-01, 4.1333E-01,-2.6667E-01,
13:05:41.59982635, 2.9333E-01, 4.1333E-01, 1.3333E-01,
13:05:41.59982640, 2.6667E-01, 3.8667E-01, 0.0000E+00,
13:05:41.59982645, 2.8000E-01, 3.8667E-01, 0.0000E+00,
13:05:41.59982650, 2.8000E-01, 4.2667E-01, 1.3333E-01,
13:05:41.59982655, 3.0667E-01, 3.8667E-01, 2.6667E-01,
13:05:41.59982660, 3.0667E-01, 4.0000E-01, 0.0000E+00,
13:05:41.59982665, 3.0667E-01, 4.2667E-01, 2.6667E-01,
13:05:41.59982670, 3.0667E-01, 4.2667E-01, 0.0000E+00,
13:05:41.59982675, 3.0667E-01, 3.8667E-01, 0.0000E+00,
13:05:41.59982680, 2.6667E-01, 4.1333E-01, 1.3333E-01,
13:05:41.59982685, 2.9333E-01, 4.4000E-01,-1.3333E-01,
13:05:41.59982690, 2.9333E-01, 4.1333E-01, 1.3333E-01,
13:05:41.59982695, 2.6667E-01, 4.4000E-01, 0.0000E+00,
13:05:41.59982700, 2.9333E-01, 4.4000E-01, 4.0000E-01,
13:05:41.59982705, 2.9333E-01, 4.1333E-01,-1.3333E-01,
13:05:41.59982710, 2.6667E-01, 4.1333E-01, 0.0000E+00,
13:05:41.59982715, 2.8000E-01, 4.1333E-01, 1.3333E-01,
13:05:41.59982720, 3.0667E-01, 4.5333E-01, 2.6667E-01,
13:05:41.59982725, 2.6667E-01, 4.2667E-01, 1.3333E-01,
13:05:41.59982730, 2.8000E-01, 4.2667E-01, 0.0000E+00,
13:05:41.59982735, 2.9333E-01, 4.1333E-01, 1.3333E-01,
13:05:41.59982740, 2.5333E-01, 4.0000E-01, 0.0000E+00,
13:05:41.59982745, 2.6667E-01, 4.1333E-01, 2.6667E-01,
13:05:41.59982750, 2.9333E-01, 4.1333E-01, 0.0000E+00,
13:05:41.59982755, 3.2000E-01, 4.2667E-01, 1.3333E-01,
13:05:41.59982760, 2.9333E-01, 4.2667E-01, 2.6667E-01,
13:05:41.59982765, 2.9333E-01, 4.0000E-01, 2.6667E-01,
13:05:41.59982770, 2.6667E-01, 3.8667E-01, 4.0000E-01,
13:05:41.59982775, 2.5333E-01, 3.8667E-01, 0.0000E+00,
13:05:41.59982780, 2.6667E-01, 4.4000E-01, 2.6667E-01,
13:05:41.59982785, 2.5333E-01, 4.0000E-01, 1.3333E-01,
13:05:41.59982790, 2.8000E-01, 4.1333E-01, 0.0000E+00,
13:05:41.59982795, 2.6667E-01, 4.2667E-01, 2.6667E-01,
13:05:41.59982800, 3.0667E-01, 4.2667E-01, 2.6667E-01,
13:05:41.59982805, 2.8000E-01, 4.2667E-01, 2.6667E-01,
13:05:41.59982810, 2.9333E-01, 4.0000E-01, 4.0000E-01,
13:05:41.59982815, 2.9333E-01, 4.1333E-01, 4.0000E-01,
13:05:41.59982820, 2.8000E-01, 4.2667E-01, 4.0000E-01,
13:05:41.59982825, 2.5333E-01, 4.1333E-01, 1.3333E-01,
13:05:41.59982830, 2.5333E-01, 4.1333E-01, 1.3333E-01,
13:05:41.59982835, 2.5333E-01, 4.1333E-01,-2.6667E-01,
13:05:41.59982840, 2.6667E-01, 3.7333E-01, 0.0000E+00,
13:05:41.59982845, 2.5333E-01, 4.1333E-01, 5.3333E-01,
13:05:41.59982850, 2.6667E-01, 4.0000E-01, 1.3333E-01,
13:05:41.59982855, 2.9333E-01, 4.1333E-01,-1.3333E-01,
13:05:41.59982860, 2.9333E-01, 4.4000E-01, 6.6667E-01,
13:05:41.59982865, 2.9333E-01, 4.0000E-01, 2.6667E-01,
13:05:41.59982870, 2.9333E-01, 4.1333E-01, 4.0000E-01,
13:05:41.59982875, 3.0667E-01, 4.1333E-01, 0.0000E+00,
13:05:41.59982880, 2.8000E-01, 4.0000E-01, 1.3333E-01,
13:05:41.59982885, 2.8000E-01, 4.2667E-01, 4.0000E-01,
13:05:41.59982890, 2.5333E-01, 4.2667E-01, 0.0000E+00,
13:05:41.59982895, 2.5333E-01, 4.4000E-01, 4.0000E-01,
13:05:41.59982900, 3.0667E-01, 4.4000E-01, 4.0000E-01,
13:05:41.59982905, 2.6667E-01, 4.0000E-01, 2.6667E-01,
13:05:41.59982910, 2.6667E-01, 4.2667E-01, 2.6667E-01,
13:05:41.59982915, 2.9333E-01, 4.1333E-01, 5.3333E-01,
13:05:41.59982920, 2.8000E-01, 4.2667E-01, 2.6667E-01,
13:05:41.59982925, 2.9333E-01, 4.2667E-01, 2.6667E-01,
13:05:41.59982930, 2.8000E-01, 4.1333E-01, 4.0000E-01,
13:05:41.59982935, 2.8000E-01, 4.1333E-01, 0.0000E+00,
13:05:41.59982940, 2.5333E-01, 4.2667E-01, 6.6667E-01,
13:05:41.59982945, 2.8000E-01, 4.2667E-01, 4.0000E-01,
13:05:41.59982950, 2.8000E-01, 4.1333E-01, 1.3333E-01,
13:05:41.59982955, 3.0667E-01, 4.4000E-01, 0.0000E+00,
13:05:41.59982960, 2.9333E-01, 3.8667E-01, 1.3333E-01,
13:05:41.59982965, 2.8000E-01, 4.1333E-01, 5.3333E-01,
13:05:41.59982970, 2.6667E-01, 4.4000E-01, 1.3333E-01,
13:05:41.59982975, 2.9333E-01, 4.2667E-01, 2.6667E-01,
13:05:41.59982980, 2.6667E-01, 4.2667E-01, 4.0000E-01,
13:05:41.59982985, 2.8000E-01, 4.1333E-01, 6.6667E-01,
13:05:41.59982990, 2.5333E-01, 4.1333E-01, 5.3333E-01,
13:05:41.59982995, 2.5333E-01, 4.0000E-01, 5.3333E-01,
13:05:41.59983000, 3.2000E-01, 4.1333E-01, 5.3333E-01,
13:05:41.59983005, 2.6667E-01, 4.1333E-01, 5.3333E-01,
13:05:41.59983010, 2.6667E-01, 4.1333E-01, 6.6667E-01,
13:05:41.59983015, 2.9333E-01, 4.5333E-01, 5.3333E-01,
13:05:41.59983020, 2.5333E-01, 4.1333E-01, 1.3333E-01,
13:05:41.59983025, 2.6667E-01, 4.1333E-01, 2.6667E-01,
13:05:41.59983030, 2.4000E-01, 4.4000E-01, 6.6667E-01,
13:05:41.59983035, 2.5333E-01, 4.2667E-01, 2.6667E-01,
13:05:41.59983040, 2.6667E-01, 4.4000E-01, 2.6667E-01,
13:05:41.59983045, 2.4000E-01, 4.1333E-01, 6.6667E-01,
13:05:41.59983050, 2.6667E-01, 4.2667E-01, 4.0000E-01,
13:05:41.59983055, 2.9333E-01, 4.2667E-01, 2.6667E-01,
13:05:41.59983060, 2.6667E-01, 4.2667E-01, 6.6667E-01,
13:05:41.59983065, 2.5333E-01, 4.2667E-01, 4.0000E-01,
13:05:41.59983070, 2.2667E-01, 4.0000E-01, 2.6667E-01,
13:05:41.59983075, 2.4000E-01, 4.4000E-01, 2.6667E-01,
13:05:41.59983080, 2.8000E-01, 4.5333E-01, 2.6667E-01,
13:05:41.59983085, 2.4000E-01, 4.5333E-01, 6.6667E-01,
13:05:41.59983090, 2.8000E-01, 4.4000E-01, 4.0000E-01,
13:05:41.59983095, 2.4000E-01, 4.0000E-01, 5.3333E-01,
13:05:41.59983100, 2.9333E-01, 4.6667E-01, 5.3333E-01,
13:05:41.59983105, 2.5333E-01, 4.2667E-01, 4.0000E-01,
13:05:41.59983110, 2.6667E-01, 4.2667E-01, 2.6667E-01,
13:05:41.59983115, 2.5333E-01, 4.4000E-01, 6.6667E-01,
13:05:41.59983120, 2.5333E-01, 4.2667E-01, 5.3333E-01,
13:05:41.59983125, 2.6667E-01, 4.0000E-01, 4.0000E-01,
13:05:41.59983130, 2.5333E-01, 4.2667E-01, 4.0000E-01,
13:05:41.59983135, 2.9333E-01, 4.5333E-01, 4.0000E-01,
13:05:41.59983140, 2.5333E-01, 4.4000E-01, 4.0000E-01,
13:05:41.59983145, 2.6667E-01, 4.2667E-01, 6.6667E-01,
13:05:41.59983150, 2.4000E-01, 4.2667E-01, 6.6667E-01,
13:05:41.59983155, 2.5333E-01, 4.5333E-01, 6.6667E-01,
13:05:41.59983160, 2.8000E-01, 4.2667E-01, 6.6667E-01,
13:05:41.59983165, 2.6667E-01, 4.4000E-01, 5.3333E-01,
13:05:41.59983170, 2.2667E-01, 4.2667E-01, 1.3333E-01,
13:05:41.59983175, 2.2667E-01, 4.4000E-01, 5.3333E-01,
13:05:41.59983180, 2.2667E-01, 4.6667E-01, 5.3333E-01,
13:05:41.59983185, 2.4000E-01, 4.4000E-01, 5.3333E-01,
13:05:41.59983190, 2.8000E-01, 4.4000E-01, 1.3333E-01,
13:05:41.59983195, 2.8000E-01, 4.4000E-01, 6.6667E-01,
13:05:41.59983200, 3.0667E-01, 4.1333E-01, 4.0000E-01,
13:05:41.59983205, 2.5333E-01, 4.1333E-01, 6.6667E-01,
13:05:41.59983210, 2.6667E-01, 4.4000E-01, 8.0000E-01,
13:05:41.59983215, 2.2667E-01, 4.2667E-01, 4.0000E-01,
13:05:41.59983220, 2.5333E-01, 4.6667E-01, 6.6667E-01,
13:05:41.59983225, 2.4000E-01, 4.2667E-01, 6.6667E-01,
13:05:41.59983230, 2.5333E-01, 4.5333E-01, 6.6667E-01,
13:05:41.59983235, 2.4000E-01, 4.1333E-01, 6.6667E-01,
13:05:41.59983240, 2.4000E-01, 4.0000E-01, 4.0000E-01,
13:05:41.59983245, 2.2667E-01, 4.2667E-01, 6.6667E-01,
13:05:41.59983250, 2.4000E-01, 4.4000E-01, 6.6667E-01,
13:05:41.59983255, 2.6667E-01, 4.0000E-01, 6.6667E-01,
13:05:41.59983260, 2.4000E-01, 4.4000E-01, 6.6667E-01,
13:05:41.59983265, 2.5333E-01, 3.8667E-01, 6.6667E-01,
13:05:41.59983270, 2.5333E-01, 4.5333E-01, 2.6667E-01,
13:05:41.59983275, 2.5333E-01, 4.4000E-01, 6.6667E-01,
13:05:41.59983280, 2.4000E-01, 4.2667E-01, 2.6667E-01,
13:05:41.59983285, 2.4000E-01, 4.2667E-01, 5.3333E-01,
13:05:41.59983290, 2.9333E-01, 4.2667E-01, 5.3333E-01,
13:05:41.59983295, 2.8000E-01, 4.4000E-01, 6.6667E-01,
13:05:41.59983300, 2.5333E-01, 4.2667E-01, 6.6667E-01,
13:05:41.59983305, 2.8000E-01, 4.2667E-01, 4.0000E-01,
13:05:41.59983310, 2.6667E-01, 4.2667E-01, 4.0000E-01,
13:05:41.59983315, 2.4000E-01, 4.6667E-01, 2.6667E-01,
13:05:41.59983320, 2.5333E-01, 4.0000E-01, 5.3333E-01,
13:05:41.59983325, 2.4000E-01, 4.5333E-01, 5.3333E-01,
13:05:41.59983330, 2.2667E-01, 4.6667E-01, 6.6667E-01,
13:05:41.59983335, 2.4000E-01, 4.5333E-01, 4.0000E-01,
13:05:41.59983340, 2.6667E-01, 4.4000E-01, 6.6667E-01,
13:05:41.59983345, 2.5333E-01, 4.4000E-01, 1.3333E-01,
13:05:41.59983350, 2.4000E-01, 4.4000E-01, 2.6667E-01,
13:05:41.59983355, 2.4000E-01, 4.1333E-01, 6.6667E-01,
13:05:41.59983360, 2.2667E-01, 4.5333E-01, 4.0000E-01,
13:05:41.59983365, 2.2667E-01, 4.4000E-01, 6.6667E-01,
13:05:41.59983370, 2.5333E-01, 4.2667E-01, 6.6667E-01,
13:05:41.59983375, 2.4000E-01, 4.6667E-01, 4.0000E-01,
13:05:41.59983380, 2.2667E-01, 4.5333E-01, 2.6667E-01,
13:05:41.59983385, 2.5333E-01, 4.4000E-01, 4.0000E-01,
13:05:41.59983390, 2.2667E-01, 4.1333E-01, 9.3333E-01,
13:05:41.59983395, 2.6667E-01, 4.0000E-01, 5.3333E-01,
13:05:41.59983400, 2.4000E-01, 4.4000E-01, 6.6667E-01,
13:05:41.59983405, 2.4000E-01, 4.8000E-01, 4.0000E-01,
13:05:41.59983410, 2.2667E-01, 4.5333E-01, 4.0000E-01,
13:05:41.59983415, 2.2667E-01, 4.5333E-01, 5.3333E-01,
13:05:41.59983420, 2.2667E-01, 4.1333E-01, 5.3333E-01,
13:05:41.59983425, 2.5333E-01, 4.0000E-01, 4.0000E-01,
13:05:41.59983430, 2.4000E-01, 4.5333E-01, 4.0000E-01,
13:05:41.59983435, 2.5333E-01, 4.2667E-01, 4.0000E-01,
13:05:41.59983440, 2.2667E-01, 4.4000E-01, 6.6667E-01,
13:05:41.59983445, 2.5333E-01, 4.4000E-01, 6.6667E-01,
13:05:41.59983450, 2.2667E-01, 4.5333E-01, 6.6667E-01,
13:05:41.59983455, 2.6667E-01, 4.6667E-01, 4.0000E-01,
13:05:41.59983460, 2.2667E-01, 4.1333E-01, 5.3333E-01,
13:05:41.59983465, 2.2667E-01, 4.5333E-01, 5.3333E-01,
13:05:41.59983470, 2.4000E-01, 4.5333E-01, 6.6667E-01,
13:05:41.59983475, 2.4000E-01, 4.6667E-01, 5.3333E-01,
13:05:41.59983480, 2.5333E-01, 4.6667E-01, 4.0000E-01,
13:05:41.59983485, 2.2667E-01, 4.6667E-01, 6.6667E-01,
13:05:41.59983490, 2.4000E-01, 4.4000E-01, 5.3333E-01,
13:05:41.59983495, 2.5333E-01, 4.4000E-01, 4.0000E-01,
13:05:41.59983500, 2.5333E-01, 4.2667E-01, 6.6667E-01,
13:05:41.59983505, 2.5333E-01, 4.6667E-01, 4.0000E-01,
13:05:41.59983510, 2.1333E-01, 4.4000E-01, 6.6667E-01,
13:05:41.59983515, 2.2667E-01, 4.2667E-01, 5.3333E-01,
13:05:41.59983520, 2.5333E-01, 4.5333E-01, 5.3333E-01,
13:05:41.59983525, 2.5333E-01, 4.4000E-01, 6.6667E-01,
13:05:41.59983530, 2.8000E-01, 4.4000E-01, 5.3333E-01,
13:05:41.59983535, 2.6667E-01, 4.8000E-01, 5.3333E-01,
13:05:41.59983540, 2.2667E-01, 4.8000E-01, 4.0000E-01,
13:05:41.59983545, 2.2667E-01, 4.8000E-01, 6.6667E-01,
13:05:41.59983550, 2.4000E-01, 4.6667E-01, 4.0000E-01,
13:05:41.59983555, 2.5333E-01, 4.8000E-01, 5.3333E-01,
13:05:41.59983560, 2.4000E-01, 4.8000E-01, 5.3333E-01,
13:05:41.59983565, 2.4000E-01, 4.6667E-01, 4.0000E-01,
13:05:41.59983570, 2.2667E-01, 4.2667E-01, 4.0000E-01,
13:05:41.59983575, 2.5333E-01, 4.6667E-01, 5.3333E-01,
13:05:41.59983580, 2.2667E-01, 4.5333E-01, 5.3333E-01,
13:05:41.59983585, 2.4000E-01, 4.2667E-01, 5.3333E-01,
13:05:41.59983590, 2.2667E-01, 4.6667E-01, 5.3333E-01,
13:05:41.59983595, 2.4000E-01, 4.1333E-01, 5.3333E-01,
13:05:41.59983600, 2.2667E-01, 4.8000E-01, 4.0000E-01,
13:05:41.59983605, 2.5333E-01, 4.5333E-01, 5.3333E-01,
13:05:41.59983610, 2.5333E-01, 4.5333E-01, 5.3333E-01,
13:05:41.59983615, 2.6667E-01, 4.4000E-01, 6.6667E-01,
13:05:41.59983620, 2.4000E-01, 4.5333E-01, 4.0000E-01,
13:05:41.59983625, 2.5333E-01, 4.6667E-01, 5.3333E-01,
13:05:41.59983630, 2.2667E-01, 4.5333E-01, 6.6667E-01,
13:05:41.59983635, 2.6667E-01, 4.4000E-01, 6.6667E-01,
13:05:41.59983640, 2.1333E-01, 4.6667E-01, 6.6667E-01,
13:05:41.59983645, 2.4000E-01, 3.8667E-01, 5.3333E-01,
13:05:41.59983650, 2.2667E-01, 4.6667E-01, 4.0000E-01,
13:05:41.59983655, 2.2667E-01, 4.8000E-01, 5.3333E-01,
13:05:41.59983660, 2.2667E-01, 4.6667E-01, 4.0000E-01,
13:05:41.59983665, 2.2667E-01, 4.1333E-01, 5.3333E-01,
13:05:41.59983670, 2.4000E-01, 4.5333E-01, 5.3333E-01,
13:05:41.59983675, 2.5333E-01, 4.5333E-01, 1.3333E-01,
13:05:41.59983680, 2.5333E-01, 4.6667E-01, 4.0000E-01,
13:05:41.59983685, 2.4000E-01, 4.5333E-01, 6.6667E-01,
13:05:41.59983690, 2.2667E-01, 4.8000E-01, 5.3333E-01,
13:05:41.59983695, 2.2667E-01, 4.6667E-01, 6.6667E-01,
13:05:41.59983700, 2.1333E-01, 4.5333E-01, 4.0000E-01,
13:05:41.59983705, 2.4000E-01, 4.5333E-01, 1.3333E-01,
13:05:41.59983710, 2.4000E-01, 4.6667E-01, 2.6667E-01,
13:05:41.59983715, 2.2667E-01, 4.6667E-01, 6.6667E-01,
13:05:41.59983720, 2.4000E-01, 4.8000E-01, 1.3333E-01,
13:05:41.59983725, 2.1333E-01, 4.6667E-01, 8.0000E-01,
13:05:41.59983730, 2.2667E-01, 4.4000E-01, 5.3333E-01,
13:05:41.59983735, 2.1333E-01, 4.6667E-01, 6.6667E-01,
13:05:41.59983740, 2.2667E-01, 4.5333E-01, 5.3333E-01,
13:05:41.59983745, 2.2667E-01, 4.8000E-01, 4.0000E-01,
13:05:41.59983750, 2.2667E-01, 4.5333E-01, 5.3333E-01,
13:05:41.59983755, 2.1333E-01, 4.5333E-01, 4.0000E-01,
13:05:41.59983760, 2.2667E-01, 4.5333E-01, 5.3333E-01,
13:05:41.59983765, 2.2667E-01, 4.8000E-01, 2.6667E-01,
13:05:41.59983770, 2.1333E-01, 4.6667E-01, 6.6667E-01,
13:05:41.59983775, 2.5333E-01, 4.8000E-01, 5.3333E-01,
13:05:41.59983780, 2.1333E-01, 4.5333E-01, 4.0000E-01,
13:05:41.59983785, 2.2667E-01, 4.6667E-01, 4.0000E-01,
13:05:41.59983790, 2.1333E-01, 5.0667E-01, 2.6667E-01,
13:05:41.59983795, 2.4000E-01, 4.9333E-01, 4.0000E-01,
13:05:41.59983800, 2.1333E-01, 4.6667E-01, 6.6667E-01,
13:05:41.59983805, 2.2667E-01, 4.6667E-01, 4.0000E-01,
13:05:41.59983810, 2.2667E-01, 4.5333E-01, 4.0000E-01,
13:05:41.59983815, 2.2667E-01, 4.5333E-01, 5.3333E-01,
13:05:41.59983820, 2.2667E-01, 4.5333E-01, 2.6667E-01,
13:05:41.59983825, 2.2667E-01, 4.4000E-01, 5.3333E-01,
13:05:41.59983830, 2.1333E-01, 4.4000E-01, 5.3333E-01,
13:05:41.59983835, 2.2667E-01, 4.8000E-01, 8.0000E-01,
13:05:41.59983840, 2.0000E-01, 4.8000E-01, 1.3333E-01,
13:05:41.59983845, 2.2667E-01, 4.5333E-01, 2.6667E-01,
13:05:41.59983850, 2.2667E-01, 4.6667E-01, 4.0000E-01,
13:05:41.59983855, 2.1333E-01, 4.6667E-01, 5.3333E-01,
13:05:41.59983860, 2.2667E-01, 4.6667E-01, 2.6667E-01,
13:05:41.59983865, 2.2667E-01, 4.1333E-01, 1.3333E-01,
13:05:41.59983870, 2.1333E-01, 4.6667E-01, 4.0000E-01,
13:05:41.59983875, 2.2667E-01, 4.4000E-01, 2.6667E-01,
13:05:41.59983880, 2.5333E-01, 4.6667E-01, 5.3333E-01,
13:05:41.59983885, 2.2667E-01, 4.6667E-01, 4.0000E-01,
13:05:41.59983890, 2.0000E-01, 4.8000E-01, 5.3333E-01,
13:05:41.59983895, 2.1333E-01, 4.5333E-01, 2.6667E-01,
13:05:41.59983900, 2.4000E-01, 4.4000E-01, 4.0000E-01,
13:05:41.59983905, 2.2667E-01, 4.5333E-01, 5.3333E-01,
13:05:41.59983910, 2.1333E-01, 4.8000E-01, 4.0000E-01,
13:05:41.59983915, 2.2667E-01, 4.6667E-01, 5.3333E-01,
13:05:41.59983920, 2.0000E-01, 4.8000E-01, 4.0000E-01,
13:05:41.59983925, 2.2667E-01, 4.6667E-01, 5.3333E-01,
13:05:41.59983930, 2.4000E-01, 4.4000E-01, 2.6667E-01,
13:05:41.59983935, 2.1333E-01, 4.8000E-01, 5.3333E-01,
13:05:41.59983940, 2.2667E-01, 4.6667E-01, 5.3333E-01,
13:05:41.59983945, 2.1333E-01, 4.6667E-01, 0.0000E+00,
13:05:41.59983950, 2.4000E-01, 4.6667E-01, 5.3333E-01,
13:05:41.59983955, 2.2667E-01, 4.6667E-01, 5.3333E-01,
13:05:41.59983960, 2.2667E-01, 4.6667E-01, 2.6667E-01,
13:05:41.59983965, 2.2667E-01, 4.6667E-01, 5.3333E-01,
13:05:41.59983970, 2.2667E-01, 4.8000E-01, 2.6667E-01,
13:05:41.59983975, 1.8667E-01, 4.8000E-01, 5.3333E-01,
13:05:41.59983980, 2.2667E-01, 4.6667E-01, 4.0000E-01,
13:05:41.59983985, 2.1333E-01, 4.8000E-01, 5.3333E-01,
13:05:41.59983990, 2.2667E-01, 4.8000E-01, 6.6667E-01,
13:05:41.59983995, 2.2667E-01, 4.8000E-01, 4.0000E-01,
13:05:41.59984000, 2.1333E-01, 4.4000E-01, 4.0000E-01,
13:05:41.59984005, 2.1333E-01, 4.6667E-01, 1.3333E-01,
13:05:41.59984010, 1.8667E-01, 4.8000E-01, 2.6667E-01,
13:05:41.59984015, 2.2667E-01, 4.6667E-01, 4.0000E-01,
13:05:41.59984020, 2.2667E-01, 4.5333E-01, 4.0000E-01,
13:05:41.59984025, 2.2667E-01, 4.6667E-01, 2.6667E-01,
13:05:41.59984030, 2.0000E-01, 4.5333E-01, 6.6667E-01,
13:05:41.59984035, 2.1333E-01, 4.6667E-01, 2.6667E-01,
13:05:41.59984040, 2.4000E-01, 4.6667E-01, 1.3333E-01,
13:05:41.59984045, 1.8667E-01, 4.8000E-01, 6.6667E-01,
13:05:41.59984050, 2.2667E-01, 4.8000E-01,-1.3333E-01,
13:05:41.59984055, 2.1333E-01, 4.4000E-01, 1.3333E-01,
13:05:41.59984060, 2.2667E-01, 4.8000E-01, 0.0000E+00,
13:05:41.59984065, 2.4000E-01, 4.5333E-01, 1.3333E-01,
13:05:41.59984070, 2.2667E-01, 4.8000E-01, 1.3333E-01,
13:05:41.59984075, 2.2667E-01, 4.8000E-01, 2.6667E-01,
13:05:41.59984080, 2.1333E-01, 4.6667E-01, 5.3333E-01,
13:05:41.59984085, 2.0000E-01, 4.2667E-01, 2.6667E-01,
13:05:41.59984090, 2.2667E-01, 4.5333E-01, 1.3333E-01,
13:05:41.59984095, 2.2667E-01, 4.5333E-01, 1.3333E-01,
13:05:41.59984100, 2.2667E-01, 4.6667E-01, 2.6667E-01,
13:05:41.59984105, 2.0000E-01, 4.6667E-01,-1.3333E-01,
13:05:41.59984110, 2.1333E-01, 4.5333E-01, 0.0000E+00,
13:05:41.59984115, 2.2667E-01, 4.8000E-01, 2.6667E-01,
13:05:41.59984120, 2.0000E-01, 4.5333E-01, 4.0000E-01,
13:05:41.59984125, 2.0000E-01, 4.6667E-01, 2.6667E-01,
13:05:41.59984130, 2.0000E-01, 4.6667E-01, 4.0000E-01,
13:05:41.59984135, 2.0000E-01, 4.8000E-01, 5.3333E-01,
13:05:41.59984140, 1.8667E-01, 4.8000E-01, 2.6667E-01,
13:05:41.59984145, 2.2667E-01, 4.4000E-01, 4.0000E-01,
13:05:41.59984150, 1.7333E-01, 4.6667E-01, 2.6667E-01,
13:05:41.59984155, 2.5333E-01, 4.8000E-01, 2.6667E-01,
13:05:41.59984160, 2.2667E-01, 4.6667E-01,-1.3333E-01,
13:05:41.59984165, 2.2667E-01, 4.4000E-01, 0.0000E+00,
13:05:41.59984170, 2.0000E-01, 4.8000E-01, 5.3333E-01,
13:05:41.59984175, 2.1333E-01, 4.5333E-01, 4.0000E-01,
13:05:41.59984180, 2.1333E-01, 4.6667E-01, 5.3333E-01,
13:05:41.59984185, 2.0000E-01, 4.5333E-01, 4.0000E-01,
13:05:41.59984190, 2.0000E-01, 4.6667E-01, 0.0000E+00,
13:05:41.59984195, 1.8667E-01, 4.6667E-01,-1.3333E-01,
13:05:41.59984200, 2.0000E-01, 4.6667E-01, 2.6667E-01,
13:05:41.59984205, 2.0000E-01, 4.6667E-01, 2.6667E-01,
13:05:41.59984210, 2.0000E-01, 4.6667E-01, 2.6667E-01,
13:05:41.59984215, 2.0000E-01, 4.6667E-01, 2.6667E-01,
13:05:41.59984220, 1.8667E-01, 4.6667E-01, 0.0000E+00,
13:05:41.59984225, 1.6000E-01, 4.6667E-01, 0.0000E+00,
13:05:41.59984230, 1.8667E-01, 4.5333E-01, 1.3333E-01,
13:05:41.59984235, 2.2667E-01, 4.8000E-01, 0.0000E+00,
13:05:41.59984240, 2.2667E-01, 4.8000E-01, 0.0000E+00,
13:05:41.59984245, 2.0000E-01, 4.5333E-01,-1.3333E-01,
13:05:41.59984250, 2.2667E-01, 4.8000E-01, 0.0000E+00,
13:05:41.59984255, 2.0000E-01, 4.8000E-01,-1.3333E-01,
13:05:41.59984260, 2.1333E-01, 4.8000E-01, 1.3333E-01,
13:05:41.59984265, 2.1333E-01, 4.6667E-01, 4.0000E-01,
13:05:41.59984270, 1.8667E-01, 4.5333E-01, 4.0000E-01,
13:05:41.59984275, 1.6000E-01, 4.6667E-01, 1.3333E-01,
13:05:41.59984280, 2.2667E-01, 4.6667E-01, 1.3333E-01,
13:05:41.59984285, 2.1333E-01, 4.2667E-01, 4.0000E-01,
13:05:41.59984290, 2.0000E-01, 4.6667E-01, 4.0000E-01,
13:05:41.59984295, 2.2667E-01, 4.6667E-01,-2.6667E-01,
13:05:41.59984300, 2.1333E-01, 4.6667E-01,-4.0000E-01,
13:05:41.59984305, 1.7333E-01, 4.8000E-01, 1.3333E-01,
13:05:41.59984310, 2.0000E-01, 4.6667E-01, 2.6667E-01,
13:05:41.59984315, 2.1333E-01, 4.5333E-01,-2.6667E-01,
13:05:41.59984320, 2.1333E-01, 4.8000E-01, 0.0000E+00,
13:05:41.59984325, 1.8667E-01, 4.4000E-01, 0.0000E+00,
13:05:41.59984330, 2.1333E-01, 4.5333E-01, 0.0000E+00,
13:05:41.59984335, 2.0000E-01, 4.5333E-01, 2.6667E-01,
13:05:41.59984340, 2.1333E-01, 4.8000E-01, 0.0000E+00,
13:05:41.59984345, 2.1333E-01, 4.6667E-01,-4.0000E-01,
13:05:41.59984350, 2.2667E-01, 4.8000E-01, 2.6667E-01,
13:05:41.59984355, 2.1333E-01, 4.4000E-01, 1.3333E-01,
13:05:41.59984360, 2.0000E-01, 4.6667E-01, 2.6667E-01,
13:05:41.59984365, 2.0000E-01, 4.8000E-01, 1.3333E-01,
13:05:41.59984370, 1.8667E-01, 4.8000E-01,-2.6667E-01,
13:05:41.59984375, 1.8667E-01, 4.4000E-01, 1.3333E-01,
13:05:41.59984380, 1.6000E-01, 4.6667E-01, 0.0000E+00,
13:05:41.59984385, 1.7333E-01, 4.5333E-01,-1.3333E-01,
13:05:41.59984390, 2.1333E-01, 4.6667E-01,-2.6667E-01,
13:05:41.59984395, 2.1333E-01, 4.4000E-01, 1.3333E-01,
13:05:41.59984400, 2.0000E-01, 4.5333E-01,-2.6667E-01,
13:05:41.59984405, 1.8667E-01, 4.6667E-01, 1.3333E-01,
13:05:41.59984410, 1.8667E-01, 4.6667E-01, 0.0000E+00,
13:05:41.59984415, 1.8667E-01, 4.6667E-01, 0.0000E+00,
13:05:41.59984420, 1.6000E-01, 4.5333E-01,-1.3333E-01,
13:05:41.59984425, 2.0000E-01, 4.4000E-01, 1.3333E-01,
13:05:41.59984430, 2.0000E-01, 4.4000E-01, 0.0000E+00,
13:05:41.59984435, 2.0000E-01, 4.6667E-01, 1.3333E-01,
13:05:41.59984440, 2.0000E-01, 4.2667E-01, 0.0000E+00,
13:05:41.59984445, 2.0000E-01, 4.2667E-01, 1.3333E-01,
13:05:41.59984450, 2.0000E-01, 4.5333E-01, 0.0000E+00,
13:05:41.59984455, 2.0000E-01, 4.5333E-01,-1.3333E-01,
13:05:41.59984460, 1.6000E-01, 4.4000E-01,-2.6667E-01,
13:05:41.59984465, 1.4667E-01, 4.5333E-01,-1.3333E-01,
13:05:41.59984470, 1.8667E-01, 4.6667E-01, 1.3333E-01,
13:05:41.59984475, 2.0000E-01, 4.8000E-01,-1.3333E-01,
13:05:41.59984480, 1.8667E-01, 4.4000E-01, 0.0000E+00,
13:05:41.59984485, 1.7333E-01, 4.5333E-01, 0.0000E+00,
13:05:41.59984490, 2.1333E-01, 4.6667E-01,-2.6667E-01,
13:05:41.59984495, 1.8667E-01, 4.6667E-01, 0.0000E+00,
13:05:41.59984500, 2.0000E-01, 4.1333E-01,-4.0000E-01,
13:05:41.59984505, 2.0000E-01, 4.2667E-01, 1.3333E-01,
13:05:41.59984510, 1.7333E-01, 4.5333E-01,-2.6667E-01,
13:05:41.59984515, 1.6000E-01, 4.8000E-01,-1.3333E-01,
13:05:41.59984520, 2.0000E-01, 4.5333E-01,-2.6667E-01,
13:05:41.59984525, 2.1333E-01, 4.4000E-01,-4.0000E-01,
13:05:41.59984530, 1.4667E-01, 4.8000E-01, 1.3333E-01,
13:05:41.59984535, 2.0000E-01, 4.4000E-01, 1.3333E-01,
13:05:41.59984540, 2.0000E-01, 4.5333E-01,-2.6667E-01,
13:05:41.59984545, 1.8667E-01, 4.5333E-01,-1.3333E-01,
13:05:41.59984550, 1.8667E-01, 4.4000E-01,-2.6667E-01,
13:05:41.59984555, 1.7333E-01, 4.6667E-01,-4.0000E-01,
13:05:41.59984560, 1.3333E-01, 4.5333E-01,-1.3333E-01,
13:05:41.59984565, 1.8667E-01, 4.5333E-01, 1.3333E-01,
13:05:41.59984570, 2.0000E-01, 4.6667E-01, 1.3333E-01,
13:05:41.59984575, 2.1333E-01, 4.4000E-01,-2.6667E-01,
13:05:41.59984580, 2.0000E-01, 4.4000E-01, 2.6667E-01,
13:05:41.59984585, 2.0000E-01, 4.6667E-01,-1.3333E-01,
13:05:41.59984590, 1.8667E-01, 4.6667E-01, 0.0000E+00,
13:05:41.59984595, 1.8667E-01, 4.8000E-01,-1.3333E-01,
13:05:41.59984600, 1.8667E-01, 4.6667E-01, 0.0000E+00,
13:05:41.59984605, 1.7333E-01, 4.8000E-01,-1.3333E-01,
13:05:41.59984610, 1.8667E-01, 4.5333E-01, 2.6667E-01,
13:05:41.59984615, 1.7333E-01, 4.8000E-01,-1.3333E-01,
13:05:41.59984620, 1.7333E-01, 4.5333E-01, 0.0000E+00,
13:05:41.59984625, 1.6000E-01, 4.4000E-01,-1.3333E-01,
13:05:41.59984630, 1.8667E-01, 4.8000E-01,-1.3333E-01,
13:05:41.59984635, 1.8667E-01, 4.2667E-01,-4.0000E-01,
13:05:41.59984640, 1.7333E-01, 4.6667E-01,-2.6667E-01,
13:05:41.59984645, 2.1333E-01, 4.6667E-01, 0.0000E+00,
13:05:41.59984650, 1.6000E-01, 4.4000E-01, 0.0000E+00,
13:05:41.59984655, 1.6000E-01, 4.2667E-01,-2.6667E-01,
13:05:41.59984660, 1.7333E-01, 4.5333E-01,-4.0000E-01,
13:05:41.59984665, 1.7333E-01, 4.4000E-01,-1.3333E-01,
13:05:41.59984670, 1.8667E-01, 4.5333E-01, 1.3333E-01,
13:05:41.59984675, 2.1333E-01, 4.6667E-01, 0.0000E+00,
13:05:41.59984680, 1.7333E-01, 4.4000E-01,-1.3333E-01,
13:05:41.59984685, 1.3333E-01, 4.4000E-01,-4.0000E-01,
13:05:41.59984690, 1.7333E-01, 4.5333E-01,-2.6667E-01,
13:05:41.59984695, 1.7333E-01, 4.5333E-01, 2.6667E-01,
13:05:41.59984700, 1.6000E-01, 4.4000E-01, 0.0000E+00,
13:05:41.59984705, 1.6000E-01, 4.6667E-01, 1.3333E-01,
13:05:41.59984710, 1.6000E-01, 4.5333E-01, 1.3333E-01,
13:05:41.59984715, 1.7333E-01, 4.4000E-01,-4.0000E-01,
13:05:41.59984720, 1.4667E-01, 4.5333E-01,-1.3333E-01,
13:05:41.59984725, 2.0000E-01, 4.8000E-01,-2.6667E-01,
13:05:41.59984730, 1.6000E-01, 4.8000E-01,-2.6667E-01,
13:05:41.59984735, 1.8667E-01, 4.6667E-01,-4.0000E-01,
13:05:41.59984740, 1.6000E-01, 4.6667E-01,-1.3333E-01,
13:05:41.59984745, 1.6000E-01, 4.5333E-01,-2.6667E-01,
13:05:41.59984750, 1.6000E-01, 4.4000E-01,-1.3333E-01,
13:05:41.59984755, 1.6000E-01, 4.2667E-01, 2.6667E-01,
13:05:41.59984760, 1.6000E-01, 4.6667E-01,-1.3333E-01,
13:05:41.59984765, 1.6000E-01, 4.8000E-01, 0.0000E+00,
13:05:41.59984770, 1.8667E-01, 4.6667E-01,-2.6667E-01,
13:05:41.59984775, 1.6000E-01, 4.6667E-01,-1.3333E-01,
13:05:41.59984780, 1.7333E-01, 4.5333E-01,-2.6667E-01,
13:05:41.59984785, 1.8667E-01, 4.5333E-01,-6.6667E-01,
13:05:41.59984790, 1.7333E-01, 4.8000E-01,-2.6667E-01,
13:05:41.59984795, 1.4667E-01, 4.6667E-01,-4.0000E-01,
13:05:41.59984800, 1.7333E-01, 4.4000E-01,-2.6667E-01,
13:05:41.59984805, 1.6000E-01, 4.5333E-01,-1.3333E-01,
13:05:41.59984810, 1.6000E-01, 4.5333E-01, 4.0000E-01,
13:05:41.59984815, 1.7333E-01, 4.5333E-01,-1.3333E-01,
13:05:41.59984820, 1.6000E-01, 4.2667E-01,-2.6667E-01,
13:05:41.59984825, 1.7333E-01, 4.4000E-01,-4.0000E-01,
13:05:41.59984830, 1.6000E-01, 4.4000E-01,-1.3333E-01,
13:05:41.59984835, 1.7333E-01, 4.8000E-01,-4.0000E-01,
13:05:41.59984840, 1.8667E-01, 4.4000E-01,-1.3333E-01,
13:05:41.59984845, 1.4667E-01, 4.2667E-01,-2.6667E-01,
13:05:41.59984850, 1.4667E-01, 4.2667E-01,-1.3333E-01,
13:05:41.59984855, 1.4667E-01, 4.5333E-01, 2.6667E-01,
13:05:41.59984860, 1.7333E-01, 4.1333E-01, 1.3333E-01,
13:05:41.59984865, 1.4667E-01, 4.2667E-01, 1.3333E-01,
13:05:41.59984870, 1.7333E-01, 4.6667E-01,-2.6667E-01,
13:05:41.59984875, 1.7333E-01, 4.4000E-01,-4.0000E-01,
13:05:41.59984880, 1.7333E-01, 4.4000E-01, 1.3333E-01,
13:05:41.59984885, 1.6000E-01, 4.4000E-01, 1.3333E-01,
13:05:41.59984890, 1.7333E-01, 4.5333E-01,-1.3333E-01,
13:05:41.59984895, 1.3333E-01, 4.2667E-01,-1.3333E-01,
13:05:41.59984900, 1.6000E-01, 4.5333E-01, 1.3333E-01,
13:05:41.59984905, 1.4667E-01, 4.4000E-01, 1.3333E-01,
13:05:41.59984910, 1.7333E-01, 4.5333E-01,-4.0000E-01,
13:05:41.59984915, 1.6000E-01, 4.8000E-01,-4.0000E-01,
13:05:41.59984920, 1.8667E-01, 4.2667E-01,-1.3333E-01,
13:05:41.59984925, 1.6000E-01, 4.4000E-01, 1.3333E-01,
13:05:41.59984930, 1.6000E-01, 4.4000E-01,-2.6667E-01,
13:05:41.59984935, 1.4667E-01, 4.2667E-01, 0.0000E+00,
13:05:41.59984940, 1.3333E-01, 4.1333E-01,-1.3333E-01,
13:05:41.59984945, 1.6000E-01, 4.5333E-01,-1.3333E-01,
13:05:41.59984950, 1.3333E-01, 4.2667E-01, 1.3333E-01,
13:05:41.59984955, 1.6000E-01, 4.2667E-01, 2.6667E-01,
13:05:41.59984960, 2.0000E-01, 4.5333E-01, 1.3333E-01,
13:05:41.59984965, 1.7333E-01, 4.6667E-01, 0.0000E+00,
13:05:41.59984970, 1.6000E-01, 4.4000E-01,-2.6667E-01,
13:05:41.59984975, 1.8667E-01, 4.4000E-01,-4.0000E-01,
13:05:41.59984980, 1.8667E-01, 4.8000E-01,-2.6667E-01,
13:05:41.59984985, 1.7333E-01, 4.4000E-01,-1.3333E-01,
13:05:41.59984990, 1.6000E-01, 4.5333E-01, 1.3333E-01,
13:05:41.59984995, 1.3333E-01, 4.4000E-01,-4.0000E-01,
13:05:41.59985000, 1.4667E-01, 4.0000E-01,-2.6667E-01,
13:05:41.59985005, 1.7333E-01, 4.4000E-01, 0.0000E+00,
13:05:41.59985010, 1.6000E-01, 4.5333E-01, 0.0000E+00,
13:05:41.59985015, 1.7333E-01, 4.5333E-01,-5.3333E-01,
13:05:41.59985020, 1.8667E-01, 4.2667E-01,-4.0000E-01,
13:05:41.59985025, 1.8667E-01, 4.8000E-01,-4.0000E-01,
13:05:41.59985030, 1.6000E-01, 4.4000E-01, 0.0000E+00,
13:05:41.59985035, 1.4667E-01, 4.4000E-01, 0.0000E+00,
13:05:41.59985040, 1.6000E-01, 4.5333E-01,-2.6667E-01,
13:05:41.59985045, 1.8667E-01, 4.2667E-01,-4.0000E-01,
13:05:41.59985050, 1.7333E-01, 4.4000E-01, 0.0000E+00,
13:05:41.59985055, 1.7333E-01, 4.4000E-01, 0.0000E+00,
13:05:41.59985060, 1.6000E-01, 4.5333E-01, 2.6667E-01,
13:05:41.59985065, 1.8667E-01, 4.5333E-01, 0.0000E+00,
13:05:41.59985070, 1.4667E-01, 4.6667E-01, 0.0000E+00,
13:05:41.59985075, 1.3333E-01, 4.4000E-01, 2.6667E-01,
13:05:41.59985080, 1.7333E-01, 4.5333E-01,-2.6667E-01,
13:05:41.59985085, 1.4667E-01, 4.4000E-01, 0.0000E+00,
13:05:41.59985090, 1.6000E-01, 4.2667E-01,-1.3333E-01,
13:05:41.59985095, 1.3333E-01, 4.4000E-01, 0.0000E+00,
13:05:41.59985100, 1.6000E-01, 4.2667E-01,-1.3333E-01,
13:05:41.59985105, 1.4667E-01, 4.1333E-01,-1.3333E-01,
13:05:41.59985110, 2.0000E-01, 4.4000E-01,-1.3333E-01,
13:05:41.59985115, 1.4667E-01, 4.4000E-01,-1.3333E-01,
13:05:41.59985120, 1.7333E-01, 4.1333E-01, 0.0000E+00,
13:05:41.59985125, 1.8667E-01, 4.1333E-01,-1.3333E-01,
13:05:41.59985130, 1.2000E-01, 4.4000E-01,-2.6667E-01,
13:05:41.59985135, 1.4667E-01, 4.4000E-01, 0.0000E+00,
13:05:41.59985140, 1.6000E-01, 4.1333E-01, 0.0000E+00,
13:05:41.59985145, 1.6000E-01, 4.5333E-01,-1.3333E-01,
13:05:41.59985150, 1.3333E-01, 4.4000E-01,-1.3333E-01,
13:05:41.59985155, 1.7333E-01, 4.5333E-01, 0.0000E+00,
13:05:41.59985160, 1.7333E-01, 4.6667E-01,-2.6667E-01,
13:05:41.59985165, 1.6000E-01, 4.4000E-01,-2.6667E-01,
13:05:41.59985170, 1.4667E-01, 4.5333E-01,-2.6667E-01,
13:05:41.59985175, 1.4667E-01, 4.4000E-01,-1.3333E-01,
13:05:41.59985180, 1.7333E-01, 4.1333E-01,-4.0000E-01,
13:05:41.59985185, 1.4667E-01, 4.8000E-01,-1.3333E-01,
13:05:41.59985190, 1.4667E-01, 4.5333E-01,-1.3333E-01,
13:05:41.59985195, 1.6000E-01, 4.2667E-01,-2.6667E-01,
13:05:41.59985200, 1.3333E-01, 4.5333E-01, 0.0000E+00,
13:05:41.59985205, 1.4667E-01, 4.2667E-01,-1.3333E-01,
13:05:41.59985210, 1.4667E-01, 4.4000E-01,-2.6667E-01,
13:05:41.59985215, 1.6000E-01, 4.5333E-01,-1.3333E-01,
13:05:41.59985220, 1.6000E-01, 4.2667E-01,-1.3333E-01,
13:05:41.59985225, 1.2000E-01, 4.6667E-01, 0.0000E+00,
13:05:41.59985230, 1.3333E-01, 4.5333E-01, 1.3333E-01,
13:05:41.59985235, 1.7333E-01, 4.1333E-01,-1.3333E-01,
13:05:41.59985240, 1.4667E-01, 4.4000E-01, 0.0000E+00,
13:05:41.59985245, 1.6000E-01, 4.4000E-01,-5.3333E-01,
13:05:41.59985250, 1.4667E-01, 4.2667E-01,-2.6667E-01,
13:05:41.59985255, 1.4667E-01, 4.4000E-01, 1.3333E-01,
13:05:41.59985260, 1.3333E-01, 4.4000E-01,-1.3333E-01,
13:05:41.59985265, 1.7333E-01, 4.4000E-01, 0.0000E+00,
13:05:41.59985270, 1.6000E-01, 4.2667E-01,-2.6667E-01,
13:05:41.59985275, 1.2000E-01, 4.5333E-01, 0.0000E+00,
13:05:41.59985280, 1.6000E-01, 4.0000E-01, 0.0000E+00,
13:05:41.59985285, 9.3333E-02, 4.1333E-01,-4.0000E-01,
13:05:41.59985290, 1.3333E-01, 4.6667E-01,-2.6667E-01,
13:05:41.59985295, 1.4667E-01, 4.4000E-01, 0.0000E+00,
13:05:41.59985300, 1.4667E-01, 4.1333E-01,-1.3333E-01,
13:05:41.59985305, 1.7333E-01, 4.6667E-01,-1.3333E-01,
13:05:41.59985310, 1.6000E-01, 4.4000E-01,-4.0000E-01,
13:05:41.59985315, 1.4667E-01, 4.1333E-01,-4.0000E-01,
13:05:41.59985320, 1.3333E-01, 4.2667E-01, 0.0000E+00,
13:05:41.59985325, 1.4667E-01, 4.5333E-01,-2.6667E-01,
13:05:41.59985330, 1.3333E-01, 4.2667E-01,-2.6667E-01,
13:05:41.59985335, 1.3333E-01, 4.2667E-01, 0.0000E+00,
13:05:41.59985340, 1.4667E-01, 4.5333E-01, 2.6667E-01,
13:05:41.59985345, 1.4667E-01, 4.5333E-01, 0.0000E+00,
13:05:41.59985350, 1.3333E-01, 4.5333E-01, 2.6667E-01,
13:05:41.59985355, 1.3333E-01, 4.4000E-01,-2.6667E-01,
13:05:41.59985360, 1.3333E-01, 4.4000E-01, 0.0000E+00,
13:05:41.59985365, 1.6000E-01, 4.8000E-01, 0.0000E+00,
13:05:41.59985370, 1.3333E-01, 4.4000E-01,-1.3333E-01,
13:05:41.59985375, 1.2000E-01, 4.2667E-01,-1.3333E-01,
13:05:41.59985380, 1.4667E-01, 4.2667E-01, 1.3333E-01,
13:05:41.59985385, 1.4667E-01, 4.4000E-01,-1.3333E-01,
13:05:41.59985390, 1.3333E-01, 4.6667E-01, 0.0000E+00,
13:05:41.59985395, 1.6000E-01, 4.6667E-01, 1.3333E-01,
13:05:41.59985400, 1.4667E-01, 4.6667E-01, 0.0000E+00,
13:05:41.59985405, 1.2000E-01, 4.5333E-01,-1.3333E-01,
13:05:41.59985410, 1.4667E-01, 4.6667E-01, 1.3333E-01,
13:05:41.59985415, 1.4667E-01, 4.5333E-01,-1.3333E-01,
13:05:41.59985420, 1.2000E-01, 4.4000E-01,-1.3333E-01,
13:05:41.59985425, 1.2000E-01, 4.4000E-01,-2.6667E-01,
13:05:41.59985430, 1.2000E-01, 4.5333E-01, 0.0000E+00,
13:05:41.59985435, 1.4667E-01, 4.4000E-01,-2.6667E-01,
13:05:41.59985440, 1.6000E-01, 4.6667E-01, 2.6667E-01,
13:05:41.59985445, 1.4667E-01, 4.6667E-01, 2.6667E-01,
13:05:41.59985450, 1.7333E-01, 4.5333E-01, 0.0000E+00,
13:05:41.59985455, 1.2000E-01, 4.2667E-01,-1.3333E-01,
13:05:41.59985460, 1.4667E-01, 4.4000E-01, 2.6667E-01,
13:05:41.59985465, 1.4667E-01, 4.4000E-01, 0.0000E+00,
13:05:41.59985470, 1.3333E-01, 4.4000E-01, 0.0000E+00,
13:05:41.59985475, 1.0667E-01, 4.4000E-01,-1.3333E-01,
13:05:41.59985480, 1.4667E-01, 4.2667E-01, 2.6667E-01,
13:05:41.59985485, 1.3333E-01, 4.4000E-01,-1.3333E-01,
13:05:41.59985490, 1.3333E-01, 4.2667E-01, 1.3333E-01,
13:05:41.59985495, 1.7333E-01, 4.1333E-01, 2.6667E-01,
13:05:41.59985500, 1.3333E-01, 4.2667E-01, 0.0000E+00,
13:05:41.59985505, 1.3333E-01, 4.2667E-01, 1.3333E-01,
13:05:41.59985510, 1.6000E-01, 4.1333E-01, 0.0000E+00,
13:05:41.59985515, 1.3333E-01, 4.5333E-01, 0.0000E+00,
13:05:41.59985520, 1.4667E-01, 4.5333E-01, 0.0000E+00,
13:05:41.59985525, 1.6000E-01, 4.5333E-01,-1.3333E-01,
13:05:41.59985530, 1.4667E-01, 4.4000E-01, 2.6667E-01,
13:05:41.59985535, 1.0667E-01, 4.2667E-01,-1.3333E-01,
13:05:41.59985540, 1.6000E-01, 4.6667E-01, 0.0000E+00,
13:05:41.59985545, 1.4667E-01, 4.2667E-01, 1.3333E-01,
13:05:41.59985550, 1.6000E-01, 4.4000E-01,-1.3333E-01,
13:05:41.59985555, 1.3333E-01, 4.5333E-01,-1.3333E-01,
13:05:41.59985560, 1.7333E-01, 4.2667E-01, 0.0000E+00,
13:05:41.59985565, 1.3333E-01, 4.4000E-01,-1.3333E-01,
13:05:41.59985570, 1.2000E-01, 4.4000E-01, 4.0000E-01,
13:05:41.59985575, 1.3333E-01, 4.4000E-01, 1.3333E-01,
13:05:41.59985580, 1.2000E-01, 4.1333E-01, 2.6667E-01,
13:05:41.59985585, 1.2000E-01, 4.5333E-01, 2.6667E-01,
13:05:41.59985590, 1.2000E-01, 4.2667E-01, 2.6667E-01,
13:05:41.59985595, 1.2000E-01, 4.2667E-01, 1.3333E-01,
13:05:41.59985600, 1.3333E-01, 4.2667E-01, 1.3333E-01,
13:05:41.59985605, 1.2000E-01, 4.4000E-01, 0.0000E+00,
13:05:41.59985610, 1.3333E-01, 4.4000E-01, 2.6667E-01,
13:05:41.59985615, 1.2000E-01, 4.5333E-01, 0.0000E+00,
13:05:41.59985620, 1.0667E-01, 4.5333E-01, 2.6667E-01,
13:05:41.59985625, 1.7333E-01, 4.1333E-01, 1.3333E-01,
13:05:41.59985630, 1.0667E-01, 4.2667E-01, 4.0000E-01,
13:05:41.59985635, 1.3333E-01, 4.1333E-01, 5.3333E-01,
13:05:41.59985640, 1.0667E-01, 4.4000E-01, 2.6667E-01,
13:05:41.59985645, 1.2000E-01, 4.5333E-01, 1.3333E-01,
13:05:41.59985650, 1.6000E-01, 4.2667E-01, 0.0000E+00,
13:05:41.59985655, 1.2000E-01, 4.1333E-01, 0.0000E+00,
13:05:41.59985660, 1.2000E-01, 4.1333E-01, 0.0000E+00,
13:05:41.59985665, 1.0667E-01, 4.2667E-01,-1.3333E-01,
13:05:41.59985670, 1.3333E-01, 4.4000E-01, 0.0000E+00,
13:05:41.59985675, 1.4667E-01, 4.6667E-01, 2.6667E-01,
13:05:41.59985680, 1.3333E-01, 4.1333E-01, 0.0000E+00,
13:05:41.59985685, 1.2000E-01, 4.6667E-01, 0.0000E+00,
13:05:41.59985690, 1.2000E-01, 4.4000E-01, 1.3333E-01,
13:05:41.59985695, 1.2000E-01, 4.2667E-01, 1.3333E-01,
13:05:41.59985700, 1.3333E-01, 4.8000E-01,-1.3333E-01,
13:05:41.59985705, 1.0667E-01, 4.2667E-01,-2.6667E-01,
13:05:41.59985710, 1.2000E-01, 4.1333E-01, 0.0000E+00,
13:05:41.59985715, 1.0667E-01, 4.4000E-01, 0.0000E+00,
13:05:41.59985720, 1.2000E-01, 4.4000E-01, 1.3333E-01,
13:05:41.59985725, 1.4667E-01, 4.5333E-01, 1.3333E-01,
13:05:41.59985730, 1.2000E-01, 4.1333E-01, 0.0000E+00,
13:05:41.59985735, 1.0667E-01, 4.4000E-01, 1.3333E-01,
13:05:41.59985740, 1.4667E-01, 4.4000E-01, 5.3333E-01,
13:05:41.59985745, 1.0667E-01, 4.2667E-01,-1.3333E-01,
13:05:41.59985750, 1.0667E-01, 4.4000E-01, 0.0000E+00,
13:05:41.59985755, 1.2000E-01, 4.1333E-01, 1.3333E-01,
13:05:41.59985760, 1.0667E-01, 4.2667E-01, 1.3333E-01,
13:05:41.59985765, 1.2000E-01, 4.1333E-01, 1.3333E-01,
13:05:41.59985770, 1.2000E-01, 4.5333E-01, 2.6667E-01,
13:05:41.59985775, 1.2000E-01, 4.4000E-01, 1.3333E-01,
13:05:41.59985780, 1.3333E-01, 4.4000E-01, 0.0000E+00,
13:05:41.59985785, 1.4667E-01, 4.2667E-01, 2.6667E-01,
13:05:41.59985790, 1.2000E-01, 4.5333E-01, 5.3333E-01,
13:05:41.59985795, 1.0667E-01, 4.4000E-01, 0.0000E+00,
13:05:41.59985800, 1.4667E-01, 4.6667E-01, 1.3333E-01,
13:05:41.59985805, 9.3333E-02, 4.4000E-01, 4.0000E-01,
13:05:41.59985810, 1.0667E-01, 4.6667E-01, 2.6667E-01,
13:05:41.59985815, 1.2000E-01, 4.4000E-01,-1.3333E-01,
13:05:41.59985820, 1.0667E-01, 4.8000E-01, 4.0000E-01,
13:05:41.59985825, 1.4667E-01, 4.5333E-01, 4.0000E-01,
13:05:41.59985830, 1.3333E-01, 4.5333E-01,-1.3333E-01,
13:05:41.59985835, 1.2000E-01, 4.5333E-01, 2.6667E-01,
13:05:41.59985840, 1.2000E-01, 4.2667E-01, 5.3333E-01,
13:05:41.59985845, 1.6000E-01, 4.5333E-01, 5.3333E-01,
13:05:41.59985850, 1.0667E-01, 4.4000E-01, 2.6667E-01,
13:05:41.59985855, 9.3333E-02, 4.4000E-01, 0.0000E+00,
13:05:41.59985860, 1.2000E-01, 4.2667E-01, 1.3333E-01,
13:05:41.59985865, 1.3333E-01, 4.4000E-01, 2.6667E-01,
13:05:41.59985870, 9.3333E-02, 4.2667E-01, 1.3333E-01,
13:05:41.59985875, 1.4667E-01, 4.5333E-01,-2.6667E-01,
13:05:41.59985880, 1.2000E-01, 4.1333E-01, 0.0000E+00,
13:05:41.59985885, 1.0667E-01, 4.4000E-01, 5.3333E-01,
13:05:41.59985890, 1.2000E-01, 4.2667E-01, 2.6667E-01,
13:05:41.59985895, 1.0667E-01, 4.4000E-01, 2.6667E-01,
13:05:41.59985900, 1.2000E-01, 4.4000E-01, 2.6667E-01,
13:05:41.59985905, 9.3333E-02, 4.1333E-01,-1.3333E-01,
13:05:41.59985910, 1.0667E-01, 4.2667E-01, 5.3333E-01,
13:05:41.59985915, 1.3333E-01, 4.5333E-01, 2.6667E-01,
13:05:41.59985920, 1.4667E-01, 4.2667E-01, 2.6667E-01,
13:05:41.59985925, 1.3333E-01, 4.4000E-01, 0.0000E+00,
13:05:41.59985930, 1.2000E-01, 4.1333E-01, 5.3333E-01,
13:05:41.59985935, 1.2000E-01, 4.1333E-01, 2.6667E-01,
13:05:41.59985940, 1.4667E-01, 4.4000E-01, 4.0000E-01,
13:05:41.59985945, 1.3333E-01, 4.2667E-01, 2.6667E-01,
13:05:41.59985950, 1.2000E-01, 4.4000E-01, 2.6667E-01,
13:05:41.59985955, 9.3333E-02, 4.4000E-01, 0.0000E+00,
13:05:41.59985960, 1.0667E-01, 4.4000E-01, 2.6667E-01,
13:05:41.59985965, 1.4667E-01, 4.4000E-01, 4.0000E-01,
13:05:41.59985970, 1.3333E-01, 4.4000E-01, 4.0000E-01,
13:05:41.59985975, 1.3333E-01, 4.2667E-01, 2.6667E-01,
13:05:41.59985980, 1.0667E-01, 4.2667E-01, 4.0000E-01,
13:05:41.59985985, 1.0667E-01, 4.1333E-01,-2.6667E-01,
13:05:41.59985990, 1.2000E-01, 4.4000E-01, 4.0000E-01,
13:05:41.59985995, 1.3333E-01, 4.5333E-01, 0.0000E+00,
13:05:41.59986000, 1.0667E-01, 4.1333E-01, 1.3333E-01,
13:05:41.59986005, 1.6000E-01, 4.2667E-01, 2.6667E-01,
13:05:41.59986010, 1.4667E-01, 4.6667E-01, 1.3333E-01,
13:05:41.59986015, 1.0667E-01, 4.4000E-01, 4.0000E-01,
13:05:41.59986020, 1.6000E-01, 4.1333E-01, 2.6667E-01,
13:05:41.59986025, 1.4667E-01, 4.4000E-01, 4.0000E-01,
13:05:41.59986030, 1.3333E-01, 4.6667E-01, 2.6667E-01,
13:05:41.59986035, 1.2000E-01, 4.4000E-01, 2.6667E-01,
13:05:41.59986040, 1.0667E-01, 4.4000E-01, 4.0000E-01,
13:05:41.59986045, 9.3333E-02, 4.6667E-01, 2.6667E-01,
13:05:41.59986050, 8.0000E-02, 4.6667E-01, 1.3333E-01,
13:05:41.59986055, 1.4667E-01, 4.1333E-01,-1.3333E-01,
13:05:41.59986060, 1.4667E-01, 4.1333E-01, 4.0000E-01,
13:05:41.59986065, 1.2000E-01, 4.2667E-01, 0.0000E+00,
13:05:41.59986070, 1.0667E-01, 4.5333E-01, 2.6667E-01,
13:05:41.59986075, 1.3333E-01, 4.4000E-01, 5.3333E-01,
13:05:41.59986080, 9.3333E-02, 4.1333E-01, 5.3333E-01,
13:05:41.59986085, 9.3333E-02, 4.5333E-01, 2.6667E-01,
13:05:41.59986090, 9.3333E-02, 4.4000E-01, 2.6667E-01,
13:05:41.59986095, 1.3333E-01, 4.4000E-01, 1.3333E-01,
13:05:41.59986100, 1.0667E-01, 4.6667E-01, 2.6667E-01,
13:05:41.59986105, 1.2000E-01, 4.5333E-01, 1.3333E-01,
13:05:41.59986110, 1.2000E-01, 4.1333E-01, 2.6667E-01,
13:05:41.59986115, 1.2000E-01, 4.4000E-01, 4.0000E-01,
13:05:41.59986120, 8.0000E-02, 4.6667E-01, 4.0000E-01,
13:05:41.59986125, 1.4667E-01, 4.1333E-01, 4.0000E-01,
13:05:41.59986130, 1.2000E-01, 4.5333E-01, 2.6667E-01,
13:05:41.59986135, 9.3333E-02, 4.1333E-01, 5.3333E-01,
13:05:41.59986140, 8.0000E-02, 4.5333E-01, 2.6667E-01,
13:05:41.59986145, 1.2000E-01, 4.6667E-01, 2.6667E-01,
13:05:41.59986150, 9.3333E-02, 4.5333E-01, 2.6667E-01,
13:05:41.59986155, 1.0667E-01, 4.1333E-01, 1.3333E-01,
13:05:41.59986160, 9.3333E-02, 4.2667E-01, 1.3333E-01,
13:05:41.59986165, 9.3333E-02, 4.5333E-01, 4.0000E-01,
13:05:41.59986170, 1.3333E-01, 4.2667E-01, 2.6667E-01,
13:05:41.59986175, 1.3333E-01, 4.0000E-01, 2.6667E-01,
13:05:41.59986180, 1.0667E-01, 4.4000E-01, 1.3333E-01,
13:05:41.59986185, 1.2000E-01, 4.4000E-01, 4.0000E-01,
13:05:41.59986190, 9.3333E-02, 4.2667E-01, 2.6667E-01,
13:05:41.59986195, 9.3333E-02, 4.4000E-01, 1.3333E-01,
13:05:41.59986200, 1.3333E-01, 4.2667E-01, 4.0000E-01,
13:05:41.59986205, 1.3333E-01, 4.4000E-01, 4.0000E-01,
13:05:41.59986210, 8.0000E-02, 4.8000E-01, 1.3333E-01,
13:05:41.59986215, 1.2000E-01, 4.0000E-01, 4.0000E-01,
13:05:41.59986220, 1.2000E-01, 4.4000E-01, 2.6667E-01,
13:05:41.59986225, 1.2000E-01, 4.5333E-01, 6.6667E-01,
13:05:41.59986230, 1.3333E-01, 4.6667E-01, 4.0000E-01,
13:05:41.59986235, 1.0667E-01, 4.5333E-01, 1.3333E-01,
13:05:41.59986240, 8.0000E-02, 4.5333E-01, 2.6667E-01,
13:05:41.59986245, 1.0667E-01, 4.5333E-01, 4.0000E-01,
13:05:41.59986250, 1.2000E-01, 4.6667E-01, 2.6667E-01,
13:05:41.59986255, 9.3333E-02, 4.2667E-01, 2.6667E-01,
13:05:41.59986260, 1.3333E-01, 4.5333E-01, 2.6667E-01,
13:05:41.59986265, 1.3333E-01, 4.5333E-01, 2.6667E-01,
13:05:41.59986270, 1.0667E-01, 4.6667E-01, 2.6667E-01,
13:05:41.59986275, 9.3333E-02, 4.6667E-01, 0.0000E+00,
13:05:41.59986280, 8.0000E-02, 4.8000E-01, 5.3333E-01,
13:05:41.59986285, 1.0667E-01, 4.4000E-01, 4.0000E-01,
13:05:41.59986290, 1.2000E-01, 4.4000E-01, 1.3333E-01,
13:05:41.59986295, 1.0667E-01, 4.1333E-01, 4.0000E-01,
13:05:41.59986300, 1.2000E-01, 4.6667E-01, 2.6667E-01,
13:05:41.59986305, 1.4667E-01, 4.2667E-01, 0.0000E+00,
13:05:41.59986310, 1.3333E-01, 4.4000E-01, 0.0000E+00,
13:05:41.59986315, 1.2000E-01, 4.1333E-01, 4.0000E-01,
13:05:41.59986320, 9.3333E-02, 4.4000E-01, 4.0000E-01,
13:05:41.59986325, 1.2000E-01, 4.1333E-01, 5.3333E-01,
13:05:41.59986330, 9.3333E-02, 4.2667E-01, 2.6667E-01,
13:05:41.59986335, 9.3333E-02, 4.5333E-01, 5.3333E-01,
13:05:41.59986340, 9.3333E-02, 4.4000E-01, 2.6667E-01,
13:05:41.59986345, 9.3333E-02, 4.4000E-01, 2.6667E-01,
13:05:41.59986350, 1.3333E-01, 4.5333E-01, 2.6667E-01,
13:05:41.59986355, 9.3333E-02, 4.2667E-01, 2.6667E-01,
13:05:41.59986360, 1.0667E-01, 4.6667E-01, 4.0000E-01,
13:05:41.59986365, 1.3333E-01, 4.6667E-01, 2.6667E-01,
13:05:41.59986370, 1.0667E-01, 4.4000E-01, 6.6667E-01,
13:05:41.59986375, 8.0000E-02, 4.2667E-01, 2.6667E-01,
13:05:41.59986380, 9.3333E-02, 4.5333E-01, 6.6667E-01,
13:05:41.59986385, 9.3333E-02, 4.6667E-01, 5.3333E-01,
13:05:41.59986390, 1.0667E-01, 4.4000E-01, 5.3333E-01,
13:05:41.59986395, 1.0667E-01, 4.4000E-01, 2.6667E-01,
13:05:41.59986400, 9.3333E-02, 4.2667E-01, 2.6667E-01,
13:05:41.59986405, 8.0000E-02, 4.6667E-01, 4.0000E-01,
13:05:41.59986410, 1.3333E-01, 4.5333E-01, 4.0000E-01,
13:05:41.59986415, 9.3333E-02, 4.2667E-01, 5.3333E-01,
13:05:41.59986420, 9.3333E-02, 4.5333E-01, 0.0000E+00,
13:05:41.59986425, 1.0667E-01, 4.2667E-01, 4.0000E-01,
13:05:41.59986430, 9.3333E-02, 4.6667E-01, 2.6667E-01,
13:05:41.59986435, 1.0667E-01, 4.6667E-01, 4.0000E-01,
13:05:41.59986440, 1.2000E-01, 4.2667E-01, 1.3333E-01,
13:05:41.59986445, 1.0667E-01, 4.2667E-01, 2.6667E-01,
13:05:41.59986450, 1.0667E-01, 4.4000E-01, 2.6667E-01,
13:05:41.59986455, 1.3333E-01, 4.6667E-01, 4.0000E-01,
13:05:41.59986460, 1.2000E-01, 4.8000E-01, 4.0000E-01,
13:05:41.59986465, 9.3333E-02, 4.4000E-01, 4.0000E-01,
13:05:41.59986470, 9.3333E-02, 4.4000E-01, 2.6667E-01,
13:05:41.59986475, 1.0667E-01, 4.4000E-01, 1.3333E-01,
13:05:41.59986480, 9.3333E-02, 4.6667E-01, 5.3333E-01,
13:05:41.59986485, 1.2000E-01, 4.6667E-01, 0.0000E+00,
13:05:41.59986490, 1.2000E-01, 4.4000E-01, 1.3333E-01,
13:05:41.59986495, 1.0667E-01, 4.1333E-01, 1.3333E-01,
13:05:41.59986500, 8.0000E-02, 4.2667E-01, 2.6667E-01,
13:05:41.59986505, 9.3333E-02, 4.4000E-01, 2.6667E-01,
13:05:41.59986510, 8.0000E-02, 4.4000E-01, 1.3333E-01,
13:05:41.59986515, 8.0000E-02, 4.4000E-01, 2.6667E-01,
13:05:41.59986520, 8.0000E-02, 4.4000E-01, 2.6667E-01,
13:05:41.59986525, 1.2000E-01, 4.5333E-01, 0.0000E+00,
13:05:41.59986530, 1.0667E-01, 4.1333E-01,-1.3333E-01,
13:05:41.59986535, 8.0000E-02, 4.5333E-01, 6.6667E-01,
13:05:41.59986540, 1.2000E-01, 4.5333E-01, 1.3333E-01,
13:05:41.59986545, 8.0000E-02, 4.2667E-01, 2.6667E-01,
13:05:41.59986550, 1.0667E-01, 4.5333E-01, 1.3333E-01,
13:05:41.59986555, 1.0667E-01, 4.2667E-01, 4.0000E-01,
13:05:41.59986560, 1.2000E-01, 4.4000E-01, 2.6667E-01,
13:05:41.59986565, 1.0667E-01, 4.2667E-01, 1.3333E-01,
13:05:41.59986570, 1.0667E-01, 4.4000E-01, 8.0000E-01,
13:05:41.59986575, 1.2000E-01, 4.2667E-01, 2.6667E-01,
13:05:41.59986580, 9.3333E-02, 4.5333E-01, 1.3333E-01,
13:05:41.59986585, 1.0667E-01, 4.4000E-01, 6.6667E-01,
13:05:41.59986590, 1.2000E-01, 4.4000E-01, 2.6667E-01,
13:05:41.59986595, 1.0667E-01, 4.8000E-01, 0.0000E+00,
13:05:41.59986600, 1.0667E-01, 4.2667E-01, 2.6667E-01,
13:05:41.59986605, 1.2000E-01, 4.4000E-01, 4.0000E-01,
13:05:41.59986610, 9.3333E-02, 4.2667E-01, 0.0000E+00,
13:05:41.59986615, 8.0000E-02, 4.4000E-01, 4.0000E-01,
13:05:41.59986620, 9.3333E-02, 4.6667E-01, 1.3333E-01,
13:05:41.59986625, 8.0000E-02, 4.2667E-01, 5.3333E-01,
13:05:41.59986630, 8.0000E-02, 4.5333E-01, 4.0000E-01,
13:05:41.59986635, 1.0667E-01, 4.6667E-01, 1.3333E-01,
13:05:41.59986640, 9.3333E-02, 4.4000E-01, 0.0000E+00,
13:05:41.59986645, 1.4667E-01, 4.8000E-01, 1.3333E-01,
13:05:41.59986650, 1.2000E-01, 4.6667E-01, 2.6667E-01,
13:05:41.59986655, 9.3333E-02, 4.4000E-01, 1.3333E-01,
13:05:41.59986660, 1.0667E-01, 4.5333E-01, 6.6667E-01,
13:05:41.59986665, 8.0000E-02, 4.4000E-01,-1.3333E-01,
13:05:41.59986670, 8.0000E-02, 4.5333E-01, 4.0000E-01,
13:05:41.59986675, 1.0667E-01, 4.5333E-01, 0.0000E+00,
13:05:41.59986680, 9.3333E-02, 4.4000E-01,-2.6667E-01,
13:05:41.59986685, 1.0667E-01, 4.5333E-01, 2.6667E-01,
13:05:41.59986690, 9.3333E-02, 4.5333E-01, 2.6667E-01,
13:05:41.59986695, 1.0667E-01, 4.4000E-01, 2.6667E-01,
13:05:41.59986700, 1.3333E-01, 4.5333E-01, 2.6667E-01,
13:05:41.59986705, 9.3333E-02, 4.6667E-01, 6.6667E-01,
13:05:41.59986710, 9.3333E-02, 4.5333E-01, 2.6667E-01,
13:05:41.59986715, 9.3333E-02, 4.4000E-01, 2.6667E-01,
13:05:41.59986720, 8.0000E-02, 4.5333E-01,-4.0000E-01,
13:05:41.59986725, 9.3333E-02, 4.4000E-01, 5.3333E-01,
13:05:41.59986730, 8.0000E-02, 4.6667E-01, 1.3333E-01,
13:05:41.59986735, 8.0000E-02, 4.5333E-01, 1.3333E-01,
13:05:41.59986740, 1.0667E-01, 4.4000E-01,-1.3333E-01,
13:05:41.59986745, 1.2000E-01, 4.4000E-01, 4.0000E-01,
13:05:41.59986750, 1.3333E-01, 4.4000E-01, 5.3333E-01,
13:05:41.59986755, 9.3333E-02, 4.6667E-01, 4.0000E-01,
13:05:41.59986760, 1.0667E-01, 4.8000E-01, 1.3333E-01,
13:05:41.59986765, 8.0000E-02, 4.4000E-01, 5.3333E-01,
13:05:41.59986770, 1.0667E-01, 4.4000E-01, 0.0000E+00,
13:05:41.59986775, 8.0000E-02, 4.5333E-01, 0.0000E+00,
13:05:41.59986780, 9.3333E-02, 4.6667E-01, 4.0000E-01,
13:05:41.59986785, 8.0000E-02, 4.5333E-01, 0.0000E+00,
13:05:41.59986790, 1.0667E-01, 4.5333E-01, 1.3333E-01,
13:05:41.59986795, 9.3333E-02, 4.5333E-01, 1.3333E-01,
13:05:41.59986800, 1.2000E-01, 4.6667E-01, 4.0000E-01,
13:05:41.59986805, 8.0000E-02, 4.4000E-01, 2.6667E-01,
13:05:41.59986810, 8.0000E-02, 4.8000E-01, 1.3333E-01,
13:05:41.59986815, 6.6667E-02, 4.5333E-01, 4.0000E-01,
13:05:41.59986820, 8.0000E-02, 4.5333E-01, 4.0000E-01,
13:05:41.59986825, 1.2000E-01, 4.4000E-01, 5.3333E-01,
13:05:41.59986830, 1.2000E-01, 4.6667E-01, 2.6667E-01,
13:05:41.59986835, 9.3333E-02, 4.6667E-01, 5.3333E-01,
13:05:41.59986840, 1.2000E-01, 4.5333E-01, 2.6667E-01,
13:05:41.59986845, 9.3333E-02, 4.5333E-01, 2.6667E-01,
13:05:41.59986850, 9.3333E-02, 4.2667E-01, 4.0000E-01,
13:05:41.59986855, 9.3333E-02, 4.6667E-01, 2.6667E-01,
13:05:41.59986860, 9.3333E-02, 4.2667E-01, 2.6667E-01,
13:05:41.59986865, 9.3333E-02, 4.5333E-01, 2.6667E-01,
13:05:41.59986870, 1.0667E-01, 4.4000E-01, 2.6667E-01,
13:05:41.59986875, 9.3333E-02, 4.4000E-01, 4.0000E-01,
13:05:41.59986880, 1.0667E-01, 4.2667E-01,-1.3333E-01,
13:05:41.59986885, 1.2000E-01, 4.8000E-01, 2.6667E-01,
13:05:41.59986890, 1.0667E-01, 4.8000E-01, 2.6667E-01,
13:05:41.59986895, 1.0667E-01, 4.4000E-01, 4.0000E-01,
13:05:41.59986900, 8.0000E-02, 4.6667E-01, 2.6667E-01,
13:05:41.59986905, 9.3333E-02, 4.6667E-01, 1.3333E-01,
13:05:41.59986910, 8.0000E-02, 4.4000E-01, 4.0000E-01,
13:05:41.59986915, 9.3333E-02, 4.5333E-01, 0.0000E+00,
13:05:41.59986920, 1.0667E-01, 4.6667E-01, 1.3333E-01,
13:05:41.59986925, 8.0000E-02, 4.4000E-01,-1.3333E-01,
13:05:41.59986930, 1.0667E-01, 4.4000E-01, 4.0000E-01,
13:05:41.59986935, 8.0000E-02, 4.6667E-01,-1.3333E-01,
13:05:41.59986940, 1.0667E-01, 4.5333E-01, 1.3333E-01,
13:05:41.59986945, 1.0667E-01, 4.5333E-01, 1.3333E-01,
13:05:41.59986950, 1.0667E-01, 4.4000E-01, 4.0000E-01,
13:05:41.59986955, 8.0000E-02, 4.4000E-01, 1.3333E-01,
13:05:41.59986960, 8.0000E-02, 4.4000E-01, 2.6667E-01,
13:05:41.59986965, 8.0000E-02, 4.4000E-01, 0.0000E+00,
13:05:41.59986970, 1.0667E-01, 4.5333E-01, 1.3333E-01,
13:05:41.59986975, 5.3333E-02, 4.4000E-01, 2.6667E-01,
13:05:41.59986980, 1.0667E-01, 4.4000E-01,-1.3333E-01,
13:05:41.59986985, 9.3333E-02, 4.4000E-01,-2.6667E-01,
13:05:41.59986990, 8.0000E-02, 4.5333E-01, 1.3333E-01,
13:05:41.59986995, 8.0000E-02, 4.2667E-01, 1.3333E-01,
13:05:41.59987000, 9.3333E-02, 4.6667E-01, 4.0000E-01,
13:05:41.59987005, 8.0000E-02, 4.6667E-01, 0.0000E+00,
13:05:41.59987010, 1.2000E-01, 4.6667E-01, 1.3333E-01,
13:05:41.59987015, 1.2000E-01, 4.5333E-01, 4.0000E-01,
13:05:41.59987020, 8.0000E-02, 4.5333E-01, 1.3333E-01,
13:05:41.59987025, 8.0000E-02, 4.4000E-01, 1.3333E-01,
13:05:41.59987030, 9.3333E-02, 4.4000E-01, 2.6667E-01,
13:05:41.59987035, 9.3333E-02, 4.6667E-01, 1.3333E-01,
13:05:41.59987040, 1.3333E-01, 4.5333E-01, 1.3333E-01,
13:05:41.59987045, 1.0667E-01, 4.6667E-01, 5.3333E-01,
13:05:41.59987050, 8.0000E-02, 4.4000E-01, 4.0000E-01,
13:05:41.59987055, 8.0000E-02, 4.6667E-01, 1.3333E-01,
13:05:41.59987060, 8.0000E-02, 4.5333E-01, 2.6667E-01,
13:05:41.59987065, 5.3333E-02, 4.5333E-01, 2.6667E-01,
13:05:41.59987070, 6.6667E-02, 4.6667E-01, 1.3333E-01,
13:05:41.59987075, 8.0000E-02, 4.8000E-01,-1.3333E-01,
13:05:41.59987080, 9.3333E-02, 4.6667E-01, 0.0000E+00,
13:05:41.59987085, 8.0000E-02, 4.8000E-01, 0.0000E+00,
13:05:41.59987090, 8.0000E-02, 4.5333E-01, 2.6667E-01,
13:05:41.59987095, 9.3333E-02, 4.6667E-01, 5.3333E-01,
13:05:41.59987100, 6.6667E-02, 4.6667E-01, 2.6667E-01,
13:05:41.59987105, 8.0000E-02, 4.5333E-01, 1.3333E-01,
13:05:41.59987110, 1.0667E-01, 4.8000E-01, 2.6667E-01,
13:05:41.59987115, 8.0000E-02, 4.8000E-01, 1.3333E-01,
13:05:41.59987120, 9.3333E-02, 4.8000E-01, 0.0000E+00,
13:05:41.59987125, 8.0000E-02, 4.5333E-01,-2.6667E-01,
13:05:41.59987130, 9.3333E-02, 4.8000E-01, 0.0000E+00,
13:05:41.59987135, 1.2000E-01, 4.6667E-01,-1.3333E-01,
13:05:41.59987140, 1.2000E-01, 4.5333E-01, 1.3333E-01,
13:05:41.59987145, 9.3333E-02, 4.6667E-01, 5.3333E-01,
13:05:41.59987150, 6.6667E-02, 4.5333E-01, 1.3333E-01,
13:05:41.59987155, 6.6667E-02, 4.5333E-01, 1.3333E-01,
13:05:41.59987160, 6.6667E-02, 4.8000E-01,-2.6667E-01,
13:05:41.59987165, 8.0000E-02, 4.6667E-01,-1.3333E-01,
13:05:41.59987170, 9.3333E-02, 4.6667E-01,-1.3333E-01,
13:05:41.59987175, 1.0667E-01, 4.5333E-01, 0.0000E+00,
13:05:41.59987180, 9.3333E-02, 4.4000E-01, 0.0000E+00,
13:05:41.59987185, 1.0667E-01, 4.6667E-01, 0.0000E+00,
13:05:41.59987190, 8.0000E-02, 4.4000E-01, 0.0000E+00,
13:05:41.59987195, 8.0000E-02, 4.4000E-01, 0.0000E+00,
13:05:41.59987200, 8.0000E-02, 4.4000E-01, 1.3333E-01,
13:05:41.59987205, 8.0000E-02, 4.5333E-01, 0.0000E+00,
13:05:41.59987210, 8.0000E-02, 4.6667E-01,-1.3333E-01,
13:05:41.59987215, 8.0000E-02, 4.6667E-01, 4.0000E-01,
13:05:41.59987220, 6.6667E-02, 4.8000E-01, 1.3333E-01,
13:05:41.59987225, 9.3333E-02, 4.6667E-01, 0.0000E+00,
13:05:41.59987230, 1.0667E-01, 4.4000E-01, 1.3333E-01,
13:05:41.59987235, 8.0000E-02, 4.4000E-01, 1.3333E-01,
13:05:41.59987240, 8.0000E-02, 4.5333E-01, 0.0000E+00,
13:05:41.59987245, 8.0000E-02, 4.6667E-01, 1.3333E-01,
13:05:41.59987250, 8.0000E-02, 4.6667E-01, 1.3333E-01,
13:05:41.59987255, 8.0000E-02, 4.5333E-01, 4.0000E-01,
13:05:41.59987260, 9.3333E-02, 4.6667E-01, 2.6667E-01,
13:05:41.59987265, 9.3333E-02, 4.5333E-01, 1.3333E-01,
13:05:41.59987270, 9.3333E-02, 4.4000E-01, 0.0000E+00,
13:05:41.59987275, 1.0667E-01, 4.4000E-01, 2.6667E-01,
13:05:41.59987280, 9.3333E-02, 4.5333E-01, 2.6667E-01,
13:05:41.59987285, 8.0000E-02, 4.5333E-01, 1.3333E-01,
13:05:41.59987290, 6.6667E-02, 4.8000E-01, 1.3333E-01,
13:05:41.59987295, 6.6667E-02, 4.6667E-01, 4.0000E-01,
13:05:41.59987300, 1.2000E-01, 4.6667E-01, 1.3333E-01,
13:05:41.59987305, 9.3333E-02, 4.6667E-01,-1.3333E-01,
13:05:41.59987310, 9.3333E-02, 4.5333E-01, 0.0000E+00,
13:05:41.59987315, 1.2000E-01, 4.5333E-01, 2.6667E-01,
13:05:41.59987320, 1.0667E-01, 4.5333E-01, 1.3333E-01,
13:05:41.59987325, 1.0667E-01, 4.6667E-01, 1.3333E-01,
13:05:41.59987330, 8.0000E-02, 4.4000E-01, 1.3333E-01,
13:05:41.59987335, 8.0000E-02, 4.4000E-01, 0.0000E+00,
13:05:41.59987340, 6.6667E-02, 4.6667E-01, 1.3333E-01,
13:05:41.59987345, 9.3333E-02, 4.4000E-01, 2.6667E-01,
13:05:41.59987350, 1.0667E-01, 4.5333E-01, 1.3333E-01,
13:05:41.59987355, 6.6667E-02, 4.6667E-01, 1.3333E-01,
13:05:41.59987360, 8.0000E-02, 4.4000E-01,-1.3333E-01,
13:05:41.59987365, 1.0667E-01, 4.8000E-01,-2.6667E-01,
13:05:41.59987370, 9.3333E-02, 4.5333E-01, 2.6667E-01,
13:05:41.59987375, 8.0000E-02, 4.6667E-01,-2.6667E-01,
13:05:41.59987380, 8.0000E-02, 4.4000E-01, 0.0000E+00,
13:05:41.59987385, 9.3333E-02, 4.8000E-01, 1.3333E-01,
13:05:41.59987390, 8.0000E-02, 4.5333E-01, 1.3333E-01,
13:05:41.59987395, 8.0000E-02, 4.4000E-01,-1.3333E-01,
13:05:41.59987400, 8.0000E-02, 4.4000E-01, 1.3333E-01,
13:05:41.59987405, 9.3333E-02, 4.5333E-01, 0.0000E+00,
13:05:41.59987410, 8.0000E-02, 4.8000E-01, 0.0000E+00,
13:05:41.59987415, 1.0667E-01, 4.6667E-01,-1.3333E-01,
13:05:41.59987420, 1.0667E-01, 4.5333E-01, 1.3333E-01,
13:05:41.59987425, 9.3333E-02, 4.5333E-01,-1.3333E-01,
13:05:41.59987430, 9.3333E-02, 4.4000E-01, 0.0000E+00,
13:05:41.59987435, 6.6667E-02, 4.4000E-01,-1.3333E-01,
13:05:41.59987440, 9.3333E-02, 4.4000E-01, 0.0000E+00,
13:05:41.59987445, 9.3333E-02, 4.4000E-01, 0.0000E+00,
13:05:41.59987450, 9.3333E-02, 4.5333E-01, 0.0000E+00,
13:05:41.59987455, 8.0000E-02, 4.6667E-01,-1.3333E-01,
13:05:41.59987460, 9.3333E-02, 4.6667E-01, 0.0000E+00,
13:05:41.59987465, 9.3333E-02, 4.5333E-01,-1.3333E-01,
13:05:41.59987470, 8.0000E-02, 4.5333E-01, 0.0000E+00,
13:05:41.59987475, 8.0000E-02, 4.5333E-01, 1.3333E-01,
13:05:41.59987480, 8.0000E-02, 4.4000E-01, 0.0000E+00,
13:05:41.59987485, 8.0000E-02, 4.6667E-01, 1.3333E-01,
13:05:41.59987490, 6.6667E-02, 4.8000E-01, 2.6667E-01,
13:05:41.59987495, 8.0000E-02, 4.2667E-01, 0.0000E+00,
13:05:41.59987500, 8.0000E-02, 4.6667E-01, 0.0000E+00,
13:05:41.59987505, 9.3333E-02, 4.6667E-01,-1.3333E-01,
13:05:41.59987510, 8.0000E-02, 4.5333E-01,-1.3333E-01,
13:05:41.59987515, 1.0667E-01, 4.6667E-01,-1.3333E-01,
13:05:41.59987520, 8.0000E-02, 4.6667E-01,-2.6667E-01,
13:05:41.59987525, 8.0000E-02, 4.5333E-01, 0.0000E+00,
13:05:41.59987530, 5.3333E-02, 4.8000E-01, 0.0000E+00,
13:05:41.59987535, 8.0000E-02, 4.4000E-01, 6.6667E-01,
13:05:41.59987540, 5.3333E-02, 4.4000E-01, 1.3333E-01,
13:05:41.59987545, 8.0000E-02, 4.5333E-01, 1.3333E-01,
13:05:41.59987550, 9.3333E-02, 4.4000E-01, 0.0000E+00,
13:05:41.59987555, 9.3333E-02, 4.8000E-01,-2.6667E-01,
13:05:41.59987560, 8.0000E-02, 4.8000E-01, 2.6667E-01,
13:05:41.59987565, 8.0000E-02, 4.8000E-01, 1.3333E-01,
13:05:41.59987570, 8.0000E-02, 4.1333E-01,-1.3333E-01,
13:05:41.59987575, 6.6667E-02, 4.5333E-01, 0.0000E+00,
13:05:41.59987580, 8.0000E-02, 4.5333E-01, 0.0000E+00,
13:05:41.59987585, 6.6667E-02, 4.6667E-01, 0.0000E+00,
13:05:41.59987590, 8.0000E-02, 4.4000E-01,-2.6667E-01,
13:05:41.59987595, 8.0000E-02, 4.5333E-01, 0.0000E+00,
13:05:41.59987600, 8.0000E-02, 4.8000E-01,-1.3333E-01,
13:05:41.59987605, 8.0000E-02, 4.8000E-01,-2.6667E-01,
13:05:41.59987610, 9.3333E-02, 4.4000E-01,-1.3333E-01,
13:05:41.59987615, 9.3333E-02, 4.5333E-01, 2.6667E-01,
13:05:41.59987620, 8.0000E-02, 4.4000E-01,-2.6667E-01,
13:05:41.59987625, 8.0000E-02, 4.5333E-01, 2.6667E-01,
13:05:41.59987630, 8.0000E-02, 4.5333E-01,-1.3333E-01,
13:05:41.59987635, 8.0000E-02, 4.2667E-01, 0.0000E+00,
13:05:41.59987640, 8.0000E-02, 4.5333E-01,-1.3333E-01,
13:05:41.59987645, 8.0000E-02, 4.6667E-01, 1.3333E-01,
13:05:41.59987650, 8.0000E-02, 4.6667E-01,-2.6667E-01,
13:05:41.59987655, 8.0000E-02, 4.5333E-01, 0.0000E+00,
13:05:41.59987660, 8.0000E-02, 4.6667E-01, 0.0000E+00,
13:05:41.59987665, 8.0000E-02, 4.4000E-01, 0.0000E+00,
13:05:41.59987670, 6.6667E-02, 4.2667E-01, 0.0000E+00,
13:05:41.59987675, 6.6667E-02, 4.8000E-01, 0.0000E+00,
13:05:41.59987680, 8.0000E-02, 4.6667E-01, 0.0000E+00,
13:05:41.59987685, 8.0000E-02, 4.4000E-01, 4.0000E-01,
13:05:41.59987690, 6.6667E-02, 4.6667E-01, 0.0000E+00,
13:05:41.59987695, 8.0000E-02, 4.4000E-01,-1.3333E-01,
13:05:41.59987700, 8.0000E-02, 4.8000E-01, 0.0000E+00,
13:05:41.59987705, 8.0000E-02, 4.5333E-01, 1.3333E-01,
13:05:41.59987710, 8.0000E-02, 4.6667E-01,-1.3333E-01,
13:05:41.59987715, 8.0000E-02, 4.4000E-01,-2.6667E-01,
13:05:41.59987720, 8.0000E-02, 4.8000E-01,-2.6667E-01,
13:05:41.59987725, 8.0000E-02, 4.8000E-01, 1.3333E-01,
13:05:41.59987730, 8.0000E-02, 4.6667E-01, 0.0000E+00,
13:05:41.59987735, 8.0000E-02, 4.5333E-01,-1.3333E-01,
13:05:41.59987740, 8.0000E-02, 4.6667E-01, 1.3333E-01,
13:05:41.59987745, 8.0000E-02, 4.5333E-01,-2.6667E-01,
13:05:41.59987750, 6.6667E-02, 4.2667E-01,-1.3333E-01,
13:05:41.59987755, 8.0000E-02, 4.4000E-01, 0.0000E+00,
13:05:41.59987760, 8.0000E-02, 4.5333E-01, 0.0000E+00,
13:05:41.59987765, 6.6667E-02, 4.1333E-01, 1.3333E-01,
13:05:41.59987770, 8.0000E-02, 4.6667E-01, 1.3333E-01,
13:05:41.59987775, 5.3333E-02, 4.4000E-01, 2.6667E-01,
13:05:41.59987780, 6.6667E-02, 4.2667E-01, 2.6667E-01,
13:05:41.59987785, 6.6667E-02, 4.5333E-01, 0.0000E+00,
13:05:41.59987790, 9.3333E-02, 4.4000E-01,-2.6667E-01,
13:05:41.59987795, 8.0000E-02, 4.6667E-01,-2.6667E-01,
13:05:41.59987800, 9.3333E-02, 4.1333E-01,-1.3333E-01,
13:05:41.59987805, 8.0000E-02, 4.5333E-01,-1.3333E-01,
13:05:41.59987810, 8.0000E-02, 4.4000E-01, 0.0000E+00,
13:05:41.59987815, 6.6667E-02, 4.8000E-01,-2.6667E-01,
13:05:41.59987820, 2.6667E-02, 4.2667E-01, 0.0000E+00,
13:05:41.59987825, 6.6667E-02, 4.5333E-01, 2.6667E-01,
13:05:41.59987830, 8.0000E-02, 4.5333E-01, 2.6667E-01,
13:05:41.59987835, 8.0000E-02, 4.4000E-01, 2.6667E-01,
13:05:41.59987840, 6.6667E-02, 4.2667E-01, 2.6667E-01,
13:05:41.59987845, 8.0000E-02, 4.5333E-01, 1.3333E-01,
13:05:41.59987850, 9.3333E-02, 4.6667E-01, 2.6667E-01,
13:05:41.59987855, 1.2000E-01, 4.2667E-01, 2.6667E-01,
13:05:41.59987860, 6.6667E-02, 4.5333E-01,-1.3333E-01,
13:05:41.59987865, 6.6667E-02, 4.2667E-01, 1.3333E-01,
13:05:41.59987870, 6.6667E-02, 4.8000E-01, 4.0000E-01,
13:05:41.59987875, 8.0000E-02, 4.4000E-01,-4.0000E-01,
13:05:41.59987880, 8.0000E-02, 4.2667E-01, 0.0000E+00,
13:05:41.59987885, 8.0000E-02, 4.1333E-01, 4.0000E-01,
13:05:41.59987890, 8.0000E-02, 4.6667E-01, 0.0000E+00,
13:05:41.59987895, 8.0000E-02, 4.5333E-01,-2.6667E-01,
13:05:41.59987900, 1.0667E-01, 4.4000E-01, 1.3333E-01,
13:05:41.59987905, 8.0000E-02, 4.6667E-01,-1.3333E-01,
13:05:41.59987910, 8.0000E-02, 4.4000E-01, 2.6667E-01,
13:05:41.59987915, 6.6667E-02, 4.6667E-01, 0.0000E+00,
13:05:41.59987920, 6.6667E-02, 4.5333E-01,-1.3333E-01,
13:05:41.59987925, 8.0000E-02, 4.2667E-01, 0.0000E+00,
13:05:41.59987930, 6.6667E-02, 4.4000E-01, 0.0000E+00,
13:05:41.59987935, 9.3333E-02, 4.8000E-01,-2.6667E-01,
13:05:41.59987940, 8.0000E-02, 4.2667E-01,-1.3333E-01,
13:05:41.59987945, 8.0000E-02, 4.2667E-01,-2.6667E-01,
13:05:41.59987950, 8.0000E-02, 4.4000E-01,-2.6667E-01,
13:05:41.59987955, 8.0000E-02, 4.4000E-01, 0.0000E+00,
13:05:41.59987960, 8.0000E-02, 4.5333E-01, 1.3333E-01,
13:05:41.59987965, 5.3333E-02, 4.6667E-01, 2.6667E-01,
13:05:41.59987970, 4.0000E-02, 4.4000E-01, 4.0000E-01,
13:05:41.59987975, 9.3333E-02, 4.4000E-01,-1.3333E-01,
13:05:41.59987980, 9.3333E-02, 4.4000E-01,-2.6667E-01,
13:05:41.59987985, 8.0000E-02, 4.8000E-01, 1.3333E-01,
13:05:41.59987990, 9.3333E-02, 4.4000E-01, 2.6667E-01,
13:05:41.59987995, 8.0000E-02, 4.2667E-01, 0.0000E+00,
13:05:41.59988000, 5.3333E-02, 4.1333E-01, 1.3333E-01,
13:05:41.59988005, 6.6667E-02, 4.5333E-01, 0.0000E+00,
13:05:41.59988010, 6.6667E-02, 4.2667E-01, 0.0000E+00,
13:05:41.59988015, 5.3333E-02, 4.4000E-01,-2.6667E-01,
13:05:41.59988020, 8.0000E-02, 4.2667E-01, 1.3333E-01,
13:05:41.59988025, 6.6667E-02, 4.4000E-01, 2.6667E-01,
13:05:41.59988030, 8.0000E-02, 4.2667E-01, 0.0000E+00,
13:05:41.59988035, 1.0667E-01, 4.2667E-01, 2.6667E-01,
13:05:41.59988040, 8.0000E-02, 4.5333E-01,-1.3333E-01,
13:05:41.59988045, 9.3333E-02, 4.1333E-01, 1.3333E-01,
13:05:41.59988050, 9.3333E-02, 4.1333E-01, 0.0000E+00,
13:05:41.59988055, 6.6667E-02, 4.2667E-01, 1.3333E-01,
13:05:41.59988060, 6.6667E-02, 4.2667E-01,-1.3333E-01,
13:05:41.59988065, 6.6667E-02, 4.4000E-01, 0.0000E+00,
13:05:41.59988070, 8.0000E-02, 4.4000E-01, 0.0000E+00,
13:05:41.59988075, 9.3333E-02, 4.4000E-01, 2.6667E-01,
13:05:41.59988080, 8.0000E-02, 4.2667E-01,-1.3333E-01,
13:05:41.59988085, 5.3333E-02, 4.6667E-01, 0.0000E+00,
13:05:41.59988090, 9.3333E-02, 4.8000E-01,-2.6667E-01,
13:05:41.59988095, 8.0000E-02, 4.5333E-01, 1.3333E-01,
13:05:41.59988100, 9.3333E-02, 4.6667E-01, 1.3333E-01,
13:05:41.59988105, 6.6667E-02, 4.1333E-01, 1.3333E-01,
13:05:41.59988110, 5.3333E-02, 4.5333E-01, 1.3333E-01,
13:05:41.59988115, 8.0000E-02, 4.2667E-01, 2.6667E-01,
13:05:41.59988120, 8.0000E-02, 4.6667E-01, 0.0000E+00,
13:05:41.59988125, 1.0667E-01, 4.5333E-01,-1.3333E-01,
13:05:41.59988130, 8.0000E-02, 4.5333E-01,-1.3333E-01,
13:05:41.59988135, 8.0000E-02, 4.6667E-01, 0.0000E+00,
13:05:41.59988140, 8.0000E-02, 4.5333E-01, 0.0000E+00,
13:05:41.59988145, 8.0000E-02, 4.4000E-01,-1.3333E-01,
13:05:41.59988150, 5.3333E-02, 4.2667E-01, 0.0000E+00,
13:05:41.59988155, 4.0000E-02, 4.2667E-01,-4.0000E-01,
13:05:41.59988160, 6.6667E-02, 4.2667E-01, 0.0000E+00,
13:05:41.59988165, 8.0000E-02, 4.6667E-01,-1.3333E-01,
13:05:41.59988170, 8.0000E-02, 4.5333E-01, 0.0000E+00,
13:05:41.59988175, 9.3333E-02, 4.2667E-01, 0.0000E+00,
13:05:41.59988180, 8.0000E-02, 4.4000E-01,-2.6667E-01,
13:05:41.59988185, 6.6667E-02, 4.2667E-01,-1.3333E-01,
13:05:41.59988190, 8.0000E-02, 4.4000E-01,-1.3333E-01,
13:05:41.59988195, 8.0000E-02, 4.2667E-01, 1.3333E-01,
13:05:41.59988200, 5.3333E-02, 4.4000E-01, 1.3333E-01,
13:05:41.59988205, 6.6667E-02, 4.4000E-01, 1.3333E-01,
13:05:41.59988210, 4.0000E-02, 4.4000E-01, 4.0000E-01,
13:05:41.59988215, 6.6667E-02, 4.5333E-01, 1.3333E-01,
13:05:41.59988220, 6.6667E-02, 4.6667E-01, 0.0000E+00,
13:05:41.59988225, 5.3333E-02, 4.2667E-01, 1.3333E-01,
13:05:41.59988230, 8.0000E-02, 4.2667E-01,-1.3333E-01,
13:05:41.59988235, 5.3333E-02, 4.4000E-01,-2.6667E-01,
13:05:41.59988240, 1.0667E-01, 4.5333E-01, 1.3333E-01,
13:05:41.59988245, 8.0000E-02, 4.4000E-01, 1.3333E-01,
13:05:41.59988250, 5.3333E-02, 4.2667E-01,-1.3333E-01,
13:05:41.59988255, 5.3333E-02, 4.2667E-01,-1.3333E-01,
13:05:41.59988260, 8.0000E-02, 4.5333E-01, 1.3333E-01,
13:05:41.59988265, 8.0000E-02, 4.6667E-01, 1.3333E-01,
13:05:41.59988270, 8.0000E-02, 4.2667E-01, 1.3333E-01,
13:05:41.59988275, 1.0667E-01, 4.5333E-01,-2.6667E-01,
13:05:41.59988280, 6.6667E-02, 4.5333E-01, 2.6667E-01,
13:05:41.59988285, 8.0000E-02, 4.2667E-01, 2.6667E-01,
13:05:41.59988290, 8.0000E-02, 4.5333E-01, 1.3333E-01,
13:05:41.59988295, 8.0000E-02, 4.6667E-01, 1.3333E-01,
13:05:41.59988300, 6.6667E-02, 4.1333E-01, 4.0000E-01,
13:05:41.59988305, 5.3333E-02, 4.1333E-01, 0.0000E+00,
13:05:41.59988310, 8.0000E-02, 4.6667E-01, 0.0000E+00,
13:05:41.59988315, 5.3333E-02, 4.5333E-01, 1.3333E-01,
13:05:41.59988320, 6.6667E-02, 4.5333E-01, 0.0000E+00,
13:05:41.59988325, 8.0000E-02, 4.1333E-01, 2.6667E-01,
13:05:41.59988330, 8.0000E-02, 4.1333E-01, 1.3333E-01,
13:05:41.59988335, 8.0000E-02, 4.6667E-01, 1.3333E-01,
13:05:41.59988340, 9.3333E-02, 4.5333E-01,-2.6667E-01,
13:05:41.59988345, 5.3333E-02, 4.5333E-01, 1.3333E-01,
13:05:41.59988350, 6.6667E-02, 4.4000E-01, 2.6667E-01,
13:05:41.59988355, 8.0000E-02, 4.4000E-01, 0.0000E+00,
13:05:41.59988360, 6.6667E-02, 4.6667E-01, 1.3333E-01,
13:05:41.59988365, 8.0000E-02, 4.6667E-01, 0.0000E+00,
13:05:41.59988370, 5.3333E-02, 4.2667E-01, 1.3333E-01,
13:05:41.59988375, 8.0000E-02, 4.6667E-01,-1.3333E-01,
13:05:41.59988380, 6.6667E-02, 4.4000E-01, 0.0000E+00,
13:05:41.59988385, 6.6667E-02, 4.6667E-01, 0.0000E+00,
13:05:41.59988390, 6.6667E-02, 4.8000E-01, 0.0000E+00,
13:05:41.59988395, 6.6667E-02, 4.5333E-01, 0.0000E+00,
13:05:41.59988400, 6.6667E-02, 4.6667E-01, 0.0000E+00,
13:05:41.59988405, 8.0000E-02, 4.5333E-01, 2.6667E-01,
13:05:41.59988410, 9.3333E-02, 4.2667E-01, 2.6667E-01,
13:05:41.59988415, 5.3333E-02, 4.2667E-01, 4.0000E-01,
13:05:41.59988420, 8.0000E-02, 4.2667E-01, 4.0000E-01,
13:05:41.59988425, 8.0000E-02, 4.5333E-01, 0.0000E+00,
13:05:41.59988430, 6.6667E-02, 4.4000E-01,-1.3333E-01,
13:05:41.59988435, 6.6667E-02, 4.4000E-01, 0.0000E+00,
13:05:41.59988440, 6.6667E-02, 4.2667E-01, 1.3333E-01,
13:05:41.59988445, 6.6667E-02, 4.5333E-01, 2.6667E-01,
13:05:41.59988450, 5.3333E-02, 4.5333E-01, 4.0000E-01,
13:05:41.59988455, 8.0000E-02, 4.4000E-01, 0.0000E+00,
13:05:41.59988460, 8.0000E-02, 4.1333E-01,-1.3333E-01,
13:05:41.59988465, 8.0000E-02, 4.2667E-01, 1.3333E-01,
13:05:41.59988470, 8.0000E-02, 4.5333E-01, 2.6667E-01,
13:05:41.59988475, 8.0000E-02, 4.2667E-01, 0.0000E+00,
13:05:41.59988480, 6.6667E-02, 4.4000E-01, 2.6667E-01,
13:05:41.59988485, 5.3333E-02, 4.4000E-01, 0.0000E+00,
13:05:41.59988490, 5.3333E-02, 4.4000E-01, 0.0000E+00,
13:05:41.59988495, 5.3333E-02, 4.5333E-01, 1.3333E-01,
13:05:41.59988500, 5.3333E-02, 4.1333E-01, 1.3333E-01,
13:05:41.59988505, 8.0000E-02, 4.6667E-01, 2.6667E-01,
13:05:41.59988510, 5.3333E-02, 4.8000E-01, 4.0000E-01,
13:05:41.59988515, 6.6667E-02, 4.4000E-01, 2.6667E-01,
13:05:41.59988520, 8.0000E-02, 4.5333E-01,-1.3333E-01,
13:05:41.59988525, 6.6667E-02, 4.6667E-01, 2.6667E-01,
13:05:41.59988530, 4.0000E-02, 4.4000E-01,-1.3333E-01,
13:05:41.59988535, 5.3333E-02, 4.2667E-01, 1.3333E-01,
13:05:41.59988540, 6.6667E-02, 4.4000E-01, 2.6667E-01,
13:05:41.59988545, 6.6667E-02, 4.8000E-01, 0.0000E+00,
13:05:41.59988550, 8.0000E-02, 4.6667E-01, 0.0000E+00,
13:05:41.59988555, 6.6667E-02, 4.4000E-01, 2.6667E-01,
13:05:41.59988560, 8.0000E-02, 4.4000E-01, 2.6667E-01,
13:05:41.59988565, 9.3333E-02, 4.4000E-01, 1.3333E-01,
13:05:41.59988570, 9.3333E-02, 4.5333E-01, 1.3333E-01,
13:05:41.59988575, 5.3333E-02, 4.6667E-01,-1.3333E-01,
13:05:41.59988580, 5.3333E-02, 4.4000E-01, 0.0000E+00,
13:05:41.59988585, 5.3333E-02, 4.0000E-01,-2.6667E-01,
13:05:41.59988590, 6.6667E-02, 4.2667E-01, 6.6667E-01,
13:05:41.59988595, 4.0000E-02, 4.4000E-01, 0.0000E+00,
13:05:41.59988600, 8.0000E-02, 4.2667E-01, 0.0000E+00,
13:05:41.59988605, 6.6667E-02, 4.4000E-01,-1.3333E-01,
13:05:41.59988610, 8.0000E-02, 4.5333E-01, 1.3333E-01,
13:05:41.59988615, 1.0667E-01, 4.5333E-01, 1.3333E-01,
13:05:41.59988620, 8.0000E-02, 4.5333E-01, 2.6667E-01,
13:05:41.59988625, 8.0000E-02, 4.5333E-01, 2.6667E-01,
13:05:41.59988630, 5.3333E-02, 4.5333E-01, 2.6667E-01,
13:05:41.59988635, 5.3333E-02, 4.2667E-01, 0.0000E+00,
13:05:41.59988640, 8.0000E-02, 4.4000E-01, 0.0000E+00,
13:05:41.59988645, 6.6667E-02, 4.5333E-01, 2.6667E-01,
13:05:41.59988650, 5.3333E-02, 4.8000E-01,-1.3333E-01,
13:05:41.59988655, 8.0000E-02, 4.8000E-01, 4.0000E-01,
13:05:41.59988660, 6.6667E-02, 4.1333E-01, 4.0000E-01,
13:05:41.59988665, 8.0000E-02, 4.4000E-01, 1.3333E-01,
13:05:41.59988670, 6.6667E-02, 4.4000E-01, 0.0000E+00,
